2017 10  1  4      0.0    294.2   0.00000000   0.00030556    275.5  100.0      1.1     78310
2017 10  1  5      0.0    292.0   0.00000000   0.00019444    275.2  100.0      1.0     78320
2017 10  1  6      2.0    289.9   0.00000000   0.00019444    274.9  100.0      0.8     78340
2017 10  1  7     21.0    289.9   0.00000000   0.00013889    274.9  100.0      0.8     78340
2017 10  1  8     67.0    290.2   0.00000000   0.00002778    275.5   91.0      0.4     78350
2017 10  1  9    101.0    294.7   0.00000000   0.00002778    276.2   90.0      0.6     78370
2017 10  1 10    146.0    298.5   0.00000000   0.00002778    276.8   89.0      1.1     78400
2017 10  1 11    174.0    301.6   0.00000000   0.00002778    277.3   88.0      1.2     78420
2017 10  1 12    185.0    307.6   0.00000000   0.00002778    278.4   84.0      1.1     78480
2017 10  1 13    295.0    311.3   0.00000000   0.00002778    279.5   76.0      2.0     78530
2017 10  1 14    288.0    311.5   0.00000000   0.00005556    279.3   79.0      2.4     78530
2017 10  1 15    184.0    308.6   0.00000000   0.00000000    278.4   86.0      2.1     78520
2017 10  1 16     81.0    306.0   0.00000000   0.00000000    277.8   91.0      1.7     78520
2017 10  1 17     20.0    302.2   0.00000000   0.00000000    276.8   97.0      0.6     78460
2017 10  1 18      0.0    259.0   0.00000000   0.00000000    276.3   99.0      0.7     78420
2017 10  1 19      0.0    264.3   0.00000000   0.00000000    275.9   99.0      0.9     78400
2017 10  1 20      0.0    259.2   0.00000000   0.00000000    275.3   99.0      1.0     78380
2017 10  1 21      0.0    288.5   0.00000000   0.00000000    274.8  100.0      1.1     78350
2017 10  1 22      0.0    282.3   0.00000000   0.00000000    273.8  100.0      1.4     78290
2017 10  1 23      0.0    282.3   0.00000000   0.00000000    273.8  100.0      1.7     78280
2017 10  2  0      0.0    275.7   0.00000000   0.00000000    272.9   99.0      2.0     78220
2017 10  2  1      0.0    273.0   0.00000000   0.00000000    272.5   99.0      2.0     78150
2017 10  2  2      0.0    267.5   0.00000000   0.00000000    272.1   99.0      1.7     78150
2017 10  2  3      0.0    223.0   0.00000000   0.00000000    271.9   98.0      1.9     78120
2017 10  2  4      0.0    227.1   0.00000000   0.00000000    271.6   97.0      1.8     78100
2017 10  2  5      0.0    238.0   0.00000000   0.00000000    271.2   95.0      1.4     78070
2017 10  2  6     13.0    250.5   0.00000000   0.00000000    271.4   94.0      1.5     78100
2017 10  2  7    131.0    282.3   0.00000000   0.00000000    276.5   79.0      1.5     78460
2017 10  2  8    266.0    280.5   0.00000000   0.00000000    279.3   73.0      0.8     78660
2017 10  2  9    309.0    307.4   0.00000000   0.00000000    280.5   59.0      0.8     78760
2017 10  2 10    265.0    301.4   0.00000000   0.00000000    281.2   47.0      1.1     78800
2017 10  2 11    218.0    296.8   0.00000000   0.00000000    281.3   47.0      1.1     78770
2017 10  2 12    392.0    310.3   0.00000000   0.00000000    283.8   50.0      1.8     78830
2017 10  2 13    359.0    321.8   0.00000000   0.00000000    283.0   54.0      2.1     78820
2017 10  2 14    188.0    314.3   0.00000000   0.00002778    281.6   62.0      0.8     78740
2017 10  2 15     99.0    318.2   0.00000000   0.00002778    280.6   74.0      0.6     78700
2017 10  2 16     73.0    321.0   0.00000000   0.00002778    280.2   84.0      0.7     78680
2017 10  2 17     11.0    317.2   0.00000000   0.00002778    279.5   89.0      0.8     78590
2017 10  2 18      0.0    312.7   0.00000000   0.00000000    278.8   92.0      0.7     78550
2017 10  2 19      0.0    291.1   0.00000000   0.00000000    278.8   91.0      0.7     78570
2017 10  2 20      0.0    290.0   0.00000000   0.00000000    277.8   92.0      0.7     78480
2017 10  2 21      0.0    307.5   0.00000000   0.00008333    277.9   91.0      0.8     78480
2017 10  2 22      0.0    311.6   0.00000000   0.00008333    278.6   89.0      1.2     78490
2017 10  2 23      0.0    310.3   0.00000000   0.00000000    278.5   90.0      1.1     78450
2017 10  3  0      0.0    308.6   0.00000000   0.00002778    277.8   95.0      0.9     78380
2017 10  3  1      0.0    307.1   0.00000000   0.00002778    277.6   95.0      1.1     78320
2017 10  3  2      0.0    307.1   0.00000000   0.00008333    277.6   95.0      1.1     78290
2017 10  3  3      0.0    306.9   0.00000000   0.00008333    277.5   96.0      1.2     78240
2017 10  3  4      0.0    304.1   0.00000000   0.00000000    277.3   98.0      1.8     78100
2017 10  3  5      0.0    298.0   0.00000000   0.00000000    276.3   98.0      1.6     78010
2017 10  3  6      6.0    301.9   0.00000000   0.00002778    276.8   98.0      1.9     78040
2017 10  3  7     29.0    311.6   0.00000000   0.00013889    277.9  100.0      1.8     78150
2017 10  3  8     65.0    321.0   0.00000000   0.00030556    279.2   99.0      1.2     78270
2017 10  3  9     80.0    321.7   0.00000000   0.00044444    279.3   99.0      1.7     78340
2017 10  3 10     68.0    320.7   0.00000000   0.00052778    279.1  100.0      2.0     78350
2017 10  3 11     61.0    296.3   0.00036111   0.00094444    275.8  100.0      2.2     78430
2017 10  3 12     54.0    291.6   0.00063889   0.00030556    275.2   99.0      0.4     78430
2017 10  3 13    276.0    302.1   0.00000000   0.00002778    277.5   86.0      1.4     78430
2017 10  3 14    175.0    300.9   0.00000000   0.00000000    277.2   88.0      2.1     78450
2017 10  3 15    111.0    297.3   0.00000000   0.00005556    276.5   91.0      1.7     78470
2017 10  3 16     57.0    282.2   0.00000000   0.00005556    276.0   92.0      1.6     78500
2017 10  3 17     14.0    293.0   0.00000000   0.00002778    275.4   99.0      1.2     78510
2017 10  3 18      0.0    291.6   0.00000000   0.00000000    275.2   99.0      1.0     78550
2017 10  3 19      0.0    290.2   0.00000000   0.00000000    275.0   99.0      1.1     78620
2017 10  3 20      0.0    288.5   0.00000000   0.00000000    274.8  100.0      0.8     78670
2017 10  3 21      0.0    286.4   0.00000000   0.00000000    274.4  100.0      0.4     78690
2017 10  3 22      0.0    245.3   0.00000000   0.00000000    273.8   99.0      1.3     78640
2017 10  3 23      0.0    230.6   0.00000000   0.00000000    272.8  100.0      1.2     78530
2017 10  4  0      0.0    237.4   0.00000000   0.00000000    274.6   97.0      1.3     78650
2017 10  4  1      0.0    237.0   0.00000000   0.00000000    274.0   94.0      1.5     78530
2017 10  4  2      0.0    229.3   0.00000000   0.00000000    272.9   92.0      1.9     78470
2017 10  4  3      0.0    239.8   0.00000000   0.00000000    271.9   94.0      2.1     78360
2017 10  4  4      0.0    247.6   0.00000000   0.00000000    270.2   95.0      2.2     78160
2017 10  4  5      0.0    248.6   0.00000000   0.00000000    269.3   92.0      2.1     78060
2017 10  4  6     12.0    250.2   0.00000000   0.00000000    270.1   90.0      1.8     78110
2017 10  4  7    132.0    256.2   0.00000000   0.00000000    274.0   89.0      1.7     78440
2017 10  4  8    312.0    289.5   0.00000000   0.00000000    279.0   68.0      1.2     78780
2017 10  4  9    456.0    294.1   0.00000000   0.00000000    280.9   53.0      0.9     78950
2017 10  4 10    531.0    294.4   0.00000000   0.00000000    282.4   38.0      1.3     79030
2017 10  4 11    580.0    290.6   0.00000000   0.00000000    283.5   29.0      1.7     79040
2017 10  4 12    564.0    287.2   0.00000000   0.00000000    282.6   34.0      1.9     79030
2017 10  4 13    431.0    291.2   0.00000000   0.00000000    282.8   33.0      1.5     79010
2017 10  4 14    433.0    290.6   0.00000000   0.00000000    282.6   32.0      1.6     79010
2017 10  4 15    293.0    291.5   0.00000000   0.00000000    282.0   36.0      1.1     78940
2017 10  4 16    174.0    304.0   0.00000000   0.00000000    280.2   65.0      0.9     78830
2017 10  4 17     34.0    283.6   0.00000000   0.00000000    279.8   47.0      0.6     78790
2017 10  4 18      0.0    285.8   0.00000000   0.00000000    279.0   49.0      0.7     78780
2017 10  4 19      0.0    248.3   0.00000000   0.00000000    277.1   55.0      0.7     78680
2017 10  4 20      0.0    228.5   0.00000000   0.00000000    274.2   64.0      1.1     78460
2017 10  4 21      0.0    252.7   0.00000000   0.00000000    273.8   66.0      0.9     78460
2017 10  4 22      0.0    237.7   0.00000000   0.00000000    274.6   65.0      0.9     78500
2017 10  4 23      0.0    231.1   0.00000000   0.00000000    273.9   68.0      0.8     78400
2017 10  5  0      0.0    217.5   0.00000000   0.00000000    272.1   73.0      1.4     78250
2017 10  5  1      0.0    246.9   0.00000000   0.00000000    273.9   63.0      0.8     78330
2017 10  5  2      0.0    217.1   0.00000000   0.00000000    273.9   62.0      0.6     78290
2017 10  5  3      0.0    213.5   0.00000000   0.00000000    273.5   60.0      0.9     78220
2017 10  5  4      0.0    214.0   0.00000000   0.00000000    273.8   58.0      0.8     78180
2017 10  5  5      0.0    213.5   0.00000000   0.00000000    273.8   57.0      0.9     78120
2017 10  5  6     12.0    217.7   0.00000000   0.00000000    274.6   57.0      1.2     78120
2017 10  5  7    134.0    236.2   0.00000000   0.00000000    277.2   65.0      1.4     78290
2017 10  5  8    305.0    254.6   0.00000000   0.00000000    282.2   48.0      0.9     78640
2017 10  5  9    459.0    255.3   0.00000000   0.00000000    283.6   39.0      2.1     78720
2017 10  5 10    574.0    253.1   0.00000000   0.00000000    283.9   35.0      2.6     78740
2017 10  5 11    639.0    252.2   0.00000000   0.00000000    284.1   33.0      3.0     78730
2017 10  5 12    646.0    250.5   0.00000000   0.00000000    284.1   31.0      2.9     78630
2017 10  5 13    599.0    255.7   0.00000000   0.00000000    284.0   37.0      3.1     78570
2017 10  5 14    490.0    290.7   0.00000000   0.00000000    283.4   47.0      3.1     78490
2017 10  5 15    344.0    261.0   0.00000000   0.00000000    282.3   55.0      2.6     78400
2017 10  5 16    175.0    257.5   0.00000000   0.00000000    280.6   61.0      1.3     78260
2017 10  5 17     28.0    271.5   0.00000000   0.00000000    277.2   67.0      1.7     78000
2017 10  5 18      0.0    279.5   0.00000000   0.00000000    278.6   53.0      2.2     78150
2017 10  5 19      0.0    278.0   0.00000000   0.00000000    277.9   56.0      2.4     78090
2017 10  5 20      0.0    283.2   0.00000000   0.00002778    277.0   61.0      2.4     78010
2017 10  5 21      0.0    278.1   0.00005556   0.00002778    275.5   71.0      2.2     78000
2017 10  5 22      0.0    278.7   0.00016667   0.00000000    273.9   90.0      1.6     77970
2017 10  5 23      0.0    276.5   0.00033333   0.00000000    273.2   96.0      1.6     77870
2017 10  6  0      0.0    277.9   0.00052778   0.00000000    273.4   96.0      2.1     77910
2017 10  6  1      0.0    276.7   0.00052778   0.00000000    273.1   98.0      2.0     77840
2017 10  6  2      0.0    273.6   0.00038889   0.00000000    272.8   97.0      2.5     77840
2017 10  6  3      0.0    263.9   0.00019444   0.00000000    271.8   95.0      2.2     77840
2017 10  6  4      0.0    261.7   0.00013889   0.00000000    271.2   97.0      2.4     77810
2017 10  6  5      0.0    260.3   0.00011111   0.00000000    270.9   96.0      2.3     77830
2017 10  6  6      3.0    226.5   0.00002778   0.00000000    270.5   97.0      2.2     77830
2017 10  6  7     84.0    224.1   0.00000000   0.00000000    270.1   92.0      2.4     77870
2017 10  6  8    205.0    221.5   0.00002778   0.00000000    270.5   87.0      3.3     77900
2017 10  6  9    312.0    218.8   0.00002778   0.00000000    270.8   87.0      3.0     77950
2017 10  6 10    365.0    217.7   0.00005556   0.00000000    270.8   85.0      3.1     77970
2017 10  6 11    417.0    218.5   0.00008333   0.00000000    271.0   80.0      3.2     77970
2017 10  6 12    490.0    229.6   0.00008333   0.00000000    272.0   77.0      3.2     78010
2017 10  6 13    491.0    261.8   0.00016667   0.00000000    271.8   87.0      2.4     77970
2017 10  6 14    362.0    249.2   0.00011111   0.00000000    271.3   90.0      2.6     77970
2017 10  6 15    249.0    251.6   0.00044444   0.00000000    270.1   89.0      2.3     77960
2017 10  6 16     80.0    249.2   0.00036111   0.00000000    269.4   99.0      2.5     77990
2017 10  6 17     16.0    243.3   0.00030556   0.00000000    268.9   89.0      2.2     78010
2017 10  6 18      0.0    230.9   0.00050000   0.00000000    267.4   93.0      1.6     78000
2017 10  6 19      0.0    236.7   0.00025000   0.00000000    266.9   97.0      1.6     78040
2017 10  6 20      0.0    236.2   0.00013889   0.00000000    267.0   94.0      1.4     78060
2017 10  6 21      0.0    238.7   0.00019444   0.00000000    267.3   96.0      1.2     78090
2017 10  6 22      0.0    245.8   0.00019444   0.00000000    268.4   97.0      1.6     78190
2017 10  6 23      0.0    248.3   0.00019444   0.00000000    268.8   97.0      1.9     78240
2017 10  7  0      0.0    248.9   0.00011111   0.00000000    268.9   97.0      1.8     78280
2017 10  7  1      0.0    248.5   0.00005556   0.00000000    269.1   95.0      1.7     78290
2017 10  7  2      0.0    248.0   0.00000000   0.00000000    268.8   98.0      1.6     78260
2017 10  7  3      0.0    246.4   0.00002778   0.00000000    268.5   97.0      0.9     78250
2017 10  7  4      0.0    245.9   0.00000000   0.00000000    268.3   99.0      1.1     78270
2017 10  7  5      0.0    236.6   0.00002778   0.00000000    268.2   96.0      0.7     78280
2017 10  7  6      4.0    236.6   0.00000000   0.00000000    268.2   96.0      0.3     78290
2017 10  7  7     43.0    243.4   0.00000000   0.00000000    268.6   92.0      0.9     78420
2017 10  7  8    129.0    212.6   0.00000000   0.00000000    269.1   86.0      1.4     78470
2017 10  7  9    287.0    202.4   0.00000000   0.00000000    270.8   66.0      1.1     78420
2017 10  7 10    529.0    206.4   0.00000000   0.00000000    272.2   59.0      0.7     78370
2017 10  7 11    640.0    207.2   0.00000000   0.00000000    273.1   52.0      1.0     78370
2017 10  7 12    650.0    221.3   0.00000000   0.00000000    274.6   49.0      1.2     78430
2017 10  7 13    580.0    225.1   0.00000000   0.00000000    273.9   59.0      0.8     78300
2017 10  7 14    462.0    237.3   0.00000000   0.00000000    273.6   64.0      1.0     78200
2017 10  7 15    264.0    244.4   0.00000000   0.00000000    273.0   67.0      1.3     78110
2017 10  7 16    143.0    258.5   0.00000000   0.00000000    272.8   67.0      1.2     78100
2017 10  7 17     19.0    245.0   0.00000000   0.00000000    271.8   73.0      0.9     77960
2017 10  7 18      0.0    217.0   0.00000000   0.00000000    268.8   74.0      1.0     77710
2017 10  7 19      0.0    233.9   0.00000000   0.00000000    268.5   69.0      0.7     77700
2017 10  7 20      0.0    246.8   0.00000000   0.00000000    270.5   69.0      1.0     77830
2017 10  7 21      0.0    246.8   0.00000000   0.00000000    270.6   75.0      1.0     77740
2017 10  7 22      0.0    240.8   0.00000000   0.00000000    269.8   72.0      0.8     77630
2017 10  7 23      0.0    230.6   0.00000000   0.00000000    268.0   70.0      0.9     77490
2017 10  8  0      0.0    250.6   0.00000000   0.00000000    272.9   52.0      0.8     77910
2017 10  8  1      0.0    252.8   0.00002778   0.00000000    272.9   54.0      0.4     77970
2017 10  8  2      0.0    250.9   0.00005556   0.00000000    271.6   64.0      1.2     77940
2017 10  8  3      0.0    249.4   0.00008333   0.00000000    269.8   84.0      0.8     77820
2017 10  8  4      0.0    249.6   0.00011111   0.00000000    269.8   86.0      0.9     77790
2017 10  8  5      0.0    250.1   0.00013889   0.00000000    269.6   91.0      1.1     77720
2017 10  8  6      3.0    253.5   0.00011111   0.00000000    269.8   94.0      0.8     77790
2017 10  8  7     31.0    259.5   0.00013889   0.00000000    271.1   93.0      0.7     77900
2017 10  8  8     78.0    265.9   0.00013889   0.00000000    272.2   91.0      0.6     77990
2017 10  8  9     81.0    269.3   0.00011111   0.00000000    272.3   93.0      0.9     78020
2017 10  8 10    168.0    271.3   0.00016667   0.00000000    272.8   90.0      1.3     78060
2017 10  8 11    185.0    271.7   0.00016667   0.00000000    273.0   90.0      1.6     78100
2017 10  8 12    175.0    278.9   0.00013889   0.00000000    273.8   92.0      1.8     78110
2017 10  8 13    200.0    276.0   0.00008333   0.00000000    273.6   93.0      1.3     78110
2017 10  8 14    154.0    273.5   0.00008333   0.00000000    273.6   94.0      1.2     78090
2017 10  8 15    114.0    276.7   0.00005556   0.00002778    273.5   94.0      1.0     78080
2017 10  8 16     49.0    274.3   0.00005556   0.00000000    273.1   97.0      0.8     78100
2017 10  8 17      8.0    274.1   0.00008333   0.00000000    272.6  100.0      0.9     78110
2017 10  8 18      0.0    273.4   0.00008333   0.00000000    272.5  100.0      1.0     78170
2017 10  8 19      0.0    272.7   0.00008333   0.00000000    272.4  100.0      0.9     78180
2017 10  8 20      0.0    272.1   0.00008333   0.00000000    272.3  100.0      0.6     78160
2017 10  8 21      0.0    271.4   0.00005556   0.00000000    272.2  100.0      0.5     78150
2017 10  8 22      0.0    271.4   0.00005556   0.00000000    272.2  100.0      0.5     78140
2017 10  8 23      0.0    271.4   0.00005556   0.00000000    272.2  100.0      0.8     78150
2017 10  9  0      0.0    266.0   0.00005556   0.00000000    271.5   98.0      0.4     78100
2017 10  9  1      0.0    261.0   0.00005556   0.00000000    271.4   99.0      0.5     78100
2017 10  9  2      0.0    261.9   0.00002778   0.00000000    271.4   99.0      0.9     78080
2017 10  9  3      0.0    254.7   0.00000000   0.00000000    271.1   99.0      0.9     78020
2017 10  9  4      0.0    244.3   0.00000000   0.00000000    270.6   99.0      0.8     77960
2017 10  9  5      0.0    260.5   0.00000000   0.00000000    270.6   99.0      0.7     77990
2017 10  9  6      3.0    260.5   0.00002778   0.00000000    270.6   99.0      0.8     78020
2017 10  9  7     53.0    255.4   0.00000000   0.00000000    271.9   92.0      0.4     78150
2017 10  9  8    162.0    237.1   0.00000000   0.00000000    273.1   84.0      0.3     78230
2017 10  9  9    314.0    230.2   0.00000000   0.00000000    273.4   83.0      0.4     78210
2017 10  9 10    424.0    246.0   0.00000000   0.00000000    274.3   73.0      0.6     78220
2017 10  9 11    470.0    275.0   0.00000000   0.00000000    274.8   72.0      0.7     78190
2017 10  9 12    457.0    277.8   0.00000000   0.00000000    275.8   68.0      1.1     78220
2017 10  9 13    428.0    269.8   0.00000000   0.00000000    275.3   72.0      1.0     78160
2017 10  9 14    325.0    260.6   0.00000000   0.00000000    275.3   74.0      1.3     78150
2017 10  9 15    149.0    256.1   0.00000000   0.00000000    274.4   83.0      1.2     78140
2017 10  9 16     62.0    255.8   0.00000000   0.00000000    273.2   93.0      0.9     78120
2017 10  9 17     12.0    266.1   0.00000000   0.00000000    272.8   98.0      0.9     78140
2017 10  9 18      0.0    271.7   0.00002778   0.00000000    272.6   99.0      0.8     78150
2017 10  9 19      0.0    271.7   0.00002778   0.00000000    272.3   99.0      0.7     78130
2017 10  9 20      0.0    271.7   0.00002778   0.00000000    272.3   99.0      0.8     78150
2017 10  9 21      0.0    272.3   0.00002778   0.00000000    272.4   99.0      0.6     78190
2017 10  9 22      0.0    266.9   0.00002778   0.00000000    272.3   99.0      0.5     78200
2017 10  9 23      0.0    257.4   0.00002778   0.00000000    272.4  100.0      0.2     78180
2017 10 10  0      0.0    261.4   0.00000000   0.00000000    272.5  100.0      0.3     78160
2017 10 10  1      0.0    271.0   0.00000000   0.00000000    272.2   99.0      0.2     78150
2017 10 10  2      0.0    270.3   0.00000000   0.00000000    272.1   99.0      0.4     78180
2017 10 10  3      0.0    264.4   0.00000000   0.00000000    271.2   99.0      0.7     78090
2017 10 10  4      0.0    249.7   0.00000000   0.00000000    270.9   98.0      1.1     78030
2017 10 10  5      0.0    257.9   0.00000000   0.00000000    270.2   99.0      1.4     77980
2017 10 10  6      4.0    256.6   0.00000000   0.00000000    270.0   99.0      1.6     77990
2017 10 10  7     76.0    223.9   0.00000000   0.00000000    271.6   90.0      1.4     78130
2017 10 10  8    234.0    223.7   0.00000000   0.00000000    273.4   80.0      0.6     78220
2017 10 10  9    417.0    232.6   0.00000000   0.00000000    274.5   78.0      0.9     78210
2017 10 10 10    540.0    270.5   0.00000000   0.00000000    276.0   70.0      0.9     78290
2017 10 10 11    557.0    250.4   0.00000000   0.00000000    276.3   69.0      1.0     78310
2017 10 10 12    583.0    245.7   0.00000000   0.00000000    277.2   64.0      1.1     78380
2017 10 10 13    559.0    236.4   0.00000000   0.00000000    276.4   72.0      0.9     78290
2017 10 10 14    440.0    239.5   0.00000000   0.00000000    276.6   72.0      1.0     78290
2017 10 10 15    274.0    236.8   0.00000000   0.00000000    275.9   78.0      1.1     78250
2017 10 10 16    131.0    270.5   0.00000000   0.00000000    274.3   83.0      1.6     78180
2017 10 10 17     18.0    275.6   0.00000000   0.00000000    275.2   85.0      0.9     78350
2017 10 10 18      0.0    256.8   0.00000000   0.00000000    271.6   94.0      0.9     78120
2017 10 10 19      0.0    209.9   0.00000000   0.00000000    269.9   96.0      0.9     77990
2017 10 10 20      0.0    203.8   0.00000000   0.00000000    268.8   99.0      0.9     77910
2017 10 10 21      0.0    204.9   0.00000000   0.00000000    268.4  100.0      0.7     77890
2017 10 10 22      0.0    223.8   0.00000000   0.00000000    268.0   98.0      0.9     77850
2017 10 10 23      0.0    217.2   0.00000000   0.00000000    267.8   96.0      1.2     77790
2017 10 11  0      0.0    208.0   0.00000000   0.00000000    267.8   97.0      1.2     77840
2017 10 11  1      0.0    198.7   0.00000000   0.00000000    267.3   95.0      1.3     77780
2017 10 11  2      0.0    204.6   0.00000000   0.00000000    267.0   95.0      1.2     77740
2017 10 11  3      0.0    220.3   0.00000000   0.00000000    267.5   94.0      1.1     77780
2017 10 11  4      0.0    227.4   0.00000000   0.00000000    267.4   94.0      0.9     77750
2017 10 11  5      0.0    230.4   0.00000000   0.00000000    267.4   94.0      0.9     77720
2017 10 11  6      6.0    229.9   0.00000000   0.00000000    267.1   93.0      1.1     77700
2017 10 11  7    100.0    245.1   0.00000000   0.00000000    270.5   88.0      1.1     77980
2017 10 11  8    258.0    241.4   0.00000000   0.00000000    275.0   82.0      1.5     78320
2017 10 11  9    426.0    249.7   0.00000000   0.00000000    279.4   60.0      1.0     78630
2017 10 11 10    538.0    245.8   0.00000000   0.00000000    278.3   68.0      1.3     78550
2017 10 11 11    601.0    245.2   0.00000000   0.00000000    278.4   68.0      1.4     78520
2017 10 11 12    606.0    256.9   0.00000000   0.00000000    282.1   52.0      1.4     78770
2017 10 11 13    558.0    244.2   0.00000000   0.00000000    278.5   66.0      1.5     78490
2017 10 11 14    456.0    246.6   0.00000000   0.00000000    279.6   59.0      1.3     78560
2017 10 11 15    312.0    252.8   0.00000000   0.00000000    281.3   53.0      1.2     78700
2017 10 11 16    146.0    253.1   0.00000000   0.00000000    280.5   61.0      0.6     78670
2017 10 11 17     17.0    241.4   0.00000000   0.00000000    277.5   72.0      0.8     78460
2017 10 11 18      0.0    215.2   0.00000000   0.00000000    271.6   88.0      1.3     78060
2017 10 11 19      0.0    211.5   0.00000000   0.00000000    270.8   91.0      1.1     78030
2017 10 11 20      0.0    207.6   0.00000000   0.00000000    269.9   92.0      1.1     77990
2017 10 11 21      0.0    210.8   0.00000000   0.00000000    270.8   89.0      1.2     78080
2017 10 11 22      0.0    210.3   0.00000000   0.00000000    270.6   89.0      1.1     78090
2017 10 11 23      0.0    204.2   0.00000000   0.00000000    269.3   91.0      0.9     77980
2017 10 12  0      0.0    221.5   0.00000000   0.00000000    272.9   86.0      0.8     78340
2017 10 12  1      0.0    203.2   0.00000000   0.00000000    268.9   94.0      0.8     78050
2017 10 12  2      0.0    212.2   0.00000000   0.00000000    268.8   92.0      0.6     78040
2017 10 12  3      0.0    205.8   0.00000000   0.00000000    269.8   88.0      0.6     78100
2017 10 12  4      0.0    203.3   0.00000000   0.00000000    269.3   88.0      0.6     78040
2017 10 12  5      0.0    203.6   0.00000000   0.00000000    269.3   89.0      0.6     78020
2017 10 12  6      5.0    202.4   0.00000000   0.00000000    269.0   90.0      0.8     78010
2017 10 12  7    101.0    214.2   0.00000000   0.00000000    271.4   88.0      0.6     78240
2017 10 12  8    270.0    242.0   0.00000000   0.00000000    278.4   63.0      0.9     78850
2017 10 12  9    422.0    237.7   0.00000000   0.00000000    277.1   69.0      1.2     78780
2017 10 12 10    536.0    240.7   0.00000000   0.00000000    277.9   66.0      1.1     78890
2017 10 12 11    595.0    242.9   0.00000000   0.00000000    278.0   69.0      1.2     78900
2017 10 12 12    572.0    253.9   0.00000000   0.00000000    280.9   56.0      1.8     79100
2017 10 12 13    535.0    259.5   0.00000000   0.00000000    281.6   55.0      1.6     79140
2017 10 12 14    442.0    256.1   0.00000000   0.00000000    281.5   56.0      1.6     79130
2017 10 12 15    303.0    255.1   0.00000000   0.00000000    280.8   61.0      1.8     79080
2017 10 12 16    136.0    250.6   0.00000000   0.00000000    278.3   81.0      0.9     79000
2017 10 12 17     14.0    252.9   0.00000000   0.00000000    277.4   85.0      0.7     78990
2017 10 12 18      0.0    236.4   0.00000000   0.00000000    274.3   94.0      0.9     78790
2017 10 12 19      0.0    235.9   0.00000000   0.00000000    274.3   94.0      0.7     78780
2017 10 12 20      0.0    235.7   0.00000000   0.00000000    273.9   94.0      0.7     78760
2017 10 12 21      0.0    232.4   0.00000000   0.00000000    273.8   93.0      0.7     78770
2017 10 12 22      0.0    230.1   0.00000000   0.00000000    273.8   92.0      0.5     78750
2017 10 12 23      0.0    225.8   0.00000000   0.00000000    273.2   90.0      0.4     78710
2017 10 13  0      0.0    222.4   0.00000000   0.00000000    272.5   91.0      0.9     78670
2017 10 13  1      0.0    232.1   0.00000000   0.00000000    273.4   87.0      0.4     78740
2017 10 13  2      0.0    238.1   0.00000000   0.00000000    273.4   86.0      0.4     78730
2017 10 13  3      0.0    247.5   0.00000000   0.00000000    273.2   85.0      0.4     78690
2017 10 13  4      0.0    253.9   0.00000000   0.00000000    273.1   84.0      0.4     78670
2017 10 13  5      0.0    254.2   0.00000000   0.00000000    272.9   84.0      0.4     78640
2017 10 13  6      4.0    247.8   0.00000000   0.00000000    273.3   81.0      0.4     78690
2017 10 13  7     95.0    243.2   0.00000000   0.00000000    276.1   77.0      0.6     78930
2017 10 13  8    260.0    259.2   0.00000000   0.00000000    280.5   72.0      0.5     79250
2017 10 13  9    416.0    260.1   0.00000000   0.00000000    282.4   54.0      0.7     79380
2017 10 13 10    521.0    262.1   0.00000000   0.00000000    283.2   50.0      1.1     79430
2017 10 13 11    583.0    263.6   0.00000000   0.00000000    283.8   48.0      1.3     79450
2017 10 13 12    593.0    263.9   0.00000000   0.00000000    284.0   46.0      1.5     79420
2017 10 13 13    543.0    268.8   0.00000000   0.00000000    284.3   48.0      1.3     79430
2017 10 13 14    442.0    275.5   0.00000000   0.00000000    283.9   52.0      1.4     79400
2017 10 13 15    300.0    269.7   0.00000000   0.00000000    282.9   60.0      1.2     79340
2017 10 13 16    137.0    263.2   0.00000000   0.00000000    281.5   68.0      1.0     79280
2017 10 13 17     14.0    257.9   0.00000000   0.00000000    280.2   73.0      0.6     79240
2017 10 13 18      0.0    236.9   0.00000000   0.00000000    275.6   87.0      0.8     78920
2017 10 13 19      0.0    230.3   0.00000000   0.00000000    274.3   89.0      0.7     78830
2017 10 13 20      0.0    230.0   0.00000000   0.00000000    274.3   88.0      0.6     78840
2017 10 13 21      0.0    230.1   0.00000000   0.00000000    274.4   87.0      0.6     78850
2017 10 13 22      0.0    230.1   0.00000000   0.00000000    274.4   87.0      0.7     78840
2017 10 13 23      0.0    228.1   0.00000000   0.00000000    274.1   86.0      0.7     78810
2017 10 14  0      0.0    217.3   0.00000000   0.00000000    271.8   91.0      1.1     78660
2017 10 14  1      0.0    224.2   0.00000000   0.00000000    273.4   86.0      0.7     78760
2017 10 14  2      0.0    222.7   0.00000000   0.00000000    273.4   82.0      0.5     78750
2017 10 14  3      0.0    220.4   0.00000000   0.00000000    273.2   79.0      0.4     78730
2017 10 14  4      0.0    219.1   0.00000000   0.00000000    273.1   77.0      0.4     78720
2017 10 14  5      0.0    219.8   0.00000000   0.00000000    273.3   76.0      0.7     78730
2017 10 14  6      4.0    218.7   0.00000000   0.00000000    273.1   76.0      0.9     78690
2017 10 14  7     99.0    231.9   0.00000000   0.00000000    275.2   80.0      1.1     78850
2017 10 14  8    260.0    265.0   0.00000000   0.00000000    281.2   75.0      1.2     79310
2017 10 14  9    409.0    266.2   0.00000000   0.00000000    284.0   49.0      0.4     79530
2017 10 14 10    523.0    266.9   0.00000000   0.00000000    285.8   38.0      0.2     79640
2017 10 14 11    585.0    270.4   0.00000000   0.00000000    286.6   36.0      0.6     79660
2017 10 14 12    590.0    275.1   0.00000000   0.00000000    286.4   42.0      1.1     79600
2017 10 14 13    538.0    279.1   0.00000000   0.00000000    286.6   45.0      1.4     79610
2017 10 14 14    436.0    278.7   0.00000000   0.00000000    286.0   49.0      1.5     79590
2017 10 14 15    293.0    277.0   0.00000000   0.00000000    284.9   56.0      1.0     79530
2017 10 14 16    130.0    272.7   0.00000000   0.00000000    283.8   60.0      0.5     79480
2017 10 14 17     12.0    252.0   0.00000000   0.00000000    278.9   77.0      0.8     79160
2017 10 14 18      0.0    245.3   0.00000000   0.00000000    277.4   82.0      0.8     79070
2017 10 14 19      0.0    243.4   0.00000000   0.00000000    277.0   83.0      0.8     79040
2017 10 14 20      0.0    241.1   0.00000000   0.00000000    276.6   83.0      0.8     79020
2017 10 14 21      0.0    238.8   0.00000000   0.00000000    276.2   83.0      0.9     79010
2017 10 14 22      0.0    237.1   0.00000000   0.00000000    275.9   83.0      1.1     78990
2017 10 14 23      0.0    235.8   0.00000000   0.00000000    275.6   84.0      1.1     78950
2017 10 15  0      0.0    229.4   0.00000000   0.00000000    274.2   88.0      1.1     78880
2017 10 15  1      0.0    233.1   0.00000000   0.00000000    275.0   86.0      1.4     78930
2017 10 15  2      0.0    230.3   0.00000000   0.00000000    274.5   86.0      1.4     78860
2017 10 15  3      0.0    228.1   0.00000000   0.00000000    274.1   86.0      1.2     78820
2017 10 15  4      0.0    226.6   0.00000000   0.00000000    273.9   85.0      1.2     78800
2017 10 15  5      0.0    225.8   0.00000000   0.00000000    273.9   83.0      1.2     78790
2017 10 15  6      3.0    225.6   0.00000000   0.00000000    274.0   81.0      1.4     78780
2017 10 15  7     97.0    241.1   0.00000000   0.00000000    276.9   79.0      1.9     79000
2017 10 15  8    259.0    271.5   0.00000000   0.00000000    282.4   73.0      1.8     79430
2017 10 15  9    408.0    275.5   0.00000000   0.00000000    285.5   49.0      1.1     79670
2017 10 15 10    518.0    272.8   0.00000000   0.00000000    287.0   36.0      0.9     79740
2017 10 15 11    578.0    276.1   0.00000000   0.00000000    287.8   35.0      0.9     79760
2017 10 15 12    582.0    273.8   0.00000000   0.00000000    287.8   33.0      0.9     79700
2017 10 15 13    533.0    278.5   0.00000000   0.00000000    287.9   36.0      1.0     79680
2017 10 15 14    431.0    279.9   0.00000000   0.00000000    287.3   41.0      1.2     79650
2017 10 15 15    288.0    282.7   0.00000000   0.00000000    285.9   55.0      1.2     79560
2017 10 15 16    126.0    276.4   0.00000000   0.00000000    284.8   57.0      0.8     79510
2017 10 15 17     10.0    261.9   0.00000000   0.00000000    281.2   69.0      0.4     79300
2017 10 15 18      0.0    247.3   0.00000000   0.00000000    277.8   81.0      0.8     79080
2017 10 15 19      0.0    245.5   0.00000000   0.00000000    277.5   81.0      0.8     79060
2017 10 15 20      0.0    242.0   0.00000000   0.00000000    276.9   81.0      0.7     79040
2017 10 15 21      0.0    238.3   0.00000000   0.00000000    276.4   79.0      0.6     79010
2017 10 15 22      0.0    234.5   0.00000000   0.00000000    275.9   77.0      0.6     79000
2017 10 15 23      0.0    232.3   0.00000000   0.00000000    275.5   77.0      0.6     78970
2017 10 16  0      0.0    225.5   0.00000000   0.00000000    273.8   85.0      0.9     78860
2017 10 16  1      0.0    229.4   0.00000000   0.00000000    274.9   78.0      0.4     78970
2017 10 16  2      0.0    228.2   0.00000000   0.00000000    274.8   78.0      0.5     78920
2017 10 16  3      0.0    226.0   0.00000000   0.00000000    274.3   78.0      0.5     78880
2017 10 16  4      0.0    224.0   0.00000000   0.00000000    274.0   77.0      0.7     78840
2017 10 16  5      0.0    222.3   0.00000000   0.00000000    273.8   77.0      1.1     78780
2017 10 16  6      3.0    221.3   0.00000000   0.00000000    273.5   77.0      1.4     78730
2017 10 16  7     96.0    234.5   0.00000000   0.00000000    275.9   77.0      1.8     78910
2017 10 16  8    260.0    262.1   0.00000000   0.00000000    281.6   65.0      1.9     79330
2017 10 16  9    411.0    271.0   0.00000000   0.00000000    284.9   48.0      1.3     79580
2017 10 16 10    522.0    264.6   0.00000000   0.00000000    286.8   30.0      1.2     79650
2017 10 16 11    582.0    264.6   0.00000000   0.00000000    287.8   26.0      1.1     79680
2017 10 16 12    585.0    261.0   0.00000000   0.00000000    287.6   24.0      0.8     79650
2017 10 16 13    534.0    265.8   0.00000000   0.00000000    287.9   26.0      0.7     79650
2017 10 16 14    430.0    268.9   0.00000000   0.00000000    287.3   31.0      1.0     79600
2017 10 16 15    285.0    278.2   0.00000000   0.00000000    285.8   50.0      1.1     79530
2017 10 16 16    123.0    271.6   0.00000000   0.00000000    284.5   52.0      0.8     79480
2017 10 16 17      9.0    264.5   0.00000000   0.00000000    282.9   56.0      0.2     79390
2017 10 16 18      0.0    242.3   0.00000000   0.00000000    277.1   79.0      0.8     78980
2017 10 16 19      0.0    239.5   0.00000000   0.00000000    276.8   78.0      0.7     78950
2017 10 16 20      0.0    237.1   0.00000000   0.00000000    276.2   79.0      0.6     78900
2017 10 16 21      0.0    234.4   0.00000000   0.00000000    275.8   78.0      0.6     78890
2017 10 16 22      0.0    233.4   0.00000000   0.00000000    275.8   77.0      0.7     78870
2017 10 16 23      0.0    230.6   0.00000000   0.00000000    275.2   77.0      0.8     78810
2017 10 17  0      0.0    223.6   0.00000000   0.00000000    273.5   83.0      1.1     78710
2017 10 17  1      0.0    224.8   0.00000000   0.00000000    274.0   79.0      1.3     78710
2017 10 17  2      0.0    222.3   0.00000000   0.00000000    273.8   77.0      1.1     78660
2017 10 17  3      0.0    220.7   0.00000000   0.00000000    273.8   73.0      1.1     78630
2017 10 17  4      0.0    218.3   0.00000000   0.00000000    273.5   70.0      1.1     78580
2017 10 17  5      0.0    216.9   0.00000000   0.00000000    273.5   67.0      1.0     78530
2017 10 17  6      2.0    217.0   0.00000000   0.00000000    273.8   64.0      1.0     78530
2017 10 17  7     92.0    230.8   0.00000000   0.00000000    276.0   67.0      1.6     78730
2017 10 17  8    254.0    266.4   0.00000000   0.00000000    281.2   69.0      1.8     79090
2017 10 17  9    404.0    268.6   0.00000000   0.00000000    284.6   43.0      1.2     79310
2017 10 17 10    517.0    265.2   0.00000000   0.00000000    286.3   29.0      1.1     79380
2017 10 17 11    579.0    276.2   0.00000000   0.00000000    287.2   25.0      1.1     79360
2017 10 17 12    579.0    296.4   0.00000000   0.00000000    287.1   22.0      1.3     79310
2017 10 17 13    525.0    307.2   0.00000000   0.00000000    287.4   24.0      1.0     79250
2017 10 17 14    412.0    316.1   0.00000000   0.00000000    287.0   27.0      0.9     79180
2017 10 17 15    268.0    331.8   0.00000000   0.00000000    285.5   47.0      0.9     79060
2017 10 17 16     88.0    319.1   0.00000000   0.00000000    282.3   60.0      1.3     78850
2017 10 17 17      6.0    296.8   0.00000000   0.00000000    278.8   66.0      1.4     78600
2017 10 17 18      0.0    286.3   0.00000000   0.00000000    277.9   61.0      1.2     78560
2017 10 17 19      0.0    279.1   0.00000000   0.00000000    277.5   56.0      1.2     78530
2017 10 17 20      0.0    272.8   0.00000000   0.00000000    276.0   57.0      1.2     78390
2017 10 17 21      0.0    266.3   0.00000000   0.00000000    275.0   57.0      1.4     78340
2017 10 17 22      0.0    259.1   0.00000000   0.00000000    274.1   59.0      1.5     78250
2017 10 17 23      0.0    213.0   0.00000000   0.00000000    273.3   61.0      1.7     78140
2017 10 18  0      0.0    207.4   0.00000000   0.00000000    271.6   68.0      1.8     78030
2017 10 18  1      0.0    207.4   0.00000000   0.00000000    271.6   68.0      1.9     78010
2017 10 18  2      0.0    206.6   0.00000000   0.00000000    271.1   72.0      1.9     77920
2017 10 18  3      0.0    205.8   0.00000000   0.00000000    270.8   74.0      1.8     77860
2017 10 18  4      0.0    205.3   0.00000000   0.00000000    270.8   74.0      1.7     77830
2017 10 18  5      0.0    205.7   0.00000000   0.00000000    270.8   73.0      1.6     77780
2017 10 18  6      2.0    206.5   0.00000000   0.00000000    270.8   72.0      1.7     77760
2017 10 18  7     88.0    223.9   0.00000000   0.00000000    274.2   71.0      2.0     78030
2017 10 18  8    249.0    245.4   0.00000000   0.00000000    279.6   57.0      1.6     78410
2017 10 18  9    398.0    247.1   0.00000000   0.00000000    282.2   39.0      1.1     78560
2017 10 18 10    508.0    247.5   0.00000000   0.00000000    283.3   33.0      1.4     78580
2017 10 18 11    567.0    251.1   0.00000000   0.00000000    284.1   32.0      1.6     78580
2017 10 18 12    570.0    248.7   0.00000000   0.00000000    284.1   30.0      1.2     78530
2017 10 18 13    519.0    252.7   0.00000000   0.00000000    284.2   33.0      1.4     78510
2017 10 18 14    415.0    255.6   0.00000000   0.00000000    283.5   40.0      1.7     78450
2017 10 18 15    273.0    256.6   0.00000000   0.00000000    282.3   50.0      1.5     78390
2017 10 18 16    113.0    251.8   0.00000000   0.00000000    280.9   55.0      1.3     78320
2017 10 18 17      6.0    242.0   0.00000000   0.00000000    278.8   59.0      0.9     78200
2017 10 18 18      0.0    224.9   0.00000000   0.00000000    274.4   74.0      1.1     77930
2017 10 18 19      0.0    220.3   0.00000000   0.00000000    273.8   71.0      0.8     77890
2017 10 18 20      0.0    216.2   0.00000000   0.00000000    273.2   69.0      0.9     77840
2017 10 18 21      0.0    212.4   0.00000000   0.00000000    272.4   70.0      1.2     77800
2017 10 18 22      0.0    209.0   0.00000000   0.00000000    271.5   73.0      1.4     77750
2017 10 18 23      0.0    207.8   0.00000000   0.00000000    270.8   79.0      1.5     77680
2017 10 19  0      0.0    205.8   0.00000000   0.00000000    270.0   85.0      1.5     77680
2017 10 19  1      0.0    206.2   0.00000000   0.00000000    270.0   86.0      1.7     77660
2017 10 19  2      0.0    205.3   0.00000000   0.00000000    269.8   88.0      1.8     77610
2017 10 19  3      0.0    204.8   0.00000000   0.00000000    269.6   88.0      1.7     77590
2017 10 19  4      0.0    204.8   0.00000000   0.00000000    269.8   85.0      1.7     77570
2017 10 19  5      0.0    204.4   0.00000000   0.00000000    270.0   81.0      1.7     77560
2017 10 19  6      1.0    204.8   0.00000000   0.00000000    270.6   74.0      1.7     77590
2017 10 19  7     84.0    220.4   0.00000000   0.00000000    273.9   70.0      1.9     77860
2017 10 19  8    241.0    241.2   0.00000000   0.00000000    279.3   53.0      1.7     78250
2017 10 19  9    387.0    242.0   0.00000000   0.00000000    281.8   36.0      1.1     78420
2017 10 19 10    496.0    241.2   0.00000000   0.00000000    283.2   28.0      0.7     78500
2017 10 19 11    555.0    243.3   0.00000000   0.00000000    283.8   27.0      0.6     78500
2017 10 19 12    559.0    242.6   0.00000000   0.00000000    283.9   26.0      0.8     78470
2017 10 19 13    508.0    244.8   0.00000000   0.00000000    284.3   26.0      1.2     78440
2017 10 19 14    406.0    245.7   0.00000000   0.00000000    284.0   28.0      1.5     78400
2017 10 19 15    265.0    251.9   0.00000000   0.00000000    282.8   40.0      1.1     78300
2017 10 19 16    106.0    244.8   0.00000000   0.00000000    279.8   54.0      1.2     78110
2017 10 19 17      5.0    233.3   0.00000000   0.00000000    276.1   63.0      1.4     77920
2017 10 19 18      0.0    233.1   0.00000000   0.00000000    275.9   60.0      1.2     77920
2017 10 19 19      0.0    224.6   0.00000000   0.00000000    275.3   63.0      1.5     77890
2017 10 19 20      0.0    224.1   0.00000000   0.00000000    274.5   71.0      1.9     77870
2017 10 19 21      0.0    224.1   0.00000000   0.00000000    273.5   81.0      2.1     77840
2017 10 19 22      0.0    221.6   0.00000000   0.00000000    272.5   90.0      2.2     77780
2017 10 19 23      0.0    219.1   0.00000000   0.00000000    272.0   93.0      2.3     77710
2017 10 20  0      0.0    221.1   0.00000000   0.00000000    272.4   92.0      2.2     77760
2017 10 20  1      0.0    231.8   0.00000000   0.00000000    272.2   93.0      2.1     77770
2017 10 20  2      0.0    243.0   0.00000000   0.00000000    271.8   95.0      2.1     77770
2017 10 20  3      0.0    215.7   0.00000000   0.00000000    271.2   95.0      2.1     77730
2017 10 20  4      0.0    228.8   0.00000000   0.00000000    270.8   94.0      2.0     77690
2017 10 20  5      0.0    213.5   0.00000000   0.00000000    270.6   95.0      2.0     77640
2017 10 20  6      1.0    211.8   0.00000000   0.00000000    270.4   96.0      2.4     77580
2017 10 20  7     79.0    230.1   0.00000000   0.00000000    274.1   88.0      2.6     77890
2017 10 20  8    232.0    247.6   0.00000000   0.00000000    278.4   74.0      1.5     78250
2017 10 20  9    378.0    245.8   0.00000000   0.00000000    281.1   45.0      1.0     78470
2017 10 20 10    488.0    242.9   0.00000000   0.00000000    282.3   34.0      1.4     78560
2017 10 20 11    548.0    243.6   0.00000000   0.00000000    283.2   30.0      1.4     78590
2017 10 20 12    551.0    243.5   0.00000000   0.00000000    283.6   28.0      1.3     78570
2017 10 20 13    504.0    249.8   0.00000000   0.00000000    283.8   30.0      1.4     78560
2017 10 20 14    395.0    250.8   0.00000000   0.00000000    283.0   38.0      1.5     78530
2017 10 20 15    258.0    252.9   0.00000000   0.00000000    281.8   49.0      1.2     78490
2017 10 20 16    101.0    264.7   0.00000000   0.00000000    280.8   49.0      0.8     78460
2017 10 20 17      4.0    276.0   0.00000000   0.00000000    277.6   63.0      0.5     78280
2017 10 20 18      0.0    271.8   0.00000000   0.00000000    276.5   68.0      0.9     78190
2017 10 20 19      0.0    242.3   0.00000000   0.00000000    276.5   67.0      1.1     78200
2017 10 20 20      0.0    250.3   0.00000000   0.00000000    275.6   66.0      1.1     78150
2017 10 20 21      0.0    245.8   0.00000000   0.00000000    274.8   63.0      1.2     78070
2017 10 20 22      0.0    237.4   0.00000000   0.00000000    273.9   62.0      1.1     78000
2017 10 20 23      0.0    237.7   0.00000000   0.00000000    273.8   59.0      1.1     77980
2017 10 21  0      0.0    226.9   0.00000000   0.00000000    272.9   68.0      0.7     77970
2017 10 21  1      0.0    217.3   0.00000000   0.00000000    274.0   60.0      0.7     78060
2017 10 21  2      0.0    235.9   0.00000000   0.00000000    273.4   61.0      0.9     78000
2017 10 21  3      0.0    249.3   0.00000000   0.00000000    273.9   59.0      0.8     78020
2017 10 21  4      0.0    241.9   0.00000000   0.00000000    274.6   57.0      0.8     78070
2017 10 21  5      0.0    230.2   0.00000000   0.00000000    274.6   57.0      0.8     78060
2017 10 21  6      1.0    247.9   0.00000000   0.00000000    274.2   59.0      0.4     78050
2017 10 21  7     47.0    269.0   0.00000000   0.00000000    276.3   61.0      0.8     78240
2017 10 21  8    106.0    260.0   0.00000000   0.00000000    278.9   62.0      1.2     78430
2017 10 21  9    297.0    276.9   0.00000000   0.00000000    281.5   54.0      0.8     78590
2017 10 21 10    438.0    304.8   0.00000000   0.00000000    282.4   52.0      1.8     78630
2017 10 21 11    467.0    302.5   0.00000000   0.00000000    282.5   52.0      2.0     78630
2017 10 21 12    479.0    284.6   0.00000000   0.00000000    282.8   52.0      1.3     78580
2017 10 21 13    442.0    318.2   0.00000000   0.00000000    283.1   53.0      1.3     78560
2017 10 21 14    334.0    318.5   0.00000000   0.00000000    282.8   56.0      1.2     78490
2017 10 21 15    173.0    299.2   0.00000000   0.00000000    281.3   67.0      1.6     78410
2017 10 21 16     86.0    296.4   0.00000000   0.00000000    279.9   74.0      0.7     78330
2017 10 21 17      3.0    278.2   0.00000000   0.00000000    276.2   90.0      0.7     78030
2017 10 21 18      0.0    246.5   0.00000000   0.00000000    275.1   92.0      1.4     77950
2017 10 21 19      0.0    238.9   0.00000000   0.00000000    275.2   89.0      1.0     78010
2017 10 21 20      0.0    242.7   0.00000000   0.00000000    275.3   89.0      0.6     78030
2017 10 21 21      0.0    255.4   0.00000000   0.00000000    277.0   81.0      0.8     78140
2017 10 21 22      0.0    284.8   0.00000000   0.00008333    276.8   85.0      0.7     78120
2017 10 21 23      0.0    293.7   0.00000000   0.00027778    275.5   99.0      1.1     78060
2017 10 22  0      0.0    286.7   0.00002778   0.00022222    274.5   99.0      1.0     78100
2017 10 22  1      0.0    280.2   0.00016667   0.00005556    273.5  100.0      1.7     78100
2017 10 22  2      0.0    275.7   0.00025000   0.00000000    272.9   99.0      1.4     78070
2017 10 22  3      0.0    271.4   0.00019444   0.00000000    272.4   99.0      1.1     78020
2017 10 22  4      0.0    270.3   0.00019444   0.00000000    272.3   98.0      1.0     77980
2017 10 22  5      0.0    269.1   0.00008333   0.00000000    272.3   95.0      1.1     77930
2017 10 22  6      1.7    268.6   0.00011111   0.00000000    272.2   93.0      1.5     77920
2017 10 22  7     13.0    267.5   0.00019444   0.00000000    272.0   96.0      1.3     77960
2017 10 22  8     41.0    266.1   0.00022222   0.00000000    272.1   91.0      2.1     77970
2017 10 22  9     77.0    260.2   0.00022222   0.00000000    272.1   88.0      2.6     77990
2017 10 22 10    137.0    260.8   0.00011111   0.00000000    272.0   93.0      2.4     78020
2017 10 22 11    166.0    264.4   0.00008333   0.00000000    271.9   90.0      2.0     77980
2017 10 22 12    266.0    260.8   0.00008333   0.00000000    271.9   88.0      2.6     77890
2017 10 22 13    136.0    253.8   0.00013889   0.00000000    270.6   89.0      2.7     77830
2017 10 22 14    118.0    253.7   0.00011111   0.00000000    270.1   92.0      2.2     77820
2017 10 22 15    107.0    248.5   0.00008333   0.00000000    269.9   91.0      1.8     77770
2017 10 22 16     56.0    215.3   0.00008333   0.00000000    269.1   91.0      1.6     77740
2017 10 22 17      2.0    208.1   0.00016667   0.00000000    267.3   88.0      1.4     77670
2017 10 22 18      0.0    222.2   0.00019444   0.00000000    267.3   89.0      1.4     77740
2017 10 22 19      0.0    211.3   0.00041667   0.00000000    266.8   86.0      0.9     77710
2017 10 22 20      0.0    227.8   0.00013889   0.00000000    265.8   92.0      1.5     77650
2017 10 22 21      0.0    237.5   0.00027778   0.00000000    267.1   96.0      1.4     77730
2017 10 22 22      0.0    238.7   0.00030556   0.00000000    267.3   96.0      1.4     77730
2017 10 22 23      0.0    239.7   0.00033333   0.00000000    267.4   97.0      1.6     77720
2017 10 23  0      0.0    235.5   0.00036111   0.00000000    266.8   97.0      1.5     77700
2017 10 23  1      0.0    237.9   0.00027778   0.00000000    267.1   97.0      1.7     77740
2017 10 23  2      0.0    239.1   0.00025000   0.00000000    267.3   97.0      2.0     77740
2017 10 23  3      0.0    239.1   0.00022222   0.00000000    267.3   97.0      2.3     77750
2017 10 23  4      0.0    239.4   0.00016667   0.00000000    267.5   97.0      2.3     77790
2017 10 23  5      0.0    240.3   0.00025000   0.00000000    267.5   97.0      1.9     77800
2017 10 23  6      0.6    240.0   0.00033333   0.00000000    267.6   97.0      1.9     77810
2017 10 23  7     20.0    242.7   0.00036111   0.00000000    267.9   97.0      2.2     77880
2017 10 23  8     55.0    244.6   0.00036111   0.00000000    268.4   96.0      2.6     77930
2017 10 23  9    102.0    248.2   0.00030556   0.00000000    268.9   95.0      2.6     77990
2017 10 23 10    170.0    249.9   0.00022222   0.00000000    269.3   93.0      2.8     78060
2017 10 23 11    145.0    250.7   0.00022222   0.00000000    269.3   95.0      2.5     78100
2017 10 23 12    144.0    255.1   0.00025000   0.00000000    270.0   95.0      2.2     78100
2017 10 23 13    136.0    254.6   0.00027778   0.00000000    269.8   97.0      2.4     78100
2017 10 23 14    100.0    254.6   0.00027778   0.00000000    269.8   97.0      2.6     78130
2017 10 23 15     58.0    253.3   0.00025000   0.00000000    269.6   97.0      2.3     78140
2017 10 23 16     23.0    251.1   0.00022222   0.00000000    269.3   96.0      2.3     78180
2017 10 23 17      1.0    251.2   0.00022222   0.00000000    269.2   98.0      1.8     78200
2017 10 23 18      0.0    251.1   0.00022222   0.00000000    269.3   96.0      1.7     78230
2017 10 23 19      0.0    251.4   0.00019444   0.00000000    269.3   97.0      1.7     78260
2017 10 23 20      0.0    251.2   0.00016667   0.00000000    269.2   98.0      1.6     78280
2017 10 23 21      0.0    249.9   0.00013889   0.00000000    269.2   97.0      1.5     78330
2017 10 23 22      0.0    248.1   0.00008333   0.00000000    269.4   96.0      1.9     78350
2017 10 23 23      0.0    252.1   0.00005556   0.00000000    269.4   97.0      1.2     78360
2017 10 24  0      0.0    250.8   0.00008333   0.00000000    269.2   97.0      0.9     78400
2017 10 24  1      0.0    251.2   0.00008333   0.00000000    269.2   98.0      1.0     78390
2017 10 24  2      0.0    251.5   0.00005556   0.00000000    269.2   99.0      1.5     78400
2017 10 24  3      0.0    249.3   0.00005556   0.00000000    269.3   96.0      1.3     78420
2017 10 24  4      0.0    251.4   0.00005556   0.00000000    269.3   97.0      0.9     78450
2017 10 24  5      0.0    253.1   0.00008333   0.00000000    269.5   98.0      0.9     78490
2017 10 24  6      0.0    245.7   0.00002778   0.00000000    269.3   98.0      0.7     78460
2017 10 24  7     33.0    236.6   0.00002778   0.00000000    269.3   95.0      0.8     78540
2017 10 24  8    115.0    237.8   0.00000000   0.00000000    270.3   92.0      0.4     78620
2017 10 24  9    202.0    235.5   0.00000000   0.00000000    271.5   87.0      0.9     78670
2017 10 24 10    330.0    231.6   0.00000000   0.00000000    272.4   79.0      0.9     78710
2017 10 24 11    435.0    229.8   0.00000000   0.00000000    273.0   73.0      1.0     78710
2017 10 24 12    440.0    260.5   0.00000000   0.00000000    274.2   78.0      1.8     78760
2017 10 24 13    380.0    239.6   0.00000000   0.00000000    273.8   80.0      0.8     78680
2017 10 24 14    299.0    238.9   0.00000000   0.00000000    272.8   84.0      1.0     78580
2017 10 24 15    214.0    249.2   0.00000000   0.00000000    274.0   81.0      0.9     78710
2017 10 24 16     80.0    222.7   0.00000000   0.00000000    272.8   87.0      0.7     78600
2017 10 24 17      2.0    216.5   0.00000000   0.00000000    271.8   90.0      0.2     78550
2017 10 24 18      0.0    202.7   0.00000000   0.00000000    269.0   91.0      0.1     78370
2017 10 24 19      0.0    197.4   0.00000000   0.00000000    268.0   90.0      0.4     78280
2017 10 24 20      0.0    199.2   0.00000000   0.00000000    268.5   88.0      0.9     78300
2017 10 24 21      0.0    196.3   0.00000000   0.00000000    267.9   88.0      1.2     78200
2017 10 24 22      0.0    224.3   0.00000000   0.00000000    267.3   89.0      1.2     78140
2017 10 24 23      0.0    230.7   0.00000000   0.00000000    266.9   92.0      1.0     78090
2017 10 25  0      0.0    231.7   0.00000000   0.00000000    267.4   91.0      0.6     78180
2017 10 25  1      0.0    246.4   0.00000000   0.00000000    270.1   85.0      0.5     78370
2017 10 25  2      0.0    248.0   0.00000000   0.00000000    270.8   82.0      0.8     78360
2017 10 25  3      0.0    252.6   0.00000000   0.00000000    270.8   81.0      0.8     78300
2017 10 25  4      0.0    243.4   0.00000000   0.00000000    271.1   79.0      0.6     78290
2017 10 25  5      0.0    239.4   0.00000000   0.00000000    270.9   78.0      0.4     78250
2017 10 25  6      0.0    236.6   0.00000000   0.00000000    269.9   78.0      0.6     78190
2017 10 25  7     53.0    249.9   0.00000000   0.00000000    272.2   75.0      0.7     78380
2017 10 25  8    192.0    262.9   0.00000000   0.00000000    273.8   79.0      0.7     78510
2017 10 25  9    338.0    294.7   0.00000000   0.00000000    280.3   65.0      0.9     79010
2017 10 25 10    441.0    287.7   0.00000000   0.00000000    281.8   59.0      0.9     79170
2017 10 25 11    511.0    271.2   0.00000000   0.00000000    280.0   64.0      1.2     79060
2017 10 25 12    517.0    289.2   0.00000000   0.00000000    281.0   78.0      1.0     79140
2017 10 25 13    453.0    268.6   0.00000000   0.00000000    281.8   63.0      0.6     79180
2017 10 25 14    362.0    263.0   0.00000000   0.00000000    281.2   66.0      1.0     79140
2017 10 25 15    224.0    245.6   0.00000000   0.00000000    275.5   85.0      1.4     78730
2017 10 25 16     75.0    231.1   0.00000000   0.00000000    274.4   86.0      1.1     78640
2017 10 25 17      1.0    232.3   0.00000000   0.00000000    273.9   84.0      0.7     78640
2017 10 25 18      0.0    229.1   0.00000000   0.00000000    273.8   75.0      0.6     78660
2017 10 25 19      0.0    228.3   0.00000000   0.00000000    273.9   66.0      0.8     78670
2017 10 25 20      0.0    227.7   0.00000000   0.00000000    274.4   61.0      1.1     78680
2017 10 25 21      0.0    236.1   0.00000000   0.00000000    274.3   62.0      1.1     78670
2017 10 25 22      0.0    230.9   0.00000000   0.00000000    273.5   62.0      0.8     78630
2017 10 25 23      0.0    211.4   0.00000000   0.00000000    272.9   62.0      0.7     78600
2017 10 26  0      0.0    221.4   0.00000000   0.00000000    275.5   55.0      0.9     78830
2017 10 26  1      0.0    211.8   0.00000000   0.00000000    272.9   62.0      0.8     78610
2017 10 26  2      0.0    208.0   0.00000000   0.00000000    272.3   61.0      0.7     78560
2017 10 26  3      0.0    206.8   0.00000000   0.00000000    272.2   60.0      0.6     78560
2017 10 26  4      0.0    229.9   0.00000000   0.00000000    272.1   59.0      0.7     78550
2017 10 26  5      0.0    241.3   0.00000000   0.00000000    272.0   58.0      0.8     78520
2017 10 26  6      0.0    243.8   0.00000000   0.00000000    272.0   58.0      0.7     78500
2017 10 26  7     50.0    256.1   0.00000000   0.00000000    273.3   58.0      0.8     78620
2017 10 26  8    190.0    269.9   0.00000000   0.00000000    274.5   70.0      0.8     78710
2017 10 26  9    327.0    287.9   0.00000000   0.00000000    276.6   77.0      1.3     78860
2017 10 26 10    432.0    309.8   0.00000000   0.00000000    282.6   50.0      0.9     79320
2017 10 26 11    460.0    307.3   0.00000000   0.00000000    283.2   44.0      1.0     79390
2017 10 26 12    457.0    314.9   0.00000000   0.00000000    282.0   65.0      1.1     79230
2017 10 26 13    417.0    288.7   0.00000000   0.00000000    282.6   45.0      1.0     79240
2017 10 26 14    340.0    261.7   0.00000000   0.00000000    281.0   64.0      0.7     79110
2017 10 26 15    226.0    235.1   0.00000000   0.00000000    275.8   81.0      1.0     78710
2017 10 26 16     75.0    230.2   0.00000000   0.00000000    273.8   79.0      0.7     78580
2017 10 26 17      1.0    239.5   0.00000000   0.00000000    274.5   64.0      0.6     78670
2017 10 26 18      0.0    234.5   0.00000000   0.00000000    272.6   66.0      1.1     78560
2017 10 26 19      0.0    247.6   0.00000000   0.00000000    272.8   63.0      1.2     78520
2017 10 26 20      0.0    245.2   0.00000000   0.00000000    272.4   62.0      1.1     78460
2017 10 26 21      0.0    243.6   0.00000000   0.00000000    272.1   61.0      1.0     78440
2017 10 26 22      0.0    241.4   0.00000000   0.00000000    272.0   61.0      1.2     78410
2017 10 26 23      0.0    240.8   0.00000000   0.00000000    272.3   61.0      1.1     78390
2017 10 27  0      0.0    269.4   0.00000000   0.00000000    276.5   53.0      1.6     78690
2017 10 27  1      0.0    259.4   0.00000000   0.00000000    274.0   62.0      1.7     78480
2017 10 27  2      0.0    258.3   0.00000000   0.00000000    272.8   70.0      1.7     78330
2017 10 27  3      0.0    217.8   0.00000000   0.00000000    272.5   75.0      1.7     78210
2017 10 27  4      0.0    241.2   0.00000000   0.00000000    277.6   64.0      1.8     78560
2017 10 27  5      0.0    285.5   0.00000000   0.00000000    277.6   66.0      1.8     78530
2017 10 27  6      0.0    275.8   0.00000000   0.00000000    274.9   76.0      1.7     78280
2017 10 27  7     21.0    271.0   0.00000000   0.00002778    274.3   84.0      1.8     78230
2017 10 27  8     89.0    286.5   0.00000000   0.00013889    275.3   86.0      1.9     78350
2017 10 27  9     85.0    283.5   0.00000000   0.00030556    274.4   93.0      2.3     78400
2017 10 27 10     87.0    281.4   0.00022222   0.00016667    273.8   98.0      3.0     78430
2017 10 27 11    118.0    280.5   0.00027778   0.00011111    273.6   99.0      4.0     78440
2017 10 27 12    174.0    282.5   0.00038889   0.00002778    273.9   99.0      3.9     78430
2017 10 27 13    112.0    273.7   0.00077778   0.00000000    272.6   99.0      3.1     78430
2017 10 27 14     69.0    270.9   0.00050000   0.00000000    272.3   97.0      3.5     78490
2017 10 27 15     32.0    267.3   0.00033333   0.00000000    271.8   98.0      3.1     78520
2017 10 27 16     16.0    262.3   0.00022222   0.00000000    271.0   97.0      3.0     78560
2017 10 27 17      0.0    242.8   0.00016667   0.00000000    270.2   95.0      2.2     78650
2017 10 27 18      0.0    222.2   0.00002778   0.00000000    269.6   96.0      2.0     78670
2017 10 27 19      0.0    248.6   0.00002778   0.00000000    268.9   96.0      1.5     78620
2017 10 27 20      0.0    253.1   0.00005556   0.00000000    269.5   98.0      1.9     78660
2017 10 27 21      0.0    250.9   0.00005556   0.00000000    269.8   96.0      2.0     78650
2017 10 27 22      0.0    252.4   0.00002778   0.00000000    269.4   98.0      1.4     78600
2017 10 27 23      0.0    251.5   0.00000000   0.00000000    269.2   99.0      1.5     78630
2017 10 28  0      0.0    247.8   0.00002778   0.00000000    268.9   94.0      1.3     78660
2017 10 28  1      0.0    216.1   0.00000000   0.00000000    268.5   96.0      0.5     78570
2017 10 28  2      0.0    202.5   0.00000000   0.00000000    267.6   96.0      0.7     78450
2017 10 28  3      0.0    212.2   0.00000000   0.00000000    267.6   99.0      0.6     78410
2017 10 28  4      0.0    208.4   0.00000000   0.00000000    265.8   97.0      0.4     78270
2017 10 28  5      0.0    196.4   0.00000000   0.00000000    265.4   95.0      0.3     78190
2017 10 28  6      0.0    192.1   0.00000000   0.00000000    265.6   95.0      0.4     78220
2017 10 28  7     35.0    193.1   0.00000000   0.00000000    266.1   91.0      0.9     78260
2017 10 28  8    142.0    208.6   0.00000000   0.00000000    268.0   82.0      0.9     78370
2017 10 28  9    269.0    239.6   0.00000000   0.00000000    270.0   71.0      0.7     78430
2017 10 28 10    375.0    249.5   0.00000000   0.00000000    271.8   62.0      1.2     78500
2017 10 28 11    384.0    251.2   0.00000000   0.00000000    271.8   65.0      1.4     78470
2017 10 28 12    448.0    237.7   0.00000000   0.00000000    272.5   71.0      1.6     78390
2017 10 28 13    352.0    261.8   0.00000000   0.00000000    272.4   77.0      1.7     78310
2017 10 28 14    260.0    259.3   0.00000000   0.00000000    272.0   79.0      1.7     78270
2017 10 28 15    160.0    254.1   0.00000000   0.00000000    270.9   83.0      1.5     78210
2017 10 28 16     60.0    229.8   0.00000000   0.00000000    267.6   91.0      1.8     78010
2017 10 28 17      0.0    235.4   0.00000000   0.00000000    267.9   93.0      1.6     78070
2017 10 28 18      0.0    244.6   0.00000000   0.00000000    269.9   94.0      1.2     78220
2017 10 28 19      0.0    243.6   0.00000000   0.00000000    269.6   94.0      1.4     78120
2017 10 28 20      0.0    204.6   0.00000000   0.00000000    269.5   81.0      1.2     78110
2017 10 28 21      0.0    220.1   0.00000000   0.00000000    269.3   68.0      1.0     78000
2017 10 28 22      0.0    228.8   0.00000000   0.00000000    270.0   49.0      1.8     77990
2017 10 28 23      0.0    229.0   0.00000000   0.00000000    268.4   59.0      1.6     77790
2017 10 29  0      0.0    223.8   0.00005556   0.00000000    267.9   55.0      1.7     77600
2017 10 29  1      0.0    198.6   0.00000000   0.00000000    269.4   52.0      1.5     77770
2017 10 29  2      0.0    225.8   0.00000000   0.00000000    268.6   60.0      1.7     77610
2017 10 29  3      0.0    232.4   0.00002778   0.00000000    268.0   72.0      1.8     77540
2017 10 29  4      0.0    233.8   0.00002778   0.00000000    268.5   76.0      1.7     77600
2017 10 29  5      0.0    242.3   0.00005556   0.00000000    269.0   81.0      1.2     77510
2017 10 29  6      0.0    245.0   0.00025000   0.00000000    268.8   90.0      1.2     77400
2017 10 29  7     12.0    252.6   0.00025000   0.00000000    269.6   95.0      1.3     77490
2017 10 29  8     39.0    259.1   0.00025000   0.00000000    270.8   92.0      1.6     77480
2017 10 29  9     57.0    267.4   0.00033333   0.00000000    271.9   95.0      2.2     77550
2017 10 29 10     78.0    271.6   0.00033333   0.00000000    272.4   97.0      2.9     77610
2017 10 29 11     97.0    273.7   0.00027778   0.00000000    272.6   99.0      3.6     77570
2017 10 29 12     83.0    282.1   0.00030556   0.00000000    273.9   98.0      4.3     77550
2017 10 29 13     58.0    276.3   0.00025000   0.00002778    273.1   97.0      4.5     77530
2017 10 29 14     56.0    272.5   0.00036111   0.00000000    272.6   96.0      4.5     77520
2017 10 29 15     38.0    270.2   0.00044444   0.00000000    272.2   97.0      4.5     77520
2017 10 29 16     12.0    267.6   0.00052778   0.00000000    271.8   97.0      4.1     77550
2017 10 29 17      0.0    266.2   0.00052778   0.00000000    271.6   97.0      3.8     77600
2017 10 29 18      0.0    265.3   0.00044444   0.00000000    271.4   98.0      3.3     77640
2017 10 29 19      0.0    263.6   0.00047222   0.00000000    271.2   97.0      3.1     77690
2017 10 29 20      0.0    260.6   0.00038889   0.00000000    270.8   96.0      2.8     77740
2017 10 29 21      0.0    256.1   0.00025000   0.00000000    270.1   96.0      2.6     77800
2017 10 29 22      0.0    252.7   0.00016667   0.00000000    269.5   97.0      3.0     77770
2017 10 29 23      0.0    248.1   0.00011111   0.00000000    269.4   96.0      2.9     77770
2017 10 30  0      0.0    241.2   0.00005556   0.00000000    269.0   93.0      2.6     77790
2017 10 30  1      0.0    243.9   0.00002778   0.00000000    268.6   91.0      2.4     77820
2017 10 30  2      0.0    240.6   0.00005556   0.00000000    268.1   95.0      1.8     77820
2017 10 30  3      0.0    235.4   0.00005556   0.00000000    268.0   96.0      1.4     77840
2017 10 30  4      0.0    237.3   0.00002778   0.00000000    267.8   97.0      1.1     77850
2017 10 30  5      0.0    230.8   0.00002778   0.00000000    267.6   96.0      1.1     77890
2017 10 30  6      0.0    224.7   0.00002778   0.00000000    267.0   97.0      0.6     77850
2017 10 30  7     22.0    224.6   0.00000000   0.00000000    267.3   94.0      0.9     77950
2017 10 30  8     96.0    232.9   0.00000000   0.00000000    267.4   92.0      0.5     78000
2017 10 30  9    249.0    201.9   0.00000000   0.00000000    267.8   86.0      0.4     77990
2017 10 30 10    333.0    201.6   0.00000000   0.00000000    268.3   77.0      0.7     78020
2017 10 30 11    382.0    198.8   0.00000000   0.00000000    268.8   76.0      0.8     78050
2017 10 30 12    367.0    211.8   0.00000000   0.00000000    269.6   82.0      1.4     78120
2017 10 30 13    289.0    211.4   0.00000000   0.00000000    269.1   85.0      0.8     78100
2017 10 30 14    250.0    208.4   0.00000000   0.00000000    268.0   88.0      0.7     78050
2017 10 30 15    152.0    234.0   0.00000000   0.00000000    267.3   90.0      0.8     78050
2017 10 30 16     42.0    224.4   0.00000000   0.00000000    267.5   94.0      0.6     78160
2017 10 30 17      0.0    208.3   0.00000000   0.00000000    265.9   95.0      0.9     78110
2017 10 30 18      0.0    213.6   0.00000000   0.00000000    264.5   95.0      0.8     77990
2017 10 30 19      0.0    219.9   0.00000000   0.00000000    264.2   94.0      0.5     78000
2017 10 30 20      0.0    183.2   0.00000000   0.00000000    264.3   94.0      1.3     78060
2017 10 30 21      0.0    178.8   0.00000000   0.00000000    263.8   93.0      2.1     77970
2017 10 30 22      0.0    175.2   0.00000000   0.00000000    263.1   93.0      2.3     77810
2017 10 30 23      0.0    172.5   0.00000000   0.00000000    262.6   91.0      2.2     77620
2017 10 31  0      0.0    171.6   0.00000000   0.00000000    262.8   86.0      2.2     77610
2017 10 31  1      0.0    171.8   0.00000000   0.00000000    262.0   89.0      1.3     77490
2017 10 31  2      0.0    171.2   0.00000000   0.00000000    261.4   86.0      0.6     77400
2017 10 31  3      0.0    195.0   0.00000000   0.00000000    263.3   70.0      0.4     77510
2017 10 31  4      0.0    197.6   0.00000000   0.00000000    264.8   52.0      0.1     77630
2017 10 31  5      0.0    174.6   0.00000000   0.00000000    265.8   43.0      0.2     77730
2017 10 31  6      0.0    186.6   0.00000000   0.00000000    272.3   28.0      0.2     78250
2017 10 31  7     43.0    178.9   0.00000000   0.00000000    269.3   36.0      0.4     78060
2017 10 31  8    187.0    177.9   0.00000000   0.00000000    266.9   53.0      0.6     77880
2017 10 31  9    333.0    204.2   0.00000000   0.00000000    273.1   47.0      0.5     78370
2017 10 31 10    437.0    208.3   0.00000000   0.00000000    274.3   44.0      0.7     78480
2017 10 31 11    497.0    213.4   0.00000000   0.00000000    274.1   54.0      1.0     78350
2017 10 31 12    501.0    221.7   0.00000000   0.00000000    274.9   60.0      0.6     78450
2017 10 31 13    446.0    214.0   0.00000000   0.00000000    273.6   60.0      1.0     78350
2017 10 31 14    342.0    217.0   0.00000000   0.00000000    274.9   53.0      1.0     78450
2017 10 31 15    201.0    218.6   0.00000000   0.00000000    273.9   66.0      0.9     78410
2017 10 31 16     56.0    214.2   0.00000000   0.00000000    272.9   68.0      0.8     78390
2017 10 31 17      0.0    192.6   0.00000000   0.00000000    267.8   80.0      1.1     78030
2017 10 31 18      0.0    190.8   0.00000000   0.00000000    267.4   79.0      1.0     78020
2017 10 31 19      0.0    189.7   0.00000000   0.00000000    267.4   76.0      0.8     77980
2017 10 31 20      0.0    186.4   0.00000000   0.00000000    267.0   72.0      0.7     77940
2017 10 31 21      0.0    183.8   0.00000000   0.00000000    266.8   69.0      0.7     77920
2017 10 31 22      0.0    181.2   0.00000000   0.00000000    266.3   67.0      0.8     77860
2017 10 31 23      0.0    179.0   0.00000000   0.00000000    265.9   66.0      0.9     77810
2017 11  1  0      0.0    181.2   0.00000000   0.00000000    266.3   67.0      1.1     77900
2017 11  1  1      0.0    179.0   0.00000000   0.00000000    265.4   67.0      0.8     77840
2017 11  1  2      0.0    176.2   0.00000000   0.00000000    265.2   67.0      0.7     77820
2017 11  1  3      0.0    178.0   0.00000000   0.00000000    265.3   67.0      0.8     77820
2017 11  1  4      0.0    213.4   0.00000000   0.00000000    266.1   66.0      0.7     77890
2017 11  1  5      0.0    221.7   0.00000000   0.00000000    267.6   66.0      0.7     77920
2017 11  1  6      0.0    214.3   0.00000000   0.00000000    266.1   68.0      0.5     77780
2017 11  1  7     29.0    197.1   0.00000000   0.00000000    267.5   67.0      0.5     77960
2017 11  1  8    155.0    197.1   0.00000000   0.00000000    268.9   72.0      0.6     78060
2017 11  1  9    298.0    211.8   0.00000000   0.00000000    272.2   70.0      0.7     78300
2017 11  1 10    409.0    228.7   0.00000000   0.00000000    276.3   59.0      0.5     78600
2017 11  1 11    451.0    230.6   0.00000000   0.00000000    275.1   74.0      0.9     78490
2017 11  1 12    445.0    243.3   0.00000000   0.00000000    276.4   76.0      0.5     78550
2017 11  1 13    405.0    232.9   0.00000000   0.00000000    276.8   64.0      0.5     78540
2017 11  1 14    309.0    233.3   0.00000000   0.00000000    276.4   68.0      0.0     78500
2017 11  1 15    185.0    231.8   0.00000000   0.00000000    275.3   78.0      0.6     78430
2017 11  1 16     51.0    209.4   0.00000000   0.00000000    270.3   91.0      1.2     78040
2017 11  1 17      0.0    210.8   0.00000000   0.00000000    270.5   92.0      1.1     78030
2017 11  1 18      0.0    208.4   0.00000000   0.00000000    269.9   92.0      1.3     77980
2017 11  1 19      0.0    203.6   0.00000000   0.00000000    269.0   94.0      1.6     77870
2017 11  1 20      0.0    204.3   0.00000000   0.00000000    268.4   94.0      1.6     77800
2017 11  1 21      0.0    239.7   0.00000000   0.00000000    268.2   93.0      1.5     77780
2017 11  1 22      0.0    234.0   0.00000000   0.00000000    267.6   94.0      1.5     77670
2017 11  1 23      0.0    230.9   0.00000000   0.00000000    267.0   93.0      1.8     77580
2017 11  2  0      0.0    234.0   0.00000000   0.00000000    267.2   94.0      1.8     77580
2017 11  2  1      0.0    237.5   0.00000000   0.00000000    267.5   94.0      1.6     77570
2017 11  2  2      0.0    237.4   0.00000000   0.00000000    267.4   93.0      1.4     77540
2017 11  2  3      0.0    239.1   0.00000000   0.00000000    267.8   91.0      1.0     77560
2017 11  2  4      0.0    238.0   0.00000000   0.00000000    267.5   93.0      0.9     77510
2017 11  2  5      0.0    233.3   0.00000000   0.00000000    266.8   94.0      0.9     77400
2017 11  2  6      0.0    238.8   0.00000000   0.00000000    267.5   93.0      0.9     77440
2017 11  2  7     24.0    241.8   0.00000000   0.00000000    268.6   90.0      0.9     77550
2017 11  2  8    129.0    251.3   0.00000000   0.00000000    271.5   82.0      0.8     77770
2017 11  2  9    263.0    274.6   0.00000000   0.00000000    275.2   70.0      0.9     78030
2017 11  2 10    353.0    275.3   0.00000000   0.00000000    275.0   72.0      1.1     78020
2017 11  2 11    387.0    279.1   0.00000000   0.00000000    275.5   71.0      1.1     78020
2017 11  2 12    371.0    284.5   0.00000000   0.00000000    276.8   68.0      1.1     78090
2017 11  2 13    375.0    279.6   0.00000000   0.00000000    275.4   75.0      0.9     77970
2017 11  2 14    239.0    275.4   0.00000000   0.00000000    274.1   82.0      1.1     77910
2017 11  2 15    116.0    280.5   0.00000000   0.00000000    274.8   82.0      0.9     77980
2017 11  2 16     28.0    267.1   0.00000000   0.00000000    272.1   91.0      0.4     77770
2017 11  2 17      0.0    264.9   0.00000000   0.00000000    271.8   92.0      0.5     77750
2017 11  2 18      0.0    270.0   0.00000000   0.00000000    273.1   89.0      0.8     77930
2017 11  2 19      0.0    267.4   0.00000000   0.00000000    273.0   89.0      0.1     77980
2017 11  2 20      0.0    254.5   0.00000000   0.00000000    271.3   93.0      0.7     77850
2017 11  2 21      0.0    234.2   0.00000000   0.00000000    271.9   90.0      0.1     77940
2017 11  2 22      0.0    263.7   0.00000000   0.00000000    272.1   92.0      0.4     77990
2017 11  2 23      0.0    254.2   0.00000000   0.00000000    271.8   95.0      0.2     77950
2017 11  3  0      0.0    253.1   0.00000000   0.00000000    272.2   94.0      0.1     77950
2017 11  3  1      0.0    256.4   0.00000000   0.00000000    272.4   95.0      0.6     77940
2017 11  3  2      0.0    249.6   0.00000000   0.00000000    272.2   99.0      0.8     77910
2017 11  3  3      0.0    246.8   0.00000000   0.00000000    271.8   98.0      0.3     77850
2017 11  3  4      0.0    255.2   0.00002778   0.00000000    272.1   97.0      0.3     77880
2017 11  3  5      0.0    264.5   0.00002778   0.00000000    272.2   97.0      0.3     77870
2017 11  3  6      0.0    264.0   0.00002778   0.00000000    272.4   97.0      0.5     77880
2017 11  3  7     11.0    267.2   0.00000000   0.00000000    272.6   97.0      0.6     77910
2017 11  3  8     60.0    265.6   0.00000000   0.00000000    273.1   94.0      0.6     77960
2017 11  3  9    178.0    256.0   0.00000000   0.00000000    274.1   87.0      0.6     77980
2017 11  3 10    316.0    234.0   0.00000000   0.00000000    275.0   79.0      0.6     77970
2017 11  3 11    432.0    230.5   0.00000000   0.00000000    275.3   75.0      0.8     77900
2017 11  3 12    469.0    234.7   0.00000000   0.00000000    277.4   60.0      0.8     78010
2017 11  3 13    426.0    230.1   0.00000000   0.00000000    275.5   72.0      1.2     77840
2017 11  3 14    329.0    232.4   0.00000000   0.00000000    277.3   57.0      0.8     77970
2017 11  3 15    191.0    218.1   0.00000000   0.00000000    272.8   80.0      1.4     77610
2017 11  3 16     48.0    211.2   0.00000000   0.00000000    271.6   77.0      1.3     77510
2017 11  3 17      0.0    209.4   0.00000000   0.00000000    271.5   74.0      1.6     77510
2017 11  3 18      0.0    207.0   0.00000000   0.00000000    270.5   81.0      1.8     77430
2017 11  3 19      0.0    203.9   0.00000000   0.00000000    269.3   90.0      2.2     77330
2017 11  3 20      0.0    201.3   0.00000000   0.00000000    268.6   93.0      2.3     77320
2017 11  3 21      0.0    199.3   0.00000000   0.00000000    268.4   90.0      2.3     77320
2017 11  3 22      0.0    196.6   0.00000000   0.00000000    267.9   89.0      2.4     77290
2017 11  3 23      0.0    195.0   0.00000000   0.00000000    267.4   89.0      2.4     77260
2017 11  4  0      0.0    195.1   0.00000000   0.00000000    267.5   90.0      2.6     77290
2017 11  4  1      0.0    212.2   0.00000000   0.00000000    266.6   92.0      2.4     77200
2017 11  4  2      0.0    230.6   0.00000000   0.00000000    266.4   93.0      2.5     77170
2017 11  4  3      0.0    229.9   0.00000000   0.00000000    267.5   91.0      2.5     77240
2017 11  4  4      0.0    230.1   0.00000000   0.00000000    267.4   93.0      2.5     77200
2017 11  4  5      0.0    228.2   0.00000000   0.00000000    267.0   92.0      2.5     77150
2017 11  4  6      0.0    230.7   0.00000000   0.00000000    266.9   92.0      2.5     77120
2017 11  4  7     22.0    235.0   0.00000000   0.00000000    267.6   90.0      2.5     77210
2017 11  4  8    101.0    243.1   0.00000000   0.00000000    269.2   84.0      2.3     77360
2017 11  4  9    214.0    223.0   0.00000000   0.00000000    272.5   75.0      2.0     77600
2017 11  4 10    362.0    245.4   0.00000000   0.00000000    274.9   66.0      1.6     77850
2017 11  4 11    433.0    257.7   0.00000000   0.00000000    275.5   62.0      1.3     77820
2017 11  4 12    409.0    277.6   0.00000000   0.00000000    277.2   54.0      1.8     77910
2017 11  4 13    300.0    275.8   0.00000000   0.00000000    276.0   63.0      1.3     77800
2017 11  4 14    198.0    250.8   0.00000000   0.00000000    275.5   72.0      1.3     77760
2017 11  4 15    134.0    267.4   0.00000000   0.00000000    274.9   76.0      1.3     77760
2017 11  4 16     28.0    259.0   0.00000000   0.00000000    273.5   79.0      1.4     77670
2017 11  4 17      0.0    249.6   0.00000000   0.00000000    272.8   82.0      1.9     77630
2017 11  4 18      0.0    244.9   0.00000000   0.00000000    272.0   86.0      2.1     77570
2017 11  4 19      0.0    247.5   0.00000000   0.00000000    271.8   88.0      2.3     77540
2017 11  4 20      0.0    239.3   0.00000000   0.00000000    271.5   90.0      2.3     77520
2017 11  4 21      0.0    260.9   0.00000000   0.00000000    271.8   92.0      2.6     77490
2017 11  4 22      0.0    254.3   0.00000000   0.00000000    271.8   93.0      2.8     77430
2017 11  4 23      0.0    224.0   0.00000000   0.00000000    272.2   93.0      2.9     77400
2017 11  5  0      0.0    232.5   0.00000000   0.00000000    271.0   95.0      3.3     77320
2017 11  5  1      0.0    258.5   0.00000000   0.00000000    270.9   96.0      3.3     77240
2017 11  5  2      0.0    261.7   0.00000000   0.00000000    271.6   95.0      3.4     77200
2017 11  5  3      0.0    262.6   0.00002778   0.00000000    271.5   92.0      3.0     77160
2017 11  5  4      0.0    267.1   0.00002778   0.00000000    272.1   91.0      3.0     77180
2017 11  5  5      0.0    266.4   0.00000000   0.00000000    272.0   91.0      3.0     77100
2017 11  5  6      0.0    265.1   0.00000000   0.00000000    271.8   91.0      2.8     77040
2017 11  5  7     16.0    268.7   0.00002778   0.00000000    272.4   90.0      2.6     77060
2017 11  5  8     81.0    274.2   0.00008333   0.00000000    273.3   89.0      1.6     77110
2017 11  5  9    156.0    277.4   0.00011111   0.00002778    273.8   90.0      1.0     77110
2017 11  5 10    140.0    278.5   0.00030556   0.00002778    273.8   91.0      0.7     77130
2017 11  5 11    122.0    279.4   0.00044444   0.00002778    274.0   90.0      0.4     77140
2017 11  5 12     85.0    279.7   0.00050000   0.00000000    273.6   97.0      1.0     77150
2017 11  5 13     44.0    273.8   0.00075000   0.00000000    272.8   96.0      2.4     77160
2017 11  5 14     18.0    267.3   0.00133333   0.00000000    271.8   98.0      3.1     77230
2017 11  5 15     12.0    260.9   0.00122222   0.00000000    270.6  100.0      2.7     77300
2017 11  5 16      6.0    253.0   0.00069444   0.00000000    269.6   96.0      2.7     77320
2017 11  5 17      0.0    250.2   0.00047222   0.00000000    269.1   97.0      1.9     77300
2017 11  5 18      0.0    249.2   0.00044444   0.00000000    269.0   96.0      2.3     77280
2017 11  5 19      0.0    246.2   0.00047222   0.00000000    268.4   98.0      2.3     77270
2017 11  5 20      0.0    244.0   0.00058333   0.00000000    268.1   97.0      2.5     77250
2017 11  5 21      0.0    244.7   0.00069444   0.00000000    268.1   99.0      2.6     77240
2017 11  5 22      0.0    243.7   0.00080556   0.00000000    268.0   98.0      2.8     77230
2017 11  5 23      0.0    237.8   0.00063889   0.00000000    267.2   95.0      2.9     77220
2017 11  6  0      0.0    233.1   0.00047222   0.00000000    266.3   97.0      2.8     77260
2017 11  6  1      0.0    232.1   0.00030556   0.00000000    266.2   96.0      2.6     77250
2017 11  6  2      0.0    232.7   0.00027778   0.00000000    266.3   96.0      2.4     77250
2017 11  6  3      0.0    232.1   0.00027778   0.00000000    266.2   96.0      2.1     77240
2017 11  6  4      0.0    230.5   0.00027778   0.00000000    266.1   93.0      2.4     77280
2017 11  6  5      0.0    229.0   0.00030556   0.00000000    265.9   92.0      2.0     77260
2017 11  6  6      0.0    229.7   0.00033333   0.00000000    265.9   94.0      1.5     77280
2017 11  6  7      8.0    230.0   0.00030556   0.00000000    265.9   95.0      1.5     77370
2017 11  6  8     51.0    229.4   0.00022222   0.00000000    266.0   94.0      1.7     77400
2017 11  6  9    127.0    230.6   0.00011111   0.00000000    266.5   87.0      1.6     77450
2017 11  6 10    203.0    233.0   0.00002778   0.00000000    267.3   81.0      1.7     77480
2017 11  6 11    225.0    235.1   0.00002778   0.00000000    267.8   79.0      1.9     77470
2017 11  6 12    238.0    232.2   0.00002778   0.00000000    267.6   75.0      2.3     77540
2017 11  6 13    185.0    232.9   0.00002778   0.00000000    267.5   78.0      2.0     77510
2017 11  6 14    153.0    230.7   0.00002778   0.00000000    267.4   80.0      2.0     77500
2017 11  6 15     82.0    231.0   0.00000000   0.00000000    266.9   86.0      1.8     77520
2017 11  6 16     18.0    227.7   0.00002778   0.00000000    266.2   95.0      0.9     77530
2017 11  6 17      0.0    228.8   0.00002778   0.00000000    265.8   95.0      0.9     77530
2017 11  6 18      0.0    228.7   0.00002778   0.00000000    265.5   98.0      1.0     77530
2017 11  6 19      0.0    230.9   0.00000000   0.00000000    266.0   96.0      0.5     77580
2017 11  6 20      0.0    228.5   0.00000000   0.00000000    265.8   94.0      0.6     77560
2017 11  6 21      0.0    228.1   0.00000000   0.00000000    265.8   93.0      0.6     77550
2017 11  6 22      0.0    227.4   0.00000000   0.00000000    265.8   91.0      0.6     77540
2017 11  6 23      0.0    227.3   0.00000000   0.00000000    265.8   89.0      0.7     77500
2017 11  7  0      0.0    229.3   0.00000000   0.00000000    265.9   93.0      0.6     77520
2017 11  7  1      0.0    207.3   0.00000000   0.00000000    265.9   92.0      0.4     77500
2017 11  7  2      0.0    226.3   0.00000000   0.00000000    265.5   91.0      0.6     77460
2017 11  7  3      0.0    195.6   0.00000000   0.00000000    265.4   91.0      1.2     77370
2017 11  7  4      0.0    188.8   0.00000000   0.00000000    264.9   89.0      1.0     77260
2017 11  7  5      0.0    184.1   0.00000000   0.00000000    264.4   90.0      1.6     77180
2017 11  7  6      0.0    180.5   0.00000000   0.00000000    264.0   91.0      2.1     77050
2017 11  7  7     16.0    180.6   0.00000000   0.00000000    264.1   92.0      2.1     76990
2017 11  7  8     91.0    206.9   0.00000000   0.00000000    266.4   83.0      1.8     77110
2017 11  7  9    156.0    204.1   0.00000000   0.00000000    268.9   78.0      1.5     77210
2017 11  7 10    292.0    216.0   0.00000000   0.00000000    270.9   76.0      1.1     77300
2017 11  7 11    430.0    220.7   0.00000000   0.00000000    271.8   76.0      1.4     77260
2017 11  7 12    445.0    234.4   0.00000000   0.00000000    273.8   72.0      0.6     77390
2017 11  7 13    264.0    230.4   0.00000000   0.00000000    273.6   72.0      0.3     77390
2017 11  7 14    185.0    257.0   0.00000000   0.00000000    272.8   78.0      0.4     77380
2017 11  7 15     98.0    254.9   0.00000000   0.00000000    271.8   86.0      0.5     77350
2017 11  7 16     18.0    259.1   0.00000000   0.00000000    271.0   89.0      0.7     77320
2017 11  7 17      0.0    250.4   0.00008333   0.00000000    269.4   95.0      0.9     77260
2017 11  7 18      0.0    232.8   0.00005556   0.00000000    269.5   97.0      0.6     77330
2017 11  7 19      0.0    200.8   0.00000000   0.00000000    266.8   98.0      1.1     77150
2017 11  7 20      0.0    239.3   0.00000000   0.00000000    267.4   96.0      1.1     77160
2017 11  7 21      0.0    236.5   0.00000000   0.00000000    267.5   96.0      1.7     77120
2017 11  7 22      0.0    239.3   0.00000000   0.00000000    267.8   94.0      1.8     77120
2017 11  7 23      0.0    242.1   0.00002778   0.00000000    268.1   92.0      1.6     77120
2017 11  8  0      0.0    247.6   0.00008333   0.00000000    268.8   95.0      0.6     77340
2017 11  8  1      0.0    248.4   0.00030556   0.00000000    269.0   94.0      0.9     77290
2017 11  8  2      0.0    249.1   0.00022222   0.00000000    269.1   94.0      0.5     77320
2017 11  8  3      0.0    248.4   0.00016667   0.00000000    269.0   94.0      0.6     77310
2017 11  8  4      0.0    248.9   0.00005556   0.00000000    269.2   92.0      1.2     77290
2017 11  8  5      0.0    247.0   0.00002778   0.00000000    269.1   91.0      1.1     77270
2017 11  8  6      0.0    246.3   0.00002778   0.00000000    268.9   90.0      0.9     77280
2017 11  8  7     11.0    244.8   0.00002778   0.00000000    268.8   90.0      1.0     77320
2017 11  8  8     81.0    227.9   0.00000000   0.00000000    268.8   89.0      1.1     77340
2017 11  8  9    201.0    210.4   0.00000000   0.00000000    269.5   83.0      1.1     77410
2017 11  8 10    285.0    206.9   0.00000000   0.00000000    270.8   77.0      0.9     77470
2017 11  8 11    373.0    228.5   0.00000000   0.00000000    271.4   69.0      0.9     77460
2017 11  8 12    404.0    254.6   0.00000000   0.00000000    272.6   66.0      1.2     77560
2017 11  8 13    292.0    256.3   0.00000000   0.00000000    272.2   67.0      0.7     77520
2017 11  8 14    188.0    254.6   0.00002778   0.00000000    272.1   65.0      0.4     77580
2017 11  8 15     84.0    250.8   0.00002778   0.00000000    269.9   88.0      1.0     77520
2017 11  8 16     19.0    248.3   0.00002778   0.00000000    269.0   96.0      0.9     77520
2017 11  8 17      0.0    246.0   0.00002778   0.00000000    268.8   98.0      0.7     77550
2017 11  8 18      0.0    246.4   0.00002778   0.00000000    269.2   97.0      0.4     77610
2017 11  8 19      0.0    241.9   0.00000000   0.00000000    268.6   97.0      0.6     77590
2017 11  8 20      0.0    241.4   0.00000000   0.00000000    268.3   96.0      0.7     77580
2017 11  8 21      0.0    240.9   0.00002778   0.00000000    267.8   96.0      0.8     77570
2017 11  8 22      0.0    239.0   0.00002778   0.00000000    267.4   95.0      0.8     77570
2017 11  8 23      0.0    238.4   0.00005556   0.00000000    267.5   94.0      0.6     77590
2017 11  9  0      0.0    219.3   0.00002778   0.00000000    265.5   91.0      1.0     77480
2017 11  9  1      0.0    203.9   0.00000000   0.00000000    265.8   93.0      1.3     77500
2017 11  9  2      0.0    183.8   0.00000000   0.00000000    265.0   91.0      1.4     77440
2017 11  9  3      0.0    185.8   0.00000000   0.00000000    264.6   91.0      1.8     77390
2017 11  9  4      0.0    205.5   0.00000000   0.00000000    264.0   91.0      2.2     77300
2017 11  9  5      0.0    210.9   0.00000000   0.00000000    263.6   91.0      2.4     77270
2017 11  9  6      0.0    197.5   0.00000000   0.00000000    263.9   92.0      2.2     77300
2017 11  9  7     14.0    220.9   0.00000000   0.00000000    264.5   92.0      2.2     77440
2017 11  9  8     81.0    223.8   0.00000000   0.00000000    265.9   91.0      2.0     77610
2017 11  9  9    179.0    232.4   0.00000000   0.00000000    267.9   83.0      0.9     77810
2017 11  9 10    255.0    239.2   0.00000000   0.00000000    268.8   80.0      0.8     77870
2017 11  9 11    281.0    247.6   0.00000000   0.00000000    271.0   68.0      0.6     78010
2017 11  9 12    297.0    229.8   0.00000000   0.00000000    271.4   69.0      0.4     78030
2017 11  9 13    295.0    251.0   0.00000000   0.00000000    271.9   64.0      0.4     78010
2017 11  9 14    201.0    243.0   0.00000000   0.00000000    270.1   77.0      1.1     77900
2017 11  9 15    142.0    223.6   0.00000000   0.00000000    270.5   83.0      1.2     78020
2017 11  9 16     29.0    205.7   0.00000000   0.00000000    269.5   90.0      0.6     78040
2017 11  9 17      0.0    201.8   0.00000000   0.00000000    268.8   93.0      0.6     78020
2017 11  9 18      0.0    183.7   0.00000000   0.00000000    265.0   93.0      0.9     77740
2017 11  9 19      0.0    185.3   0.00000000   0.00000000    265.4   92.0      0.7     77790
2017 11  9 20      0.0    184.3   0.00000000   0.00000000    265.1   91.0      0.5     77790
2017 11  9 21      0.0    185.2   0.00000000   0.00000000    264.8   88.0      0.4     77830
2017 11  9 22      0.0    186.2   0.00000000   0.00000000    264.5   88.0      0.6     77830
2017 11  9 23      0.0    180.0   0.00000000   0.00000000    263.4   93.0      1.6     77660
2017 11 10  0      0.0    175.1   0.00000000   0.00000000    263.0   93.0      2.2     77560
2017 11 10  1      0.0    171.5   0.00000000   0.00000000    262.4   92.0      1.5     77560
2017 11 10  2      0.0    167.0   0.00000000   0.00000000    261.5   90.0      1.5     77480
2017 11 10  3      0.0    161.4   0.00000000   0.00000000    260.2   90.0      1.1     77300
2017 11 10  4      0.0    160.6   0.00000000   0.00000000    260.0   90.0      1.4     77240
2017 11 10  5      0.0    160.0   0.00000000   0.00000000    260.0   88.0      1.2     77130
2017 11 10  6      0.0    159.7   0.00000000   0.00000000    260.0   87.0      0.8     77160
2017 11 10  7     18.0    166.0   0.00000000   0.00000000    261.6   85.0      0.7     77370
2017 11 10  8    126.0    211.5   0.00000000   0.00000000    263.8   81.0      0.8     77550
2017 11 10  9    236.0    230.8   0.00000000   0.00000000    267.9   70.0      1.2     77810
2017 11 10 10    327.0    236.9   0.00000000   0.00000000    268.8   71.0      1.3     77880
2017 11 10 11    304.0    240.7   0.00000000   0.00000000    269.4   72.0      1.1     77910
2017 11 10 12    280.0    250.0   0.00000000   0.00000000    270.8   73.0      0.8     78020
2017 11 10 13    217.0    245.7   0.00000000   0.00000000    269.8   77.0      0.9     77860
2017 11 10 14    139.0    244.9   0.00002778   0.00000000    269.2   82.0      1.0     77800
2017 11 10 15     58.0    241.2   0.00005556   0.00000000    268.2   88.0      1.3     77760
2017 11 10 16     15.0    239.5   0.00005556   0.00000000    267.8   90.0      0.9     77730
2017 11 10 17      0.0    225.6   0.00002778   0.00000000    267.4   91.0      0.7     77700
2017 11 10 18      0.0    237.8   0.00005556   0.00000000    267.8   90.0      0.8     77760
2017 11 10 19      0.0    239.1   0.00005556   0.00000000    267.8   91.0      1.1     77740
2017 11 10 20      0.0    241.5   0.00008333   0.00000000    268.0   92.0      1.0     77760
2017 11 10 21      0.0    240.8   0.00011111   0.00000000    268.1   93.0      1.1     77750
2017 11 10 22      0.0    241.7   0.00008333   0.00000000    268.2   94.0      1.3     77720
2017 11 10 23      0.0    242.3   0.00011111   0.00000000    268.0   94.0      1.1     77650
2017 11 11  0      0.0    242.2   0.00016667   0.00000000    268.2   93.0      0.9     77730
2017 11 11  1      0.0    243.8   0.00008333   0.00000000    268.4   94.0      0.6     77740
2017 11 11  2      0.0    242.1   0.00005556   0.00000000    268.2   95.0      0.9     77710
2017 11 11  3      0.0    243.4   0.00008333   0.00000000    268.3   97.0      0.4     77660
2017 11 11  4      0.0    244.0   0.00011111   0.00000000    268.1   97.0      1.1     77630
2017 11 11  5      0.0    245.2   0.00008333   0.00000000    268.3   97.0      0.6     77600
2017 11 11  6      0.0    246.8   0.00008333   0.00000000    268.5   98.0      1.2     77640
2017 11 11  7      5.0    239.2   0.00005556   0.00000000    268.5   96.0      0.9     77650
2017 11 11  8     56.0    234.1   0.00002778   0.00000000    269.0   93.0      1.0     77750
2017 11 11  9    139.0    243.5   0.00002778   0.00000000    269.5   89.0      0.7     77770
2017 11 11 10    239.0    245.5   0.00000000   0.00000000    270.1   75.0      1.2     77710
2017 11 11 11    319.0    252.2   0.00002778   0.00000000    270.9   75.0      1.3     77660
2017 11 11 12    213.0    254.6   0.00005556   0.00000000    271.8   72.0      1.9     77600
2017 11 11 13    279.0    255.9   0.00000000   0.00000000    271.8   74.0      1.2     77530
2017 11 11 14    106.0    258.4   0.00002778   0.00000000    271.5   80.0      1.1     77500
2017 11 11 15     62.0    257.8   0.00005556   0.00000000    271.0   86.0      1.2     77420
2017 11 11 16     10.0    255.7   0.00008333   0.00000000    270.4   90.0      1.4     77350
2017 11 11 17      0.0    253.9   0.00008333   0.00002778    270.0   92.0      1.5     77290
2017 11 11 18      0.0    253.7   0.00013889   0.00000000    269.9   93.0      1.4     77320
2017 11 11 19      0.0    253.2   0.00016667   0.00000000    269.8   95.0      1.4     77300
2017 11 11 20      0.0    253.2   0.00013889   0.00000000    269.8   95.0      1.3     77300
2017 11 11 21      0.0    253.6   0.00016667   0.00000000    269.8   96.0      1.3     77290
2017 11 11 22      0.0    254.5   0.00019444   0.00000000    269.9   95.0      1.3     77290
2017 11 11 23      0.0    257.0   0.00022222   0.00000000    270.3   95.0      1.3     77280
2017 11 12  0      0.0    253.7   0.00022222   0.00000000    269.9   93.0      1.2     77180
2017 11 12  1      0.0    257.5   0.00005556   0.00000000    270.8   92.0      1.0     77190
2017 11 12  2      0.0    259.6   0.00011111   0.00000000    270.9   94.0      1.1     77170
2017 11 12  3      0.0    261.5   0.00013889   0.00000000    271.0   95.0      1.1     77140
2017 11 12  4      0.0    261.5   0.00019444   0.00000000    271.0   95.0      0.9     77110
2017 11 12  5      0.0    260.6   0.00011111   0.00000000    271.0   95.0      0.8     77070
2017 11 12  6      0.0    261.0   0.00011111   0.00000000    270.8   97.0      0.9     77010
2017 11 12  7      2.0    261.9   0.00019444   0.00000000    271.0   96.0      0.9     77010
2017 11 12  8     31.0    266.0   0.00013889   0.00000000    271.8   93.0      0.9     76980
2017 11 12  9     57.0    267.1   0.00011111   0.00002778    272.6   90.0      0.8     76960
2017 11 12 10    113.0    259.7   0.00005556   0.00000000    273.3   87.0      0.9     76930
2017 11 12 11    191.0    253.5   0.00000000   0.00000000    274.0   81.0      1.2     76810
2017 11 12 12    218.0    267.0   0.00000000   0.00000000    274.3   74.0      2.5     76760
2017 11 12 13    238.0    270.8   0.00008333   0.00000000    274.1   71.0      2.0     76600
2017 11 12 14     79.0    263.9   0.00022222   0.00000000    272.8   82.0      2.1     76530
2017 11 12 15     69.0    234.5   0.00002778   0.00000000    272.4   82.0      2.6     76320
2017 11 12 16     22.0    255.5   0.00000000   0.00000000    270.8   85.0      2.1     76170
2017 11 12 17      0.0    256.8   0.00027778   0.00000000    270.8   88.0      1.1     76170
2017 11 12 18      0.0    242.0   0.00122222   0.00000000    268.2   90.0      4.9     76380
2017 11 12 19      0.0    233.6   0.00113889   0.00002778    266.5   95.0      1.6     76600
2017 11 12 20      0.0    229.4   0.00027778   0.00000000    266.1   90.0      1.9     76510
2017 11 12 21      0.0    228.8   0.00019444   0.00000000    265.8   95.0      3.2     76460
2017 11 12 22      0.0    221.9   0.00025000   0.00000000    264.8   90.0      3.4     76500
2017 11 12 23      0.0    216.1   0.00019444   0.00000000    264.1   96.0      3.2     76480
2017 11 13  0      0.0    215.8   0.00008333   0.00000000    264.1   95.0      3.9     76460
2017 11 13  1      0.0    217.4   0.00019444   0.00000000    263.8   95.0      3.8     76440
2017 11 13  2      0.0    215.4   0.00019444   0.00000000    263.3   96.0      3.6     76410
2017 11 13  3      0.0    214.3   0.00022222   0.00000000    263.1   96.0      3.6     76460
2017 11 13  4      0.0    212.9   0.00022222   0.00000000    262.9   95.0      4.0     76480
2017 11 13  5      0.0    210.7   0.00027778   0.00000000    262.5   95.0      3.6     76540
2017 11 13  6      0.0    207.6   0.00030556   0.00000000    262.3   89.0      4.2     76560
2017 11 13  7      4.0    209.4   0.00025000   0.00000000    262.5   91.0      3.6     76640
2017 11 13  8     31.0    210.2   0.00022222   0.00000000    262.9   87.0      3.4     76710
2017 11 13  9     61.0    211.6   0.00019444   0.00000000    262.9   91.0      3.8     76770
2017 11 13 10    101.0    211.7   0.00016667   0.00000000    262.8   93.0      3.7     76780
2017 11 13 11    137.0    212.6   0.00013889   0.00000000    263.4   86.0      3.9     76820
2017 11 13 12    144.0    215.6   0.00016667   0.00000000    264.6   95.0      3.9     76930
2017 11 13 13    224.0    220.3   0.00011111   0.00000000    264.4   92.0      3.9     77000
2017 11 13 14    161.0    203.7   0.00011111   0.00000000    263.9   91.0      3.5     77040
2017 11 13 15    111.0    212.7   0.00005556   0.00000000    263.3   90.0      3.0     77090
2017 11 13 16      9.0    215.8   0.00011111   0.00000000    263.6   92.0      3.0     77200
2017 11 13 17      0.0    217.3   0.00011111   0.00000000    263.8   93.0      2.6     77220
2017 11 13 18      0.0    214.7   0.00011111   0.00000000    263.4   92.0      2.6     77250
2017 11 13 19      0.0    217.3   0.00008333   0.00000000    263.8   93.0      2.9     77350
2017 11 13 20      0.0    188.6   0.00005556   0.00000000    263.1   91.0      2.5     77410
2017 11 13 21      0.0    197.0   0.00002778   0.00000000    262.5   91.0      1.2     77440
2017 11 13 22      0.0    196.9   0.00002778   0.00000000    261.8   92.0      0.9     77400
2017 11 13 23      0.0    207.9   0.00002778   0.00000000    262.5   91.0      1.0     77440
2017 11 14  0      0.0    212.8   0.00002778   0.00000000    263.0   93.0      1.8     77470
2017 11 14  1      0.0    209.0   0.00000000   0.00000000    262.2   95.0      1.3     77480
2017 11 14  2      0.0    186.0   0.00000000   0.00000000    262.0   94.0      1.0     77510
2017 11 14  3      0.0    205.9   0.00002778   0.00000000    261.8   92.0      0.9     77550
2017 11 14  4      0.0    197.4   0.00002778   0.00000000    260.9   96.0      1.1     77530
2017 11 14  5      0.0    200.4   0.00002778   0.00000000    261.8   99.0      0.4     77630
2017 11 14  6      0.0    189.9   0.00000000   0.00000000    261.5   96.0      0.5     77650
2017 11 14  7      8.0    179.9   0.00000000   0.00000000    260.5   91.0      0.9     77600
2017 11 14  8     75.0    170.3   0.00000000   0.00000000    261.5   84.0      0.9     77690
2017 11 14  9    153.0    167.7   0.00000000   0.00000000    262.9   70.0      1.0     77750
2017 11 14 10    267.0    168.6   0.00000000   0.00000000    265.8   44.0      0.7     77920
2017 11 14 11    316.0    171.8   0.00000000   0.00000000    267.1   40.0      0.7     77910
2017 11 14 12    346.0    178.0   0.00000000   0.00000000    266.8   55.0      0.2     77950
2017 11 14 13    262.0    189.3   0.00000000   0.00000000    267.5   52.0      0.3     77950
2017 11 14 14    168.0    209.3   0.00000000   0.00000000    267.5   54.0      0.2     77940
2017 11 14 15     92.0    182.0   0.00000000   0.00000000    266.9   62.0      0.4     77940
2017 11 14 16     16.0    186.3   0.00000000   0.00000000    266.0   69.0      0.2     77940
2017 11 14 17      0.0    198.5   0.00000000   0.00000000    265.5   73.0      0.4     77900
2017 11 14 18      0.0    199.1   0.00000000   0.00000000    262.8   81.0      0.7     77690
2017 11 14 19      0.0    175.0   0.00000000   0.00000000    262.8   81.0      0.7     77670
2017 11 14 20      0.0    167.8   0.00000000   0.00000000    262.4   79.0      0.4     77640
2017 11 14 21      0.0    168.3   0.00000000   0.00000000    262.8   75.0      0.5     77660
2017 11 14 22      0.0    171.1   0.00000000   0.00000000    262.8   72.0      0.8     77620
2017 11 14 23      0.0    168.6   0.00000000   0.00000000    262.3   70.0      0.4     77530
2017 11 15  0      0.0    168.5   0.00000000   0.00000000    261.8   67.0      0.6     77510
2017 11 15  1      0.0    160.0   0.00000000   0.00000000    261.9   57.0      0.4     77520
2017 11 15  2      0.0    160.7   0.00000000   0.00000000    262.3   52.0      0.6     77530
2017 11 15  3      0.0    162.8   0.00000000   0.00000000    262.2   49.0      0.7     77450
2017 11 15  4      0.0    164.7   0.00000000   0.00000000    262.1   49.0      0.9     77370
2017 11 15  5      0.0    164.7   0.00000000   0.00000000    261.9   50.0      0.9     77300
2017 11 15  6      0.0    163.5   0.00000000   0.00000000    261.8   50.0      1.0     77250
2017 11 15  7     12.0    155.2   0.00000000   0.00000000    262.0   49.0      0.9     77270
2017 11 15  8    120.0    162.7   0.00000000   0.00000000    263.2   55.0      0.9     77370
2017 11 15  9    256.0    172.0   0.00000000   0.00000000    264.2   66.0      1.2     77400
2017 11 15 10    366.0    198.1   0.00000000   0.00000000    271.8   47.0      1.4     77960
2017 11 15 11    426.0    201.4   0.00000000   0.00000000    273.2   42.0      1.1     78030
2017 11 15 12    432.0    205.1   0.00000000   0.00000000    271.4   65.0      1.6     77930
2017 11 15 13    386.0    200.2   0.00000000   0.00000000    271.6   53.0      1.4     77890
2017 11 15 14    284.0    182.2   0.00000000   0.00000000    266.2   71.0      2.1     77470
2017 11 15 15    147.0    179.2   0.00000000   0.00000000    266.2   63.0      1.4     77450
2017 11 15 16     23.0    172.1   0.00000000   0.00000000    264.9   60.0      1.3     77310
2017 11 15 17      0.0    168.4   0.00000000   0.00000000    263.3   69.0      1.3     77180
2017 11 15 18      0.0    165.3   0.00000000   0.00000000    261.9   78.0      1.4     77100
2017 11 15 19      0.0    164.0   0.00000000   0.00000000    261.6   78.0      1.3     77040
2017 11 15 20      0.0    165.2   0.00000000   0.00000000    262.4   71.0      1.2     77110
2017 11 15 21      0.0    166.2   0.00000000   0.00000000    263.2   64.0      1.4     77160
2017 11 15 22      0.0    167.2   0.00000000   0.00000000    263.6   62.0      1.7     77180
2017 11 15 23      0.0    167.2   0.00000000   0.00000000    263.6   62.0      1.9     77180
2017 11 16  0      0.0    166.4   0.00000000   0.00000000    262.6   72.0      2.5     77140
2017 11 16  1      0.0    170.0   0.00000000   0.00000000    262.8   72.0      2.2     77110
2017 11 16  2      0.0    166.0   0.00000000   0.00000000    262.2   76.0      2.3     77040
2017 11 16  3      0.0    165.2   0.00000000   0.00000000    261.8   79.0      2.3     76990
2017 11 16  4      0.0    165.4   0.00000000   0.00000000    261.8   80.0      2.0     76970
2017 11 16  5      0.0    166.3   0.00000000   0.00000000    262.0   80.0      1.9     76960
2017 11 16  6      0.0    167.6   0.00000000   0.00000000    262.3   80.0      1.8     76980
2017 11 16  7     11.0    170.0   0.00000000   0.00000000    262.9   79.0      1.8     77050
2017 11 16  8    117.0    178.7   0.00000000   0.00000000    265.2   74.0      1.2     77240
2017 11 16  9    253.0    187.8   0.00000000   0.00000000    267.3   72.0      1.0     77440
2017 11 16 10    358.0    199.0   0.00000000   0.00000000    269.6   72.0      2.0     77640
2017 11 16 11    416.0    219.8   0.00000000   0.00000000    275.1   56.0      1.1     78030
2017 11 16 12    420.0    221.8   0.00000000   0.00000000    274.0   72.0      0.9     78030
2017 11 16 13    370.0    221.9   0.00000000   0.00000000    274.8   63.0      1.2     78060
2017 11 16 14    272.0    220.9   0.00000000   0.00000000    273.9   71.0      1.1     78010
2017 11 16 15    140.0    261.9   0.00000000   0.00000000    273.1   72.0      0.7     78000
2017 11 16 16     20.0    258.7   0.00000000   0.00000000    272.6   72.0      0.6     78000
2017 11 16 17      0.0    223.7   0.00000000   0.00000000    267.6   81.0      0.9     77620
2017 11 16 18      0.0    197.8   0.00000000   0.00000000    265.9   82.0      0.9     77510
2017 11 16 19      0.0    219.4   0.00000000   0.00000000    265.3   80.0      0.6     77470
2017 11 16 20      0.0    216.9   0.00000000   0.00000000    265.3   72.0      0.6     77520
2017 11 16 21      0.0    215.5   0.00000000   0.00000000    266.8   61.0      0.6     77700
2017 11 16 22      0.0    207.6   0.00000000   0.00000000    266.4   58.0      0.8     77680
2017 11 16 23      0.0    197.7   0.00000000   0.00000000    266.8   54.0      0.8     77720
2017 11 17  0      0.0    198.9   0.00000000   0.00000000    269.5   51.0      0.4     77990
2017 11 17  1      0.0    207.0   0.00000000   0.00000000    269.8   52.0      0.3     78070
2017 11 17  2      0.0    181.8   0.00000000   0.00000000    265.3   66.0      0.6     77750
2017 11 17  3      0.0    170.8   0.00000000   0.00000000    263.5   72.0      0.4     77600
2017 11 17  4      0.0    170.7   0.00000000   0.00000000    262.8   76.0      0.4     77550
2017 11 17  5      0.0    174.4   0.00000000   0.00000000    263.8   74.0      0.4     77660
2017 11 17  6      0.0    177.5   0.00000000   0.00000000    262.5   78.0      0.7     77540
2017 11 17  7      9.0    190.1   0.00000000   0.00000000    262.8   81.0      0.4     77580
2017 11 17  8    100.0    206.5   0.00000000   0.00000000    264.4   82.0      0.6     77720
2017 11 17  9    223.0    202.8   0.00000000   0.00000000    265.1   79.0      1.3     77700
2017 11 17 10    316.0    206.1   0.00000000   0.00000000    270.8   63.0      0.7     78180
2017 11 17 11    392.0    194.7   0.00000000   0.00000000    268.0   75.0      1.3     77960
2017 11 17 12    398.0    210.0   0.00000000   0.00000000    270.1   71.0      0.7     78120
2017 11 17 13    286.0    209.9   0.00000000   0.00000000    268.8   73.0      0.9     78020
2017 11 17 14    197.0    230.2   0.00000000   0.00000000    269.4   72.0      0.8     78090
2017 11 17 15     90.0    225.2   0.00000000   0.00000000    268.9   77.0      0.7     78080
2017 11 17 16     14.0    208.2   0.00000000   0.00000000    267.0   84.0      0.5     77950
2017 11 17 17      0.0    205.7   0.00000000   0.00000000    265.4   88.0      0.8     77800
2017 11 17 18      0.0    190.8   0.00000000   0.00000000    265.1   89.0      0.5     77750
2017 11 17 19      0.0    219.7   0.00000000   0.00000000    264.9   89.0      0.6     77770
2017 11 17 20      0.0    219.0   0.00000000   0.00000000    264.8   90.0      0.6     77760
2017 11 17 21      0.0    217.4   0.00000000   0.00000000    264.9   91.0      0.9     77760
2017 11 17 22      0.0    205.2   0.00000000   0.00000000    264.3   91.0      1.0     77670
2017 11 17 23      0.0    178.8   0.00000000   0.00000000    264.0   92.0      0.7     77640
2017 11 18  0      0.0    173.3   0.00000000   0.00000000    262.8   92.0      1.1     77590
2017 11 18  1      0.0    181.5   0.00000000   0.00000000    262.9   91.0      1.2     77550
2017 11 18  2      0.0    186.4   0.00000000   0.00000000    263.4   92.0      1.6     77570
2017 11 18  3      0.0    197.7   0.00000000   0.00000000    263.5   92.0      1.0     77610
2017 11 18  4      0.0    201.2   0.00000000   0.00000000    263.3   91.0      1.2     77590
2017 11 18  5      0.0    198.7   0.00000000   0.00000000    263.8   90.0      0.7     77660
2017 11 18  6      0.0    220.0   0.00000000   0.00000000    264.6   90.0      0.5     77790
2017 11 18  7      4.0    222.7   0.00000000   0.00000000    265.5   90.0      1.1     77840
2017 11 18  8     51.0    221.2   0.00000000   0.00000000    266.3   86.0      0.9     77910
2017 11 18  9    138.0    206.0   0.00000000   0.00000000    266.4   85.0      0.9     77890
2017 11 18 10    238.0    194.1   0.00000000   0.00000000    267.3   77.0      0.9     77900
2017 11 18 11    328.0    190.2   0.00000000   0.00000000    267.9   68.0      0.8     77880
2017 11 18 12    381.0    196.1   0.00000000   0.00000000    269.0   71.0      0.9     77940
2017 11 18 13    313.0    194.6   0.00000000   0.00000000    267.3   76.0      0.9     77820
2017 11 18 14    229.0    190.6   0.00000000   0.00000000    266.2   79.0      1.2     77730
2017 11 18 15    119.0    183.1   0.00000000   0.00000000    265.2   81.0      1.4     77660
2017 11 18 16     18.0    195.8   0.00000000   0.00000000    263.8   83.0      1.0     77560
2017 11 18 17      0.0    190.8   0.00000000   0.00000000    262.8   80.0      0.8     77470
2017 11 18 18      0.0    175.3   0.00000000   0.00000000    262.8   77.0      0.9     77450
2017 11 18 19      0.0    173.5   0.00000000   0.00000000    260.6   90.0      1.2     77240
2017 11 18 20      0.0    162.8   0.00000000   0.00000000    260.4   89.0      0.9     77240
2017 11 18 21      0.0    166.2   0.00000000   0.00000000    260.4   86.0      1.1     77250
2017 11 18 22      0.0    174.1   0.00000000   0.00000000    260.2   87.0      1.1     77230
2017 11 18 23      0.0    182.3   0.00000000   0.00000000    261.2   70.0      0.9     77280
2017 11 19  0      0.0    193.4   0.00000000   0.00000000    262.2   67.0      1.6     77290
2017 11 19  1      0.0    194.8   0.00000000   0.00000000    262.2   64.0      1.0     77260
2017 11 19  2      0.0    197.2   0.00002778   0.00000000    262.1   66.0      1.0     77290
2017 11 19  3      0.0    206.5   0.00005556   0.00000000    263.4   70.0      1.5     77360
2017 11 19  4      0.0    207.9   0.00011111   0.00000000    263.0   79.0      1.9     77240
2017 11 19  5      0.0    208.8   0.00013889   0.00000000    262.9   83.0      1.8     77190
2017 11 19  6      0.0    211.5   0.00016667   0.00000000    263.2   86.0      1.5     77200
2017 11 19  7      2.0    213.5   0.00038889   0.00000000    263.3   90.0      1.1     77290
2017 11 19  8     15.0    216.6   0.00047222   0.00000000    263.8   91.0      1.5     77280
2017 11 19  9     49.0    220.4   0.00030556   0.00000000    264.8   88.0      1.1     77330
2017 11 19 10     64.0    229.2   0.00027778   0.00000000    266.0   91.0      1.7     77470
2017 11 19 11     94.0    225.2   0.00041667   0.00000000    266.1   83.0      2.2     77450
2017 11 19 12    156.0    206.1   0.00022222   0.00000000    266.9   84.0      3.2     77530
2017 11 19 13    102.0    224.9   0.00033333   0.00000000    266.4   86.0      3.1     77510
2017 11 19 14     64.0    226.1   0.00027778   0.00000000    265.8   88.0      3.2     77540
2017 11 19 15     37.0    224.2   0.00016667   0.00000000    265.2   90.0      2.7     77620
2017 11 19 16      7.0    221.8   0.00011111   0.00000000    264.8   92.0      2.3     77640
2017 11 19 17      0.0    222.7   0.00008333   0.00000000    264.9   93.0      2.4     77700
2017 11 19 18      0.0    220.7   0.00008333   0.00000000    264.8   91.0      2.1     77730
2017 11 19 19      0.0    212.1   0.00005556   0.00000000    264.6   89.0      1.6     77740
2017 11 19 20      0.0    217.4   0.00005556   0.00000000    264.5   91.0      1.2     77760
2017 11 19 21      0.0    219.4   0.00002778   0.00002778    264.4   94.0      1.1     77800
2017 11 19 22      0.0    216.1   0.00002778   0.00000000    264.3   95.0      0.9     77810
2017 11 19 23      0.0    216.5   0.00002778   0.00000000    264.1   95.0      0.8     77820
2017 11 20  0      0.0    214.1   0.00002778   0.00000000    264.8   91.0      1.3     77890
2017 11 20  1      0.0    215.2   0.00002778   0.00000000    264.0   95.0      0.6     77840
2017 11 20  2      0.0    213.6   0.00002778   0.00000000    263.9   94.0      0.6     77850
2017 11 20  3      0.0    206.4   0.00000000   0.00000000    263.8   93.0      0.2     77830
2017 11 20  4      0.0    201.3   0.00000000   0.00000000    263.5   94.0      0.3     77840
2017 11 20  5      0.0    210.7   0.00000000   0.00000000    262.9   93.0      0.8     77850
2017 11 20  6      0.0    186.4   0.00000000   0.00000000    262.2   92.0      1.8     77740
2017 11 20  7      5.0    187.7   0.00000000   0.00000000    261.8   89.0      1.6     77640
2017 11 20  8     77.0    189.2   0.00000000   0.00000000    262.8   80.0      1.1     77730
2017 11 20  9    177.0    191.4   0.00000000   0.00000000    265.5   62.0      0.9     77880
2017 11 20 10    298.0    208.8   0.00000000   0.00000000    266.1   58.0      1.2     77910
2017 11 20 11    271.0    182.1   0.00000000   0.00000000    267.9   51.0      0.9     77960
2017 11 20 12    382.0    204.9   0.00000000   0.00000000    269.1   49.0      1.2     77980
2017 11 20 13    250.0    223.6   0.00000000   0.00000000    267.6   59.0      0.9     77890
2017 11 20 14    123.0    221.5   0.00002778   0.00000000    267.6   64.0      0.9     77870
2017 11 20 15     89.0    218.7   0.00000000   0.00000000    265.9   72.0      1.2     77690
2017 11 20 16     11.0    217.3   0.00002778   0.00000000    265.2   82.0      1.3     77650
2017 11 20 17      0.0    220.2   0.00002778   0.00000000    264.5   90.0      1.4     77600
2017 11 20 18      0.0    218.1   0.00002778   0.00000000    264.2   91.0      1.5     77560
2017 11 20 19      0.0    221.7   0.00000000   0.00000000    265.3   88.0      1.6     77590
2017 11 20 20      0.0    223.4   0.00000000   0.00000000    265.6   86.0      1.3     77580
2017 11 20 21      0.0    224.3   0.00000000   0.00000000    266.3   82.0      1.2     77630
2017 11 20 22      0.0    204.1   0.00002778   0.00000000    267.1   81.0      1.1     77660
2017 11 20 23      0.0    228.4   0.00000000   0.00000000    266.8   81.0      0.9     77630
2017 11 21  0      0.0    231.2   0.00002778   0.00000000    267.0   83.0      1.3     77570
2017 11 21  1      0.0    219.9   0.00000000   0.00000000    266.8   79.0      1.1     77500
2017 11 21  2      0.0    198.2   0.00000000   0.00000000    265.3   79.0      1.7     77380
2017 11 21  3      0.0    229.1   0.00000000   0.00000000    270.0   67.0      1.3     77900
2017 11 21  4      0.0    238.0   0.00002778   0.00000000    268.8   74.0      1.2     77860
2017 11 21  5      0.0    234.2   0.00002778   0.00000000    268.0   82.0      0.8     77710
2017 11 21  6      0.0    223.8   0.00002778   0.00000000    267.6   85.0      0.9     77650
2017 11 21  7      3.0    219.5   0.00002778   0.00000000    267.5   86.0      1.1     77670
2017 11 21  8     47.0    233.0   0.00002778   0.00000000    268.0   85.0      1.2     77760
2017 11 21  9     84.0    246.5   0.00005556   0.00000000    269.4   83.0      1.0     77860
2017 11 21 10    124.0    248.5   0.00005556   0.00000000    270.5   82.0      0.9     77940
2017 11 21 11    175.0    254.5   0.00002778   0.00000000    271.6   82.0      0.8     77990
2017 11 21 12    170.0    261.0   0.00000000   0.00000000    272.8   83.0      1.4     78070
2017 11 21 13    117.0    256.7   0.00002778   0.00000000    272.1   86.0      0.9     77990
2017 11 21 14     97.0    256.5   0.00002778   0.00000000    271.8   90.0      0.9     77960
2017 11 21 15     62.0    255.7   0.00000000   0.00000000    271.4   90.0      0.8     77900
2017 11 21 16      9.0    254.7   0.00000000   0.00000000    270.9   91.0      1.3     77800
2017 11 21 17      0.0    245.5   0.00000000   0.00000000    269.9   92.0      1.4     77730
2017 11 21 18      0.0    233.6   0.00000000   0.00000000    269.4   91.0      1.4     77670
2017 11 21 19      0.0    197.6   0.00000000   0.00000000    267.8   94.0      1.5     77500
2017 11 21 20      0.0    192.5   0.00000000   0.00000000    266.8   95.0      1.7     77390
2017 11 21 21      0.0    188.4   0.00000000   0.00000000    265.8   96.0      1.4     77320
2017 11 21 22      0.0    189.4   0.00000000   0.00000000    265.5   95.0      1.3     77260
2017 11 21 23      0.0    187.1   0.00000000   0.00000000    265.6   95.0      1.2     77260
2017 11 22  0      0.0    194.0   0.00000000   0.00000000    266.4   95.0      1.8     77340
2017 11 22  1      0.0    201.6   0.00000000   0.00000000    266.8   94.0      1.7     77350
2017 11 22  2      0.0    201.4   0.00000000   0.00000000    266.5   93.0      1.8     77290
2017 11 22  3      0.0    202.4   0.00000000   0.00000000    265.9   93.0      1.8     77190
2017 11 22  4      0.0    190.9   0.00000000   0.00000000    265.8   91.0      1.7     77140
2017 11 22  5      0.0    198.9   0.00000000   0.00000000    264.5   92.0      1.4     77020
2017 11 22  6      0.0    212.7   0.00000000   0.00000000    264.8   91.0      1.0     77010
2017 11 22  7      5.0    204.4   0.00000000   0.00000000    265.9   85.0      0.8     77150
2017 11 22  8     93.0    205.8   0.00000000   0.00000000    267.8   81.0      0.8     77290
2017 11 22  9    224.0    227.8   0.00000000   0.00000000    269.8   76.0      0.9     77430
2017 11 22 10    333.0    215.4   0.00000000   0.00000000    272.2   73.0      1.6     77600
2017 11 22 11    400.0    233.3   0.00000000   0.00000000    277.8   53.0      1.3     78000
2017 11 22 12    407.0    244.9   0.00000000   0.00000000    275.6   71.0      1.6     77770
2017 11 22 13    358.0    219.5   0.00000000   0.00000000    272.2   68.0      2.0     77520
2017 11 22 14    260.0    215.1   0.00000000   0.00000000    271.6   68.0      1.5     77450
2017 11 22 15    128.0    198.8   0.00000000   0.00000000    270.8   58.0      1.8     77360
2017 11 22 16     15.0    190.5   0.00000000   0.00000000    269.0   59.0      2.1     77210
2017 11 22 17      0.0    187.8   0.00000000   0.00000000    267.3   72.0      2.2     77070
2017 11 22 18      0.0    186.3   0.00000000   0.00000000    266.6   77.0      2.2     77000
2017 11 22 19      0.0    185.1   0.00000000   0.00000000    266.5   75.0      2.2     76960
2017 11 22 20      0.0    183.7   0.00000000   0.00000000    266.2   75.0      2.3     76930
2017 11 22 21      0.0    182.6   0.00000000   0.00000000    265.9   76.0      2.4     76900
2017 11 22 22      0.0    183.2   0.00000000   0.00000000    265.6   78.0      2.7     76880
2017 11 22 23      0.0    183.4   0.00000000   0.00000000    265.5   78.0      2.7     76870
2017 11 23  0      0.0    205.4   0.00000000   0.00000000    265.8   81.0      3.3     76950
2017 11 23  1      0.0    211.9   0.00000000   0.00000000    266.1   79.0      3.2     76970
2017 11 23  2      0.0    184.1   0.00000000   0.00000000    266.0   79.0      3.1     76960
2017 11 23  3      0.0    182.6   0.00000000   0.00000000    265.6   80.0      3.0     76930
2017 11 23  4      0.0    182.3   0.00000000   0.00000000    265.6   79.0      2.8     76920
2017 11 23  5      0.0    180.5   0.00000000   0.00000000    265.2   79.0      2.6     76890
2017 11 23  6      0.0    185.2   0.00000000   0.00000000    264.8   81.0      2.5     76870
2017 11 23  7      4.0    184.7   0.00000000   0.00000000    264.5   82.0      2.2     76940
2017 11 23  8     88.0    202.6   0.00000000   0.00000000    266.3   77.0      1.8     77190
2017 11 23  9    184.0    226.1   0.00000000   0.00000000    269.0   68.0      1.8     77400
2017 11 23 10    278.0    238.0   0.00000000   0.00000000    270.4   68.0      1.4     77540
2017 11 23 11    300.0    242.7   0.00000000   0.00000000    271.4   67.0      1.2     77620
2017 11 23 12    329.0    233.3   0.00000000   0.00000000    273.8   60.0      1.4     77780
2017 11 23 13    309.0    237.4   0.00000000   0.00000000    271.0   69.0      1.4     77560
2017 11 23 14    215.0    242.2   0.00000000   0.00000000    270.0   73.0      1.4     77480
2017 11 23 15     89.0    231.1   0.00000000   0.00000000    269.5   71.0      1.4     77460
2017 11 23 16     12.0    213.3   0.00000000   0.00000000    267.8   74.0      1.5     77340
2017 11 23 17      0.0    220.1   0.00000000   0.00000000    265.8   88.0      1.5     77170
2017 11 23 18      0.0    215.0   0.00000000   0.00000000    265.0   91.0      1.3     77130
2017 11 23 19      0.0    207.7   0.00000000   0.00000000    265.2   88.0      1.1     77170
2017 11 23 20      0.0    200.9   0.00000000   0.00000000    265.8   81.0      1.1     77240
2017 11 23 21      0.0    208.9   0.00000000   0.00000000    266.4   74.0      0.9     77300
2017 11 23 22      0.0    197.1   0.00000000   0.00000000    266.9   67.0      0.9     77340
2017 11 23 23      0.0    197.4   0.00000000   0.00000000    267.3   62.0      0.9     77360
2017 11 24  0      0.0    193.0   0.00000000   0.00000000    265.3   82.0      1.6     77230
2017 11 24  1      0.0    182.7   0.00000000   0.00000000    265.5   78.0      1.5     77260
2017 11 24  2      0.0    181.5   0.00000000   0.00000000    265.4   78.0      1.6     77210
2017 11 24  3      0.0    180.5   0.00000000   0.00000000    265.3   78.0      1.9     77180
2017 11 24  4      0.0    189.9   0.00000000   0.00000000    265.2   78.0      2.2     77180
2017 11 24  5      0.0    178.9   0.00000000   0.00000000    264.8   80.0      2.2     77140
2017 11 24  6      0.0    182.4   0.00000000   0.00000000    264.4   82.0      2.1     77140
2017 11 24  7      4.0    186.0   0.00000000   0.00000000    264.2   83.0      2.2     77160
2017 11 24  8     83.0    199.8   0.00000000   0.00000000    266.0   78.0      2.0     77310
2017 11 24  9    211.0    209.1   0.00000000   0.00000000    268.9   71.0      1.7     77520
2017 11 24 10    311.0    212.2   0.00000000   0.00000000    270.9   68.0      1.5     77660
2017 11 24 11    359.0    210.1   0.00000000   0.00000000    271.6   69.0      1.5     77690
2017 11 24 12    381.0    263.4   0.00000000   0.00000000    274.0   61.0      2.0     77860
2017 11 24 13    309.0    251.3   0.00000000   0.00000000    271.6   68.0      1.3     77670
2017 11 24 14    203.0    247.3   0.00000000   0.00000000    271.0   71.0      1.5     77630
2017 11 24 15     83.0    243.8   0.00000000   0.00000000    270.0   71.0      1.9     77580
2017 11 24 16      9.0    237.4   0.00000000   0.00000000    268.9   75.0      2.1     77510
2017 11 24 17      0.0    227.5   0.00000000   0.00000000    267.2   83.0      2.3     77350
2017 11 24 18      0.0    231.1   0.00000000   0.00000000    267.0   87.0      2.5     77290
2017 11 24 19      0.0    233.3   0.00000000   0.00000000    267.5   85.0      2.5     77310
2017 11 24 20      0.0    221.7   0.00000000   0.00000000    267.9   84.0      2.4     77360
2017 11 24 21      0.0    195.5   0.00000000   0.00000000    267.8   84.0      2.7     77320
2017 11 24 22      0.0    196.1   0.00000000   0.00000000    266.8   86.0      2.4     77240
2017 11 24 23      0.0    198.1   0.00000000   0.00000000    266.8   87.0      2.6     77230
2017 11 25  0      0.0    194.0   0.00000000   0.00000000    267.3   84.0      2.7     77300
2017 11 25  1      0.0    206.1   0.00000000   0.00000000    267.4   85.0      3.0     77290
2017 11 25  2      0.0    213.5   0.00000000   0.00000000    267.2   88.0      2.9     77200
2017 11 25  3      0.0    234.4   0.00000000   0.00000000    267.5   90.0      2.9     77180
2017 11 25  4      0.0    241.6   0.00000000   0.00000000    268.2   89.0      3.3     77110
2017 11 25  5      0.0    244.0   0.00000000   0.00000000    268.8   88.0      3.4     77050
2017 11 25  6      0.0    240.8   0.00000000   0.00000000    268.5   89.0      3.1     77000
2017 11 25  7      2.0    247.5   0.00000000   0.00000000    269.5   86.0      3.2     77000
2017 11 25  8     46.0    249.2   0.00000000   0.00000000    270.4   83.0      2.7     77050
2017 11 25  9    123.0    257.7   0.00000000   0.00000000    271.9   79.0      2.0     77090
2017 11 25 10    151.0    261.7   0.00002778   0.00000000    272.6   80.0      0.9     77160
2017 11 25 11    142.0    263.6   0.00011111   0.00000000    272.4   85.0      1.0     77210
2017 11 25 12    107.0    265.2   0.00061111   0.00000000    271.5   96.0      2.0     77280
2017 11 25 13     33.0    256.5   0.00077778   0.00000000    270.1   97.0      2.1     77290
2017 11 25 14     25.0    251.2   0.00063889   0.00000000    269.5   93.0      1.4     77330
2017 11 25 15     30.0    248.0   0.00025000   0.00000000    268.9   97.0      1.6     77320
2017 11 25 16      4.0    245.9   0.00016667   0.00000000    268.5   98.0      1.7     77340
2017 11 25 17      0.0    242.1   0.00016667   0.00000000    268.3   91.0      1.9     77350
2017 11 25 18      0.0    238.0   0.00013889   0.00000000    267.9   91.0      2.5     77370
2017 11 25 19      0.0    234.0   0.00016667   0.00000000    267.2   94.0      2.6     77380
2017 11 25 20      0.0    220.0   0.00013889   0.00000000    266.6   90.0      2.3     77410
2017 11 25 21      0.0    210.5   0.00013889   0.00000000    266.2   95.0      2.8     77410
2017 11 25 22      0.0    205.6   0.00008333   0.00000000    265.5   95.0      2.8     77480
2017 11 25 23      0.0    200.6   0.00005556   0.00000000    264.8   94.0      2.4     77480
2017 11 26  0      0.0    206.3   0.00008333   0.00000000    265.2   95.0      1.9     77480
2017 11 26  1      0.0    219.7   0.00016667   0.00000000    264.2   96.0      3.1     77480
2017 11 26  2      0.0    219.1   0.00027778   0.00000000    263.9   97.0      2.8     77560
2017 11 26  3      0.0    216.6   0.00027778   0.00000000    263.5   96.0      3.1     77560
2017 11 26  4      0.0    210.8   0.00025000   0.00000000    262.8   95.0      2.7     77600
2017 11 26  5      0.0    207.9   0.00019444   0.00000000    262.4   95.0      3.1     77630
2017 11 26  6      0.0    205.9   0.00013889   0.00000000    261.8   92.0      3.1     77680
2017 11 26  7      2.0    190.4   0.00005556   0.00000000    261.2   83.0      2.4     77720
2017 11 26  8     60.0    173.8   0.00002778   0.00000000    260.8   84.0      1.5     77760
2017 11 26  9    163.0    179.7   0.00000000   0.00000000    261.0   76.0      1.4     77800
2017 11 26 10    273.0    180.5   0.00000000   0.00000000    261.5   73.0      1.8     77820
2017 11 26 11    355.0    172.7   0.00000000   0.00000000    261.9   74.0      2.3     77830
2017 11 26 12    363.0    183.9   0.00000000   0.00000000    262.8   75.0      2.9     77860
2017 11 26 13    245.0    202.8   0.00002778   0.00000000    262.4   78.0      2.6     77850
2017 11 26 14    149.0    200.6   0.00002778   0.00000000    262.3   81.0      2.9     77870
2017 11 26 15     84.0    189.2   0.00002778   0.00000000    261.6   90.0      2.2     77880
2017 11 26 16      9.0    199.9   0.00002778   0.00000000    260.8   90.0      1.4     77870
2017 11 26 17      0.0    200.5   0.00002778   0.00000000    260.9   90.0      1.3     77890
2017 11 26 18      0.0    198.4   0.00005556   0.00000000    260.5   90.0      0.9     77870
2017 11 26 19      0.0    201.9   0.00008333   0.00000000    261.1   91.0      0.9     77910
2017 11 26 20      0.0    200.3   0.00011111   0.00000000    260.8   91.0      0.6     77910
2017 11 26 21      0.0    200.8   0.00013889   0.00000000    260.9   91.0      1.0     77930
2017 11 26 22      0.0    200.3   0.00013889   0.00000000    260.8   91.0      0.8     77940
2017 11 26 23      0.0    200.3   0.00011111   0.00000000    260.8   91.0      0.8     77940
2017 11 27  0      0.0    201.4   0.00011111   0.00000000    260.9   93.0      1.5     77980
2017 11 27  1      0.0    200.5   0.00011111   0.00000000    260.9   90.0      1.4     77980
2017 11 27  2      0.0    199.2   0.00011111   0.00000000    260.6   91.0      1.2     77970
2017 11 27  3      0.0    199.2   0.00008333   0.00000000    260.6   91.0      1.1     77970
2017 11 27  4      0.0    200.3   0.00008333   0.00000000    260.8   91.0      1.0     78010
2017 11 27  5      0.0    199.9   0.00005556   0.00000000    260.8   94.0      1.2     78020
2017 11 27  6      0.0    183.0   0.00002778   0.00000000    260.1   90.0      0.3     77980
2017 11 27  7      2.0    169.4   0.00000000   0.00000000    259.5   89.0      0.6     77940
2017 11 27  8     56.0    168.8   0.00000000   0.00000000    259.4   87.0      0.9     77940
2017 11 27  9    157.0    172.0   0.00000000   0.00000000    261.1   75.0      0.9     78060
2017 11 27 10    233.0    175.8   0.00000000   0.00000000    261.8   73.0      0.7     78060
2017 11 27 11    331.0    168.2   0.00000000   0.00000000    261.8   72.0      0.9     77980
2017 11 27 12    352.0    174.2   0.00000000   0.00000000    263.8   72.0      0.8     78060
2017 11 27 13    285.0    167.1   0.00000000   0.00000000    262.4   73.0      1.2     77860
2017 11 27 14    225.0    163.9   0.00000000   0.00000000    261.8   72.0      1.4     77740
2017 11 27 15    109.0    163.3   0.00000000   0.00000000    261.1   76.0      1.3     77550
2017 11 27 16     10.0    177.8   0.00000000   0.00000000    260.8   76.0      0.9     77500
2017 11 27 17      0.0    163.0   0.00000000   0.00000000    260.4   79.0      1.3     77410
2017 11 27 18      0.0    156.1   0.00000000   0.00000000    259.3   84.0      1.3     77240
2017 11 27 19      0.0    159.4   0.00000000   0.00000000    259.6   84.0      1.2     77190
2017 11 27 20      0.0    178.6   0.00000000   0.00000000    260.4   78.0      1.1     77170
2017 11 27 21      0.0    191.1   0.00000000   0.00000000    261.4   75.0      1.2     77160
2017 11 27 22      0.0    199.2   0.00000000   0.00000000    262.2   75.0      1.2     77110
2017 11 27 23      0.0    187.6   0.00000000   0.00000000    262.6   75.0      1.3     77080
2017 11 28  0      0.0    201.3   0.00000000   0.00000000    262.3   81.0      1.9     77000
2017 11 28  1      0.0    193.8   0.00000000   0.00000000    260.8   82.0      1.8     76760
2017 11 28  2      0.0    201.3   0.00000000   0.00000000    261.8   84.0      2.0     76750
2017 11 28  3      0.0    201.8   0.00000000   0.00000000    261.6   85.0      2.1     76670
2017 11 28  4      0.0    195.0   0.00000000   0.00000000    260.5   86.0      1.7     76570
2017 11 28  5      0.0    193.3   0.00000000   0.00000000    260.3   86.0      1.7     76560
2017 11 28  6      0.0    191.7   0.00000000   0.00000000    259.8   87.0      1.9     76490
2017 11 28  7      2.0    188.7   0.00000000   0.00000000    259.2   87.0      2.1     76410
2017 11 28  8     65.0    173.6   0.00000000   0.00000000    260.8   83.0      1.8     76520
2017 11 28  9    196.0    176.9   0.00000000   0.00000000    263.6   73.0      1.3     76740
2017 11 28 10    302.0    182.1   0.00000000   0.00000000    264.9   70.0      1.7     76830
2017 11 28 11    358.0    211.7   0.00000000   0.00000000    265.8   69.0      1.5     76860
2017 11 28 12    328.0    232.2   0.00000000   0.00000000    268.8   65.0      1.2     77080
2017 11 28 13    230.0    223.0   0.00000000   0.00000000    266.9   69.0      1.1     76900
2017 11 28 14    147.0    223.8   0.00000000   0.00000000    266.3   73.0      1.2     76820
2017 11 28 15     60.0    220.5   0.00000000   0.00000000    266.0   73.0      1.2     76800
2017 11 28 16      6.0    213.7   0.00000000   0.00000000    264.8   76.0      1.6     76680
2017 11 28 17      0.0    214.5   0.00000000   0.00000000    264.2   81.0      1.9     76610
2017 11 28 18      0.0    213.7   0.00002778   0.00000000    263.8   85.0      2.1     76530
2017 11 28 19      0.0    212.6   0.00002778   0.00000000    263.6   87.0      2.1     76470
2017 11 28 20      0.0    183.2   0.00000000   0.00000000    262.8   88.0      1.9     76370
2017 11 28 21      0.0    204.1   0.00000000   0.00000000    261.9   87.0      1.7     76290
2017 11 28 22      0.0    203.5   0.00000000   0.00000000    262.2   87.0      1.8     76300
2017 11 28 23      0.0    202.1   0.00000000   0.00000000    262.4   88.0      1.8     76310
2017 11 29  0      0.0    206.6   0.00002778   0.00000000    262.5   87.0      1.8     76370
2017 11 29  1      0.0    179.7   0.00000000   0.00000000    262.3   87.0      1.6     76310
2017 11 29  2      0.0    192.9   0.00000000   0.00000000    261.8   85.0      1.5     76230
2017 11 29  3      0.0    195.8   0.00002778   0.00000000    261.9   87.0      1.5     76220
2017 11 29  4      0.0    202.1   0.00002778   0.00000000    262.2   89.0      1.4     76250
2017 11 29  5      0.0    200.2   0.00002778   0.00000000    262.3   90.0      1.4     76230
2017 11 29  6      0.0    201.3   0.00002778   0.00000000    261.6   90.0      1.1     76160
2017 11 29  7      1.0    201.0   0.00002778   0.00000000    261.4   90.0      0.8     76160
2017 11 29  8     45.0    203.4   0.00002778   0.00000000    262.9   86.0      0.6     76300
2017 11 29  9    134.0    205.9   0.00002778   0.00000000    265.0   77.0      0.7     76450
2017 11 29 10    217.0    206.8   0.00000000   0.00000000    266.5   69.0      0.4     76540
2017 11 29 11    242.0    212.6   0.00000000   0.00000000    266.9   67.0      0.5     76470
2017 11 29 12    328.0    213.5   0.00000000   0.00000000    265.9   79.0      0.4     76450
2017 11 29 13    138.0    222.5   0.00008333   0.00000000    265.5   81.0      0.6     76380
2017 11 29 14     71.0    222.6   0.00013889   0.00000000    265.3   84.0      0.5     76370
2017 11 29 15     27.0    222.2   0.00022222   0.00000000    264.8   91.0      0.7     76370
2017 11 29 16      3.0    222.6   0.00030556   0.00000000    264.5   97.0      1.1     76330
2017 11 29 17      0.0    220.3   0.00027778   0.00000000    264.1   97.0      1.6     76330
2017 11 29 18      0.0    218.7   0.00019444   0.00000000    264.0   94.0      1.3     76330
2017 11 29 19      0.0    216.5   0.00016667   0.00000000    263.6   94.0      0.9     76300
2017 11 29 20      0.0    215.9   0.00016667   0.00000000    263.5   94.0      0.9     76300
2017 11 29 21      0.0    214.6   0.00016667   0.00000000    263.4   94.0      0.9     76290
2017 11 29 22      0.0    212.9   0.00013889   0.00000000    262.9   95.0      1.1     76230
2017 11 29 23      0.0    212.3   0.00016667   0.00000000    262.8   95.0      1.3     76240
2017 11 30  0      0.0    212.6   0.00025000   0.00000000    262.9   94.0      1.8     76230
2017 11 30  1      0.0    210.6   0.00027778   0.00000000    262.6   93.0      2.5     76240
2017 11 30  2      0.0    204.7   0.00025000   0.00000000    262.0   85.0      2.7     76280
2017 11 30  3      0.0    203.5   0.00019444   0.00000000    261.6   88.0      2.4     76260
2017 11 30  4      0.0    201.3   0.00016667   0.00000000    261.3   86.0      2.6     76250
2017 11 30  5      0.0    201.6   0.00016667   0.00000000    261.0   92.0      2.8     76260
2017 11 30  6      0.0    199.8   0.00013889   0.00000000    260.6   93.0      2.2     76260
2017 11 30  7      1.0    198.6   0.00008333   0.00000000    260.6   89.0      2.0     76290
2017 11 30  8     28.0    199.4   0.00008333   0.00000000    260.8   90.0      2.2     76320
2017 11 30  9    105.0    199.4   0.00008333   0.00000000    261.0   85.0      2.5     76340
2017 11 30 10    187.0    200.6   0.00008333   0.00000000    261.5   81.0      2.7     76380
2017 11 30 11    231.0    200.8   0.00008333   0.00000000    261.6   80.0      2.6     76370
2017 11 30 12    262.0    205.2   0.00005556   0.00000000    262.1   85.0      2.5     76430
2017 11 30 13    238.0    194.0   0.00008333   0.00000000    261.8   85.0      1.9     76420
2017 11 30 14    163.0    192.5   0.00008333   0.00000000    261.5   83.0      1.6     76400
2017 11 30 15     73.0    198.7   0.00005556   0.00000000    261.0   83.0      0.9     76410
2017 11 30 16      7.0    185.9   0.00002778   0.00000000    260.8   90.0      0.9     76400
2017 11 30 17      0.0    181.6   0.00002778   0.00000000    260.1   91.0      0.4     76380
2017 11 30 18      0.0    175.5   0.00000000   0.00000000    258.8   91.0      0.5     76290
2017 11 30 19      0.0    177.2   0.00000000   0.00000000    257.8   92.0      0.6     76220
2017 11 30 20      0.0    176.3   0.00000000   0.00000000    258.6   86.0      0.6     76290
2017 11 30 21      0.0    157.2   0.00000000   0.00000000    258.4   87.0      0.8     76270
2017 11 30 22      0.0    155.2   0.00000000   0.00000000    257.8   86.0      1.0     76190
2017 11 30 23      0.0    159.7   0.00000000   0.00000000    257.0   85.0      1.1     76110
2017 12  1  0      0.0    154.7   0.00000000   0.00000000    256.4   87.0      2.2     76030
2017 12  1  1      0.0    169.3   0.00000000   0.00000000    256.3   87.0      2.0     76000
2017 12  1  2      0.0    173.2   0.00000000   0.00000000    256.4   87.0      2.1     75990
2017 12  1  3      0.0    176.3   0.00000000   0.00000000    256.6   86.0      2.3     75960
2017 12  1  4      0.0    176.8   0.00000000   0.00000000    256.8   84.0      2.1     75980
2017 12  1  5      0.0    175.0   0.00000000   0.00000000    257.1   82.0      2.0     76020
2017 12  1  6      0.0    176.5   0.00002778   0.00000000    256.9   82.0      1.6     76070
2017 12  1  7      1.0    163.4   0.00002778   0.00000000    256.8   82.0      1.3     76180
2017 12  1  8     48.0    163.5   0.00005556   0.00000000    257.2   75.0      1.4     76260
2017 12  1  9    160.0    161.6   0.00002778   0.00000000    257.8   71.0      1.3     76340
2017 12  1 10    262.0    168.5   0.00000000   0.00000000    259.9   63.0      1.0     76520
2017 12  1 11    325.0    168.3   0.00000000   0.00000000    262.5   53.0      0.7     76660
2017 12  1 12    364.0    177.8   0.00000000   0.00000000    262.5   58.0      0.2     76720
2017 12  1 13    228.0    187.1   0.00002778   0.00000000    261.8   60.0      0.9     76700
2017 12  1 14    168.0    178.8   0.00000000   0.00000000    262.2   59.0      0.9     76740
2017 12  1 15     96.0    174.5   0.00000000   0.00000000    260.6   64.0      1.1     76690
2017 12  1 16      9.0    153.6   0.00000000   0.00000000    256.1   74.0      1.5     76380
2017 12  1 17      0.0    150.0   0.00000000   0.00000000    255.9   75.0      1.2     76380
2017 12  1 18      0.0    150.0   0.00000000   0.00000000    255.4   76.0      0.9     76340
2017 12  1 19      0.0    150.0   0.00000000   0.00000000    254.8   78.0      0.9     76350
2017 12  1 20      0.0    150.0   0.00000000   0.00000000    254.9   84.0      0.9     76350
2017 12  1 21      0.0    150.0   0.00000000   0.00000000    254.4   83.0      0.8     76350
2017 12  1 22      0.0    150.0   0.00000000   0.00000000    254.3   83.0      0.7     76400
2017 12  1 23      0.0    150.0   0.00000000   0.00000000    254.5   82.0      0.8     76420
2017 12  2  0      0.0    169.8   0.00000000   0.00000000    255.6   84.0      1.7     76460
2017 12  2  1      0.0    169.8   0.00000000   0.00000000    255.4   83.0      1.1     76490
2017 12  2  2      0.0    172.1   0.00000000   0.00000000    255.7   82.0      1.1     76590
2017 12  2  3      0.0    171.0   0.00000000   0.00000000    255.4   83.0      1.2     76580
2017 12  2  4      0.0    168.6   0.00000000   0.00000000    255.0   83.0      1.1     76580
2017 12  2  5      0.0    150.0   0.00000000   0.00000000    254.4   82.0      1.2     76520
2017 12  2  6      0.0    150.0   0.00000000   0.00000000    253.5   82.0      1.2     76450
2017 12  2  7      1.0    150.0   0.00000000   0.00000000    253.2   81.0      1.5     76410
2017 12  2  8     65.0    150.0   0.00000000   0.00000000    254.1   82.0      1.5     76520
2017 12  2  9    190.0    150.0   0.00000000   0.00000000    256.8   70.0      1.4     76780
2017 12  2 10    296.0    178.9   0.00000000   0.00000000    258.8   63.0      1.7     76980
2017 12  2 11    355.0    175.6   0.00000000   0.00000000    263.6   47.0      1.2     77320
2017 12  2 12    366.0    191.2   0.00000000   0.00000000    263.6   63.0      0.9     77290
2017 12  2 13    296.0    186.0   0.00000000   0.00000000    264.2   54.0      0.9     77320
2017 12  2 14    219.0    200.5   0.00000000   0.00000000    263.3   61.0      0.8     77270
2017 12  2 15     94.0    184.0   0.00000000   0.00000000    260.4   69.0      0.6     77120
2017 12  2 16      8.0    150.0   0.00000000   0.00000000    256.3   76.0      0.9     76850
2017 12  2 17      0.0    150.0   0.00000000   0.00000000    255.6   75.0      0.9     76810
2017 12  2 18      0.0    153.0   0.00000000   0.00000000    255.9   72.0      0.8     76810
2017 12  2 19      0.0    150.0   0.00000000   0.00000000    255.7   72.0      0.9     76730
2017 12  2 20      0.0    150.0   0.00000000   0.00000000    254.9   71.0      0.2     76750
2017 12  2 21      0.0    150.0   0.00000000   0.00000000    254.3   69.0      0.3     76780
2017 12  2 22      0.0    150.0   0.00000000   0.00000000    254.6   69.0      0.9     76750
2017 12  2 23      0.0    150.0   0.00000000   0.00000000    254.8   67.0      0.6     76740
2017 12  3  0      0.0    150.3   0.00000000   0.00000000    259.8   60.0      0.5     77280
2017 12  3  1      0.0    150.0   0.00000000   0.00000000    258.9   62.0      0.6     77230
2017 12  3  2      0.0    150.0   0.00000000   0.00000000    256.9   69.0      0.5     77030
2017 12  3  3      0.0    151.3   0.00000000   0.00000000    259.3   68.0      0.6     77290
2017 12  3  4      0.0    152.5   0.00000000   0.00000000    259.5   69.0      0.1     77370
2017 12  3  5      0.0    153.6   0.00000000   0.00000000    259.4   74.0      0.5     77450
2017 12  3  6      0.0    153.8   0.00000000   0.00000000    258.9   82.0      0.5     77450
2017 12  3  7     10.4    152.5   0.00000000   0.00000000    258.2   88.0      0.5     77460
2017 12  3  8     64.0    150.0   0.00000000   0.00000000    254.3   97.0      0.6     77160
2017 12  3  9    185.0    150.0   0.00000000   0.00000000    256.9   87.0      0.9     77420
2017 12  3 10    277.0    154.9   0.00000000   0.00000000    260.1   69.0      0.5     77680
2017 12  3 11    343.0    156.3   0.00000000   0.00000000    261.1   61.0      0.8     77700
2017 12  3 12    357.0    158.0   0.00000000   0.00000000    260.4   75.0      1.4     77640
2017 12  3 13    310.0    159.4   0.00000000   0.00000000    261.1   70.0      1.0     77720
2017 12  3 14    215.0    175.4   0.00000000   0.00000000    260.4   76.0      1.0     77710
2017 12  3 15     96.0    190.8   0.00000000   0.00000000    259.6   81.0      0.5     77700
2017 12  3 16      6.0    184.9   0.00000000   0.00000000    258.1   86.0      0.4     77650
2017 12  3 17      0.0    173.4   0.00000000   0.00000000    255.6   88.0      0.7     77460
2017 12  3 18      0.0    179.6   0.00000000   0.00000000    256.9   88.0      0.6     77550
2017 12  3 19      0.0    181.9   0.00002778   0.00000000    257.5   86.0      0.5     77610
2017 12  3 20      0.0    183.5   0.00005556   0.00000000    258.0   83.0      0.3     77700
2017 12  3 21      0.0    183.0   0.00008333   0.00000000    258.1   82.0      0.4     77710
2017 12  3 22      0.0    183.3   0.00008333   0.00000000    258.3   82.0      0.4     77730
2017 12  3 23      0.0    184.5   0.00008333   0.00000000    258.6   83.0      0.4     77760
2017 12  4  0      0.0    183.1   0.00008333   0.00000000    258.0   86.0      0.7     77720
2017 12  4  1      0.0    186.1   0.00005556   0.00000000    258.6   86.0      0.3     77780
2017 12  4  2      0.0    188.7   0.00008333   0.00000000    258.8   87.0      0.2     77820
2017 12  4  3      0.0    190.2   0.00008333   0.00000000    259.1   89.0      0.1     77840
2017 12  4  4      0.0    188.9   0.00008333   0.00000000    259.2   90.0      0.4     77850
2017 12  4  5      0.0    191.3   0.00008333   0.00000000    259.2   91.0      0.5     77870
2017 12  4  6      0.0    193.3   0.00011111   0.00000000    259.4   92.0      0.2     77930
2017 12  4  7      2.0    193.4   0.00011111   0.00000000    259.5   93.0      0.4     77980
2017 12  4  8     22.0    197.3   0.00008333   0.00000000    260.2   94.0      0.8     78080
2017 12  4  9     63.0    199.8   0.00005556   0.00000000    262.1   92.0      1.1     78240
2017 12  4 10    138.0    207.7   0.00005556   0.00000000    262.8   83.0      1.2     78280
2017 12  4 11    130.0    209.7   0.00005556   0.00000000    263.0   84.0      1.1     78290
2017 12  4 12    151.0    219.5   0.00005556   0.00000000    264.8   85.0      0.7     78380
2017 12  4 13    125.0    218.6   0.00005556   0.00000000    264.4   87.0      1.0     78380
2017 12  4 14     76.0    214.7   0.00011111   0.00000000    263.8   90.0      1.1     78370
2017 12  4 15     32.0    214.0   0.00011111   0.00000000    263.1   95.0      1.1     78340
2017 12  4 16      4.0    210.0   0.00013889   0.00000000    262.5   93.0      1.5     78340
2017 12  4 17      0.0    214.4   0.00016667   0.00000000    263.0   98.0      1.0     78420
2017 12  4 18      0.0    212.7   0.00016667   0.00000000    262.8   96.0      1.3     78440
2017 12  4 19      0.0    210.8   0.00013889   0.00000000    262.8   95.0      1.5     78450
2017 12  4 20      0.0    210.9   0.00016667   0.00000000    262.8   93.0      1.4     78460
2017 12  4 21      0.0    213.9   0.00013889   0.00000000    263.2   93.0      0.9     78550
2017 12  4 22      0.0    213.9   0.00011111   0.00000000    263.2   93.0      0.9     78580
2017 12  4 23      0.0    212.5   0.00008333   0.00000000    263.0   92.0      1.1     78580
2017 12  5  0      0.0    217.4   0.00005556   0.00000000    263.8   95.0      2.0     78610
2017 12  5  1      0.0    217.4   0.00011111   0.00000000    263.6   97.0      1.2     78640
2017 12  5  2      0.0    220.3   0.00008333   0.00000000    264.0   99.0      1.2     78690
2017 12  5  3      0.0    216.9   0.00005556   0.00000000    263.5   97.0      1.3     78650
2017 12  5  4      0.0    216.4   0.00002778   0.00000000    263.8   95.0      0.9     78690
2017 12  5  5      0.0    215.4   0.00002778   0.00000000    263.8   96.0      0.6     78690
2017 12  5  6      0.0    213.3   0.00000000   0.00000000    263.8   95.0      0.2     78680
2017 12  5  7      1.7    207.3   0.00000000   0.00000000    263.4   94.0      0.4     78670
2017 12  5  8     31.0    202.0   0.00000000   0.00000000    263.8   87.0      0.8     78710
2017 12  5  9     93.0    199.0   0.00000000   0.00000000    264.5   82.0      1.1     78820
2017 12  5 10    176.0    184.8   0.00000000   0.00000000    265.0   77.0      1.0     78830
2017 12  5 11    264.0    183.5   0.00000000   0.00000000    266.1   73.0      1.1     78840
2017 12  5 12    308.0    192.9   0.00000000   0.00000000    268.0   75.0      0.9     78960
2017 12  5 13    261.0    208.0   0.00000000   0.00000000    268.8   64.0      0.8     78990
2017 12  5 14    194.0    198.9   0.00000000   0.00000000    268.4   68.0      0.9     78950
2017 12  5 15     85.0    198.0   0.00000000   0.00000000    264.1   80.0      1.4     78600
2017 12  5 16      6.0    201.3   0.00000000   0.00000000    264.8   79.0      0.9     78620
2017 12  5 17      0.0    174.8   0.00000000   0.00000000    264.1   77.0      0.9     78550
2017 12  5 18      0.0    172.7   0.00000000   0.00000000    263.8   75.0      0.8     78490
2017 12  5 19      0.0    172.9   0.00000000   0.00000000    264.0   73.0      0.8     78480
2017 12  5 20      0.0    172.7   0.00000000   0.00000000    264.1   71.0      0.9     78450
2017 12  5 21      0.0    171.9   0.00000000   0.00000000    264.0   70.0      0.8     78420
2017 12  5 22      0.0    170.1   0.00000000   0.00000000    263.6   70.0      0.8     78370
2017 12  5 23      0.0    168.3   0.00000000   0.00000000    263.1   71.0      0.9     78320
2017 12  6  0      0.0    167.6   0.00000000   0.00000000    262.8   73.0      1.1     78300
2017 12  6  1      0.0    168.7   0.00000000   0.00000000    263.2   71.0      0.6     78300
2017 12  6  2      0.0    170.4   0.00000000   0.00000000    263.5   72.0      0.6     78300
2017 12  6  3      0.0    169.3   0.00000000   0.00000000    263.1   74.0      0.5     78210
2017 12  6  4      0.0    167.4   0.00000000   0.00000000    262.6   75.0      0.6     78140
2017 12  6  5      0.0    167.3   0.00000000   0.00000000    262.8   72.0      0.7     78150
2017 12  6  6      0.0    167.9   0.00000000   0.00000000    263.1   70.0      0.7     78150
2017 12  6  7      2.6    167.6   0.00000000   0.00000000    263.1   69.0      0.7     78160
2017 12  6  8     53.0    169.2   0.00000000   0.00000000    263.4   70.0      0.7     78190
2017 12  6  9    172.0    172.8   0.00000000   0.00000000    264.2   70.0      0.7     78250
2017 12  6 10    279.0    177.2   0.00000000   0.00000000    265.1   71.0      1.0     78320
2017 12  6 11    341.0    203.8   0.00000000   0.00000000    271.9   57.0      0.9     78810
2017 12  6 12    351.0    205.8   0.00000000   0.00000000    271.2   69.0      1.3     78680
2017 12  6 13    309.0    190.9   0.00000000   0.00000000    268.2   69.0      1.4     78420
2017 12  6 14    219.0    182.6   0.00000000   0.00000000    266.2   72.0      1.1     78210
2017 12  6 15     99.0    176.5   0.00000000   0.00000000    265.2   68.0      0.5     78140
2017 12  6 16      8.0    171.6   0.00000000   0.00000000    264.8   60.0      0.6     78100
2017 12  6 17      0.0    170.8   0.00000000   0.00000000    264.8   58.0      0.6     78060
2017 12  6 18      0.0    169.5   0.00000000   0.00000000    264.8   55.0      0.6     78050
2017 12  6 19      0.0    168.6   0.00000000   0.00000000    264.9   52.0      0.6     78030
2017 12  6 20      0.0    166.8   0.00000000   0.00000000    264.6   51.0      0.7     77990
2017 12  6 21      0.0    165.0   0.00000000   0.00000000    264.4   49.0      0.7     77960
2017 12  6 22      0.0    165.0   0.00000000   0.00000000    264.5   48.0      0.8     77950
2017 12  6 23      0.0    163.6   0.00000000   0.00000000    264.3   47.0      0.8     77890
2017 12  7  0      0.0    162.6   0.00000000   0.00000000    262.8   59.0      1.2     77770
2017 12  7  1      0.0    163.9   0.00000000   0.00000000    263.9   51.0      0.8     77830
2017 12  7  2      0.0    162.6   0.00000000   0.00000000    263.8   50.0      0.8     77790
2017 12  7  3      0.0    162.1   0.00000000   0.00000000    263.6   50.0      0.7     77750
2017 12  7  4      0.0    160.9   0.00000000   0.00000000    263.3   50.0      0.7     77710
2017 12  7  5      0.0    161.3   0.00000000   0.00000000    263.4   50.0      0.8     77720
2017 12  7  6      0.0    161.7   0.00000000   0.00000000    263.4   51.0      0.9     77700
2017 12  7  7      0.1    161.8   0.00000000   0.00000000    263.3   52.0      0.9     77660
2017 12  7  8     53.0    165.2   0.00000000   0.00000000    264.0   53.0      1.0     77710
2017 12  7  9    177.0    170.7   0.00000000   0.00000000    264.5   61.0      1.1     77740
2017 12  7 10    282.0    176.1   0.00000000   0.00000000    265.1   68.0      1.4     77770
2017 12  7 11    343.0    183.1   0.00000000   0.00000000    266.8   67.0      2.2     77830
2017 12  7 12    353.0    197.0   0.00000000   0.00000000    269.8   66.0      1.6     78060
2017 12  7 13    311.0    180.8   0.00000000   0.00000000    266.3   66.0      1.8     77750
2017 12  7 14    219.0    179.0   0.00000000   0.00000000    265.9   66.0      1.4     77700
2017 12  7 15     99.0    173.2   0.00000000   0.00000000    264.8   64.0      1.8     77600
2017 12  7 16      8.0    166.0   0.00000000   0.00000000    262.5   72.0      2.1     77410
2017 12  7 17      0.0    161.4   0.00000000   0.00000000    260.6   84.0      2.5     77200
2017 12  7 18      0.0    160.7   0.00000000   0.00000000    260.5   83.0      2.6     77140
2017 12  7 19      0.0    160.7   0.00000000   0.00000000    260.8   80.0      2.7     77090
2017 12  7 20      0.0    160.9   0.00000000   0.00000000    260.8   79.0      2.8     77050
2017 12  7 21      0.0    163.0   0.00000000   0.00000000    260.8   78.0      2.9     77020
2017 12  7 22      0.0    192.4   0.00000000   0.00000000    261.2   76.0      3.1     76990
2017 12  7 23      0.0    179.2   0.00000000   0.00000000    262.4   71.0      3.2     77030
2017 12  8  0      0.0    201.2   0.00000000   0.00000000    262.1   74.0      3.4     77010
2017 12  8  1      0.0    201.6   0.00000000   0.00000000    262.1   75.0      3.3     77040
2017 12  8  2      0.0    206.3   0.00000000   0.00000000    263.3   71.0      3.1     77140
2017 12  8  3      0.0    211.1   0.00002778   0.00000000    264.1   72.0      3.0     77140
2017 12  8  4      0.0    213.0   0.00000000   0.00000000    264.3   74.0      2.9     77080
2017 12  8  5      0.0    214.9   0.00005556   0.00000000    264.5   76.0      2.8     77040
2017 12  8  6      0.0    216.3   0.00008333   0.00000000    264.6   78.0      2.3     77010
2017 12  8  7      0.0    217.1   0.00011111   0.00000000    264.6   80.0      2.0     77050
2017 12  8  8     20.0    215.1   0.00011111   0.00000000    265.0   81.0      1.9     77060
2017 12  8  9     68.0    218.5   0.00005556   0.00000000    266.1   78.0      1.5     77100
2017 12  8 10     93.0    221.9   0.00002778   0.00000000    266.5   79.0      1.3     77100
2017 12  8 11    134.0    193.8   0.00002778   0.00000000    267.3   79.0      0.9     77060
2017 12  8 12    260.0    203.1   0.00000000   0.00000000    268.1   85.0      1.6     77110
2017 12  8 13     82.0    235.0   0.00033333   0.00000000    266.8   94.0      1.6     77040
2017 12  8 14     40.0    230.0   0.00063889   0.00000000    265.9   95.0      2.8     77070
2017 12  8 15     27.0    218.3   0.00030556   0.00000000    264.1   91.0      2.1     77110
2017 12  8 16      3.0    214.5   0.00019444   0.00000000    263.3   93.0      0.9     77060
2017 12  8 17      0.0    210.0   0.00008333   0.00000000    263.2   88.0      0.8     76980
2017 12  8 18      0.0    207.8   0.00019444   0.00000000    262.8   92.0      1.4     76940
2017 12  8 19      0.0    207.1   0.00041667   0.00000000    261.9   94.0      2.7     76990
2017 12  8 20      0.0    200.4   0.00019444   0.00000000    261.8   92.0      2.6     77000
2017 12  8 21      0.0    191.2   0.00005556   0.00000000    261.0   91.0      0.9     76950
2017 12  8 22      0.0    190.1   0.00005556   0.00000000    260.2   90.0      0.9     76850
2017 12  8 23      0.0    194.3   0.00005556   0.00000000    260.8   81.0      1.1     76840
2017 12  9  0      0.0    191.8   0.00030556   0.00000000    260.2   81.0      1.9     76770
2017 12  9  1      0.0    191.0   0.00019444   0.00000000    259.4   89.0      1.8     76740
2017 12  9  2      0.0    192.8   0.00016667   0.00000000    259.8   90.0      3.0     76800
2017 12  9  3      0.0    192.3   0.00019444   0.00000000    259.2   92.0      2.6     76810
2017 12  9  4      0.0    188.4   0.00019444   0.00000000    258.8   92.0      2.3     76770
2017 12  9  5      0.0    181.7   0.00011111   0.00000000    258.0   90.0      1.8     76780
2017 12  9  6      0.0    180.9   0.00011111   0.00000000    258.0   83.0      1.8     76850
2017 12  9  7      0.0    156.6   0.00016667   0.00000000    257.2   70.0      1.9     76870
2017 12  9  8     35.0    180.9   0.00005556   0.00000000    257.4   84.0      2.2     76920
2017 12  9  9    112.0    185.9   0.00008333   0.00000000    258.3   86.0      2.9     77020
2017 12  9 10    188.0    176.0   0.00005556   0.00000000    258.6   83.0      3.0     77090
2017 12  9 11    242.0    176.1   0.00002778   0.00000000    258.8   84.0      2.6     77130
2017 12  9 12    233.0    183.3   0.00005556   0.00000000    259.4   79.0      2.2     77140
2017 12  9 13    225.0    172.7   0.00005556   0.00000000    259.3   79.0      2.0     77130
2017 12  9 14    149.0    161.3   0.00002778   0.00000000    258.9   81.0      1.2     77110
2017 12  9 15     75.0    167.4   0.00000000   0.00000000    257.3   85.0      1.3     77010
2017 12  9 16      6.0    153.7   0.00000000   0.00000000    255.9   87.0      0.9     76910
2017 12  9 17      0.0    162.2   0.00000000   0.00000000    256.9   83.0      0.7     76980
2017 12  9 18      0.0    162.2   0.00000000   0.00000000    256.8   83.0      0.8     76950
2017 12  9 19      0.0    150.0   0.00000000   0.00000000    255.6   80.0      1.2     76840
2017 12  9 20      0.0    150.0   0.00000000   0.00000000    254.8   82.0      1.8     76820
2017 12  9 21      0.0    150.0   0.00000000   0.00000000    254.2   83.0      1.9     76700
2017 12  9 22      0.0    158.9   0.00000000   0.00000000    253.8   82.0      2.2     76520
2017 12  9 23      0.0    163.7   0.00000000   0.00000000    255.1   75.0      2.3     76520
2017 12 10  0      0.0    165.5   0.00000000   0.00000000    255.7   74.0      2.9     76420
2017 12 10  1      0.0    160.6   0.00000000   0.00000000    255.7   74.0      2.6     76330
2017 12 10  2      0.0    164.3   0.00000000   0.00000000    255.3   69.0      2.7     76260
2017 12 10  3      0.0    164.6   0.00000000   0.00000000    256.0   64.0      2.9     76280
2017 12 10  4      0.0    164.0   0.00000000   0.00000000    256.3   62.0      3.0     76240
2017 12 10  5      0.0    166.4   0.00000000   0.00000000    256.8   59.0      3.3     76180
2017 12 10  6      0.0    161.6   0.00000000   0.00000000    257.3   57.0      3.4     76170
2017 12 10  7      0.0    173.4   0.00000000   0.00000000    257.8   58.0      3.6     76170
2017 12 10  8     22.0    181.2   0.00002778   0.00000000    259.8   60.0      4.0     76220
2017 12 10  9     90.0    191.1   0.00002778   0.00000000    261.1   62.0      3.9     76190
2017 12 10 10    116.0    198.0   0.00008333   0.00000000    262.2   65.0      4.0     76160
2017 12 10 11     79.0    199.7   0.00011111   0.00000000    262.2   69.0      4.2     76060
2017 12 10 12    121.0    203.4   0.00008333   0.00000000    262.9   69.0      4.8     75930
2017 12 10 13    108.0    205.6   0.00008333   0.00000000    263.4   68.0      4.7     75840
2017 12 10 14     66.0    206.6   0.00011111   0.00000000    263.2   73.0      4.2     75760
2017 12 10 15     20.0    208.5   0.00019444   0.00000000    263.4   75.0      3.6     75770
2017 12 10 16      2.0    208.2   0.00016667   0.00000000    263.2   77.0      3.1     75770
2017 12 10 17      0.0    210.1   0.00016667   0.00000000    263.4   79.0      3.1     75730
2017 12 10 18      0.0    210.8   0.00011111   0.00000000    263.4   81.0      3.1     75640
2017 12 10 19      0.0    211.4   0.00005556   0.00000000    263.3   84.0      3.1     75600
2017 12 10 20      0.0    214.8   0.00002778   0.00000000    264.2   80.0      3.1     75620
2017 12 10 21      0.0    216.7   0.00002778   0.00000000    264.6   79.0      3.2     75630
2017 12 10 22      0.0    217.6   0.00002778   0.00000000    264.8   80.0      3.3     75560
2017 12 10 23      0.0    221.8   0.00002778   0.00000000    265.5   79.0      3.3     75510
2017 12 11  0      0.0    221.9   0.00000000   0.00000000    265.6   80.0      3.7     75500
2017 12 11  1      0.0    222.9   0.00000000   0.00000000    265.8   79.0      3.3     75520
2017 12 11  2      0.0    224.8   0.00000000   0.00000000    265.9   81.0      4.1     75430
2017 12 11  3      0.0    232.9   0.00000000   0.00000000    267.5   78.0      3.6     75480
2017 12 11  4      0.0    239.2   0.00002778   0.00000000    268.8   76.0      4.0     75490
2017 12 11  5      0.0    236.6   0.00011111   0.00000000    267.9   81.0      3.9     75340
2017 12 11  6      0.0    239.6   0.00011111   0.00000000    268.4   81.0      4.4     75380
2017 12 11  7      0.0    247.8   0.00013889   0.00000000    270.1   78.0      4.6     75350
2017 12 11  8     30.0    248.6   0.00011111   0.00000000    270.1   78.0      4.3     75410
2017 12 11  9     96.0    254.3   0.00013889   0.00000000    271.0   78.0      4.6     75400
2017 12 11 10    147.0    260.2   0.00016667   0.00000000    272.0   77.0      4.5     75380
2017 12 11 11    196.0    264.8   0.00019444   0.00000000    272.8   76.0      4.3     75400
2017 12 11 12    169.0    269.2   0.00027778   0.00000000    273.8   73.0      5.4     75430
2017 12 11 13    134.0    266.6   0.00047222   0.00000000    273.3   73.0      5.1     75370
2017 12 11 14    107.0    266.0   0.00047222   0.00000000    273.3   72.0      5.7     75330
2017 12 11 15     38.0    263.9   0.00041667   0.00000000    273.2   71.0      5.3     75310
2017 12 11 16      4.0    260.3   0.00038889   0.00000000    273.2   73.0      4.4     75380
2017 12 11 17      0.0    262.1   0.00044444   0.00000000    272.3   77.0      4.3     75350
2017 12 11 18      0.0    246.1   0.00055556   0.00000000    272.0   80.0      4.3     75360
2017 12 11 19      0.0    263.3   0.00077778   0.00000000    272.2   81.0      4.5     75410
2017 12 11 20      0.0    263.0   0.00072222   0.00000000    272.0   83.0      3.2     75410
2017 12 11 21      0.0    260.2   0.00094444   0.00000000    271.1   90.0      1.2     75480
2017 12 11 22      0.0    258.6   0.00116667   0.00000000    270.6   94.0      0.8     75560
2017 12 11 23      0.0    258.3   0.00088889   0.00000000    270.5   95.0      0.9     75660
2017 12 12  0      0.0    246.4   0.00066667   0.00000000    269.3  100.0      0.6     75770
2017 12 12  1      0.0    247.6   0.00075000   0.00000000    269.0   99.0      0.4     75800
2017 12 12  2      0.0    237.3   0.00030556   0.00000000    267.8   97.0      0.8     75820
2017 12 12  3      0.0    240.1   0.00033333   0.00000000    267.9   97.0      0.6     75950
2017 12 12  4      0.0    216.6   0.00022222   0.00000000    267.8   96.0      0.7     76080
2017 12 12  5      0.0    207.2   0.00027778   0.00000000    267.1   96.0      0.7     76190
2017 12 12  6      0.0    233.8   0.00005556   0.00000000    266.9   96.0      0.6     76340
2017 12 12  7      0.0    238.2   0.00022222   0.00000000    267.4   93.0      1.2     76530
2017 12 12  8     15.0    234.4   0.00027778   0.00000000    267.0   89.0      1.5     76630
2017 12 12  9     47.0    232.2   0.00019444   0.00000000    266.9   85.0      1.5     76750
2017 12 12 10     85.0    219.8   0.00047222   0.00000000    266.5   89.0      1.6     76850
2017 12 12 11     82.0    229.9   0.00030556   0.00000000    266.0   93.0      1.6     76870
2017 12 12 12    117.0    204.0   0.00066667   0.00000000    266.3   90.0      1.8     76910
2017 12 12 13    168.0    222.6   0.00013889   0.00000000    265.5   92.0      2.0     76990
2017 12 12 14     86.0    221.3   0.00019444   0.00000000    264.8   90.0      1.4     77060
2017 12 12 15     36.0    214.4   0.00011111   0.00000000    264.6   81.0      1.2     77080
2017 12 12 16      4.0    217.8   0.00005556   0.00000000    264.6   82.0      1.0     77100
2017 12 12 17      0.0    218.2   0.00008333   0.00000000    264.6   83.0      1.1     77150
2017 12 12 18      0.0    217.6   0.00011111   0.00000000    264.8   82.0      1.1     77200
2017 12 12 19      0.0    217.4   0.00011111   0.00000000    264.6   83.0      1.4     77250
2017 12 12 20      0.0    217.9   0.00008333   0.00000000    264.3   89.0      1.4     77260
2017 12 12 21      0.0    212.1   0.00005556   0.00000000    264.0   88.0      1.8     77310
2017 12 12 22      0.0    213.3   0.00005556   0.00000000    263.3   94.0      0.9     77330
2017 12 12 23      0.0    198.0   0.00002778   0.00000000    263.5   93.0      1.1     77400
2017 12 13  0      0.0    198.1   0.00000000   0.00000000    263.4   93.0      0.4     77390
2017 12 13  1      0.0    201.5   0.00000000   0.00000000    262.5   93.0      1.0     77340
2017 12 13  2      0.0    175.0   0.00000000   0.00000000    260.8   91.0      1.2     77220
2017 12 13  3      0.0    170.0   0.00000000   0.00000000    261.3   88.0      1.1     77290
2017 12 13  4      0.0    166.3   0.00000000   0.00000000    261.2   83.0      0.9     77280
2017 12 13  5      0.0    164.6   0.00000000   0.00000000    261.3   79.0      1.2     77270
2017 12 13  6      0.0    161.6   0.00000000   0.00000000    260.1   85.0      1.5     77100
2017 12 13  7      0.0    156.3   0.00000000   0.00000000    259.0   88.0      2.0     77010
2017 12 13  8     38.0    154.9   0.00000000   0.00000000    259.1   83.0      2.1     76920
2017 12 13  9    161.0    156.5   0.00000000   0.00000000    260.5   69.0      1.7     76980
2017 12 13 10    267.0    160.0   0.00000000   0.00000000    262.1   60.0      1.3     77030
2017 12 13 11    335.0    159.3   0.00000000   0.00000000    262.4   55.0      1.6     76940
2017 12 13 12    348.0    168.8   0.00000000   0.00000000    265.5   47.0      1.9     77180
2017 12 13 13    307.0    186.7   0.00000000   0.00000000    264.3   48.0      1.7     76950
2017 12 13 14    191.0    200.8   0.00000000   0.00000000    264.0   53.0      1.9     76850
2017 12 13 15     71.0    200.5   0.00000000   0.00000000    263.8   54.0      2.1     76800
2017 12 13 16      5.0    165.5   0.00000000   0.00000000    263.1   53.0      2.2     76750
2017 12 13 17      0.0    181.6   0.00000000   0.00000000    261.9   55.0      2.4     76650
2017 12 13 18      0.0    188.5   0.00000000   0.00000000    261.8   59.0      2.7     76590
2017 12 13 19      0.0    173.0   0.00000000   0.00000000    262.6   62.0      2.9     76580
2017 12 13 20      0.0    177.1   0.00000000   0.00000000    262.3   63.0      3.4     76430
2017 12 13 21      0.0    181.1   0.00000000   0.00000000    261.5   69.0      3.3     76300
2017 12 13 22      0.0    197.0   0.00008333   0.00000000    262.0   70.0      3.7     76260
2017 12 13 23      0.0    194.0   0.00019444   0.00000000    262.6   75.0      3.5     76380
2017 12 14  0      0.0    189.8   0.00002778   0.00000000    262.3   76.0      3.5     76420
2017 12 14  1      0.0    204.8   0.00000000   0.00000000    262.8   77.0      3.0     76400
2017 12 14  2      0.0    204.1   0.00000000   0.00000000    262.3   79.0      3.3     76300
2017 12 14  3      0.0    205.4   0.00000000   0.00000000    262.4   81.0      3.0     76220
2017 12 14  4      0.0    204.8   0.00000000   0.00000000    262.3   83.0      3.0     76140
2017 12 14  5      0.0    172.1   0.00000000   0.00000000    262.0   86.0      2.6     76150
2017 12 14  6      0.0    173.6   0.00000000   0.00000000    261.3   87.0      2.1     76110
2017 12 14  7      0.0    177.0   0.00000000   0.00000000    260.8   89.0      1.9     76120
2017 12 14  8     32.0    168.9   0.00000000   0.00000000    261.1   88.0      1.2     76140
2017 12 14  9    131.0    199.4   0.00000000   0.00000000    262.4   82.0      1.5     76230
2017 12 14 10    203.0    218.2   0.00002778   0.00000000    265.3   77.0      1.2     76410
2017 12 14 11    153.0    220.5   0.00008333   0.00000000    265.0   83.0      0.9     76470
2017 12 14 12    119.0    222.4   0.00025000   0.00000000    265.9   75.0      1.2     76570
2017 12 14 13    145.0    219.5   0.00013889   0.00000000    265.6   76.0      1.1     76500
2017 12 14 14     78.0    218.4   0.00013889   0.00000000    264.9   81.0      0.9     76410
2017 12 14 15     41.0    215.7   0.00008333   0.00000000    264.5   82.0      1.8     76320
2017 12 14 16      5.0    214.1   0.00002778   0.00000000    263.8   84.0      2.4     76090
2017 12 14 17      0.0    213.4   0.00008333   0.00000000    263.6   85.0      2.3     75980
2017 12 14 18      0.0    212.6   0.00011111   0.00000000    263.4   86.0      2.8     75910
2017 12 14 19      0.0    213.9   0.00008333   0.00000000    263.9   84.0      2.9     75900
2017 12 14 20      0.0    213.9   0.00008333   0.00000000    263.9   84.0      2.7     75900
2017 12 14 21      0.0    212.7   0.00013889   0.00000000    263.6   83.0      2.4     75880
2017 12 14 22      0.0    212.4   0.00008333   0.00000000    263.8   83.0      2.6     75820
2017 12 14 23      0.0    209.4   0.00008333   0.00000000    263.5   86.0      2.6     75750
2017 12 15  0      0.0    208.9   0.00013889   0.00000000    264.0   83.0      2.8     75650
2017 12 15  1      0.0    218.6   0.00005556   0.00000000    264.8   81.0      3.1     75580
2017 12 15  2      0.0    216.3   0.00008333   0.00000000    264.6   82.0      1.4     75730
2017 12 15  3      0.0    215.3   0.00022222   0.00000000    263.9   88.0      0.9     75860
2017 12 15  4      0.0    208.3   0.00022222   0.00000000    263.9   89.0      1.2     75910
2017 12 15  5      0.0    209.0   0.00002778   0.00000000    263.3   88.0      1.0     75780
2017 12 15  6      0.0    180.7   0.00002778   0.00000000    263.0   83.0      1.0     75810
2017 12 15  7      0.0    174.8   0.00002778   0.00000000    261.9   84.0      1.2     75830
2017 12 15  8     28.0    173.0   0.00000000   0.00000000    263.3   82.0      1.2     75900
2017 12 15  9    151.0    169.3   0.00000000   0.00000000    262.6   81.0      1.5     75830
2017 12 15 10    256.0    172.1   0.00000000   0.00000000    263.9   72.0      1.3     75950
2017 12 15 11    328.0    173.3   0.00000000   0.00000000    264.8   64.0      1.2     75970
2017 12 15 12    341.0    183.7   0.00000000   0.00000000    266.5   71.0      1.0     76080
2017 12 15 13    303.0    169.6   0.00000000   0.00000000    263.9   65.0      1.6     75850
2017 12 15 14    210.0    168.3   0.00000000   0.00000000    262.8   75.0      1.8     75810
2017 12 15 15     91.0    176.6   0.00000000   0.00000000    263.5   83.0      1.6     75980
2017 12 15 16      6.0    187.9   0.00002778   0.00000000    263.8   85.0      1.0     76050
2017 12 15 17      0.0    169.9   0.00002778   0.00000000    262.0   85.0      1.2     75890
2017 12 15 18      0.0    166.2   0.00000000   0.00000000    260.9   85.0      1.1     75800
2017 12 15 19      0.0    166.1   0.00000000   0.00000000    260.5   84.0      0.9     75780
2017 12 15 20      0.0    163.4   0.00000000   0.00000000    260.3   82.0      0.6     75790
2017 12 15 21      0.0    164.7   0.00000000   0.00000000    260.6   81.0      0.4     75850
2017 12 15 22      0.0    167.8   0.00000000   0.00000000    261.8   77.0      0.6     75990
2017 12 15 23      0.0    156.1   0.00000000   0.00000000    259.5   80.0      0.7     75820
2017 12 16  0      0.0    156.4   0.00000000   0.00000000    259.1   84.0      1.1     75800
2017 12 16  1      0.0    151.6   0.00000000   0.00000000    258.3   83.0      0.6     75760
2017 12 16  2      0.0    152.8   0.00000000   0.00000000    258.4   82.0      0.8     75820
2017 12 16  3      0.0    150.0   0.00000000   0.00000000    257.4   82.0      0.7     75730
2017 12 16  4      0.0    150.0   0.00000000   0.00000000    257.0   82.0      0.1     75730
2017 12 16  5      0.0    152.7   0.00000000   0.00000000    257.6   80.0      0.1     75860
2017 12 16  6      0.0    178.8   0.00000000   0.00000000    257.9   80.0      0.2     75970
2017 12 16  7      0.0    191.3   0.00002778   0.00000000    260.1   79.0      0.4     76250
2017 12 16  8     23.0    192.6   0.00002778   0.00000000    260.3   80.0      0.8     76310
2017 12 16  9    105.0    200.3   0.00002778   0.00000000    262.2   76.0      0.8     76500
2017 12 16 10    174.0    199.0   0.00005556   0.00000000    261.2   81.0      1.3     76510
2017 12 16 11    153.0    208.1   0.00008333   0.00000000    262.9   81.0      0.9     76680
2017 12 16 12    165.0    202.0   0.00002778   0.00000000    263.4   84.0      1.6     76790
2017 12 16 13    196.0    211.0   0.00008333   0.00000000    263.3   83.0      1.9     76810
2017 12 16 14    122.0    211.1   0.00013889   0.00000000    263.0   88.0      1.3     76840
2017 12 16 15     42.0    209.7   0.00025000   0.00000000    262.5   92.0      1.1     76870
2017 12 16 16      4.0    207.7   0.00030556   0.00000000    261.9   96.0      1.1     76900
2017 12 16 17      0.0    202.3   0.00030556   0.00000000    261.5   95.0      0.9     76950
2017 12 16 18      0.0    199.1   0.00025000   0.00000000    260.6   93.0      1.0     77010
2017 12 16 19      0.0    200.5   0.00022222   0.00000000    260.9   90.0      0.5     77070
2017 12 16 20      0.0    200.0   0.00013889   0.00000000    260.8   92.0      0.5     77110
2017 12 16 21      0.0    198.3   0.00013889   0.00000000    260.3   93.0      0.7     77110
2017 12 16 22      0.0    196.6   0.00022222   0.00000000    260.3   90.0      0.6     77160
2017 12 16 23      0.0    195.2   0.00019444   0.00000000    259.9   90.0      0.0     77200
2017 12 17  0      0.0    181.7   0.00013889   0.00000000    258.4   72.0      0.6     77050
2017 12 17  1      0.0    186.5   0.00011111   0.00000000    258.3   88.0      0.4     77070
2017 12 17  2      0.0    190.5   0.00019444   0.00000000    259.1   88.0      0.3     77180
2017 12 17  3      0.0    194.1   0.00019444   0.00000000    259.8   88.0      0.5     77250
2017 12 17  4      0.0    195.8   0.00027778   0.00000000    260.0   90.0      0.7     77300
2017 12 17  5      0.0    195.5   0.00025000   0.00000000    260.0   89.0      0.6     77330
2017 12 17  6      0.0    195.2   0.00022222   0.00000000    259.9   90.0      0.6     77370
2017 12 17  7      0.0    191.5   0.00011111   0.00000000    259.3   88.0      0.8     77380
2017 12 17  8     22.0    192.6   0.00016667   0.00000000    259.5   88.0      0.7     77440
2017 12 17  9     86.0    197.6   0.00013889   0.00000000    260.8   83.0      1.3     77570
2017 12 17 10    157.0    198.3   0.00008333   0.00000000    261.2   81.0      1.5     77630
2017 12 17 11    200.0    195.9   0.00005556   0.00000000    261.2   84.0      1.6     77620
2017 12 17 12    210.0    198.6   0.00005556   0.00000000    262.0   88.0      2.0     77680
2017 12 17 13    234.0    200.0   0.00005556   0.00000000    261.0   89.0      1.4     77620
2017 12 17 14    156.0    190.0   0.00005556   0.00000000    260.8   80.0      1.2     77640
2017 12 17 15     61.0    194.7   0.00005556   0.00000000    260.4   89.0      1.1     77690
2017 12 17 16      5.0    193.2   0.00005556   0.00000000    259.5   90.0      0.9     77700
2017 12 17 17      0.0    193.6   0.00005556   0.00000000    259.8   88.0      0.7     77760
2017 12 17 18      0.0    193.1   0.00005556   0.00000000    259.6   88.0      0.9     77790
2017 12 17 19      0.0    194.1   0.00002778   0.00000000    259.8   88.0      0.5     77830
2017 12 17 20      0.0    194.1   0.00002778   0.00000000    259.8   88.0      0.5     77870
2017 12 17 21      0.0    193.1   0.00002778   0.00000000    259.6   88.0      0.2     77870
2017 12 17 22      0.0    186.7   0.00002778   0.00000000    258.8   87.0      0.2     77830
2017 12 17 23      0.0    179.8   0.00000000   0.00000000    257.9   85.0      0.7     77730
2017 12 18  0      0.0    180.3   0.00000000   0.00000000    258.4   87.0      0.9     77730
2017 12 18  1      0.0    180.8   0.00000000   0.00000000    257.4   86.0      0.8     77640
2017 12 18  2      0.0    181.0   0.00000000   0.00000000    257.3   86.0      1.1     77570
2017 12 18  3      0.0    179.2   0.00000000   0.00000000    257.2   86.0      1.4     77430
2017 12 18  4      0.0    181.5   0.00000000   0.00000000    257.6   85.0      1.4     77380
2017 12 18  5      0.0    178.0   0.00000000   0.00000000    257.6   84.0      1.3     77350
2017 12 18  6      0.0    178.5   0.00000000   0.00000000    257.5   83.0      1.5     77240
2017 12 18  7      0.0    184.3   0.00002778   0.00000000    258.5   78.0      1.9     77240
2017 12 18  8     17.0    188.1   0.00005556   0.00000000    259.8   72.0      1.8     77290
2017 12 18  9     64.0    196.0   0.00013889   0.00000000    261.4   70.0      1.4     77450
2017 12 18 10    111.0    203.2   0.00013889   0.00000000    262.8   71.0      0.8     77520
2017 12 18 11    174.0    209.4   0.00011111   0.00000000    263.5   76.0      0.7     77540
2017 12 18 12    182.0    218.6   0.00005556   0.00000000    264.8   81.0      0.7     77590
2017 12 18 13    192.0    212.6   0.00002778   0.00000000    263.8   82.0      0.9     77520
2017 12 18 14     91.0    214.5   0.00005556   0.00000000    263.8   85.0      0.7     77630
2017 12 18 15     35.0    210.7   0.00005556   0.00000000    262.8   90.0      0.8     77660
2017 12 18 16      4.0    213.7   0.00005556   0.00000000    263.1   94.0      0.2     77760
2017 12 18 17      0.0    206.3   0.00002778   0.00000000    262.0   92.0      0.4     77700
2017 12 18 18      0.0    205.4   0.00002778   0.00000000    262.3   91.0      0.2     77780
2017 12 18 19      0.0    201.8   0.00002778   0.00000000    262.1   90.0      0.4     77800
2017 12 18 20      0.0    199.1   0.00002778   0.00000000    262.1   90.0      0.4     77850
2017 12 18 21      0.0    197.7   0.00000000   0.00000000    261.5   89.0      0.4     77850
2017 12 18 22      0.0    199.3   0.00002778   0.00000000    261.0   89.0      0.4     77860
2017 12 18 23      0.0    200.6   0.00002778   0.00000000    261.4   89.0      0.4     77900
2017 12 19  0      0.0    199.1   0.00002778   0.00000000    261.9   87.0      0.3     78000
2017 12 19  1      0.0    202.3   0.00002778   0.00000000    261.9   86.0      0.2     78050
2017 12 19  2      0.0    202.5   0.00002778   0.00000000    262.0   85.0      0.1     78090
2017 12 19  3      0.0    203.6   0.00002778   0.00000000    261.8   85.0      0.3     78080
2017 12 19  4      0.0    203.9   0.00000000   0.00000000    262.0   85.0      0.2     78100
2017 12 19  5      0.0    205.7   0.00002778   0.00000000    262.2   85.0      0.3     78130
2017 12 19  6      0.0    207.2   0.00005556   0.00000000    262.6   83.0      0.1     78210
2017 12 19  7      0.0    206.1   0.00005556   0.00000000    262.4   85.0      0.4     78210
2017 12 19  8     15.0    207.2   0.00005556   0.00000000    262.4   86.0      0.1     78310
2017 12 19  9     53.0    212.1   0.00005556   0.00000000    263.5   83.0      0.4     78430
2017 12 19 10     98.0    214.3   0.00002778   0.00000000    264.1   82.0      0.3     78510
2017 12 19 11    129.0    209.3   0.00002778   0.00000000    264.4   80.0      0.7     78490
2017 12 19 12    148.0    205.4   0.00000000   0.00000000    264.8   80.0      0.9     78510
2017 12 19 13    140.0    206.1   0.00000000   0.00000000    264.3   84.0      0.9     78550
2017 12 19 14    106.0    200.0   0.00000000   0.00000000    264.1   86.0      0.4     78500
2017 12 19 15     47.0    197.3   0.00000000   0.00000000    263.5   87.0      0.5     78450
2017 12 19 16      4.0    212.1   0.00000000   0.00000000    263.2   90.0      0.8     78480
2017 12 19 17      0.0    212.8   0.00002778   0.00000000    263.4   91.0      0.3     78420
2017 12 19 18      0.0    212.6   0.00002778   0.00000000    263.2   89.0      0.9     78450
2017 12 19 19      0.0    214.2   0.00002778   0.00000000    263.5   89.0      0.6     78460
2017 12 19 20      0.0    214.4   0.00005556   0.00000000    263.6   90.0      0.7     78480
2017 12 19 21      0.0    214.4   0.00008333   0.00000000    263.4   91.0      0.5     78470
2017 12 19 22      0.0    213.9   0.00008333   0.00000000    263.4   92.0      1.1     78440
2017 12 19 23      0.0    213.4   0.00008333   0.00000000    263.3   92.0      0.9     78430
2017 12 20  0      0.0    211.8   0.00008333   0.00000000    263.0   90.0      1.1     78430
2017 12 20  1      0.0    212.7   0.00008333   0.00000000    263.3   90.0      0.9     78400
2017 12 20  2      0.0    213.5   0.00011111   0.00000000    263.3   90.0      1.2     78450
2017 12 20  3      0.0    213.0   0.00008333   0.00000000    263.3   91.0      1.3     78430
2017 12 20  4      0.0    213.0   0.00008333   0.00000000    263.3   91.0      1.1     78430
2017 12 20  5      0.0    213.0   0.00008333   0.00000000    263.3   91.0      0.8     78400
2017 12 20  6      0.0    213.2   0.00008333   0.00000000    263.2   91.0      0.5     78400
2017 12 20  7      0.0    211.9   0.00005556   0.00000000    263.1   91.0      0.4     78440
2017 12 20  8     13.0    208.3   0.00002778   0.00000000    263.3   90.0      0.2     78480
2017 12 20  9     62.0    206.1   0.00002778   0.00000000    263.6   87.0      0.4     78530
2017 12 20 10    115.0    203.6   0.00002778   0.00000000    264.4   83.0      0.4     78610
2017 12 20 11    147.0    193.3   0.00000000   0.00000000    264.1   84.0      0.6     78530
2017 12 20 12    174.0    209.2   0.00000000   0.00000000    265.3   87.0      1.0     78590
2017 12 20 13    166.0    219.7   0.00000000   0.00000000    265.1   88.0      0.9     78560
2017 12 20 14    132.0    194.7   0.00000000   0.00000000    264.1   90.0      0.9     78500
2017 12 20 15     66.0    188.0   0.00000000   0.00000000    263.6   94.0      1.1     78510
2017 12 20 16      7.0    183.2   0.00000000   0.00000000    263.8   95.0      0.5     78580
2017 12 20 17      0.0    171.8   0.00000000   0.00000000    262.0   92.0      0.4     78460
2017 12 20 18      0.0    169.9   0.00000000   0.00000000    260.8   91.0      0.4     78390
2017 12 20 19      0.0    169.4   0.00000000   0.00000000    260.6   90.0      0.4     78390
2017 12 20 20      0.0    166.6   0.00000000   0.00000000    260.3   89.0      0.6     78370
2017 12 20 21      0.0    165.1   0.00000000   0.00000000    260.0   92.0      0.9     78350
2017 12 20 22      0.0    162.9   0.00000000   0.00000000    260.0   88.0      0.9     78350
2017 12 20 23      0.0    161.7   0.00000000   0.00000000    260.0   85.0      0.7     78350
2017 12 21  0      0.0    157.8   0.00000000   0.00000000    258.8   88.0      1.2     78210
2017 12 21  1      0.0    185.7   0.00000000   0.00000000    259.0   87.0      0.4     78210
2017 12 21  2      0.0    201.4   0.00000000   0.00000000    262.2   79.0      0.4     78460
2017 12 21  3      0.0    203.3   0.00000000   0.00000000    262.5   76.0      0.2     78460
2017 12 21  4      0.0    218.5   0.00000000   0.00000000    266.6   63.0      0.8     78880
2017 12 21  5      0.0    218.7   0.00002778   0.00000000    266.6   62.0      0.6     78870
2017 12 21  6      0.0    214.3   0.00002778   0.00000000    265.5   67.0      0.6     78770
2017 12 21  7      0.0    214.6   0.00002778   0.00000000    265.0   74.0      0.4     78760
2017 12 21  8     16.0    202.5   0.00000000   0.00000000    265.6   73.0      0.5     78770
2017 12 21  9     75.0    197.1   0.00000000   0.00000000    267.8   61.0      0.3     78960
2017 12 21 10    147.0    202.5   0.00000000   0.00000000    269.1   62.0      0.3     79040
2017 12 21 11    211.0    206.9   0.00000000   0.00000000    268.6   74.0      0.9     78980
2017 12 21 12    217.0    213.0   0.00000000   0.00000000    269.5   81.0      0.9     79010
2017 12 21 13    227.0    207.3   0.00000000   0.00000000    269.8   76.0      0.6     79030
2017 12 21 14    166.0    243.7   0.00000000   0.00000000    269.3   78.0      0.5     79030
2017 12 21 15     54.0    234.6   0.00002778   0.00000000    267.5   84.0      0.7     78850
2017 12 21 16      6.0    221.4   0.00000000   0.00000000    266.2   86.0      0.3     78740
2017 12 21 17      0.0    232.8   0.00000000   0.00000000    267.9   82.0      0.9     78890
2017 12 21 18      0.0    238.9   0.00011111   0.00000000    268.5   82.0      1.3     79000
2017 12 21 19      0.0    241.0   0.00022222   0.00000000    268.1   89.0      1.0     78990
2017 12 21 20      0.0    233.6   0.00022222   0.00000000    266.8   94.0      1.5     78850
2017 12 21 21      0.0    238.5   0.00016667   0.00000000    267.2   97.0      1.0     78900
2017 12 21 22      0.0    238.5   0.00016667   0.00000000    267.4   96.0      1.1     78910
2017 12 21 23      0.0    237.9   0.00016667   0.00000000    267.3   96.0      1.0     78920
2017 12 22  0      0.0    234.3   0.00008333   0.00000000    266.8   96.0      1.7     78840
2017 12 22  1      0.0    233.6   0.00000000   0.00000000    266.5   95.0      1.2     78800
2017 12 22  2      0.0    233.6   0.00000000   0.00000000    266.5   95.0      1.6     78790
2017 12 22  3      0.0    219.8   0.00000000   0.00000000    266.8   96.0      1.5     78740
2017 12 22  4      0.0    239.7   0.00000000   0.00000000    267.4   97.0      1.2     78780
2017 12 22  5      0.0    236.2   0.00000000   0.00000000    266.9   98.0      0.8     78760
2017 12 22  6      0.0    235.5   0.00000000   0.00000000    266.8   97.0      0.6     78760
2017 12 22  7      0.0    234.9   0.00005556   0.00000000    267.2   94.0      0.4     78770
2017 12 22  8     12.0    235.5   0.00005556   0.00000000    267.3   94.0      0.5     78760
2017 12 22  9     41.0    243.3   0.00005556   0.00002778    268.8   90.0      0.5     78890
2017 12 22 10     69.0    245.6   0.00011111   0.00000000    269.4   83.0      0.4     78930
2017 12 22 11    109.0    248.6   0.00011111   0.00000000    269.5   91.0      0.7     78880
2017 12 22 12    105.0    256.9   0.00011111   0.00000000    270.4   93.0      0.9     78960
2017 12 22 13     88.0    254.1   0.00016667   0.00000000    269.9   94.0      0.7     78900
2017 12 22 14     51.0    251.7   0.00022222   0.00000000    269.4   96.0      0.5     78870
2017 12 22 15     26.0    250.2   0.00019444   0.00000000    269.1   97.0      0.5     78850
2017 12 22 16      3.0    248.9   0.00019444   0.00000000    268.9   97.0      0.7     78840
2017 12 22 17      0.0    249.6   0.00016667   0.00000000    269.1   98.0      1.0     78860
2017 12 22 18      0.0    252.1   0.00013889   0.00000000    269.4   97.0      1.4     78870
2017 12 22 19      0.0    251.8   0.00008333   0.00000000    269.3   98.0      1.7     78910
2017 12 22 20      0.0    250.5   0.00011111   0.00000000    269.1   98.0      1.8     78940
2017 12 22 21      0.0    247.8   0.00008333   0.00000000    268.8   98.0      1.2     78940
2017 12 22 22      0.0    247.5   0.00005556   0.00000000    268.8   99.0      1.3     78940
2017 12 22 23      0.0    247.5   0.00008333   0.00000000    268.8   99.0      1.4     78970
2017 12 23  0      0.0    245.2   0.00011111   0.00000000    268.3   97.0      1.2     78980
2017 12 23  1      0.0    244.1   0.00005556   0.00000000    268.4   97.0      1.1     78970
2017 12 23  2      0.0    245.5   0.00005556   0.00000000    268.5   97.0      1.1     78980
2017 12 23  3      0.0    244.9   0.00005556   0.00000000    268.4   97.0      0.9     78930
2017 12 23  4      0.0    244.3   0.00002778   0.00000000    268.5   96.0      1.1     78890
2017 12 23  5      0.0    242.3   0.00002778   0.00000000    268.6   96.0      0.9     78920
2017 12 23  6      0.0    240.1   0.00005556   0.00000000    268.5   96.0      0.9     78920
2017 12 23  7      0.0    235.6   0.00002778   0.00000000    268.3   96.0      0.9     78930
2017 12 23  8     16.0    234.7   0.00002778   0.00000000    268.6   95.0      0.5     78990
2017 12 23  9     73.0    232.8   0.00002778   0.00000000    268.9   91.0      0.6     79070
2017 12 23 10    133.0    229.9   0.00000000   0.00000000    269.1   84.0      0.7     79120
2017 12 23 11    171.0    226.1   0.00000000   0.00000000    269.5   76.0      0.9     79050
2017 12 23 12    218.0    222.1   0.00000000   0.00000000    271.3   70.0      0.6     79130
2017 12 23 13    233.0    204.2   0.00000000   0.00000000    269.2   71.0      1.3     78940
2017 12 23 14    179.0    205.9   0.00000000   0.00000000    271.8   60.0      0.9     79110
2017 12 23 15     91.0    207.1   0.00000000   0.00000000    270.9   63.0      0.7     79000
2017 12 23 16      9.0    210.9   0.00000000   0.00000000    266.5   76.0      0.9     78640
2017 12 23 17      0.0    186.6   0.00000000   0.00000000    266.2   71.0      0.9     78570
2017 12 23 18      0.0    183.2   0.00000000   0.00000000    266.3   63.0      0.7     78560
2017 12 23 19      0.0    183.7   0.00000000   0.00000000    266.2   59.0      0.7     78540
2017 12 23 20      0.0    180.4   0.00000000   0.00000000    266.2   57.0      0.8     78520
2017 12 23 21      0.0    181.1   0.00000000   0.00000000    266.2   57.0      0.9     78490
2017 12 23 22      0.0    181.6   0.00000000   0.00000000    265.9   56.0      1.0     78450
2017 12 23 23      0.0    174.6   0.00000000   0.00000000    265.8   56.0      1.1     78420
2017 12 24  0      0.0    177.7   0.00000000   0.00000000    265.8   64.0      1.4     78440
2017 12 24  1      0.0    177.1   0.00000000   0.00000000    266.3   57.0      0.9     78420
2017 12 24  2      0.0    177.2   0.00000000   0.00000000    266.3   57.0      0.9     78390
2017 12 24  3      0.0    177.1   0.00000000   0.00000000    266.4   56.0      0.8     78310
2017 12 24  4      0.0    176.6   0.00000000   0.00000000    266.6   53.0      0.7     78230
2017 12 24  5      0.0    174.7   0.00000000   0.00000000    266.4   51.0      0.5     78190
2017 12 24  6      0.0    171.1   0.00000000   0.00000000    265.8   50.0      0.8     78130
2017 12 24  7      0.0    175.0   0.00000000   0.00000000    267.3   44.0      1.0     78240
2017 12 24  8     32.0    175.6   0.00000000   0.00000000    267.3   45.0      1.0     78240
2017 12 24  9    146.0    179.5   0.00000000   0.00000000    267.8   48.0      1.2     78280
2017 12 24 10    254.0    185.2   0.00000000   0.00000000    268.6   52.0      1.3     78330
2017 12 24 11    323.0    201.7   0.00000000   0.00000000    271.1   61.0      1.2     78470
2017 12 24 12    341.0    218.2   0.00000000   0.00000000    273.4   71.0      1.6     78610
2017 12 24 13    305.0    198.2   0.00000000   0.00000000    269.6   70.0      1.5     78280
2017 12 24 14    221.0    193.1   0.00000000   0.00000000    268.9   66.0      1.1     78190
2017 12 24 15    105.0    186.7   0.00000000   0.00000000    268.3   58.0      0.7     78130
2017 12 24 16     10.0    182.9   0.00000000   0.00000000    268.1   52.0      0.7     78080
2017 12 24 17      0.0    180.9   0.00000000   0.00000000    268.0   49.0      0.7     78060
2017 12 24 18      0.0    180.4   0.00000000   0.00000000    268.0   48.0      0.7     78040
2017 12 24 19      0.0    178.9   0.00000000   0.00000000    267.8   47.0      0.7     78000
2017 12 24 20      0.0    178.5   0.00000000   0.00000000    267.8   47.0      0.8     77960
2017 12 24 21      0.0    178.0   0.00000000   0.00000000    267.6   47.0      0.8     77920
2017 12 24 22      0.0    177.6   0.00000000   0.00000000    267.5   47.0      0.8     77910
2017 12 24 23      0.0    177.0   0.00000000   0.00000000    267.5   46.0      0.8     77880
2017 12 25  0      0.0    175.7   0.00000000   0.00000000    266.4   53.0      0.9     77810
2017 12 25  1      0.0    177.2   0.00000000   0.00000000    267.3   48.0      0.9     77830
2017 12 25  2      0.0    177.1   0.00000000   0.00000000    267.4   47.0      0.7     77820
2017 12 25  3      0.0    175.5   0.00000000   0.00000000    267.4   44.0      0.6     77780
2017 12 25  4      0.0    174.5   0.00000000   0.00000000    267.3   43.0      0.6     77700
2017 12 25  5      0.0    173.4   0.00000000   0.00000000    267.2   42.0      0.6     77650
2017 12 25  6      0.0    172.6   0.00000000   0.00000000    267.0   42.0      0.6     77600
2017 12 25  7      0.0    172.0   0.00000000   0.00000000    267.0   41.0      0.7     77590
2017 12 25  8     32.0    174.0   0.00000000   0.00000000    267.6   40.0      0.7     77630
2017 12 25  9    146.0    180.9   0.00000000   0.00000000    268.6   44.0      0.9     77690
2017 12 25 10    255.0    190.1   0.00000000   0.00000000    269.1   57.0      0.9     77720
2017 12 25 11    325.0    195.2   0.00000000   0.00000000    269.5   64.0      1.1     77670
2017 12 25 12    342.0    213.3   0.00000000   0.00000000    272.9   66.0      1.4     77890
2017 12 25 13    306.0    196.7   0.00000000   0.00000000    269.9   63.0      1.6     77610
2017 12 25 14    224.0    193.9   0.00000000   0.00000000    269.6   60.0      1.3     77540
2017 12 25 15    108.0    185.0   0.00000000   0.00000000    267.3   64.0      1.5     77360
2017 12 25 16     11.0    175.3   0.00000000   0.00000000    264.4   74.0      1.9     77120
2017 12 25 17      0.0    172.7   0.00000000   0.00000000    263.4   80.0      2.1     77000
2017 12 25 18      0.0    178.5   0.00000000   0.00000000    263.8   76.0      2.2     76970
2017 12 25 19      0.0    179.2   0.00000000   0.00000000    263.9   74.0      2.2     76950
2017 12 25 20      0.0    175.1   0.00000000   0.00000000    263.5   76.0      2.3     76910
2017 12 25 21      0.0    174.4   0.00000000   0.00000000    263.3   76.0      2.6     76880
2017 12 25 22      0.0    180.1   0.00000000   0.00000000    263.1   75.0      2.6     76850
2017 12 25 23      0.0    182.4   0.00000000   0.00000000    263.2   72.0      2.8     76870
2017 12 26  0      0.0    180.6   0.00000000   0.00000000    264.4   66.0      3.4     76980
2017 12 26  1      0.0    176.7   0.00000000   0.00000000    264.5   67.0      3.1     76990
2017 12 26  2      0.0    184.7   0.00000000   0.00000000    264.3   72.0      3.1     76990
2017 12 26  3      0.0    187.4   0.00000000   0.00000000    264.3   75.0      3.1     77010
2017 12 26  4      0.0    183.9   0.00000000   0.00000000    264.4   78.0      3.2     76980
2017 12 26  5      0.0    188.2   0.00000000   0.00000000    264.4   82.0      3.2     76920
2017 12 26  6      0.0    193.6   0.00000000   0.00000000    264.5   82.0      2.9     76900
2017 12 26  7      0.0    201.9   0.00000000   0.00000000    264.9   81.0      2.7     76930
2017 12 26  8     21.0    209.3   0.00000000   0.00000000    265.6   81.0      2.6     76980
2017 12 26  9     96.0    214.0   0.00000000   0.00000000    266.8   78.0      2.2     77060
2017 12 26 10    166.0    221.8   0.00000000   0.00000000    268.4   74.0      1.7     77180
2017 12 26 11    215.0    224.1   0.00000000   0.00000000    268.8   74.0      1.2     77140
2017 12 26 12    216.0    230.1   0.00000000   0.00000000    270.3   70.0      1.6     77180
2017 12 26 13    219.0    206.9   0.00000000   0.00000000    268.8   74.0      1.2     77010
2017 12 26 14    140.0    204.3   0.00000000   0.00000000    267.9   78.0      1.3     76940
2017 12 26 15     62.0    205.9   0.00000000   0.00000000    266.8   79.0      1.3     76840
2017 12 26 16      7.0    202.1   0.00000000   0.00000000    266.8   80.0      1.5     76840
2017 12 26 17      0.0    217.5   0.00000000   0.00000000    265.9   84.0      1.9     76780
2017 12 26 18      0.0    182.7   0.00000000   0.00000000    265.1   88.0      2.7     76630
2017 12 26 19      0.0    177.8   0.00000000   0.00000000    264.0   88.0      2.6     76450
2017 12 26 20      0.0    204.3   0.00000000   0.00000000    264.2   90.0      3.0     76340
2017 12 26 21      0.0    215.7   0.00000000   0.00000000    264.3   87.0      2.9     76240
2017 12 26 22      0.0    219.0   0.00000000   0.00000000    264.8   88.0      2.9     76210
2017 12 26 23      0.0    226.2   0.00000000   0.00000000    265.8   86.0      3.0     76170
2017 12 27  0      0.0    227.2   0.00000000   0.00000000    266.1   84.0      3.4     76130
2017 12 27  1      0.0    226.6   0.00000000   0.00000000    266.0   84.0      3.2     76030
2017 12 27  2      0.0    229.5   0.00000000   0.00000000    266.8   81.0      3.3     75970
2017 12 27  3      0.0    229.6   0.00002778   0.00000000    266.8   80.0      3.3     75870
2017 12 27  4      0.0    225.4   0.00002778   0.00000000    267.1   79.0      3.4     75790
2017 12 27  5      0.0    219.3   0.00002778   0.00000000    266.8   79.0      3.2     75680
2017 12 27  6      0.0    223.8   0.00002778   0.00000000    266.9   78.0      3.2     75620
2017 12 27  7      0.0    229.2   0.00002778   0.00000000    267.0   78.0      3.3     75570
2017 12 27  8     21.0    212.7   0.00002778   0.00000000    267.5   75.0      3.6     75560
2017 12 27  9    113.0    234.1   0.00002778   0.00000000    268.0   74.0      3.1     75580
2017 12 27 10    188.0    233.4   0.00005556   0.00000000    268.3   74.0      3.1     75520
2017 12 27 11    260.0    238.2   0.00008333   0.00000000    268.9   73.0      3.8     75370
2017 12 27 12    282.0    242.7   0.00011111   0.00000000    269.5   75.0      2.9     75310
2017 12 27 13    197.0    242.7   0.00013889   0.00000000    269.2   77.0      2.0     75240
2017 12 27 14    105.0    240.3   0.00013889   0.00000000    268.6   80.0      1.4     75160
2017 12 27 15     46.0    234.2   0.00013889   0.00000000    267.3   84.0      1.2     75050
2017 12 27 16      4.0    232.2   0.00013889   0.00000000    266.8   88.0      1.0     75040
2017 12 27 17      0.0    234.6   0.00016667   0.00000000    267.1   88.0      0.8     75060
2017 12 27 18      0.0    234.6   0.00019444   0.00000000    267.1   88.0      0.4     75100
2017 12 27 19      0.0    233.3   0.00030556   0.00000000    266.4   96.0      1.7     75160
2017 12 27 20      0.0    231.2   0.00058333   0.00000000    266.1   95.0      1.5     75210
2017 12 27 21      0.0    225.9   0.00066667   0.00000000    265.2   95.0      3.3     75250
2017 12 27 22      0.0    221.0   0.00047222   0.00000000    264.4   94.0      2.8     75310
2017 12 27 23      0.0    217.4   0.00027778   0.00000000    264.0   90.0      3.1     75340
2017 12 28  0      0.0    219.9   0.00013889   0.00000000    264.4   93.0      2.7     75400
2017 12 28  1      0.0    217.1   0.00016667   0.00000000    263.9   91.0      2.3     75430
2017 12 28  2      0.0    215.5   0.00011111   0.00000000    263.6   91.0      2.2     75430
2017 12 28  3      0.0    213.8   0.00011111   0.00000000    263.5   90.0      1.9     75460
2017 12 28  4      0.0    212.3   0.00008333   0.00000000    263.1   92.0      3.0     75510
2017 12 28  5      0.0    211.5   0.00011111   0.00000000    262.8   94.0      2.8     75550
2017 12 28  6      0.0    208.9   0.00013889   0.00000000    262.3   93.0      2.6     75610
2017 12 28  7      0.0    208.6   0.00013889   0.00000000    262.3   92.0      2.1     75650
2017 12 28  8     10.0    208.6   0.00016667   0.00000000    262.3   92.0      2.8     75720
2017 12 28  9     46.0    210.0   0.00027778   0.00000000    262.5   93.0      2.8     75790
2017 12 28 10     99.0    211.7   0.00033333   0.00000000    262.8   93.0      2.9     75880
2017 12 28 11    125.0    209.9   0.00033333   0.00000000    262.6   91.0      3.0     75900
2017 12 28 12    140.0    207.2   0.00027778   0.00000000    262.4   86.0      3.8     75890
2017 12 28 13    141.0    204.4   0.00025000   0.00000000    262.1   89.0      2.8     75970
2017 12 28 14     95.0    202.5   0.00022222   0.00000000    261.6   85.0      2.7     76040
2017 12 28 15     53.0    202.5   0.00019444   0.00000000    261.1   93.0      3.0     76090
2017 12 28 16      7.0    200.0   0.00016667   0.00000000    260.8   92.0      2.9     76150
2017 12 28 17      0.0    199.2   0.00016667   0.00000000    260.6   91.0      2.4     76210
2017 12 28 18      0.0    198.4   0.00016667   0.00000000    260.5   90.0      2.4     76240
2017 12 28 19      0.0    195.4   0.00016667   0.00000000    260.3   84.0      2.8     76290
2017 12 28 20      0.0    190.3   0.00011111   0.00000000    259.8   89.0      2.8     76360
2017 12 28 21      0.0    191.3   0.00005556   0.00002778    259.4   90.0      2.1     76430
2017 12 28 22      0.0    182.3   0.00005556   0.00000000    259.0   88.0      1.9     76490
2017 12 28 23      0.0    170.5   0.00002778   0.00000000    258.8   89.0      1.6     76550
2017 12 29  0      0.0    165.5   0.00002778   0.00000000    258.8   89.0      1.9     76580
2017 12 29  1      0.0    185.8   0.00002778   0.00000000    258.1   89.0      1.2     76570
2017 12 29  2      0.0    164.9   0.00002778   0.00000000    257.8   88.0      1.0     76630
2017 12 29  3      0.0    156.8   0.00000000   0.00000000    257.9   92.0      0.8     76710
2017 12 29  4      0.0    164.6   0.00000000   0.00000000    257.4   92.0      0.3     76710
2017 12 29  5      0.0    162.3   0.00000000   0.00000000    255.7   87.0      0.8     76560
2017 12 29  6      0.0    150.0   0.00000000   0.00000000    256.1   86.0      0.9     76560
2017 12 29  7      0.0    150.0   0.00000000   0.00000000    254.8   84.0      1.0     76450
2017 12 29  8     25.0    150.0   0.00000000   0.00000000    255.8   84.0      1.3     76540
2017 12 29  9    129.0    150.0   0.00000000   0.00000000    256.5   78.0      1.3     76580
2017 12 29 10    259.0    150.0   0.00000000   0.00000000    257.5   63.0      1.3     76580
2017 12 29 11    334.0    150.0   0.00000000   0.00000000    258.6   52.0      1.3     76580
2017 12 29 12    355.0    154.8   0.00000000   0.00000000    261.6   52.0      0.9     76810
2017 12 29 13    319.0    173.5   0.00000000   0.00000000    258.5   55.0      1.7     76550
2017 12 29 14    199.0    177.0   0.00000000   0.00000000    258.3   61.0      1.8     76450
2017 12 29 15     92.0    179.1   0.00000000   0.00000000    259.1   57.0      1.7     76380
2017 12 29 16      8.0    183.7   0.00000000   0.00000000    259.8   61.0      2.1     76370
2017 12 29 17      0.0    180.8   0.00000000   0.00000000    259.6   63.0      2.4     76260
2017 12 29 18      0.0    180.8   0.00005556   0.00000000    259.1   64.0      2.5     76240
2017 12 29 19      0.0    182.0   0.00013889   0.00000000    260.2   59.0      2.8     76360
2017 12 29 20      0.0    183.6   0.00002778   0.00000000    259.5   63.0      2.8     76280
2017 12 29 21      0.0    187.5   0.00022222   0.00000000    259.8   69.0      2.8     76350
2017 12 29 22      0.0    167.0   0.00005556   0.00000000    259.4   78.0      2.0     76360
2017 12 29 23      0.0    169.6   0.00005556   0.00000000    259.1   84.0      1.3     76440
2017 12 30  0      0.0    173.5   0.00002778   0.00000000    260.4   86.0      1.7     76730
2017 12 30  1      0.0    171.6   0.00000000   0.00000000    260.8   83.0      1.4     76670
2017 12 30  2      0.0    193.3   0.00000000   0.00000000    260.3   82.0      1.8     76670
2017 12 30  3      0.0    201.1   0.00000000   0.00000000    261.8   78.0      0.8     76770
2017 12 30  4      0.0    198.1   0.00002778   0.00000000    261.3   77.0      2.1     76780
2017 12 30  5      0.0    193.7   0.00008333   0.00000000    260.1   82.0      3.0     76650
2017 12 30  6      0.0    195.9   0.00011111   0.00000000    260.4   84.0      2.9     76670
2017 12 30  7      0.0    200.6   0.00016667   0.00000000    261.3   84.0      3.0     76670
2017 12 30  8      9.0    207.0   0.00022222   0.00000000    262.5   84.0      2.9     76730
2017 12 30  9     35.0    211.9   0.00022222   0.00000000    263.4   84.0      2.9     76730
2017 12 30 10     54.0    219.3   0.00022222   0.00000000    264.8   83.0      2.7     76820
2017 12 30 11     52.0    223.9   0.00025000   0.00000000    265.6   83.0      2.2     76860
2017 12 30 12     82.0    227.1   0.00036111   0.00000000    266.3   81.0      2.3     76900
2017 12 30 13     83.0    234.2   0.00008333   0.00000000    267.5   81.0      2.1     76990
2017 12 30 14     75.0    237.4   0.00005556   0.00000000    267.9   83.0      1.7     77080
2017 12 30 15     27.0    237.7   0.00013889   0.00000000    267.5   90.0      1.8     77110
2017 12 30 16      5.0    234.1   0.00005556   0.00000000    267.2   92.0      1.7     77080
2017 12 30 17      0.0    238.4   0.00002778   0.00000000    267.3   95.0      1.1     77190
2017 12 30 18      0.0    246.7   0.00033333   0.00000000    268.6   96.0      1.1     77380
2017 12 30 19      0.0    249.5   0.00047222   0.00000000    269.0   97.0      1.2     77480
2017 12 30 20      0.0    252.1   0.00038889   0.00000000    269.4   97.0      1.6     77450
2017 12 30 21      0.0    253.6   0.00038889   0.00000000    269.8   96.0      1.4     77500
2017 12 30 22      0.0    256.5   0.00050000   0.00000000    270.1   97.0      1.2     77540
2017 12 30 23      0.0    244.0   0.00030556   0.00000000    269.5   97.0      1.1     77540
2017 12 31  0      0.0    249.3   0.00005556   0.00000000    271.0   93.0      1.7     77630
2017 12 31  1      0.0    242.9   0.00000000   0.00000000    271.8   91.0      1.6     77730
2017 12 31  2      0.0    219.0   0.00000000   0.00000000    270.2   91.0      1.5     77640
2017 12 31  3      0.0    201.6   0.00000000   0.00000000    268.0   92.0      1.3     77480
2017 12 31  4      0.0    198.4   0.00000000   0.00000000    267.8   93.0      1.1     77320
2017 12 31  5      0.0    191.6   0.00000000   0.00000000    266.6   93.0      0.9     77160
2017 12 31  6      0.0    187.2   0.00000000   0.00000000    265.6   95.0      0.9     77180
2017 12 31  7      0.0    175.3   0.00000000   0.00000000    263.1   94.0      1.2     76960
2017 12 31  8     24.0    177.1   0.00000000   0.00000000    263.8   91.0      1.2     77020
2017 12 31  9    121.0    185.9   0.00000000   0.00000000    266.3   80.0      1.2     77140
2017 12 31 10    232.0    193.7   0.00000000   0.00000000    268.6   71.0      1.2     77290
2017 12 31 11    315.0    195.3   0.00000000   0.00000000    269.1   69.0      1.8     77260
2017 12 31 12    337.0    219.0   0.00000000   0.00000000    273.4   73.0      1.8     77520
2017 12 31 13    307.0    213.5   0.00000000   0.00000000    270.6   66.0      1.8     77240
2017 12 31 14    221.0    207.0   0.00000000   0.00000000    271.6   59.0      1.9     77200
2017 12 31 15    113.0    199.7   0.00000000   0.00000000    270.0   60.0      2.4     77010
2017 12 31 16     14.0    192.5   0.00000000   0.00000000    268.1   67.0      2.7     76830
2017 12 31 17      0.0    192.1   0.00000000   0.00000000    267.1   74.0      2.9     76710
2017 12 31 18      0.0    195.4   0.00000000   0.00000000    266.8   78.0      2.9     76680
2017 12 31 19      0.0    190.8   0.00000000   0.00000000    266.4   80.0      2.7     76650
2017 12 31 20      0.0    193.7   0.00000000   0.00000000    266.0   82.0      2.3     76610
2017 12 31 21      0.0    218.4   0.00000000   0.00000000    265.8   82.0      1.8     76580
2017 12 31 22      0.0    185.0   0.00000000   0.00000000    265.9   83.0      1.4     76650
2017 12 31 23      0.0    182.1   0.00000000   0.00000000    264.8   82.0      0.9     76610
2018  1  1  0      0.0    180.2   0.00000000   0.00000000    264.2   92.0      2.3     76620
2018  1  1  1      0.0    188.0   0.00000000   0.00000000    265.0   88.0      1.9     76760
2018  1  1  2      0.0    214.3   0.00000000   0.00000000    265.5   85.0      1.4     76870
2018  1  1  3      0.0    219.4   0.00000000   0.00000000    265.8   86.0      0.9     76920
2018  1  1  4      0.0    224.1   0.00005556   0.00000000    265.5   85.0      1.1     76910
2018  1  1  5      0.0    239.9   0.00036111   0.00000000    267.8   91.0      1.6     77190
2018  1  1  6      0.0    237.6   0.00052778   0.00000000    267.3   93.0      1.3     77270
2018  1  1  7      0.0    237.9   0.00013889   0.00000000    267.1   97.0      1.0     77280
2018  1  1  8     15.0    233.8   0.00005556   0.00000000    266.6   94.0      0.9     77270
2018  1  1  9     68.0    232.0   0.00005556   0.00000000    266.8   86.0      0.9     77300
2018  1  1 10    129.0    233.9   0.00002778   0.00000000    267.6   79.0      1.1     77340
2018  1  1 11    179.0    228.0   0.00000000   0.00000000    267.8   74.0      0.7     77230
2018  1  1 12    210.0    231.1   0.00000000   0.00000000    268.2   72.0      1.0     77220
2018  1  1 13    204.0    195.6   0.00000000   0.00000000    268.2   61.0      0.3     77160
2018  1  1 14    176.0    187.5   0.00000000   0.00000000    267.3   69.0      1.4     76960
2018  1  1 15    112.0    182.0   0.00000000   0.00000000    265.8   77.0      2.0     76740
2018  1  1 16     16.0    175.3   0.00000000   0.00000000    264.1   79.0      2.5     76440
2018  1  1 17      0.0    210.6   0.00000000   0.00000000    263.3   86.0      3.0     76190
2018  1  1 18      0.0    212.6   0.00000000   0.00000000    263.8   82.0      2.6     76120
2018  1  1 19      0.0    216.4   0.00000000   0.00000000    264.8   77.0      1.8     76250
2018  1  1 20      0.0    220.9   0.00002778   0.00000000    265.5   77.0      1.4     76420
2018  1  1 21      0.0    215.8   0.00011111   0.00000000    265.5   74.0      1.2     76570
2018  1  1 22      0.0    214.7   0.00005556   0.00000000    264.6   74.0      1.5     76580
2018  1  1 23      0.0    216.7   0.00008333   0.00000000    265.3   79.0      1.3     76770
2018  1  2  0      0.0    208.3   0.00008333   0.00000000    265.9   71.0      1.6     76910
2018  1  2  1      0.0    218.9   0.00011111   0.00000000    265.2   84.0      1.8     76920
2018  1  2  2      0.0    198.1   0.00013889   0.00000000    264.2   89.0      2.2     76940
2018  1  2  3      0.0    188.8   0.00008333   0.00000000    264.5   91.0      2.3     77010
2018  1  2  4      0.0    213.1   0.00005556   0.00000000    264.0   93.0      2.1     77030
2018  1  2  5      0.0    217.8   0.00011111   0.00000000    264.5   92.0      2.6     77090
2018  1  2  6      0.0    203.7   0.00008333   0.00000000    264.2   94.0      2.7     77130
2018  1  2  7      0.0    201.6   0.00011111   0.00000000    262.8   92.0      1.7     77110
2018  1  2  8     16.0    198.9   0.00038889   0.00000000    263.1   91.0      1.0     77230
2018  1  2  9     77.0    211.4   0.00016667   0.00000000    264.0   88.0      1.6     77310
2018  1  2 10    166.0    212.5   0.00011111   0.00000000    264.8   89.0      2.5     77380
2018  1  2 11    175.0    206.5   0.00008333   0.00000000    265.0   84.0      3.0     77400
2018  1  2 12    176.0    197.9   0.00013889   0.00000000    265.5   77.0      2.2     77510
2018  1  2 13    173.0    202.4   0.00008333   0.00000000    265.2   83.0      2.2     77500
2018  1  2 14    167.0    188.4   0.00002778   0.00000000    265.0   84.0      2.0     77520
2018  1  2 15     90.0    209.3   0.00000000   0.00000000    263.2   84.0      1.3     77420
2018  1  2 16     12.0    202.8   0.00000000   0.00000000    262.2   85.0      0.8     77430
2018  1  2 17      0.0    189.4   0.00000000   0.00000000    262.6   87.0      2.0     77440
2018  1  2 18      0.0    201.7   0.00000000   0.00000000    261.2   89.0      2.1     77270
2018  1  2 19      0.0    201.7   0.00000000   0.00000000    261.2   89.0      2.1     77230
2018  1  2 20      0.0    204.2   0.00002778   0.00000000    262.1   82.0      2.5     77180
2018  1  2 21      0.0    205.9   0.00005556   0.00000000    262.8   78.0      2.6     77100
2018  1  2 22      0.0    209.8   0.00019444   0.00000000    263.5   77.0      2.5     77090
2018  1  2 23      0.0    212.8   0.00044444   0.00000000    263.8   82.0      2.6     77060
2018  1  3  0      0.0    215.0   0.00061111   0.00000000    264.3   79.0      2.6     77110
2018  1  3  1      0.0    222.2   0.00005556   0.00000000    265.3   83.0      2.2     77050
2018  1  3  2      0.0    225.0   0.00011111   0.00000000    265.6   86.0      2.2     76960
2018  1  3  3      0.0    228.9   0.00008333   0.00000000    266.2   87.0      2.1     76930
2018  1  3  4      0.0    225.7   0.00002778   0.00000000    265.8   89.0      2.3     76750
2018  1  3  5      0.0    202.6   0.00000000   0.00000000    264.4   91.0      2.4     76460
2018  1  3  6      0.0    208.2   0.00000000   0.00000000    263.5   91.0      2.7     76280
2018  1  3  7      0.0    219.5   0.00000000   0.00000000    267.8   83.0      3.2     76470
2018  1  3  8     17.0    220.3   0.00000000   0.00000000    267.5   81.0      3.4     76240
2018  1  3  9     81.0    232.8   0.00000000   0.00000000    267.9   78.0      2.6     76280
2018  1  3 10     99.0    218.9   0.00019444   0.00000000    268.3   78.0      1.9     76480
2018  1  3 11    178.0    233.1   0.00019444   0.00000000    268.5   78.0      1.7     76480
2018  1  3 12    155.0    244.9   0.00072222   0.00000000    269.5   80.0      2.2     76540
2018  1  3 13    117.0    241.9   0.00136111   0.00000000    267.8   98.0      2.8     76680
2018  1  3 14     31.0    233.5   0.00133333   0.00000000    266.6   98.0      4.7     76810
2018  1  3 15     27.0    206.6   0.00019444   0.00000000    265.8   93.0      3.6     76830
2018  1  3 16     10.0    196.0   0.00002778   0.00000000    265.3   87.0      3.6     76840
2018  1  3 17      0.0    209.4   0.00002778   0.00000000    264.8   88.0      3.2     76840
2018  1  3 18      0.0    214.0   0.00016667   0.00000000    265.2   87.0      2.5     76850
2018  1  3 19      0.0    207.9   0.00022222   0.00000000    265.5   84.0      2.6     76830
2018  1  3 20      0.0    216.2   0.00008333   0.00002778    265.6   91.0      3.2     76920
2018  1  3 21      0.0    220.5   0.00008333   0.00000000    265.9   82.0      2.6     76940
2018  1  3 22      0.0    229.1   0.00013889   0.00000000    266.8   80.0      2.2     76910
2018  1  3 23      0.0    228.3   0.00038889   0.00000000    266.3   84.0      1.3     76940
2018  1  4  0      0.0    231.8   0.00027778   0.00000000    266.8   87.0      1.5     76890
2018  1  4  1      0.0    229.5   0.00005556   0.00000000    266.5   84.0      1.7     76910
2018  1  4  2      0.0    227.9   0.00013889   0.00000000    265.9   89.0      1.6     76890
2018  1  4  3      0.0    226.7   0.00019444   0.00000000    265.8   89.0      1.4     76770
2018  1  4  4      0.0    222.3   0.00016667   0.00000000    265.0   88.0      2.0     76730
2018  1  4  5      0.0    219.7   0.00022222   0.00000000    264.8   86.0      2.6     76690
2018  1  4  6      0.0    221.8   0.00019444   0.00000000    264.9   88.0      2.5     76630
2018  1  4  7      0.0    224.8   0.00044444   0.00000000    265.3   90.0      2.5     76610
2018  1  4  8      5.0    227.3   0.00041667   0.00000000    265.8   89.0      2.2     76660
2018  1  4  9     16.0    231.2   0.00050000   0.00000000    266.4   90.0      2.2     76690
2018  1  4 10     42.0    237.0   0.00061111   0.00000000    267.5   88.0      2.4     76700
2018  1  4 11     41.0    241.0   0.00075000   0.00000000    268.1   89.0      2.1     76670
2018  1  4 12     49.0    249.8   0.00080556   0.00000000    269.6   88.0      2.1     76650
2018  1  4 13     37.0    251.4   0.00061111   0.00000000    269.6   92.0      1.9     76660
2018  1  4 14     38.0    255.6   0.00063889   0.00000000    270.2   93.0      1.8     76700
2018  1  4 15     20.0    260.6   0.00038889   0.00000000    270.8   96.0      1.7     76730
2018  1  4 16      7.0    259.7   0.00016667   0.00000000    270.6   97.0      1.2     76680
2018  1  4 17      0.0    258.2   0.00027778   0.00000000    270.3   98.0      1.4     76680
2018  1  4 18      0.0    262.4   0.00036111   0.00000000    270.9   99.0      1.1     76770
2018  1  4 19      0.0    263.1   0.00044444   0.00000000    271.0   99.0      1.1     76780
2018  1  4 20      0.0    261.1   0.00019444   0.00000000    270.8   99.0      1.1     76710
2018  1  4 21      0.0    259.6   0.00022222   0.00000000    270.4  100.0      1.1     76770
2018  1  4 22      0.0    262.2   0.00036111   0.00000000    270.8  100.0      1.1     76840
2018  1  4 23      0.0    261.5   0.00022222   0.00000000    270.8  100.0      1.5     76880
2018  1  5  0      0.0    239.1   0.00011111   0.00000000    267.9   94.0      1.2     76530
2018  1  5  1      0.0    198.5   0.00002778   0.00000000    267.8   93.0      1.1     76470
2018  1  5  2      0.0    210.8   0.00000000   0.00000000    268.0   91.0      0.8     76590
2018  1  5  3      0.0    204.5   0.00000000   0.00000000    269.1   87.0      0.7     76660
2018  1  5  4      0.0    218.7   0.00000000   0.00000000    268.1   87.0      0.7     76660
2018  1  5  5      0.0    228.7   0.00000000   0.00000000    269.6   86.0      1.2     76710
2018  1  5  6      0.0    248.2   0.00000000   0.00000000    269.9   86.0      0.9     76710
2018  1  5  7      0.0    238.7   0.00000000   0.00000000    269.8   88.0      1.5     76660
2018  1  5  8     22.0    225.3   0.00000000   0.00000000    268.8   89.0      1.8     76520
2018  1  5  9    130.0    208.1   0.00000000   0.00000000    269.8   82.0      1.8     76570
2018  1  5 10    240.0    212.6   0.00000000   0.00000000    270.5   74.0      1.7     76630
2018  1  5 11    254.0    218.8   0.00000000   0.00000000    272.5   68.0      1.4     76710
2018  1  5 12    314.0    224.8   0.00000000   0.00000000    274.4   62.0      1.7     76870
2018  1  5 13    265.0    240.8   0.00000000   0.00000000    272.6   69.0      1.4     76730
2018  1  5 14    134.0    249.7   0.00000000   0.00000000    272.6   73.0      1.4     76750
2018  1  5 15     84.0    234.7   0.00000000   0.00000000    272.0   75.0      1.3     76740
2018  1  5 16     15.0    209.9   0.00000000   0.00000000    270.6   78.0      1.4     76650
2018  1  5 17      0.0    207.3   0.00000000   0.00000000    270.0   78.0      1.8     76630
2018  1  5 18      0.0    201.9   0.00000000   0.00000000    269.2   81.0      1.8     76610
2018  1  5 19      0.0    201.8   0.00000000   0.00000000    268.8   83.0      1.9     76600
2018  1  5 20      0.0    203.0   0.00000000   0.00000000    268.8   86.0      2.1     76600
2018  1  5 21      0.0    204.9   0.00000000   0.00000000    268.5   88.0      2.2     76580
2018  1  5 22      0.0    207.2   0.00000000   0.00000000    268.2   90.0      2.3     76580
2018  1  5 23      0.0    215.5   0.00000000   0.00000000    268.1   91.0      2.4     76610
2018  1  6  0      0.0    237.9   0.00000000   0.00000000    269.3   88.0      2.5     76820
2018  1  6  1      0.0    235.6   0.00000000   0.00000000    269.5   87.0      2.2     76790
2018  1  6  2      0.0    231.4   0.00000000   0.00000000    269.6   86.0      2.2     76780
2018  1  6  3      0.0    230.0   0.00000000   0.00000000    269.1   88.0      2.1     76730
2018  1  6  4      0.0    236.9   0.00000000   0.00000000    269.2   89.0      2.3     76710
2018  1  6  5      0.0    233.1   0.00000000   0.00000000    269.2   89.0      2.4     76670
2018  1  6  6      0.0    226.1   0.00000000   0.00000000    269.6   86.0      2.5     76710
2018  1  6  7      0.0    224.7   0.00000000   0.00000000    269.6   84.0      2.8     76740
2018  1  6  8     20.0    225.7   0.00000000   0.00000000    270.2   78.0      3.2     76810
2018  1  6  9    105.0    229.8   0.00000000   0.00000000    271.3   73.0      3.1     76900
2018  1  6 10    171.0    226.4   0.00000000   0.00000000    271.8   71.0      2.7     76980
2018  1  6 11    240.0    231.3   0.00000000   0.00000000    272.3   68.0      2.5     77020
2018  1  6 12    290.0    239.6   0.00000000   0.00000000    273.1   65.0      3.1     77100
2018  1  6 13    252.0    221.9   0.00000000   0.00000000    272.4   68.0      2.3     77060
2018  1  6 14    227.0    232.2   0.00000000   0.00000000    271.8   72.0      2.3     77040
2018  1  6 15    114.0    229.2   0.00000000   0.00000000    270.6   78.0      2.2     77030
2018  1  6 16     18.0    234.4   0.00000000   0.00000000    269.5   82.0      2.3     77010
2018  1  6 17      0.0    209.9   0.00000000   0.00000000    269.4   83.0      2.5     77030
2018  1  6 18      0.0    206.1   0.00000000   0.00000000    269.0   83.0      2.6     77020
2018  1  6 19      0.0    217.0   0.00000000   0.00000000    268.5   86.0      2.6     77020
2018  1  6 20      0.0    240.8   0.00000000   0.00000000    268.0   90.0      2.9     77020
2018  1  6 21      0.0    241.7   0.00000000   0.00000000    268.1   91.0      2.9     77100
2018  1  6 22      0.0    241.7   0.00000000   0.00000000    268.3   90.0      2.8     77170
2018  1  6 23      0.0    240.5   0.00000000   0.00000000    268.1   90.0      2.7     77180
2018  1  7  0      0.0    242.1   0.00000000   0.00000000    268.9   86.0      3.1     77240
2018  1  7  1      0.0    244.5   0.00000000   0.00000000    268.8   87.0      3.2     77240
2018  1  7  2      0.0    245.5   0.00000000   0.00000000    269.1   85.0      3.2     77270
2018  1  7  3      0.0    245.5   0.00000000   0.00000000    269.3   82.0      3.2     77300
2018  1  7  4      0.0    244.5   0.00000000   0.00000000    269.0   84.0      3.1     77310
2018  1  7  5      0.0    245.1   0.00000000   0.00000000    269.1   84.0      2.9     77370
2018  1  7  6      0.0    246.5   0.00000000   0.00000000    269.4   83.0      2.6     77420
2018  1  7  7      0.0    244.2   0.00000000   0.00000000    269.1   82.0      2.6     77460
2018  1  7  8     18.0    246.1   0.00000000   0.00000000    269.4   82.0      2.8     77540
2018  1  7  9     87.0    252.2   0.00000000   0.00000000    270.6   79.0      2.6     77670
2018  1  7 10    172.0    257.8   0.00000000   0.00000000    271.8   76.0      2.1     77750
2018  1  7 11    226.0    262.5   0.00000000   0.00000000    272.6   74.0      1.9     77790
2018  1  7 12    285.0    264.6   0.00000000   0.00000000    273.0   73.0      2.7     77860
2018  1  7 13    285.0    256.4   0.00000000   0.00000000    272.3   73.0      2.2     77820
2018  1  7 14    186.0    250.8   0.00000000   0.00000000    272.0   76.0      2.4     77800
2018  1  7 15     98.0    248.7   0.00000000   0.00000000    271.3   79.0      2.6     77780
2018  1  7 16     15.0    252.0   0.00000000   0.00000000    271.0   81.0      2.7     77800
2018  1  7 17      0.0    254.4   0.00000000   0.00000000    270.8   81.0      2.8     77810
2018  1  7 18      0.0    253.3   0.00000000   0.00000000    270.8   80.0      2.9     77850
2018  1  7 19      0.0    243.9   0.00000000   0.00000000    270.1   83.0      2.9     77830
2018  1  7 20      0.0    222.9   0.00000000   0.00000000    269.4   87.0      3.0     77820
2018  1  7 21      0.0    238.0   0.00000000   0.00000000    268.6   91.0      2.9     77800
2018  1  7 22      0.0    241.3   0.00000000   0.00000000    268.1   92.0      2.9     77770
2018  1  7 23      0.0    241.5   0.00000000   0.00000000    268.2   91.0      3.2     77750
2018  1  8  0      0.0    247.3   0.00000000   0.00000000    269.2   88.0      4.2     77930
2018  1  8  1      0.0    232.4   0.00000000   0.00000000    269.2   89.0      3.8     77920
2018  1  8  2      0.0    242.8   0.00000000   0.00000000    269.1   89.0      3.4     77900
2018  1  8  3      0.0    242.9   0.00000000   0.00000000    268.8   89.0      3.1     77890
2018  1  8  4      0.0    239.5   0.00000000   0.00000000    267.8   90.0      2.9     77780
2018  1  8  5      0.0    240.5   0.00000000   0.00000000    267.9   91.0      3.1     77780
2018  1  8  6      0.0    240.1   0.00000000   0.00000000    267.9   90.0      2.9     77790
2018  1  8  7      0.0    243.0   0.00000000   0.00000000    268.5   88.0      3.0     77880
2018  1  8  8     18.0    212.9   0.00000000   0.00000000    268.9   86.0      2.8     77920
2018  1  8  9    117.0    210.4   0.00000000   0.00000000    269.9   82.0      2.6     78020
2018  1  8 10    238.0    211.3   0.00000000   0.00000000    271.2   76.0      2.8     78070
2018  1  8 11    303.0    212.1   0.00000000   0.00000000    272.5   68.0      3.2     78000
2018  1  8 12    352.0    219.2   0.00000000   0.00000000    274.1   65.0      3.5     78020
2018  1  8 13    328.0    215.3   0.00000000   0.00000000    273.3   65.0      3.1     77970
2018  1  8 14    244.0    219.6   0.00000000   0.00000000    273.0   66.0      3.7     77920
2018  1  8 15    127.0    238.5   0.00000000   0.00000000    272.0   70.0      3.8     77890
2018  1  8 16     20.0    249.8   0.00000000   0.00000000    271.3   74.0      3.8     77900
2018  1  8 17      0.0    251.9   0.00000000   0.00000000    271.5   74.0      3.8     77890
2018  1  8 18      0.0    224.5   0.00000000   0.00000000    271.2   77.0      3.1     77900
2018  1  8 19      0.0    242.6   0.00000000   0.00000000    270.3   79.0      2.7     77850
2018  1  8 20      0.0    251.1   0.00000000   0.00000000    270.5   80.0      3.2     77830
2018  1  8 21      0.0    253.6   0.00000000   0.00000000    270.9   78.0      4.1     77790
2018  1  8 22      0.0    255.4   0.00002778   0.00000000    271.8   73.0      4.6     77760
2018  1  8 23      0.0    257.8   0.00000000   0.00000000    271.8   76.0      5.1     77680
2018  1  9  0      0.0    258.6   0.00002778   0.00000000    271.9   77.0      4.7     77730
2018  1  9  1      0.0    256.3   0.00002778   0.00000000    271.1   83.0      4.2     77620
2018  1  9  2      0.0    258.3   0.00008333   0.00000000    271.2   84.0      3.9     77590
2018  1  9  3      0.0    251.5   0.00047222   0.00000000    271.4   84.0      3.6     77560
2018  1  9  4      0.0    256.1   0.00055556   0.00000000    270.6   88.0      2.9     77560
2018  1  9  5      0.0    217.5   0.00008333   0.00000000    270.9   86.0      2.8     77560
2018  1  9  6      0.0    209.1   0.00000000   0.00000000    270.2   80.0      2.5     77500
2018  1  9  7      0.0    212.6   0.00000000   0.00000000    270.2   77.0      2.6     77540
2018  1  9  8     27.0    207.7   0.00000000   0.00000000    270.1   77.0      2.8     77580
2018  1  9  9    127.0    210.0   0.00000000   0.00000000    270.8   72.0      2.7     77630
2018  1  9 10    243.0    212.7   0.00000000   0.00000000    271.2   69.0      3.1     77640
2018  1  9 11    315.0    214.4   0.00000000   0.00000000    271.4   67.0      3.8     77610
2018  1  9 12    355.0    209.8   0.00000000   0.00000000    271.8   63.0      4.9     77550
2018  1  9 13    313.0    212.5   0.00000000   0.00000000    270.5   63.0      3.5     77450
2018  1  9 14    236.0    204.0   0.00000000   0.00000000    269.8   61.0      2.7     77400
2018  1  9 15    117.0    216.5   0.00000000   0.00000000    268.9   65.0      2.3     77380
2018  1  9 16     22.0    226.0   0.00000000   0.00000000    267.5   75.0      2.0     77350
2018  1  9 17      0.0    231.6   0.00000000   0.00000000    267.0   82.0      2.6     77370
2018  1  9 18      0.0    226.4   0.00000000   0.00000000    267.4   83.0      2.8     77410
2018  1  9 19      0.0    233.8   0.00000000   0.00000000    267.3   83.0      2.5     77420
2018  1  9 20      0.0    234.7   0.00002778   0.00000000    267.6   83.0      2.7     77430
2018  1  9 21      0.0    235.0   0.00000000   0.00000000    267.5   83.0      2.4     77440
2018  1  9 22      0.0    229.6   0.00000000   0.00000000    266.8   84.0      2.2     77370
2018  1  9 23      0.0    226.7   0.00000000   0.00000000    266.1   87.0      2.4     77310
2018  1 10  0      0.0    211.7   0.00000000   0.00000000    266.0   89.0      2.8     77300
2018  1 10  1      0.0    193.2   0.00000000   0.00000000    265.2   88.0      2.2     77160
2018  1 10  2      0.0    182.1   0.00000000   0.00000000    264.8   88.0      2.1     77110
2018  1 10  3      0.0    181.9   0.00000000   0.00000000    264.4   90.0      2.0     77070
2018  1 10  4      0.0    187.6   0.00000000   0.00000000    264.1   91.0      2.1     77010
2018  1 10  5      0.0    189.6   0.00000000   0.00000000    264.1   91.0      2.2     76980
2018  1 10  6      0.0    176.7   0.00000000   0.00000000    263.4   91.0      2.2     76910
2018  1 10  7      0.0    185.7   0.00000000   0.00000000    263.3   91.0      2.2     76930
2018  1 10  8     28.0    198.5   0.00000000   0.00000000    263.9   90.0      2.1     76980
2018  1 10  9    122.0    211.5   0.00000000   0.00000000    265.5   83.0      1.8     77100
2018  1 10 10    223.0    214.0   0.00000000   0.00000000    267.1   79.0      1.5     77210
2018  1 10 11    328.0    199.3   0.00000000   0.00000000    267.8   73.0      1.1     77230
2018  1 10 12    353.0    216.7   0.00000000   0.00000000    269.3   56.0      1.5     77270
2018  1 10 13    291.0    219.6   0.00000000   0.00000000    267.8   61.0      1.2     77120
2018  1 10 14    216.0    212.0   0.00000000   0.00000000    267.0   66.0      1.4     77030
2018  1 10 15    123.0    191.9   0.00000000   0.00000000    265.6   70.0      1.6     76960
2018  1 10 16     23.0    193.8   0.00000000   0.00000000    264.4   75.0      1.5     76900
2018  1 10 17      0.0    199.9   0.00000000   0.00000000    264.3   76.0      1.1     76910
2018  1 10 18      0.0    199.3   0.00000000   0.00000000    264.2   79.0      1.2     76910
2018  1 10 19      0.0    202.3   0.00000000   0.00000000    263.8   86.0      1.3     76880
2018  1 10 20      0.0    204.1   0.00000000   0.00000000    263.3   88.0      1.1     76840
2018  1 10 21      0.0    208.9   0.00000000   0.00000000    263.0   88.0      0.9     76820
2018  1 10 22      0.0    206.3   0.00000000   0.00000000    262.6   89.0      0.9     76780
2018  1 10 23      0.0    203.3   0.00000000   0.00000000    262.8   89.0      0.9     76760
2018  1 11  0      0.0    203.6   0.00000000   0.00000000    262.8   90.0      1.1     76760
2018  1 11  1      0.0    205.6   0.00000000   0.00000000    262.6   89.0      0.7     76760
2018  1 11  2      0.0    189.5   0.00000000   0.00000000    261.9   88.0      0.7     76700
2018  1 11  3      0.0    192.7   0.00000000   0.00000000    261.9   89.0      0.7     76670
2018  1 11  4      0.0    183.0   0.00000000   0.00000000    261.5   87.0      0.6     76640
2018  1 11  5      0.0    184.6   0.00000000   0.00000000    261.8   84.0      0.7     76650
2018  1 11  6      0.0    190.1   0.00000000   0.00000000    262.1   83.0      0.7     76690
2018  1 11  7      0.0    173.5   0.00000000   0.00000000    262.3   81.0      0.6     76720
2018  1 11  8     29.0    172.5   0.00000000   0.00000000    262.4   79.0      0.5     76780
2018  1 11  9    131.0    190.6   0.00000000   0.00000000    263.8   76.0      0.4     76920
2018  1 11 10    236.0    211.2   0.00000000   0.00000000    268.2   58.0      0.6     77280
2018  1 11 11    316.0    206.8   0.00000000   0.00000000    266.8   67.0      1.1     77150
2018  1 11 12    351.0    216.5   0.00000000   0.00000000    268.5   71.0      0.9     77270
2018  1 11 13    312.0    226.3   0.00000000   0.00000000    267.1   72.0      1.1     77160
2018  1 11 14    204.0    229.0   0.00000000   0.00000000    266.9   77.0      1.1     77200
2018  1 11 15     99.0    220.9   0.00002778   0.00000000    264.9   90.0      1.6     77140
2018  1 11 16     21.0    233.8   0.00005556   0.00000000    266.6   94.0      1.1     77340
2018  1 11 17      0.0    232.8   0.00005556   0.00000000    266.4   97.0      0.6     77360
2018  1 11 18      0.0    233.1   0.00005556   0.00000000    266.3   97.0      0.3     77400
2018  1 11 19      0.0    230.9   0.00002778   0.00000000    266.0   96.0      0.4     77400
2018  1 11 20      0.0    225.4   0.00002778   0.00000000    265.3   94.0      0.4     77380
2018  1 11 21      0.0    220.2   0.00002778   0.00000000    264.8   92.0      0.5     77380
2018  1 11 22      0.0    217.8   0.00002778   0.00000000    265.1   91.0      0.4     77420
2018  1 11 23      0.0    207.4   0.00000000   0.00000000    264.1   89.0      0.3     77370
2018  1 12  0      0.0    209.7   0.00000000   0.00000000    264.8   95.0      0.4     77450
2018  1 12  1      0.0    204.3   0.00002778   0.00000000    263.6   92.0      0.4     77400
2018  1 12  2      0.0    196.1   0.00000000   0.00000000    263.2   90.0      0.4     77400
2018  1 12  3      0.0    193.2   0.00000000   0.00000000    263.4   88.0      0.4     77430
2018  1 12  4      0.0    184.6   0.00000000   0.00000000    262.9   87.0      0.5     77400
2018  1 12  5      0.0    178.0   0.00000000   0.00000000    262.3   86.0      0.4     77370
2018  1 12  6      0.0    175.9   0.00000000   0.00000000    262.0   86.0      0.6     77400
2018  1 12  7      0.0    172.8   0.00000000   0.00000000    261.5   89.0      0.9     77370
2018  1 12  8     22.0    176.2   0.00000000   0.00000000    262.3   91.0      0.9     77470
2018  1 12  9     95.0    180.0   0.00000000   0.00000000    263.8   85.0      0.8     77610
2018  1 12 10    185.0    181.0   0.00000000   0.00000000    265.4   77.0      0.8     77730
2018  1 12 11    267.0    187.7   0.00000000   0.00000000    267.6   68.0      0.1     77840
2018  1 12 12    285.0    192.3   0.00000000   0.00000000    268.0   75.0      0.8     77830
2018  1 12 13    334.0    183.9   0.00000000   0.00000000    266.4   73.0      1.1     77690
2018  1 12 14    244.0    191.2   0.00000000   0.00000000    268.3   67.0      0.8     77850
2018  1 12 15    132.0    190.8   0.00000000   0.00000000    267.6   73.0      0.8     77860
2018  1 12 16     29.0    187.8   0.00000000   0.00000000    266.8   79.0      0.5     77890
2018  1 12 17      0.0    180.8   0.00000000   0.00000000    264.9   83.0      0.7     77760
2018  1 12 18      0.0    170.6   0.00000000   0.00000000    262.8   84.0      1.1     77610
2018  1 12 19      0.0    171.6   0.00000000   0.00000000    263.0   83.0      1.1     77600
2018  1 12 20      0.0    168.1   0.00000000   0.00000000    262.2   83.0      1.3     77490
2018  1 12 21      0.0    165.1   0.00000000   0.00000000    261.2   88.0      1.5     77380
2018  1 12 22      0.0    162.3   0.00000000   0.00000000    260.5   89.0      1.6     77270
2018  1 12 23      0.0    159.3   0.00000000   0.00000000    259.9   87.0      1.6     77180
2018  1 13  0      0.0    160.5   0.00000000   0.00000000    260.2   87.0      1.8     77200
2018  1 13  1      0.0    159.8   0.00000000   0.00000000    260.1   86.0      1.6     77170
2018  1 13  2      0.0    159.0   0.00000000   0.00000000    259.9   86.0      1.5     77140
2018  1 13  3      0.0    157.9   0.00000000   0.00000000    259.8   85.0      1.2     77110
2018  1 13  4      0.0    157.9   0.00000000   0.00000000    259.8   85.0      1.1     77100
2018  1 13  5      0.0    157.8   0.00000000   0.00000000    259.8   83.0      1.0     77100
2018  1 13  6      0.0    157.4   0.00000000   0.00000000    259.8   83.0      1.2     77070
2018  1 13  7      0.0    156.9   0.00000000   0.00000000    259.6   83.0      1.4     77050
2018  1 13  8     35.0    160.0   0.00000000   0.00000000    260.4   82.0      1.6     77140
2018  1 13  9    157.0    167.4   0.00000000   0.00000000    262.9   71.0      1.2     77340
2018  1 13 10    274.0    171.9   0.00000000   0.00000000    264.5   64.0      1.9     77480
2018  1 13 11    351.0    176.6   0.00000000   0.00000000    266.0   59.0      1.6     77560
2018  1 13 12    377.0    190.0   0.00000000   0.00000000    268.8   61.0      1.0     77780
2018  1 13 13    349.0    178.4   0.00000000   0.00000000    266.8   56.0      1.4     77590
2018  1 13 14    269.0    175.2   0.00000000   0.00000000    265.6   60.0      1.6     77500
2018  1 13 15    152.0    167.5   0.00000000   0.00000000    263.5   64.0      1.9     77320
2018  1 13 16     33.0    162.7   0.00000000   0.00000000    262.3   65.0      1.4     77220
2018  1 13 17      0.0    163.2   0.00000000   0.00000000    262.4   65.0      1.0     77230
2018  1 13 18      0.0    162.0   0.00000000   0.00000000    261.8   69.0      1.2     77170
2018  1 13 19      0.0    160.2   0.00000000   0.00000000    260.5   81.0      1.4     77020
2018  1 13 20      0.0    158.2   0.00000000   0.00000000    259.8   86.0      1.4     76930
2018  1 13 21      0.0    158.2   0.00000000   0.00000000    259.9   83.0      1.3     76950
2018  1 13 22      0.0    158.6   0.00000000   0.00000000    260.2   80.0      1.2     76990
2018  1 13 23      0.0    158.3   0.00000000   0.00000000    260.4   76.0      1.1     76960
2018  1 14  0      0.0    157.6   0.00000000   0.00000000    260.1   78.0      1.0     76990
2018  1 14  1      0.0    157.5   0.00000000   0.00000000    260.2   76.0      0.8     76970
2018  1 14  2      0.0    157.3   0.00000000   0.00000000    260.3   74.0      0.7     76960
2018  1 14  3      0.0    154.7   0.00000000   0.00000000    259.9   71.0      0.5     76920
2018  1 14  4      0.0    153.8   0.00000000   0.00000000    259.9   68.0      0.5     76890
2018  1 14  5      0.0    154.1   0.00000000   0.00000000    259.9   69.0      0.4     76870
2018  1 14  6      0.0    164.7   0.00000000   0.00000000    263.1   61.0      0.6     77130
2018  1 14  7      0.0    176.5   0.00000000   0.00000000    266.8   52.0      0.4     77470
2018  1 14  8     37.0    177.4   0.00000000   0.00000000    267.1   50.0      0.1     77530
2018  1 14  9    160.0    178.6   0.00000000   0.00000000    267.5   49.0      0.2     77570
2018  1 14 10    278.0    181.9   0.00000000   0.00000000    268.1   50.0      0.0     77630
2018  1 14 11    357.0    183.5   0.00000000   0.00000000    268.8   47.0      0.9     77660
2018  1 14 12    385.0    186.7   0.00000000   0.00000000    268.0   61.0      0.9     77600
2018  1 14 13    357.0    183.0   0.00000000   0.00000000    268.0   53.0      1.1     77580
2018  1 14 14    278.0    184.9   0.00000000   0.00000000    267.9   58.0      1.1     77600
2018  1 14 15    159.0    182.9   0.00000000   0.00000000    267.1   62.0      0.9     77600
2018  1 14 16     36.0    181.3   0.00000000   0.00000000    266.5   65.0      0.5     77600
2018  1 14 17      0.0    179.8   0.00000000   0.00000000    266.0   67.0      0.3     77620
2018  1 14 18      0.0    168.5   0.00000000   0.00000000    263.0   73.0      0.6     77400
2018  1 14 19      0.0    164.5   0.00000000   0.00000000    262.0   74.0      0.5     77350
2018  1 14 20      0.0    167.3   0.00000000   0.00000000    262.8   72.0      0.4     77430
2018  1 14 21      0.0    161.1   0.00000000   0.00000000    261.0   77.0      0.5     77310
2018  1 14 22      0.0    155.2   0.00000000   0.00000000    259.3   81.0      0.7     77180
2018  1 14 23      0.0    154.9   0.00000000   0.00000000    259.1   83.0      0.9     77160
2018  1 15  0      0.0    157.8   0.00000000   0.00000000    259.5   88.0      1.2     77230
2018  1 15  1      0.0    155.5   0.00000000   0.00000000    259.0   87.0      0.4     77170
2018  1 15  2      0.0    155.0   0.00000000   0.00000000    259.0   85.0      0.6     77170
2018  1 15  3      0.0    155.3   0.00000000   0.00000000    259.2   83.0      0.6     77170
2018  1 15  4      0.0    154.7   0.00000000   0.00000000    259.2   81.0      0.4     77150
2018  1 15  5      0.0    153.2   0.00000000   0.00000000    258.9   80.0      0.4     77110
2018  1 15  6      0.0    150.4   0.00000000   0.00000000    258.0   83.0      0.8     77020
2018  1 15  7      0.0    151.6   0.00000000   0.00000000    258.1   86.0      0.8     77010
2018  1 15  8     35.0    150.0   0.00000000   0.00000000    257.2   84.0      0.9     76930
2018  1 15  9    155.0    155.1   0.00000000   0.00000000    260.0   71.0      0.8     77150
2018  1 15 10    275.0    163.1   0.00000000   0.00000000    262.3   66.0      1.4     77310
2018  1 15 11    363.0    171.7   0.00000000   0.00000000    265.0   58.0      1.4     77410
2018  1 15 12    391.0    183.9   0.00000000   0.00000000    267.4   61.0      1.0     77490
2018  1 15 13    364.0    172.3   0.00000000   0.00000000    264.1   62.0      1.8     77160
2018  1 15 14    265.0    200.9   0.00000000   0.00000000    263.8   62.0      1.7     77120
2018  1 15 15    114.0    202.7   0.00000000   0.00000000    264.1   57.0      1.7     77120
2018  1 15 16     26.0    199.2   0.00000000   0.00000000    263.0   60.0      2.4     76960
2018  1 15 17      0.0    194.0   0.00000000   0.00000000    261.8   65.0      2.8     76770
2018  1 15 18      0.0    194.0   0.00000000   0.00000000    261.6   66.0      3.1     76700
2018  1 15 19      0.0    194.3   0.00000000   0.00000000    261.5   68.0      3.2     76680
2018  1 15 20      0.0    196.6   0.00000000   0.00000000    261.3   73.0      3.1     76700
2018  1 15 21      0.0    202.5   0.00008333   0.00000000    262.2   76.0      3.2     76800
2018  1 15 22      0.0    205.2   0.00013889   0.00000000    262.5   79.0      3.2     76770
2018  1 15 23      0.0    190.5   0.00005556   0.00000000    262.8   79.0      3.3     76740
2018  1 16  0      0.0    191.1   0.00000000   0.00000000    261.1   83.0      3.6     76530
2018  1 16  1      0.0    176.8   0.00000000   0.00000000    262.6   81.0      3.0     76600
2018  1 16  2      0.0    170.5   0.00000000   0.00000000    262.2   82.0      3.2     76510
2018  1 16  3      0.0    199.2   0.00000000   0.00000000    261.1   85.0      2.9     76350
2018  1 16  4      0.0    184.1   0.00005556   0.00000000    262.8   81.0      3.1     76460
2018  1 16  5      0.0    206.3   0.00005556   0.00000000    262.5   82.0      2.8     76370
2018  1 16  6      0.0    196.8   0.00011111   0.00000000    262.9   82.0      2.8     76370
2018  1 16  7      0.0    200.0   0.00005556   0.00000000    262.8   85.0      3.0     76290
2018  1 16  8     22.0    211.0   0.00002778   0.00000000    263.1   86.0      2.7     76360
2018  1 16  9     47.0    217.5   0.00011111   0.00000000    264.6   81.0      2.4     76490
2018  1 16 10     55.0    202.9   0.00030556   0.00000000    264.9   84.0      2.6     76470
2018  1 16 11    113.0    201.2   0.00016667   0.00000000    266.0   82.0      2.4     76430
2018  1 16 12    181.0    224.3   0.00005556   0.00000000    265.6   84.0      2.6     76420
2018  1 16 13    112.0    213.8   0.00008333   0.00000000    265.8   85.0      2.2     76390
2018  1 16 14    148.0    208.7   0.00002778   0.00000000    266.0   84.0      1.8     76350
2018  1 16 15     89.0    214.5   0.00002778   0.00000000    264.8   88.0      2.3     76190
2018  1 16 16     13.0    187.5   0.00022222   0.00000000    264.2   89.0      1.9     76240
2018  1 16 17      0.0    211.2   0.00013889   0.00000000    262.9   92.0      2.4     76150
2018  1 16 18      0.0    209.9   0.00025000   0.00000000    263.5   94.0      2.0     76230
2018  1 16 19      0.0    225.7   0.00019444   0.00000000    265.1   96.0      1.2     76250
2018  1 16 20      0.0    211.3   0.00036111   0.00002778    264.6   95.0      1.8     76180
2018  1 16 21      0.0    198.7   0.00027778   0.00000000    263.4   95.0      1.8     76140
2018  1 16 22      0.0    202.4   0.00008333   0.00000000    263.3   93.0      1.1     76080
2018  1 16 23      0.0    204.2   0.00030556   0.00000000    263.4   95.0      2.0     76080
2018  1 17  0      0.0    207.8   0.00005556   0.00000000    263.8   97.0      2.2     76040
2018  1 17  1      0.0    192.6   0.00022222   0.00000000    263.3   93.0      2.2     75960
2018  1 17  2      0.0    187.2   0.00027778   0.00000000    262.9   88.0      2.2     75950
2018  1 17  3      0.0    196.1   0.00047222   0.00000000    262.5   86.0      1.7     75960
2018  1 17  4      0.0    200.2   0.00011111   0.00000000    263.0   91.0      1.9     75870
2018  1 17  5      0.0    205.2   0.00066667   0.00000000    262.4   91.0      2.0     75920
2018  1 17  6      0.0    203.6   0.00063889   0.00000000    262.2   85.0      2.9     76010
2018  1 17  7      0.0    199.2   0.00030556   0.00000000    262.1   88.0      3.1     76120
2018  1 17  8     20.0    188.9   0.00005556   0.00000000    261.8   95.0      3.2     76200
2018  1 17  9    100.0    200.7   0.00002778   0.00000000    261.5   92.0      3.3     76250
2018  1 17 10    150.0    202.2   0.00008333   0.00000000    261.8   89.0      3.9     76360
2018  1 17 11    139.0    204.0   0.00016667   0.00000000    261.9   89.0      3.6     76390
2018  1 17 12    169.0    201.6   0.00013889   0.00000000    262.5   83.0      3.7     76490
2018  1 17 13    144.0    205.5   0.00025000   0.00000000    261.9   89.0      4.5     76530
2018  1 17 14     72.0    191.6   0.00027778   0.00000000    261.2   85.0      4.4     76640
2018  1 17 15     75.0    196.7   0.00011111   0.00000000    260.8   86.0      3.7     76690
2018  1 17 16     25.0    181.4   0.00016667   0.00000000    260.1   71.0      3.4     76770
2018  1 17 17      0.0    174.5   0.00013889   0.00000000    260.3   72.0      3.7     76850
2018  1 17 18      0.0    198.7   0.00008333   0.00000000    260.8   86.0      3.2     76890
2018  1 17 19      0.0    199.7   0.00016667   0.00000000    261.4   80.0      3.2     76950
2018  1 17 20      0.0    192.0   0.00019444   0.00000000    261.3   79.0      3.2     76960
2018  1 17 21      0.0    196.6   0.00025000   0.00000000    261.4   79.0      3.2     77040
2018  1 17 22      0.0    201.4   0.00016667   0.00000000    262.4   76.0      3.7     77100
2018  1 17 23      0.0    206.3   0.00022222   0.00000000    262.8   79.0      3.4     77110
2018  1 18  0      0.0    200.5   0.00016667   0.00000000    263.3   58.0      3.9     77160
2018  1 18  1      0.0    196.9   0.00000000   0.00000000    263.2   65.0      3.0     77190
2018  1 18  2      0.0    201.2   0.00002778   0.00000000    263.8   69.0      2.5     77210
2018  1 18  3      0.0    200.2   0.00002778   0.00000000    262.8   73.0      1.4     77120
2018  1 18  4      0.0    191.4   0.00002778   0.00000000    261.8   77.0      0.9     76990
2018  1 18  5      0.0    192.1   0.00002778   0.00000000    260.0   85.0      2.4     76870
2018  1 18  6      0.0    182.7   0.00002778   0.00000000    258.9   89.0      2.9     76740
2018  1 18  7      0.0    198.3   0.00011111   0.00000000    260.6   88.0      3.0     76800
2018  1 18  8     11.0    206.1   0.00022222   0.00000000    262.2   86.0      2.8     76870
2018  1 18  9     37.0    212.1   0.00030556   0.00000000    263.8   82.0      2.4     76920
2018  1 18 10     80.0    216.6   0.00025000   0.00000000    265.2   80.0      2.1     76980
2018  1 18 11    101.0    226.2   0.00022222   0.00000000    266.2   80.0      1.6     76990
2018  1 18 12     97.0    231.9   0.00016667   0.00000000    267.4   81.0      1.6     77080
2018  1 18 13    152.0    226.9   0.00005556   0.00000000    267.3   82.0      1.7     77020
2018  1 18 14    157.0    227.7   0.00000000   0.00000000    267.5   81.0      1.4     76910
2018  1 18 15     76.0    214.7   0.00000000   0.00000000    266.9   82.0      1.8     76850
2018  1 18 16     23.0    216.4   0.00000000   0.00000000    265.8   86.0      2.1     76710
2018  1 18 17      0.0    217.1   0.00002778   0.00000000    265.3   88.0      2.1     76650
2018  1 18 18      0.0    220.9   0.00005556   0.00000000    265.1   89.0      1.9     76650
2018  1 18 19      0.0    216.2   0.00011111   0.00000000    265.6   89.0      2.0     76720
2018  1 18 20      0.0    191.9   0.00002778   0.00000000    265.6   90.0      2.0     76690
2018  1 18 21      0.0    204.2   0.00000000   0.00000000    265.1   90.0      1.6     76640
2018  1 18 22      0.0    210.2   0.00002778   0.00000000    265.6   91.0      1.4     76660
2018  1 18 23      0.0    197.4   0.00002778   0.00000000    265.8   93.0      1.7     76640
2018  1 19  0      0.0    192.5   0.00002778   0.00000000    265.2   88.0      1.9     76540
2018  1 19  1      0.0    190.7   0.00000000   0.00000000    264.5   87.0      1.6     76450
2018  1 19  2      0.0    188.3   0.00002778   0.00000000    264.4   86.0      1.4     76480
2018  1 19  3      0.0    215.2   0.00005556   0.00000000    264.0   86.0      1.2     76470
2018  1 19  4      0.0    213.5   0.00011111   0.00000000    265.3   88.0      1.4     76600
2018  1 19  5      0.0    205.5   0.00016667   0.00000000    264.3   92.0      1.4     76610
2018  1 19  6      0.0    212.8   0.00008333   0.00000000    263.8   95.0      1.1     76590
2018  1 19  7      0.0    215.3   0.00011111   0.00000000    263.4   94.0      1.1     76660
2018  1 19  8     20.0    195.1   0.00027778   0.00000000    263.8   91.0      0.9     76820
2018  1 19  9     64.0    217.5   0.00047222   0.00000000    263.9   92.0      0.9     77010
2018  1 19 10     65.0    216.8   0.00033333   0.00000000    263.9   90.0      1.0     77110
2018  1 19 11    107.0    216.1   0.00013889   0.00000000    264.1   87.0      1.6     77140
2018  1 19 12    242.0    187.2   0.00011111   0.00000000    264.9   85.0      1.5     77150
2018  1 19 13    220.0    191.9   0.00002778   0.00000000    265.0   74.0      1.9     77090
2018  1 19 14    200.0    189.5   0.00002778   0.00000000    264.5   78.0      1.4     77060
2018  1 19 15    142.0    182.3   0.00000000   0.00000000    264.0   80.0      0.8     77030
2018  1 19 16     37.0    182.6   0.00000000   0.00000000    264.0   85.0      0.6     77050
2018  1 19 17      0.0    174.2   0.00002778   0.00000000    262.0   88.0      0.5     76880
2018  1 19 18      0.0    184.5   0.00000000   0.00000000    261.1   88.0      0.9     76820
2018  1 19 19      0.0    193.0   0.00002778   0.00000000    261.4   88.0      1.4     76810
2018  1 19 20      0.0    194.7   0.00016667   0.00000000    261.3   89.0      0.9     76810
2018  1 19 21      0.0    185.7   0.00019444   0.00000000    261.5   89.0      0.9     76920
2018  1 19 22      0.0    197.3   0.00008333   0.00000000    261.3   89.0      1.1     76950
2018  1 19 23      0.0    181.0   0.00002778   0.00000000    260.3   84.0      0.9     76880
2018  1 20  0      0.0    184.1   0.00002778   0.00000000    261.8   76.0      1.3     77030
2018  1 20  1      0.0    168.3   0.00002778   0.00000000    260.0   80.0      0.9     76960
2018  1 20  2      0.0    159.4   0.00000000   0.00000000    259.5   82.0      0.8     76920
2018  1 20  3      0.0    162.9   0.00002778   0.00000000    259.5   87.0      0.2     76920
2018  1 20  4      0.0    169.7   0.00000000   0.00000000    259.5   90.0      0.5     76900
2018  1 20  5      0.0    171.0   0.00000000   0.00000000    259.1   89.0      1.7     76850
2018  1 20  6      0.0    161.9   0.00000000   0.00000000    258.9   89.0      2.2     76860
2018  1 20  7      0.0    170.2   0.00000000   0.00000000    258.9   88.0      2.6     76850
2018  1 20  8     34.0    185.6   0.00000000   0.00000000    259.3   84.0      2.4     76840
2018  1 20  9    119.0    196.0   0.00000000   0.00000000    261.1   74.0      1.6     76930
2018  1 20 10    206.0    202.3   0.00000000   0.00000000    263.1   64.0      1.5     77040
2018  1 20 11    289.0    206.1   0.00000000   0.00000000    264.1   61.0      1.8     76980
2018  1 20 12    246.0    212.2   0.00000000   0.00000000    265.4   59.0      2.4     76880
2018  1 20 13    258.0    211.6   0.00000000   0.00000000    265.5   57.0      2.1     76730
2018  1 20 14    159.0    211.6   0.00002778   0.00000000    265.5   57.0      2.2     76600
2018  1 20 15     87.0    209.8   0.00005556   0.00000000    264.6   63.0      2.6     76500
2018  1 20 16     22.0    206.5   0.00008333   0.00000000    263.8   68.0      3.0     76380
2018  1 20 17      0.0    206.3   0.00013889   0.00000000    263.2   74.0      3.1     76340
2018  1 20 18      0.0    206.6   0.00038889   0.00000000    262.9   77.0      3.2     76310
2018  1 20 19      0.0    205.7   0.00033333   0.00000000    262.8   78.0      3.0     76300
2018  1 20 20      0.0    205.5   0.00036111   0.00000000    262.8   77.0      3.0     76200
2018  1 20 21      0.0    200.7   0.00050000   0.00000000    262.8   78.0      3.1     76180
2018  1 20 22      0.0    202.3   0.00036111   0.00000000    262.3   82.0      3.1     76000
2018  1 20 23      0.0    205.7   0.00030556   0.00000000    262.8   86.0      2.5     75980
2018  1 21  0      0.0    210.0   0.00038889   0.00000000    262.8   88.0      2.2     75920
2018  1 21  1      0.0    216.1   0.00083333   0.00000000    263.9   88.0      1.8     76050
2018  1 21  2      0.0    220.8   0.00086111   0.00000000    264.6   90.0      1.4     76150
2018  1 21  3      0.0    227.9   0.00083333   0.00000000    265.6   94.0      2.0     76250
2018  1 21  4      0.0    231.3   0.00113889   0.00000000    266.3   92.0      3.1     76410
2018  1 21  5      0.0    228.7   0.00075000   0.00002778    266.1   88.0      4.0     76510
2018  1 21  6      0.0    229.2   0.00052778   0.00000000    266.0   91.0      4.7     76590
2018  1 21  7      0.0    215.8   0.00047222   0.00000000    265.2   84.0      5.1     76660
2018  1 21  8     20.0    216.8   0.00044444   0.00000000    265.1   82.0      4.6     76800
2018  1 21  9     77.0    220.5   0.00047222   0.00000000    265.0   83.0      4.5     76880
2018  1 21 10    123.0    209.6   0.00036111   0.00000000    265.1   82.0      4.4     77010
2018  1 21 11    160.0    216.7   0.00033333   0.00000000    264.6   81.0      4.0     77110
2018  1 21 12    136.0    216.8   0.00019444   0.00000000    264.5   85.0      3.6     77180
2018  1 21 13     75.0    219.8   0.00027778   0.00000000    264.5   89.0      3.2     77250
2018  1 21 14     75.0    219.6   0.00019444   0.00000000    264.4   90.0      2.7     77320
2018  1 21 15     38.0    215.5   0.00013889   0.00000000    264.0   89.0      1.8     77360
2018  1 21 16     15.0    216.6   0.00011111   0.00000000    263.8   91.0      1.1     77400
2018  1 21 17      0.0    216.6   0.00011111   0.00000000    263.8   91.0      0.5     77430
2018  1 21 18      0.0    215.5   0.00013889   0.00000000    263.6   91.0      0.2     77410
2018  1 21 19      0.0    215.5   0.00019444   0.00000000    263.6   91.0      1.1     77360
2018  1 21 20      0.0    214.0   0.00016667   0.00000000    263.4   90.0      1.4     77320
2018  1 21 21      0.0    213.0   0.00013889   0.00000000    263.3   91.0      1.7     77280
2018  1 21 22      0.0    214.4   0.00013889   0.00000000    263.4   91.0      1.7     77230
2018  1 21 23      0.0    217.7   0.00022222   0.00000000    264.0   91.0      2.0     77200
2018  1 22  0      0.0    218.7   0.00025000   0.00000000    264.3   89.0      2.2     77120
2018  1 22  1      0.0    224.2   0.00019444   0.00000000    265.2   90.0      1.9     77030
2018  1 22  2      0.0    226.9   0.00030556   0.00000000    265.6   91.0      1.5     77020
2018  1 22  3      0.0    227.8   0.00047222   0.00000000    265.8   92.0      1.4     76960
2018  1 22  4      0.0    231.4   0.00055556   0.00000000    266.2   94.0      1.1     76990
2018  1 22  5      0.0    238.2   0.00061111   0.00000000    267.1   98.0      1.1     77110
2018  1 22  6      0.0    239.7   0.00069444   0.00000000    267.4   97.0      1.0     77200
2018  1 22  7      0.0    241.9   0.00069444   0.00000000    267.8   98.0      1.4     77230
2018  1 22  8      8.0    243.1   0.00063889   0.00000000    267.9   98.0      1.2     77240
2018  1 22  9     30.0    246.4   0.00036111   0.00000000    268.5   97.0      1.5     77360
2018  1 22 10    110.0    252.4   0.00008333   0.00000000    269.8   93.0      1.2     77420
2018  1 22 11    144.0    255.8   0.00022222   0.00000000    270.3   92.0      1.5     77420
2018  1 22 12    120.0    255.8   0.00019444   0.00000000    270.3   92.0      0.6     77420
2018  1 22 13    116.0    252.0   0.00011111   0.00000000    270.1   90.0      0.7     77300
2018  1 22 14    117.0    251.0   0.00008333   0.00000000    270.0   87.0      0.9     77130
2018  1 22 15     76.0    253.2   0.00008333   0.00000000    270.2   87.0      0.9     77130
2018  1 22 16     13.0    250.7   0.00038889   0.00000000    269.3   95.0      1.0     77160
2018  1 22 17      0.0    253.6   0.00058333   0.00000000    269.8   96.0      0.9     77220
2018  1 22 18      0.0    253.6   0.00063889   0.00000000    269.8   96.0      1.3     77350
2018  1 22 19      0.0    254.5   0.00008333   0.00000000    269.9   95.0      1.6     77420
2018  1 22 20      0.0    255.0   0.00030556   0.00000000    269.8   98.0      1.3     77450
2018  1 22 21      0.0    254.7   0.00063889   0.00000000    269.8   99.0      1.3     77510
2018  1 22 22      0.0    253.4   0.00061111   0.00000000    269.5   99.0      1.7     77610
2018  1 22 23      0.0    249.1   0.00036111   0.00000000    269.3   98.0      2.3     77730
2018  1 23  0      0.0    237.0   0.00022222   0.00000000    269.5   99.0      2.1     77860
2018  1 23  1      0.0    244.9   0.00011111   0.00000000    268.4   97.0      1.0     77860
2018  1 23  2      0.0    247.0   0.00011111   0.00000000    268.6   97.0      0.8     77880
2018  1 23  3      0.0    247.4   0.00022222   0.00000000    269.0   96.0      1.8     77940
2018  1 23  4      0.0    235.3   0.00044444   0.00000000    268.4   89.0      2.2     77990
2018  1 23  5      0.0    245.0   0.00016667   0.00000000    268.5   98.0      1.4     78010
2018  1 23  6      0.0    246.5   0.00008333   0.00000000    268.4   99.0      1.7     78020
2018  1 23  7      0.0    243.1   0.00011111   0.00000000    268.6   98.0      1.7     78130
2018  1 23  8     19.0    232.4   0.00005556   0.00000000    268.9   94.0      1.8     78250
2018  1 23  9     84.0    235.5   0.00002778   0.00000000    269.1   93.0      1.4     78310
2018  1 23 10    140.0    234.6   0.00002778   0.00000000    269.2   91.0      1.7     78390
2018  1 23 11    214.0    220.4   0.00002778   0.00000000    269.4   88.0      1.1     78400
2018  1 23 12    242.0    216.4   0.00000000   0.00000000    269.6   89.0      1.2     78430
2018  1 23 13    245.0    220.3   0.00002778   0.00000000    269.8   86.0      1.1     78420
2018  1 23 14    197.0    215.4   0.00000000   0.00000000    269.0   90.0      0.7     78380
2018  1 23 15    122.0    210.0   0.00000000   0.00000000    268.2   87.0      1.1     78340
2018  1 23 16     44.0    203.4   0.00000000   0.00000000    267.4   85.0      1.2     78240
2018  1 23 17      0.0    211.8   0.00000000   0.00000000    266.8   84.0      1.0     78150
2018  1 23 18      0.0    198.9   0.00000000   0.00000000    266.4   83.0      0.8     78140
2018  1 23 19      0.0    197.5   0.00000000   0.00000000    266.0   85.0      0.8     78100
2018  1 23 20      0.0    190.1   0.00000000   0.00000000    265.3   91.0      1.1     78020
2018  1 23 21      0.0    187.4   0.00000000   0.00000000    264.8   90.0      1.3     77970
2018  1 23 22      0.0    181.5   0.00000000   0.00000000    264.8   86.0      0.9     77970
2018  1 23 23      0.0    179.7   0.00000000   0.00000000    265.2   77.0      0.7     78020
2018  1 24  0      0.0    178.0   0.00000000   0.00000000    264.9   76.0      0.8     78070
2018  1 24  1      0.0    206.7   0.00000000   0.00000000    265.8   70.0      0.5     78150
2018  1 24  2      0.0    199.1   0.00000000   0.00000000    267.1   67.0      0.6     78220
2018  1 24  3      0.0    190.4   0.00000000   0.00000000    266.8   66.0      0.7     78150
2018  1 24  4      0.0    184.7   0.00000000   0.00000000    265.9   66.0      1.1     77990
2018  1 24  5      0.0    185.2   0.00000000   0.00000000    265.8   67.0      1.3     77920
2018  1 24  6      0.0    182.4   0.00000000   0.00000000    265.0   72.0      1.4     77840
2018  1 24  7      0.0    180.1   0.00000000   0.00000000    264.1   79.0      1.5     77770
2018  1 24  8     50.0    191.8   0.00000000   0.00000000    265.0   75.0      1.6     77790
2018  1 24  9    177.0    187.8   0.00000000   0.00000000    267.8   66.0      1.3     77960
2018  1 24 10    302.0    193.9   0.00000000   0.00000000    269.8   58.0      2.0     78110
2018  1 24 11    384.0    200.8   0.00000000   0.00000000    271.1   59.0      2.0     78180
2018  1 24 12    414.0    224.8   0.00000000   0.00000000    275.3   58.0      1.6     78480
2018  1 24 13    388.0    208.2   0.00000000   0.00000000    272.2   63.0      1.8     78210
2018  1 24 14    312.0    205.7   0.00000000   0.00000000    271.8   63.0      1.9     78170
2018  1 24 15    194.0    202.9   0.00000000   0.00000000    270.9   61.0      1.7     78120
2018  1 24 16     62.0    206.5   0.00000000   0.00000000    269.8   61.0      1.8     78040
2018  1 24 17      0.0    213.7   0.00000000   0.00000000    268.8   64.0      2.0     77990
2018  1 24 18      0.0    215.0   0.00000000   0.00000000    267.6   70.0      2.4     77870
2018  1 24 19      0.0    217.6   0.00000000   0.00000000    266.8   75.0      2.8     77790
2018  1 24 20      0.0    214.8   0.00000000   0.00000000    266.4   77.0      2.8     77730
2018  1 24 21      0.0    210.1   0.00000000   0.00000000    266.2   78.0      2.8     77700
2018  1 24 22      0.0    205.8   0.00000000   0.00000000    266.1   78.0      2.7     77690
2018  1 24 23      0.0    213.4   0.00000000   0.00000000    266.0   79.0      2.6     77720
2018  1 25  0      0.0    214.7   0.00000000   0.00000000    265.9   82.0      2.7     77720
2018  1 25  1      0.0    206.3   0.00000000   0.00000000    265.8   82.0      2.6     77670
2018  1 25  2      0.0    215.5   0.00000000   0.00000000    265.8   82.0      2.6     77620
2018  1 25  3      0.0    222.0   0.00000000   0.00000000    265.9   82.0      2.6     77590
2018  1 25  4      0.0    210.7   0.00000000   0.00000000    265.8   82.0      2.7     77520
2018  1 25  5      0.0    209.6   0.00000000   0.00000000    265.6   82.0      2.6     77450
2018  1 25  6      0.0    210.2   0.00000000   0.00000000    265.6   80.0      2.5     77430
2018  1 25  7      0.0    201.7   0.00000000   0.00000000    265.2   81.0      2.6     77380
2018  1 25  8     50.0    205.3   0.00000000   0.00000000    266.1   78.0      2.7     77440
2018  1 25  9    169.0    210.4   0.00000000   0.00000000    268.8   68.0      2.4     77580
2018  1 25 10    297.0    226.6   0.00000000   0.00000000    270.6   61.0      1.9     77700
2018  1 25 11    369.0    239.7   0.00000000   0.00000000    271.8   56.0      1.7     77800
2018  1 25 12    388.0    251.9   0.00000000   0.00000000    273.4   52.0      2.2     77950
2018  1 25 13    326.0    245.3   0.00000000   0.00000000    272.0   55.0      1.5     77780
2018  1 25 14    235.0    242.6   0.00000000   0.00000000    271.0   59.0      1.6     77700
2018  1 25 15    122.0    239.6   0.00000000   0.00000000    270.5   62.0      1.8     77740
2018  1 25 16     38.0    239.0   0.00000000   0.00000000    269.3   68.0      2.1     77710
2018  1 25 17      0.0    237.7   0.00000000   0.00000000    268.6   74.0      2.2     77710
2018  1 25 18      0.0    237.5   0.00000000   0.00000000    268.2   79.0      2.6     77670
2018  1 25 19      0.0    235.3   0.00000000   0.00000000    267.9   82.0      2.7     77610
2018  1 25 20      0.0    233.9   0.00000000   0.00000000    267.8   82.0      2.6     77570
2018  1 25 21      0.0    237.4   0.00000000   0.00000000    267.9   83.0      2.6     77550
2018  1 25 22      0.0    235.1   0.00000000   0.00000000    267.6   84.0      2.6     77500
2018  1 25 23      0.0    237.2   0.00000000   0.00000000    267.8   84.0      2.5     77530
2018  1 26  0      0.0    236.0   0.00000000   0.00000000    267.4   87.0      2.5     77510
2018  1 26  1      0.0    237.8   0.00000000   0.00000000    267.8   87.0      2.6     77520
2018  1 26  2      0.0    233.0   0.00000000   0.00000000    267.6   87.0      2.7     77480
2018  1 26  3      0.0    232.0   0.00000000   0.00000000    267.5   86.0      2.7     77410
2018  1 26  4      0.0    233.6   0.00000000   0.00000000    267.8   85.0      2.6     77410
2018  1 26  5      0.0    229.6   0.00000000   0.00000000    267.3   87.0      2.8     77380
2018  1 26  6      0.0    230.1   0.00000000   0.00000000    266.9   88.0      2.8     77330
2018  1 26  7      0.2    229.1   0.00000000   0.00000000    266.6   88.0      2.7     77330
2018  1 26  8     38.0    231.0   0.00000000   0.00000000    267.0   89.0      2.7     77400
2018  1 26  9    128.0    234.3   0.00000000   0.00000000    268.8   80.0      2.3     77550
2018  1 26 10    225.0    226.9   0.00000000   0.00000000    270.1   73.0      2.4     77670
2018  1 26 11    344.0    204.9   0.00000000   0.00000000    271.1   68.0      2.8     77670
2018  1 26 12    416.0    207.2   0.00000000   0.00000000    271.8   65.0      3.0     77780
2018  1 26 13    376.0    205.1   0.00000000   0.00000000    271.4   65.0      2.2     77700
2018  1 26 14    311.0    203.6   0.00000000   0.00000000    270.8   68.0      1.6     77690
2018  1 26 15    165.0    212.4   0.00000000   0.00000000    269.4   75.0      1.5     77690
2018  1 26 16     48.0    199.7   0.00000000   0.00000000    268.8   79.0      1.7     77740
2018  1 26 17      1.0    207.5   0.00000000   0.00000000    267.8   83.0      1.9     77710
2018  1 26 18      0.0    196.0   0.00000000   0.00000000    267.0   85.0      2.0     77680
2018  1 26 19      0.0    195.1   0.00000000   0.00000000    266.8   86.0      2.1     77690
2018  1 26 20      0.0    201.8   0.00000000   0.00000000    266.2   88.0      2.3     77680
2018  1 26 21      0.0    189.2   0.00000000   0.00000000    265.9   89.0      2.4     77660
2018  1 26 22      0.0    188.9   0.00000000   0.00000000    265.4   90.0      2.4     77660
2018  1 26 23      0.0    190.7   0.00000000   0.00000000    265.1   91.0      2.4     77670
2018  1 27  0      0.0    195.2   0.00000000   0.00000000    266.0   91.0      2.8     77780
2018  1 27  1      0.0    210.5   0.00000000   0.00000000    265.3   93.0      2.7     77700
2018  1 27  2      0.0    225.1   0.00000000   0.00000000    266.0   93.0      2.5     77800
2018  1 27  3      0.0    203.2   0.00000000   0.00000000    265.9   94.0      2.7     77800
2018  1 27  4      0.0    190.7   0.00000000   0.00000000    265.3   93.0      2.5     77770
2018  1 27  5      0.0    184.7   0.00000000   0.00000000    265.2   93.0      2.4     77770
2018  1 27  6      0.0    185.6   0.00000000   0.00000000    264.6   93.0      2.5     77750
2018  1 27  7      3.1    184.4   0.00000000   0.00000000    265.0   92.0      2.3     77830
2018  1 27  8     51.0    188.2   0.00000000   0.00000000    265.8   92.0      1.9     77960
2018  1 27  9    148.0    201.9   0.00000000   0.00000000    268.2   82.0      1.3     78200
2018  1 27 10    252.0    204.7   0.00000000   0.00000000    269.6   78.0      1.3     78380
2018  1 27 11    348.0    207.6   0.00000000   0.00000000    270.8   76.0      1.3     78460
2018  1 27 12    407.0    219.7   0.00000000   0.00000000    273.8   70.0      0.9     78680
2018  1 27 13    395.0    209.2   0.00000000   0.00000000    271.3   76.0      1.4     78500
2018  1 27 14    314.0    234.9   0.00000000   0.00000000    271.5   76.0      1.3     78570
2018  1 27 15    174.0    217.1   0.00000000   0.00000000    272.4   75.0      1.2     78710
2018  1 27 16     66.0    215.7   0.00000000   0.00000000    272.4   77.0      0.7     78760
2018  1 27 17      1.0    208.6   0.00000000   0.00000000    270.8   81.0      0.5     78710
2018  1 27 18      0.0    190.7   0.00000000   0.00000000    266.9   86.0      1.1     78440
2018  1 27 19      0.0    187.8   0.00000000   0.00000000    266.3   86.0      0.8     78430
2018  1 27 20      0.0    197.2   0.00000000   0.00000000    266.8   87.0      0.4     78550
2018  1 27 21      0.0    218.8   0.00000000   0.00000000    266.0   90.0      0.5     78540
2018  1 27 22      0.0    225.7   0.00000000   0.00000000    266.9   93.0      0.5     78610
2018  1 27 23      0.0    220.8   0.00000000   0.00000000    265.6   96.0      1.0     78510
2018  1 28  0      0.0    218.1   0.00000000   0.00000000    265.0   96.0      1.3     78470
2018  1 28  1      0.0    206.9   0.00000000   0.00000000    263.9   93.0      1.1     78390
2018  1 28  2      0.0    201.3   0.00000000   0.00000000    263.5   92.0      0.9     78400
2018  1 28  3      0.0    199.0   0.00000000   0.00000000    263.3   92.0      0.7     78400
2018  1 28  4      0.0    198.2   0.00000000   0.00000000    264.0   91.0      0.4     78480
2018  1 28  5      0.0    189.6   0.00000000   0.00000000    264.2   91.0      0.4     78530
2018  1 28  6      0.0    176.5   0.00000000   0.00000000    263.0   93.0      0.9     78440
2018  1 28  7      6.0    172.5   0.00000000   0.00000000    262.6   92.0      0.8     78400
2018  1 28  8     48.0    183.1   0.00000000   0.00000000    265.1   89.0      0.5     78650
2018  1 28  9    182.0    190.4   0.00000000   0.00000000    267.4   78.0      0.9     78860
2018  1 28 10    311.0    219.0   0.00000000   0.00000000    273.1   58.0      0.4     79320
2018  1 28 11    347.0    229.2   0.00000000   0.00000000    273.6   52.0      0.9     79330
2018  1 28 12    342.0    233.4   0.00000000   0.00000000    273.8   71.0      0.9     79280
2018  1 28 13    331.0    210.9   0.00000000   0.00000000    272.8   62.0      0.9     79230
2018  1 28 14    314.0    203.0   0.00000000   0.00000000    270.9   66.0      1.3     79110
2018  1 28 15    197.0    216.7   0.00000000   0.00000000    272.8   60.0      0.4     79300
2018  1 28 16     57.0    225.3   0.00000000   0.00000000    268.9   74.0      1.1     79010
2018  1 28 17      1.0    222.5   0.00000000   0.00000000    270.4   72.0      0.8     79090
2018  1 28 18      0.0    210.5   0.00000000   0.00000000    269.8   74.0      0.4     79060
2018  1 28 19      0.0    202.7   0.00000000   0.00000000    268.9   76.0      0.4     79030
2018  1 28 20      0.0    197.9   0.00000000   0.00000000    268.4   76.0      0.7     78990
2018  1 28 21      0.0    197.1   0.00000000   0.00000000    268.5   76.0      0.9     78970
2018  1 28 22      0.0    195.2   0.00000000   0.00000000    268.1   78.0      0.9     78910
2018  1 28 23      0.0    194.6   0.00000000   0.00000000    267.9   80.0      0.7     78860
2018  1 29  0      0.0    192.2   0.00000000   0.00000000    267.4   81.0      0.8     78830
2018  1 29  1      0.0    192.5   0.00000000   0.00000000    267.3   82.0      0.8     78760
2018  1 29  2      0.0    190.6   0.00000000   0.00000000    266.9   83.0      0.8     78680
2018  1 29  3      0.0    188.3   0.00000000   0.00000000    266.4   84.0      0.7     78580
2018  1 29  4      0.0    184.9   0.00000000   0.00000000    265.6   86.0      0.7     78480
2018  1 29  5      0.0    188.0   0.00000000   0.00000000    266.4   84.0      0.4     78530
2018  1 29  6      0.0    187.7   0.00000000   0.00000000    266.5   82.0      0.4     78550
2018  1 29  7      8.8    186.5   0.00000000   0.00000000    266.4   80.0      0.6     78530
2018  1 29  8     61.0    192.8   0.00000000   0.00000000    267.8   79.0      0.7     78620
2018  1 29  9    197.0    194.9   0.00000000   0.00000000    268.3   78.0      1.4     78600
2018  1 29 10    323.0    213.0   0.00000000   0.00000000    273.2   62.0      1.2     78950
2018  1 29 11    409.0    221.5   0.00000000   0.00000000    276.2   49.0      0.9     79090
2018  1 29 12    443.0    226.5   0.00000000   0.00000000    276.9   51.0      0.7     79050
2018  1 29 13    420.0    224.5   0.00000000   0.00000000    277.4   44.0      1.0     79000
2018  1 29 14    342.0    226.3   0.00000000   0.00000000    277.1   49.0      0.9     78920
2018  1 29 15    221.0    214.6   0.00000000   0.00000000    273.8   59.0      1.2     78630
2018  1 29 16     81.0    193.3   0.00000000   0.00000000    268.6   70.0      1.2     78200
2018  1 29 17      2.0    192.0   0.00000000   0.00000000    268.5   68.0      1.0     78190
2018  1 29 18      0.0    203.2   0.00000000   0.00000000    271.4   61.0      1.0     78480
2018  1 29 19      0.0    212.5   0.00000000   0.00000000    273.4   59.0      1.3     78730
2018  1 29 20      0.0    212.3   0.00000000   0.00000000    272.9   64.0      0.9     78790
2018  1 29 21      0.0    202.3   0.00000000   0.00000000    270.3   70.0      1.3     78570
2018  1 29 22      0.0    214.2   0.00000000   0.00000000    267.3   75.0      1.3     78350
2018  1 29 23      0.0    228.5   0.00000000   0.00000000    271.2   66.0      1.0     78740
2018  1 30  0      0.0    232.7   0.00000000   0.00000000    270.5   64.0      1.0     78670
2018  1 30  1      0.0    220.7   0.00000000   0.00000000    268.1   72.0      0.9     78500
2018  1 30  2      0.0    212.4   0.00000000   0.00000000    265.8   79.0      1.2     78240
2018  1 30  3      0.0    216.7   0.00000000   0.00000000    265.9   80.0      0.8     78240
2018  1 30  4      0.0    226.0   0.00000000   0.00000000    268.1   76.0      0.4     78430
2018  1 30  5      0.0    221.9   0.00000000   0.00000000    269.8   74.0      0.5     78600
2018  1 30  6      0.0    216.4   0.00000000   0.00000000    269.2   80.0      0.4     78650
2018  1 30  7      8.6    192.2   0.00000000   0.00000000    265.8   88.0      1.4     78360
2018  1 30  8     46.0    192.6   0.00000000   0.00000000    266.6   87.0      0.9     78410
2018  1 30  9    141.0    195.6   0.00000000   0.00000000    267.5   84.0      1.4     78420
2018  1 30 10    240.0    204.1   0.00000000   0.00000000    269.8   76.0      1.2     78540
2018  1 30 11    312.0    212.1   0.00000000   0.00000000    272.8   60.0      0.6     78710
2018  1 30 12    364.0    219.7   0.00000000   0.00000000    273.5   69.0      0.8     78640
2018  1 30 13    373.0    215.6   0.00000000   0.00000000    274.5   48.0      0.8     78630
2018  1 30 14    320.0    214.0   0.00000000   0.00000000    274.3   50.0      0.7     78580
2018  1 30 15    213.0    212.2   0.00000000   0.00000000    273.5   55.0      1.2     78470
2018  1 30 16     83.0    187.5   0.00000000   0.00000000    267.1   69.0      1.7     77890
2018  1 30 17      2.0    186.1   0.00000000   0.00000000    266.8   66.0      1.1     77770
2018  1 30 18      0.0    184.5   0.00000000   0.00000000    266.8   67.0      1.1     77710
2018  1 30 19      0.0    184.4   0.00000000   0.00000000    266.0   72.0      1.1     77640
2018  1 30 20      0.0    192.0   0.00000000   0.00000000    265.5   75.0      1.1     77590
2018  1 30 21      0.0    203.7   0.00000000   0.00000000    265.4   74.0      1.0     77570
2018  1 30 22      0.0    202.3   0.00000000   0.00000000    265.8   70.0      1.0     77620
2018  1 30 23      0.0    180.1   0.00000000   0.00000000    265.3   65.0      0.8     77620
2018  1 31  0      0.0    184.6   0.00000000   0.00000000    265.1   64.0      1.2     77580
2018  1 31  1      0.0    200.8   0.00000000   0.00000000    265.8   57.0      0.9     77590
2018  1 31  2      0.0    192.5   0.00000000   0.00000000    265.6   61.0      1.0     77560
2018  1 31  3      0.0    179.2   0.00000000   0.00000000    265.0   67.0      0.9     77440
2018  1 31  4      0.0    172.9   0.00000000   0.00000000    264.8   63.0      0.7     77440
2018  1 31  5      0.0    170.6   0.00000000   0.00000000    264.3   63.0      0.7     77390
2018  1 31  6      0.0    172.2   0.00000000   0.00000000    265.2   57.0      1.0     77540
2018  1 31  7      1.0    168.0   0.00000000   0.00000000    263.8   63.0      1.1     77360
2018  1 31  8     68.0    176.1   0.00000000   0.00000000    265.8   61.0      0.9     77460
2018  1 31  9    204.0    184.7   0.00000000   0.00000000    266.8   70.0      1.6     77470
2018  1 31 10    324.0    194.6   0.00000000   0.00000000    269.2   66.0      1.6     77570
2018  1 31 11    405.0    203.1   0.00000000   0.00000000    271.3   61.0      1.4     77590
2018  1 31 12    437.0    214.0   0.00000000   0.00000000    274.0   54.0      1.2     77740
2018  1 31 13    415.0    204.3   0.00000000   0.00000000    272.0   57.0      1.2     77470
2018  1 31 14    338.0    199.3   0.00000000   0.00000000    271.0   57.0      1.5     77300
2018  1 31 15    220.0    192.3   0.00000000   0.00000000    269.0   60.0      1.9     77140
2018  1 31 16     80.0    187.3   0.00000000   0.00000000    268.2   57.0      1.6     77050
2018  1 31 17      2.0    203.1   0.00000000   0.00000000    267.8   60.0      1.6     77050
2018  1 31 18      0.0    196.7   0.00000000   0.00000000    267.5   68.0      2.4     77000
2018  1 31 19      0.0    195.4   0.00000000   0.00000000    266.3   77.0      2.6     76870
2018  1 31 20      0.0    209.2   0.00000000   0.00000000    265.5   84.0      2.7     76820
2018  1 31 21      0.0    200.6   0.00000000   0.00000000    265.1   86.0      2.9     76720
2018  1 31 22      0.0    219.4   0.00000000   0.00000000    265.3   84.0      3.3     76650
2018  1 31 23      0.0    223.7   0.00000000   0.00000000    265.5   84.0      3.1     76600
2018  2  1  0      0.0    226.2   0.00000000   0.00000000    266.0   83.0      2.8     76680
2018  2  1  1      0.0    226.1   0.00000000   0.00000000    266.2   82.0      2.7     76630
2018  2  1  2      0.0    224.9   0.00000000   0.00000000    266.2   81.0      2.4     76540
2018  2  1  3      0.0    222.6   0.00000000   0.00000000    266.2   81.0      2.0     76430
2018  2  1  4      0.0    224.8   0.00000000   0.00000000    266.1   82.0      1.8     76360
2018  2  1  5      0.0    222.6   0.00000000   0.00000000    266.2   83.0      1.8     76320
2018  2  1  6      0.0    223.2   0.00000000   0.00000000    266.1   82.0      1.4     76270
2018  2  1  7      1.0    222.6   0.00000000   0.00000000    265.8   83.0      1.0     76280
2018  2  1  8     36.0    227.4   0.00000000   0.00000000    266.9   81.0      1.5     76310
2018  2  1  9    121.0    216.4   0.00000000   0.00000000    267.8   77.0      0.9     76380
2018  2  1 10    184.0    231.4   0.00000000   0.00000000    268.5   76.0      0.7     76440
2018  2  1 11    252.0    237.6   0.00002778   0.00000000    268.8   75.0      1.2     76440
2018  2  1 12    135.0    230.3   0.00013889   0.00000000    266.0   94.0      2.1     76430
2018  2  1 13    116.0    222.9   0.00038889   0.00000000    265.1   88.0      2.0     76440
2018  2  1 14     99.0    218.6   0.00022222   0.00000000    264.6   84.0      1.6     76450
2018  2  1 15     62.0    215.4   0.00025000   0.00000000    264.3   80.0      2.1     76430
2018  2  1 16     29.0    215.8   0.00016667   0.00000000    264.1   84.0      1.7     76390
2018  2  1 17      2.0    215.2   0.00011111   0.00000000    264.0   84.0      1.0     76410
2018  2  1 18      0.0    216.2   0.00013889   0.00000000    264.1   85.0      0.9     76440
2018  2  1 19      0.0    216.3   0.00011111   0.00000000    264.0   87.0      1.1     76440
2018  2  1 20      0.0    217.0   0.00008333   0.00000000    264.0   89.0      0.7     76420
2018  2  1 21      0.0    215.0   0.00005556   0.00000000    263.8   88.0      0.4     76430
2018  2  1 22      0.0    214.5   0.00005556   0.00000000    263.8   85.0      1.1     76450
2018  2  1 23      0.0    213.3   0.00005556   0.00000000    263.4   88.0      1.2     76470
2018  2  2  0      0.0    215.4   0.00005556   0.00000000    263.6   93.0      0.6     76520
2018  2  2  1      0.0    215.9   0.00000000   0.00000000    263.5   94.0      0.5     76480
2018  2  2  2      0.0    211.0   0.00000000   0.00000000    262.5   96.0      0.9     76430
2018  2  2  3      0.0    213.6   0.00005556   0.00000000    263.2   92.0      0.4     76490
2018  2  2  4      0.0    211.4   0.00005556   0.00000000    262.8   92.0      0.6     76450
2018  2  2  5      0.0    210.8   0.00002778   0.00000000    262.8   92.0      0.8     76430
2018  2  2  6      0.0    212.5   0.00002778   0.00000000    263.0   92.0      0.8     76460
2018  2  2  7      1.0    211.9   0.00002778   0.00000000    262.9   92.0      0.6     76480
2018  2  2  8     32.0    209.5   0.00000000   0.00000000    263.3   81.0      0.5     76490
2018  2  2  9    123.0    209.9   0.00000000   0.00000000    264.4   69.0      0.1     76550
2018  2  2 10    224.0    205.9   0.00000000   0.00000000    264.6   69.0      0.6     76510
2018  2  2 11    345.0    209.8   0.00000000   0.00000000    265.1   59.0      1.2     76510
2018  2  2 12    324.0    207.3   0.00000000   0.00000000    264.8   73.0      2.2     76580
2018  2  2 13    239.0    206.0   0.00000000   0.00000000    264.5   72.0      1.4     76560
2018  2  2 14    185.0    206.1   0.00000000   0.00000000    264.4   72.0      0.8     76530
2018  2  2 15    152.0    209.2   0.00000000   0.00000000    263.6   74.0      0.9     76500
2018  2  2 16     56.0    207.2   0.00000000   0.00000000    262.4   86.0      1.1     76470
2018  2  2 17      3.0    204.9   0.00000000   0.00000000    261.8   89.0      1.1     76460
2018  2  2 18      0.0    209.4   0.00000000   0.00000000    262.5   91.0      0.7     76550
2018  2  2 19      0.0    209.9   0.00000000   0.00000000    262.6   91.0      0.9     76600
2018  2  2 20      0.0    208.3   0.00000000   0.00000000    262.3   91.0      0.8     76580
2018  2  2 21      0.0    205.5   0.00000000   0.00000000    261.9   89.0      0.5     76540
2018  2  2 22      0.0    204.1   0.00000000   0.00000000    261.9   85.0      0.6     76550
2018  2  2 23      0.0    200.6   0.00000000   0.00000000    261.8   78.0      0.7     76520
2018  2  3  0      0.0    203.5   0.00000000   0.00000000    261.6   88.0      0.9     76530
2018  2  3  1      0.0    197.9   0.00000000   0.00000000    260.6   87.0      0.8     76460
2018  2  3  2      0.0    199.1   0.00002778   0.00000000    260.8   89.0      0.7     76400
2018  2  3  3      0.0    198.1   0.00002778   0.00000000    260.5   89.0      0.9     76360
2018  2  3  4      0.0    194.0   0.00002778   0.00000000    259.6   91.0      1.2     76250
2018  2  3  5      0.0    193.2   0.00002778   0.00000000    259.5   90.0      0.9     76240
2018  2  3  6      0.0    194.9   0.00002778   0.00000000    259.9   89.0      0.8     76260
2018  2  3  7      1.0    192.6   0.00002778   0.00000000    259.5   88.0      0.9     76270
2018  2  3  8     40.0    196.7   0.00002778   0.00000000    260.8   86.0      1.8     76380
2018  2  3  9     80.0    195.5   0.00002778   0.00000000    260.8   83.0      1.8     76370
2018  2  3 10    143.0    196.9   0.00002778   0.00000000    261.0   78.0      2.1     76340
2018  2  3 11    221.0    198.0   0.00002778   0.00000000    261.5   74.0      2.1     76360
2018  2  3 12    223.0    199.6   0.00005556   0.00000000    262.1   70.0      2.3     76380
2018  2  3 13    317.0    198.8   0.00000000   0.00000000    262.4   66.0      2.0     76350
2018  2  3 14    225.0    198.8   0.00000000   0.00000000    262.3   69.0      1.7     76340
2018  2  3 15    142.0    199.2   0.00002778   0.00000000    261.8   73.0      1.6     76310
2018  2  3 16     66.0    195.9   0.00002778   0.00000000    260.8   84.0      0.9     76280
2018  2  3 17      4.0    196.3   0.00002778   0.00000000    260.8   89.0      1.1     76310
2018  2  3 18      0.0    196.9   0.00002778   0.00000000    260.1   92.0      1.2     76330
2018  2  3 19      0.0    196.6   0.00005556   0.00000000    260.1   91.0      0.7     76360
2018  2  3 20      0.0    189.4   0.00002778   0.00000000    258.9   90.0      0.5     76300
2018  2  3 21      0.0    188.8   0.00002778   0.00000000    258.9   88.0      0.7     76330
2018  2  3 22      0.0    179.5   0.00000000   0.00000000    257.4   88.0      0.8     76230
2018  2  3 23      0.0    168.3   0.00000000   0.00000000    256.8   87.0      0.9     76210
2018  2  4  0      0.0    170.0   0.00000000   0.00000000    257.8   88.0      0.6     76290
2018  2  4  1      0.0    178.3   0.00000000   0.00000000    257.6   89.0      1.0     76290
2018  2  4  2      0.0    174.3   0.00000000   0.00000000    257.2   88.0      1.5     76260
2018  2  4  3      0.0    162.6   0.00000000   0.00000000    256.2   87.0      1.2     76170
2018  2  4  4      0.0    164.2   0.00000000   0.00000000    256.3   86.0      1.1     76200
2018  2  4  5      0.0    156.7   0.00000000   0.00000000    255.8   85.0      1.0     76170
2018  2  4  6      0.0    167.6   0.00000000   0.00000000    256.0   86.0      0.8     76230
2018  2  4  7      2.0    172.5   0.00000000   0.00000000    256.3   86.0      0.4     76330
2018  2  4  8     53.0    181.1   0.00000000   0.00000000    258.5   78.0      0.3     76570
2018  2  4  9    156.0    186.9   0.00000000   0.00000000    262.2   48.0      0.4     76890
2018  2  4 10    272.0    184.0   0.00000000   0.00000000    261.8   64.0      0.7     76830
2018  2  4 11    379.0    191.0   0.00000000   0.00000000    263.2   59.0      0.8     76930
2018  2  4 12    399.0    200.8   0.00000000   0.00000000    263.9   61.0      1.6     77040
2018  2  4 13    317.0    202.8   0.00002778   0.00000000    263.6   61.0      1.5     77030
2018  2  4 14    233.0    200.3   0.00002778   0.00000000    263.4   64.0      0.8     77030
2018  2  4 15    165.0    197.3   0.00000000   0.00000000    262.5   68.0      1.0     76970
2018  2  4 16     69.0    193.7   0.00000000   0.00000000    263.3   61.0      0.3     77090
2018  2  4 17      3.0    185.9   0.00000000   0.00000000    260.5   73.0      0.6     76920
2018  2  4 18      0.0    188.3   0.00000000   0.00000000    260.2   73.0      1.0     76900
2018  2  4 19      0.0    158.9   0.00000000   0.00000000    259.6   72.0      1.3     76880
2018  2  4 20      0.0    173.8   0.00000000   0.00000000    258.5   74.0      1.4     76850
2018  2  4 21      0.0    175.4   0.00000000   0.00000000    258.9   82.0      1.8     76900
2018  2  4 22      0.0    179.1   0.00000000   0.00000000    257.8   82.0      2.0     76810
2018  2  4 23      0.0    174.7   0.00000000   0.00000000    257.9   82.0      2.2     76850
2018  2  5  0      0.0    163.9   0.00000000   0.00000000    258.9   79.0      2.4     76960
2018  2  5  1      0.0    178.1   0.00000000   0.00000000    258.8   79.0      2.3     76970
2018  2  5  2      0.0    173.3   0.00000000   0.00000000    258.5   81.0      2.5     76970
2018  2  5  3      0.0    152.8   0.00000000   0.00000000    258.2   82.0      2.4     76940
2018  2  5  4      0.0    153.4   0.00000000   0.00000000    257.8   81.0      2.3     76920
2018  2  5  5      0.0    150.0   0.00000000   0.00000000    257.8   81.0      2.4     76940
2018  2  5  6      0.0    150.3   0.00000000   0.00000000    257.9   82.0      2.4     76920
2018  2  5  7      2.0    159.2   0.00000000   0.00000000    257.8   82.0      2.3     76920
2018  2  5  8     75.0    188.8   0.00000000   0.00000000    259.2   81.0      2.2     77080
2018  2  5  9    159.0    200.4   0.00000000   0.00000000    262.1   72.0      1.8     77310
2018  2  5 10    259.0    208.9   0.00000000   0.00000000    264.1   67.0      1.6     77430
2018  2  5 11    323.0    213.5   0.00000000   0.00000000    265.2   64.0      1.7     77470
2018  2  5 12    310.0    212.6   0.00000000   0.00000000    265.2   62.0      2.3     77490
2018  2  5 13    448.0    175.6   0.00000000   0.00000000    265.6   61.0      1.5     77400
2018  2  5 14    376.0    171.5   0.00000000   0.00000000    264.5   63.0      1.4     77290
2018  2  5 15    253.0    166.9   0.00000000   0.00000000    263.1   67.0      1.8     77180
2018  2  5 16    105.0    164.6   0.00000000   0.00000000    262.4   69.0      1.7     77170
2018  2  5 17      7.0    162.8   0.00000000   0.00000000    261.6   73.0      2.0     77140
2018  2  5 18      0.0    161.3   0.00000000   0.00000000    260.9   79.0      2.5     77050
2018  2  5 19      0.0    159.1   0.00000000   0.00000000    260.1   83.0      2.7     76960
2018  2  5 20      0.0    157.6   0.00000000   0.00000000    259.8   84.0      2.7     76870
2018  2  5 21      0.0    156.8   0.00000000   0.00000000    259.5   84.0      2.6     76810
2018  2  5 22      0.0    156.6   0.00000000   0.00000000    259.4   85.0      2.6     76740
2018  2  5 23      0.0    156.1   0.00000000   0.00000000    259.2   86.0      2.7     76690
2018  2  6  0      0.0    156.3   0.00000000   0.00000000    259.1   87.0      3.3     76750
2018  2  6  1      0.0    184.2   0.00000000   0.00000000    259.4   88.0      3.2     76680
2018  2  6  2      0.0    187.1   0.00000000   0.00000000    259.4   87.0      3.2     76590
2018  2  6  3      0.0    191.2   0.00000000   0.00000000    259.8   87.0      3.1     76570
2018  2  6  4      0.0    193.1   0.00000000   0.00000000    260.0   86.0      2.9     76560
2018  2  6  5      0.0    195.2   0.00000000   0.00000000    260.4   84.0      2.7     76560
2018  2  6  6      0.0    194.8   0.00000000   0.00000000    260.6   84.0      2.6     76550
2018  2  6  7      2.0    196.9   0.00000000   0.00000000    260.8   85.0      2.5     76550
2018  2  6  8     63.0    204.0   0.00000000   0.00000000    262.2   82.0      2.2     76650
2018  2  6  9    174.0    208.4   0.00000000   0.00000000    264.2   75.0      1.7     76780
2018  2  6 10    308.0    189.1   0.00000000   0.00000000    266.5   70.0      1.3     76920
2018  2  6 11    427.0    193.1   0.00000000   0.00000000    267.8   65.0      1.6     76980
2018  2  6 12    477.0    190.8   0.00000000   0.00000000    268.8   61.0      2.2     77040
2018  2  6 13    454.0    219.1   0.00000000   0.00000000    268.2   60.0      1.9     76940
2018  2  6 14    366.0    224.8   0.00000000   0.00000000    267.3   63.0      1.4     76830
2018  2  6 15    232.0    215.3   0.00000000   0.00000000    265.1   69.0      1.8     76670
2018  2  6 16     86.0    210.5   0.00000000   0.00000000    264.0   72.0      1.5     76620
2018  2  6 17      6.0    211.6   0.00000000   0.00000000    263.9   76.0      1.6     76650
2018  2  6 18      0.0    209.2   0.00000000   0.00000000    263.1   81.0      2.0     76590
2018  2  6 19      0.0    207.6   0.00000000   0.00000000    262.6   84.0      2.2     76540
2018  2  6 20      0.0    207.9   0.00000000   0.00000000    262.6   85.0      2.3     76490
2018  2  6 21      0.0    206.2   0.00000000   0.00000000    262.8   85.0      2.3     76470
2018  2  6 22      0.0    194.1   0.00000000   0.00000000    262.3   85.0      2.3     76420
2018  2  6 23      0.0    203.4   0.00000000   0.00000000    261.9   85.0      2.2     76410
2018  2  7  0      0.0    202.9   0.00000000   0.00000000    262.0   84.0      2.1     76380
2018  2  7  1      0.0    199.7   0.00002778   0.00000000    261.8   86.0      1.9     76320
2018  2  7  2      0.0    200.7   0.00000000   0.00000000    262.0   88.0      1.9     76290
2018  2  7  3      0.0    205.3   0.00002778   0.00000000    262.2   88.0      1.7     76250
2018  2  7  4      0.0    201.3   0.00002778   0.00000000    262.9   86.0      1.2     76310
2018  2  7  5      0.0    194.0   0.00000000   0.00000000    262.1   84.0      0.6     76220
2018  2  7  6      0.0    196.9   0.00000000   0.00000000    261.4   82.0      0.4     76180
2018  2  7  7      3.0    197.1   0.00000000   0.00000000    261.5   83.0      0.5     76210
2018  2  7  8     72.0    177.5   0.00000000   0.00000000    261.9   83.0      0.4     76260
2018  2  7  9    204.0    209.7   0.00000000   0.00000000    266.3   71.0      0.6     76640
2018  2  7 10    286.0    223.3   0.00000000   0.00000000    266.2   75.0      0.8     76660
2018  2  7 11    299.0    223.6   0.00002778   0.00000000    266.4   75.0      0.9     76720
2018  2  7 12    318.0    224.2   0.00002778   0.00000000    266.0   80.0      1.3     76740
2018  2  7 13    282.0    218.3   0.00011111   0.00000000    265.8   83.0      1.3     76750
2018  2  7 14    217.0    219.2   0.00008333   0.00000000    265.2   87.0      1.0     76750
2018  2  7 15    139.0    216.7   0.00005556   0.00000000    264.5   91.0      1.0     76730
2018  2  7 16     74.0    206.7   0.00002778   0.00000000    262.3   93.0      1.2     76600
2018  2  7 17      6.0    209.3   0.00002778   0.00000000    262.6   96.0      1.0     76670
2018  2  7 18      0.0    205.3   0.00002778   0.00000000    262.6   97.0      0.9     76750
2018  2  7 19      0.0    208.0   0.00002778   0.00000000    263.0   92.0      0.5     76820
2018  2  7 20      0.0    207.0   0.00002778   0.00000000    263.2   92.0      0.5     76850
2018  2  7 21      0.0    202.6   0.00002778   0.00000000    262.9   94.0      0.6     76880
2018  2  7 22      0.0    204.2   0.00000000   0.00000000    262.9   97.0      0.3     76880
2018  2  7 23      0.0    205.0   0.00000000   0.00000000    262.6   96.0      0.1     76900
2018  2  8  0      0.0    206.4   0.00000000   0.00000000    263.1   92.0      0.2     76960
2018  2  8  1      0.0    207.1   0.00000000   0.00000000    262.9   91.0      0.4     76970
2018  2  8  2      0.0    205.4   0.00002778   0.00000000    262.8   91.0      0.5     76980
2018  2  8  3      0.0    201.7   0.00002778   0.00000000    262.2   90.0      0.6     76950
2018  2  8  4      0.0    201.7   0.00000000   0.00000000    262.6   90.0      0.4     77020
2018  2  8  5      0.0    188.1   0.00000000   0.00000000    260.8   90.0      0.9     76870
2018  2  8  6      0.0    184.6   0.00000000   0.00000000    261.0   88.0      0.8     76900
2018  2  8  7      3.0    181.6   0.00000000   0.00000000    261.3   87.0      0.5     76980
2018  2  8  8     57.0    179.6   0.00000000   0.00000000    262.0   86.0      0.7     77080
2018  2  8  9    206.0    170.2   0.00000000   0.00000000    263.8   69.0      0.6     77180
2018  2  8 10    329.0    173.4   0.00000000   0.00000000    265.1   61.0      0.2     77200
2018  2  8 11    444.0    179.3   0.00000000   0.00000000    265.4   73.0      0.6     77160
2018  2  8 12    459.0    181.3   0.00000000   0.00000000    266.5   63.0      1.1     77270
2018  2  8 13    395.0    203.5   0.00000000   0.00000000    266.2   68.0      0.7     77210
2018  2  8 14    316.0    208.4   0.00000000   0.00000000    265.8   69.0      0.8     77170
2018  2  8 15    230.0    186.3   0.00000000   0.00000000    265.2   72.0      0.9     77170
2018  2  8 16    116.0    172.0   0.00000000   0.00000000    263.2   81.0      1.5     77120
2018  2  8 17     10.0    176.5   0.00000000   0.00000000    263.8   85.0      0.6     77230
2018  2  8 18      0.0    173.6   0.00000000   0.00000000    262.6   88.0      0.8     77140
2018  2  8 19      0.0    158.5   0.00000000   0.00000000    259.6   89.0      1.3     76870
2018  2  8 20      0.0    158.4   0.00000000   0.00000000    259.8   87.0      0.9     76840
2018  2  8 21      0.0    158.1   0.00000000   0.00000000    259.8   84.0      1.1     76810
2018  2  8 22      0.0    155.7   0.00000000   0.00000000    259.1   86.0      1.1     76740
2018  2  8 23      0.0    152.8   0.00000000   0.00000000    258.4   86.0      1.1     76640
2018  2  9  0      0.0    155.1   0.00000000   0.00000000    259.1   84.0      0.6     76730
2018  2  9  1      0.0    153.8   0.00000000   0.00000000    258.8   85.0      0.7     76700
2018  2  9  2      0.0    152.9   0.00000000   0.00000000    258.5   85.0      0.9     76640
2018  2  9  3      0.0    152.3   0.00000000   0.00000000    258.4   84.0      0.9     76610
2018  2  9  4      0.0    151.9   0.00000000   0.00000000    258.3   84.0      0.9     76570
2018  2  9  5      0.0    151.7   0.00000000   0.00000000    258.3   83.0      1.0     76560
2018  2  9  6      0.0    151.2   0.00000000   0.00000000    258.2   83.0      0.9     76530
2018  2  9  7      5.0    151.5   0.00000000   0.00000000    258.2   84.0      1.2     76550
2018  2  9  8     99.0    158.8   0.00000000   0.00000000    260.3   79.0      1.3     76730
2018  2  9  9    249.0    168.9   0.00000000   0.00000000    263.1   73.0      1.5     76910
2018  2  9 10    383.0    177.1   0.00000000   0.00000000    265.4   67.0      1.1     77050
2018  2  9 11    470.0    180.6   0.00000000   0.00000000    266.5   63.0      1.0     77080
2018  2  9 12    505.0    200.0   0.00000000   0.00000000    268.0   57.0      1.8     77150
2018  2  9 13    476.0    204.7   0.00000000   0.00000000    267.1   59.0      1.1     77020
2018  2  9 14    384.0    194.9   0.00000000   0.00000000    266.6   60.0      1.1     76960
2018  2  9 15    244.0    181.1   0.00000000   0.00000000    264.5   68.0      1.8     76790
2018  2  9 16    108.0    181.0   0.00000000   0.00000000    266.8   59.0      1.3     76990
2018  2  9 17     11.0    166.8   0.00000000   0.00000000    262.6   70.0      1.2     76690
2018  2  9 18      0.0    159.7   0.00000000   0.00000000    260.4   75.0      1.2     76550
2018  2  9 19      0.0    160.5   0.00000000   0.00000000    260.4   76.0      0.9     76570
2018  2  9 20      0.0    161.2   0.00000000   0.00000000    260.3   76.0      0.9     76590
2018  2  9 21      0.0    160.3   0.00000000   0.00000000    259.9   78.0      0.8     76580
2018  2  9 22      0.0    177.0   0.00000000   0.00000000    259.6   80.0      0.7     76580
2018  2  9 23      0.0    180.3   0.00000000   0.00000000    259.4   83.0      0.4     76590
2018  2 10  0      0.0    174.5   0.00000000   0.00000000    259.5   85.0      0.0     76660
2018  2 10  1      0.0    161.5   0.00000000   0.00000000    259.3   87.0      0.3     76670
2018  2 10  2      0.0    156.4   0.00000000   0.00000000    259.0   86.0      0.2     76650
2018  2 10  3      0.0    165.7   0.00000000   0.00000000    259.4   88.0      0.1     76700
2018  2 10  4      0.0    178.7   0.00000000   0.00000000    259.5   87.0      0.3     76770
2018  2 10  5      0.0    180.5   0.00002778   0.00000000    259.6   86.0      0.4     76820
2018  2 10  6      0.0    173.5   0.00000000   0.00000000    259.8   85.0      0.5     76870
2018  2 10  7      3.0    172.2   0.00000000   0.00000000    260.6   84.0      0.4     76950
2018  2 10  8     51.0    176.0   0.00000000   0.00000000    262.5   80.0      0.4     77140
2018  2 10  9    138.0    182.1   0.00000000   0.00000000    262.9   83.0      0.4     77190
2018  2 10 10    276.0    199.4   0.00000000   0.00000000    263.6   74.0      1.0     77210
2018  2 10 11    357.0    204.0   0.00000000   0.00000000    264.2   71.0      1.6     77240
2018  2 10 12    422.0    208.9   0.00000000   0.00000000    264.0   81.0      1.7     77220
2018  2 10 13    361.0    208.0   0.00002778   0.00000000    264.3   78.0      1.9     77220
2018  2 10 14    321.0    206.0   0.00002778   0.00000000    264.0   79.0      1.5     77200
2018  2 10 15    163.0    209.5   0.00002778   0.00000000    263.3   83.0      1.3     77150
2018  2 10 16     77.0    201.9   0.00002778   0.00000000    262.5   88.0      0.9     77150
2018  2 10 17      7.0    200.8   0.00002778   0.00000000    261.8   91.0      0.9     77110
2018  2 10 18      0.0    198.0   0.00002778   0.00000000    261.8   93.0      0.7     77140
2018  2 10 19      0.0    197.4   0.00000000   0.00000000    261.0   92.0      0.6     77120
2018  2 10 20      0.0    195.9   0.00000000   0.00000000    260.5   91.0      0.5     77080
2018  2 10 21      0.0    192.4   0.00000000   0.00000000    260.6   89.0      0.5     77080
2018  2 10 22      0.0    186.8   0.00000000   0.00000000    260.6   89.0      0.9     77050
2018  2 10 23      0.0    175.7   0.00000000   0.00000000    259.8   86.0      1.0     76930
2018  2 11  0      0.0    164.9   0.00000000   0.00000000    260.6   88.0      1.2     76970
2018  2 11  1      0.0    164.3   0.00000000   0.00000000    259.8   88.0      1.3     76860
2018  2 11  2      0.0    164.4   0.00000000   0.00000000    259.1   88.0      1.2     76760
2018  2 11  3      0.0    162.6   0.00000000   0.00000000    258.5   87.0      1.4     76640
2018  2 11  4      0.0    159.7   0.00000000   0.00000000    258.3   87.0      1.8     76500
2018  2 11  5      0.0    174.1   0.00000000   0.00000000    257.8   87.0      1.5     76310
2018  2 11  6      0.0    182.6   0.00000000   0.00000000    257.9   86.0      1.3     76240
2018  2 11  7      6.0    184.1   0.00000000   0.00000000    258.0   85.0      1.1     76240
2018  2 11  8     70.0    198.7   0.00002778   0.00000000    261.8   73.0      0.9     76520
2018  2 11  9    113.0    210.3   0.00005556   0.00000000    264.8   63.0      0.8     76770
2018  2 11 10    154.0    216.6   0.00008333   0.00000000    265.9   64.0      0.8     76810
2018  2 11 11    220.0    220.5   0.00002778   0.00000000    267.6   62.0      0.9     76840
2018  2 11 12    256.0    235.0   0.00002778   0.00000000    269.5   66.0      1.4     76860
2018  2 11 13    331.0    235.7   0.00002778   0.00000000    269.6   73.0      0.9     76790
2018  2 11 14    189.0    239.8   0.00002778   0.00000000    268.8   78.0      0.8     76710
2018  2 11 15    107.0    235.6   0.00002778   0.00000000    268.1   80.0      0.9     76640
2018  2 11 16     60.0    228.6   0.00000000   0.00000000    266.9   82.0      1.0     76500
2018  2 11 17      8.0    215.2   0.00000000   0.00000000    266.0   82.0      0.5     76410
2018  2 11 18      0.0    220.3   0.00002778   0.00000000    264.9   84.0      1.4     76440
2018  2 11 19      0.0    225.3   0.00016667   0.00000000    265.6   89.0      0.9     76600
2018  2 11 20      0.0    225.8   0.00013889   0.00000000    265.5   92.0      1.2     76610
2018  2 11 21      0.0    227.7   0.00016667   0.00000000    265.5   95.0      1.0     76660
2018  2 11 22      0.0    224.5   0.00013889   0.00000000    264.9   96.0      1.1     76620
2018  2 11 23      0.0    226.4   0.00016667   0.00000000    265.1   98.0      1.1     76680
2018  2 12  0      0.0    220.0   0.00016667   0.00000000    264.5   94.0      2.9     76800
2018  2 12  1      0.0    212.4   0.00011111   0.00000000    263.4   92.0      1.6     76830
2018  2 12  2      0.0    198.9   0.00002778   0.00000000    262.8   92.0      0.6     76770
2018  2 12  3      0.0    194.8   0.00000000   0.00000000    260.8   93.0      0.7     76570
2018  2 12  4      0.0    193.6   0.00000000   0.00000000    260.8   89.0      0.9     76540
2018  2 12  5      0.0    202.3   0.00002778   0.00000000    261.5   88.0      0.4     76610
2018  2 12  6      0.0    205.5   0.00002778   0.00000000    262.1   88.0      0.3     76680
2018  2 12  7      4.0    203.4   0.00013889   0.00000000    261.6   92.0      1.6     76760
2018  2 12  8     40.0    206.0   0.00025000   0.00000000    261.8   94.0      3.0     76890
2018  2 12  9    127.0    203.4   0.00011111   0.00000000    261.8   86.0      2.1     76960
2018  2 12 10    261.0    200.2   0.00008333   0.00000000    262.1   81.0      2.1     76990
2018  2 12 11    372.0    201.1   0.00005556   0.00000000    262.8   79.0      2.4     77000
2018  2 12 12    393.0    201.4   0.00002778   0.00000000    262.4   76.0      2.6     77060
2018  2 12 13    366.0    197.9   0.00002778   0.00000000    262.0   76.0      2.7     77050
2018  2 12 14    286.0    194.8   0.00005556   0.00000000    261.4   76.0      2.2     77060
2018  2 12 15    201.0    196.6   0.00002778   0.00000000    261.2   82.0      1.7     77080
2018  2 12 16     92.0    188.0   0.00005556   0.00000000    260.3   80.0      1.9     77020
2018  2 12 17     12.0    187.9   0.00002778   0.00000000    259.0   90.0      1.2     77020
2018  2 12 18      0.0    185.3   0.00002778   0.00000000    258.2   90.0      1.0     77010
2018  2 12 19      0.0    183.5   0.00002778   0.00000000    258.5   90.0      1.1     77070
2018  2 12 20      0.0    175.9   0.00002778   0.00000000    257.1   89.0      1.2     76960
2018  2 12 21      0.0    186.2   0.00002778   0.00000000    258.6   91.0      0.7     77110
2018  2 12 22      0.0    187.4   0.00002778   0.00000000    258.5   90.0      0.7     77100
2018  2 12 23      0.0    187.0   0.00002778   0.00000000    258.4   88.0      0.6     77070
2018  2 13  0      0.0    177.4   0.00002778   0.00000000    257.8   77.0      0.7     77060
2018  2 13  1      0.0    167.0   0.00000000   0.00000000    257.0   83.0      0.7     77020
2018  2 13  2      0.0    160.1   0.00000000   0.00000000    255.2   85.0      1.1     76860
2018  2 13  3      0.0    160.8   0.00000000   0.00000000    254.9   85.0      0.9     76810
2018  2 13  4      0.0    150.0   0.00000000   0.00000000    254.4   86.0      0.9     76740
2018  2 13  5      0.0    150.0   0.00000000   0.00000000    254.4   85.0      0.9     76740
2018  2 13  6      0.0    150.0   0.00000000   0.00000000    254.2   85.0      0.8     76690
2018  2 13  7      7.0    150.0   0.00000000   0.00000000    254.3   86.0      1.1     76670
2018  2 13  8    107.0    150.0   0.00000000   0.00000000    255.5   78.0      1.0     76740
2018  2 13  9    281.0    150.0   0.00000000   0.00000000    257.1   60.0      1.1     76800
2018  2 13 10    423.0    150.0   0.00000000   0.00000000    259.0   47.0      1.0     76810
2018  2 13 11    520.0    150.0   0.00000000   0.00000000    260.3   40.0      1.1     76770
2018  2 13 12    556.0    151.3   0.00000000   0.00000000    261.9   42.0      1.4     76820
2018  2 13 13    527.0    150.0   0.00000000   0.00000000    260.4   48.0      1.1     76620
2018  2 13 14    444.0    150.0   0.00000000   0.00000000    259.6   49.0      1.4     76470
2018  2 13 15    311.0    150.0   0.00000000   0.00000000    258.9   45.0      1.7     76370
2018  2 13 16    150.0    150.0   0.00000000   0.00000000    256.9   49.0      2.2     76230
2018  2 13 17     19.0    150.0   0.00000000   0.00000000    256.2   50.0      1.8     76220
2018  2 13 18      0.0    150.0   0.00000000   0.00000000    256.1   53.0      1.4     76250
2018  2 13 19      0.0    150.0   0.00000000   0.00000000    255.2   64.0      1.6     76190
2018  2 13 20      0.0    150.0   0.00000000   0.00000000    253.9   81.0      1.8     76090
2018  2 13 21      0.0    150.0   0.00000000   0.00000000    253.3   83.0      1.7     76040
2018  2 13 22      0.0    150.0   0.00000000   0.00000000    253.2   81.0      1.6     76020
2018  2 13 23      0.0    150.0   0.00000000   0.00000000    253.2   79.0      1.4     76030
2018  2 14  0      0.0    150.0   0.00000000   0.00000000    253.4   78.0      1.5     76050
2018  2 14  1      0.0    150.0   0.00000000   0.00000000    253.2   76.0      1.0     76030
2018  2 14  2      0.0    152.3   0.00000000   0.00000000    254.0   69.0      0.7     76090
2018  2 14  3      0.0    150.2   0.00000000   0.00000000    254.5   57.0      0.4     76130
2018  2 14  4      0.0    150.0   0.00000000   0.00000000    254.1   53.0      0.8     76130
2018  2 14  5      0.0    154.6   0.00000000   0.00000000    259.5   35.0      0.6     76660
2018  2 14  6      0.0    156.3   0.00000000   0.00000000    260.3   32.0      0.5     76790
2018  2 14  7      9.0    154.1   0.00000000   0.00000000    260.4   32.0      0.6     76850
2018  2 14  8    119.0    158.7   0.00000000   0.00000000    260.6   33.0      0.6     76960
2018  2 14  9    273.0    151.8   0.00000000   0.00000000    261.3   34.0      0.7     77030
2018  2 14 10    424.0    150.0   0.00000000   0.00000000    259.1   45.0      1.3     76840
2018  2 14 11    521.0    150.0   0.00000000   0.00000000    260.5   41.0      1.2     76950
2018  2 14 12    547.0    163.2   0.00000000   0.00000000    263.0   50.0      1.4     77130
2018  2 14 13    461.0    194.5   0.00000000   0.00000000    262.6   56.0      1.1     77090
2018  2 14 14    345.0    194.0   0.00000000   0.00000000    261.9   61.0      1.1     77040
2018  2 14 15    244.0    188.2   0.00002778   0.00000000    260.9   64.0      1.4     77000
2018  2 14 16    127.0    183.9   0.00000000   0.00000000    261.5   63.0      1.0     77150
2018  2 14 17     18.0    155.9   0.00000000   0.00000000    257.0   73.0      1.2     76880
2018  2 14 18      0.0    150.0   0.00000000   0.00000000    255.9   74.0      1.8     76850
2018  2 14 19      0.0    150.0   0.00000000   0.00000000    254.1   81.0      2.1     76680
2018  2 14 20      0.0    150.0   0.00000000   0.00000000    253.1   82.0      2.1     76580
2018  2 14 21      0.0    150.0   0.00000000   0.00000000    252.6   82.0      2.0     76520
2018  2 14 22      0.0    150.0   0.00000000   0.00000000    252.4   81.0      1.8     76460
2018  2 14 23      0.0    150.0   0.00000000   0.00000000    252.5   80.0      1.8     76390
2018  2 15  0      0.0    150.0   0.00000000   0.00000000    252.8   79.0      1.8     76350
2018  2 15  1      0.0    150.0   0.00000000   0.00000000    253.9   74.0      1.3     76420
2018  2 15  2      0.0    161.9   0.00000000   0.00000000    254.5   69.0      1.5     76350
2018  2 15  3      0.0    166.6   0.00000000   0.00000000    257.1   50.0      0.8     76590
2018  2 15  4      0.0    175.2   0.00000000   0.00000000    260.6   37.0      0.8     76870
2018  2 15  5      0.0    173.1   0.00000000   0.00000000    260.9   33.0      0.7     76830
2018  2 15  6      0.0    171.6   0.00000000   0.00000000    260.6   32.0      0.8     76830
2018  2 15  7      6.0    185.6   0.00000000   0.00000000    263.6   32.0      0.9     77050
2018  2 15  8     57.0    192.9   0.00002778   0.00000000    264.0   39.0      1.0     77150
2018  2 15  9     81.0    198.4   0.00011111   0.00000000    263.3   54.0      1.5     77190
2018  2 15 10    126.0    207.3   0.00019444   0.00000000    264.5   59.0      1.7     77330
2018  2 15 11    152.0    215.2   0.00022222   0.00000000    265.6   63.0      1.5     77380
2018  2 15 12    148.0    219.3   0.00025000   0.00000000    265.5   73.0      2.0     77290
2018  2 15 13    152.0    229.0   0.00019444   0.00000000    266.9   77.0      1.0     77400
2018  2 15 14    119.0    229.0   0.00036111   0.00000000    266.9   77.0      0.9     77460
2018  2 15 15     80.0    233.2   0.00030556   0.00000000    267.4   82.0      0.8     77500
2018  2 15 16     54.0    238.2   0.00016667   0.00000000    267.8   91.0      0.8     77530
2018  2 15 17     10.0    236.3   0.00013889   0.00000000    266.9   96.0      1.4     77490
2018  2 15 18      0.0    259.0   0.00013889   0.00000000    270.6   95.0      1.6     77860
2018  2 15 19      0.0    255.2   0.00019444   0.00000000    270.1   96.0      1.3     77890
2018  2 15 20      0.0    244.8   0.00011111   0.00000000    268.3   96.0      1.6     77750
2018  2 15 21      0.0    245.1   0.00013889   0.00000000    268.4   95.0      1.2     77760
2018  2 15 22      0.0    246.9   0.00011111   0.00000000    268.9   94.0      0.9     77780
2018  2 15 23      0.0    244.2   0.00011111   0.00000000    268.6   94.0      0.9     77750
2018  2 16  0      0.0    227.4   0.00008333   0.00002778    265.8   94.0      1.5     77510
2018  2 16  1      0.0    226.4   0.00000000   0.00000000    267.6   94.0      1.2     77660
2018  2 16  2      0.0    229.9   0.00000000   0.00000000    267.5   93.0      1.1     77640
2018  2 16  3      0.0    243.9   0.00002778   0.00000000    268.6   91.0      0.8     77730
2018  2 16  4      0.0    245.4   0.00002778   0.00000000    268.9   90.0      0.8     77740
2018  2 16  5      0.0    237.6   0.00002778   0.00000000    267.5   92.0      0.9     77670
2018  2 16  6      0.0    242.1   0.00019444   0.00000000    267.8   97.0      1.9     77850
2018  2 16  7      4.0    249.3   0.00041667   0.00000000    268.9   98.0      0.9     78010
2018  2 16  8     28.0    251.4   0.00016667   0.00000000    269.5   96.0      0.8     78050
2018  2 16  9    101.0    246.5   0.00002778   0.00000000    269.5   88.0      1.3     78070
2018  2 16 10    129.0    250.3   0.00002778   0.00000000    270.1   88.0      1.1     78150
2018  2 16 11    166.0    258.4   0.00002778   0.00000000    271.3   85.0      0.8     78250
2018  2 16 12    211.0    262.3   0.00002778   0.00000000    271.9   85.0      1.4     78270
2018  2 16 13    164.0    258.6   0.00002778   0.00000000    271.2   87.0      0.6     78230
2018  2 16 14    142.0    256.3   0.00002778   0.00000000    270.8   89.0      0.7     78200
2018  2 16 15     96.0    252.6   0.00002778   0.00000000    270.2   90.0      0.7     78190
2018  2 16 16     60.0    244.1   0.00000000   0.00000000    270.2   90.0      0.7     78130
2018  2 16 17     14.0    222.3   0.00000000   0.00000000    268.2   92.0      0.8     78000
2018  2 16 18      0.0    225.7   0.00000000   0.00000000    268.1   92.0      0.4     77990
2018  2 16 19      0.0    222.8   0.00000000   0.00000000    268.0   93.0      1.0     77940
2018  2 16 20      0.0    218.8   0.00000000   0.00000000    266.8   95.0      1.1     77820
2018  2 16 21      0.0    196.6   0.00000000   0.00000000    265.8   96.0      1.6     77670
2018  2 16 22      0.0    201.2   0.00000000   0.00000000    264.4   94.0      1.8     77480
2018  2 16 23      0.0    202.0   0.00000000   0.00000000    263.8   93.0      1.3     77410
2018  2 17  0      0.0    221.4   0.00000000   0.00000000    267.1   92.0      2.0     77650
2018  2 17  1      0.0    236.9   0.00000000   0.00000000    267.3   91.0      1.8     77630
2018  2 17  2      0.0    234.7   0.00000000   0.00000000    268.5   88.0      2.2     77650
2018  2 17  3      0.0    225.1   0.00000000   0.00000000    268.0   90.0      2.2     77530
2018  2 17  4      0.0    229.0   0.00000000   0.00000000    267.4   90.0      2.3     77460
2018  2 17  5      0.0    228.6   0.00000000   0.00000000    267.0   91.0      2.3     77390
2018  2 17  6      0.0    233.4   0.00000000   0.00000000    267.1   94.0      2.3     77400
2018  2 17  7      7.0    237.7   0.00000000   0.00000000    268.0   91.0      2.6     77500
2018  2 17  8     64.0    235.7   0.00000000   0.00000000    269.4   85.0      2.5     77560
2018  2 17  9    179.0    246.4   0.00000000   0.00000000    271.0   78.0      2.0     77680
2018  2 17 10    294.0    247.6   0.00000000   0.00000000    272.2   72.0      1.7     77680
2018  2 17 11    413.0    250.5   0.00000000   0.00000000    273.0   68.0      1.6     77650
2018  2 17 12    440.0    257.2   0.00000000   0.00000000    273.2   67.0      2.6     77570
2018  2 17 13    411.0    259.0   0.00000000   0.00000000    273.2   67.0      1.7     77480
2018  2 17 14    208.0    258.9   0.00011111   0.00000000    272.4   73.0      1.4     77480
2018  2 17 15    158.0    256.6   0.00005556   0.00000000    271.3   79.0      0.9     77470
2018  2 17 16     56.0    254.7   0.00011111   0.00000000    270.8   86.0      0.9     77500
2018  2 17 17      8.0    253.2   0.00013889   0.00000000    269.8   95.0      1.1     77510
2018  2 17 18      0.0    250.2   0.00016667   0.00000000    269.1   97.0      1.1     77540
2018  2 17 19      0.0    249.3   0.00013889   0.00000000    268.9   98.0      1.2     77550
2018  2 17 20      0.0    247.7   0.00016667   0.00000000    268.8   97.0      1.4     77540
2018  2 17 21      0.0    246.5   0.00016667   0.00000000    268.4   99.0      2.0     77570
2018  2 17 22      0.0    243.1   0.00016667   0.00000000    268.1   97.0      2.2     77630
2018  2 17 23      0.0    240.6   0.00013889   0.00000000    267.5   98.0      1.9     77650
2018  2 18  0      0.0    235.3   0.00011111   0.00000000    267.1   97.0      1.7     77690
2018  2 18  1      0.0    218.5   0.00005556   0.00000000    266.8   96.0      1.8     77710
2018  2 18  2      0.0    225.4   0.00008333   0.00000000    266.3   89.0      1.9     77700
2018  2 18  3      0.0    227.2   0.00008333   0.00000000    265.8   91.0      2.0     77720
2018  2 18  4      0.0    225.1   0.00005556   0.00000000    265.3   91.0      1.8     77720
2018  2 18  5      0.0    221.8   0.00005556   0.00000000    264.8   92.0      1.4     77740
2018  2 18  6      0.0    217.0   0.00005556   0.00000000    264.6   95.0      1.2     77730
2018  2 18  7      9.0    209.7   0.00002778   0.00000000    264.3   95.0      1.0     77740
2018  2 18  8     82.0    210.9   0.00002778   0.00000000    264.5   91.0      1.0     77770
2018  2 18  9    173.0    215.5   0.00000000   0.00000000    264.8   83.0      0.9     77770
2018  2 18 10    232.0    216.9   0.00000000   0.00000000    265.4   76.0      0.9     77770
2018  2 18 11    355.0    207.8   0.00000000   0.00000000    266.5   67.0      1.0     77800
2018  2 18 12    376.0    218.4   0.00000000   0.00000000    266.5   69.0      1.2     77770
2018  2 18 13    296.0    223.7   0.00000000   0.00000000    266.6   69.0      1.1     77750
2018  2 18 14    249.0    223.8   0.00000000   0.00000000    266.3   73.0      1.1     77720
2018  2 18 15    173.0    224.6   0.00000000   0.00000000    266.0   79.0      1.2     77720
2018  2 18 16     99.0    221.7   0.00000000   0.00000000    265.3   88.0      0.8     77710
2018  2 18 17     17.0    213.8   0.00000000   0.00000000    264.0   93.0      0.9     77640
2018  2 18 18      0.0    214.5   0.00000000   0.00000000    264.6   94.0      0.2     77670
2018  2 18 19      0.0    209.8   0.00000000   0.00000000    263.6   92.0      0.8     77560
2018  2 18 20      0.0    196.5   0.00000000   0.00000000    263.1   91.0      0.9     77500
2018  2 18 21      0.0    178.7   0.00000000   0.00000000    262.9   88.0      1.0     77430
2018  2 18 22      0.0    173.7   0.00000000   0.00000000    262.4   88.0      1.3     77340
2018  2 18 23      0.0    166.8   0.00000000   0.00000000    261.5   86.0      1.3     77200
2018  2 19  0      0.0    166.6   0.00000000   0.00000000    261.4   89.0      1.6     77170
2018  2 19  1      0.0    164.4   0.00000000   0.00000000    260.9   89.0      1.3     77100
2018  2 19  2      0.0    163.8   0.00000000   0.00000000    260.8   89.0      1.2     77030
2018  2 19  3      0.0    160.4   0.00000000   0.00000000    260.0   88.0      0.8     76950
2018  2 19  4      0.0    159.8   0.00000000   0.00000000    259.9   88.0      0.5     76950
2018  2 19  5      0.0    159.3   0.00000000   0.00000000    259.8   88.0      0.5     76910
2018  2 19  6      0.0    158.6   0.00000000   0.00000000    259.5   90.0      0.8     76890
2018  2 19  7     16.0    159.0   0.00000000   0.00000000    259.6   90.0      0.9     76900
2018  2 19  8    134.0    164.5   0.00000000   0.00000000    261.5   81.0      1.3     77040
2018  2 19  9    298.0    173.6   0.00000000   0.00000000    264.8   66.0      1.0     77280
2018  2 19 10    433.0    174.8   0.00000000   0.00000000    264.9   67.0      1.1     77200
2018  2 19 11    530.0    178.6   0.00000000   0.00000000    266.0   63.0      1.0     77210
2018  2 19 12    572.0    185.3   0.00000000   0.00000000    267.8   61.0      1.5     77290
2018  2 19 13    549.0    193.4   0.00000000   0.00000000    267.2   62.0      1.3     77190
2018  2 19 14    452.0    199.0   0.00000000   0.00000000    266.8   68.0      1.5     77160
2018  2 19 15    298.0    217.0   0.00000000   0.00000000    265.0   82.0      1.1     77080
2018  2 19 16    156.0    213.2   0.00000000   0.00000000    263.4   90.0      1.5     76990
2018  2 19 17     24.0    219.9   0.00000000   0.00000000    264.2   94.0      1.2     77070
2018  2 19 18      0.0    221.7   0.00000000   0.00000000    264.3   98.0      0.5     77090
2018  2 19 19      0.0    206.8   0.00000000   0.00000000    264.0   95.0      0.4     77080
2018  2 19 20      0.0    203.6   0.00000000   0.00000000    262.0   95.0      0.7     76930
2018  2 19 21      0.0    206.2   0.00000000   0.00000000    262.2   93.0      0.6     76940
2018  2 19 22      0.0    188.3   0.00000000   0.00000000    261.3   90.0      0.6     76860
2018  2 19 23      0.0    190.5   0.00000000   0.00000000    261.1   89.0      0.5     76830
2018  2 20  0      0.0    183.1   0.00000000   0.00000000    261.4   87.0      0.5     76810
2018  2 20  1      0.0    180.0   0.00000000   0.00000000    260.6   88.0      0.3     76720
2018  2 20  2      0.0    178.6   0.00000000   0.00000000    260.6   88.0      0.2     76700
2018  2 20  3      0.0    183.3   0.00000000   0.00000000    261.5   83.0      0.4     76780
2018  2 20  4      0.0    185.5   0.00000000   0.00000000    261.8   82.0      0.3     76760
2018  2 20  5      0.0    198.1   0.00002778   0.00000000    261.8   81.0      0.2     76770
2018  2 20  6      0.0    197.6   0.00002778   0.00000000    261.6   83.0      0.4     76780
2018  2 20  7     12.0    198.1   0.00002778   0.00000000    261.8   85.0      0.0     76780
2018  2 20  8     76.0    186.0   0.00000000   0.00000000    262.2   84.0      0.4     76840
2018  2 20  9    182.0    191.0   0.00000000   0.00000000    262.9   79.0      0.9     76850
2018  2 20 10    328.0    177.2   0.00000000   0.00000000    263.8   71.0      1.4     76850
2018  2 20 11    425.0    179.6   0.00000000   0.00000000    264.1   67.0      1.8     76840
2018  2 20 12    487.0    189.0   0.00000000   0.00000000    264.0   73.0      2.0     76860
2018  2 20 13    373.0    199.2   0.00000000   0.00000000    264.0   70.0      1.9     76820
2018  2 20 14    356.0    192.4   0.00000000   0.00000000    263.8   69.0      2.0     76790
2018  2 20 15    237.0    196.8   0.00000000   0.00000000    262.9   75.0      1.8     76770
2018  2 20 16    118.0    195.0   0.00000000   0.00000000    262.0   81.0      1.6     76770
2018  2 20 17     18.0    185.5   0.00002778   0.00000000    261.4   90.0      1.3     76780
2018  2 20 18      0.0    187.8   0.00002778   0.00000000    261.2   90.0      1.2     76820
2018  2 20 19      0.0    194.1   0.00002778   0.00000000    260.4   89.0      0.9     76770
2018  2 20 20      0.0    190.1   0.00002778   0.00000000    260.2   90.0      0.8     76770
2018  2 20 21      0.0    195.2   0.00002778   0.00000000    260.3   90.0      0.6     76820
2018  2 20 22      0.0    189.8   0.00002778   0.00000000    259.5   88.0      1.1     76770
2018  2 20 23      0.0    188.6   0.00000000   0.00000000    259.2   89.0      1.0     76760
2018  2 21  0      0.0    190.5   0.00000000   0.00000000    260.1   89.0      0.9     76780
2018  2 21  1      0.0    188.7   0.00002778   0.00000000    259.4   88.0      0.9     76760
2018  2 21  2      0.0    188.2   0.00002778   0.00000000    259.3   88.0      0.8     76770
2018  2 21  3      0.0    180.2   0.00000000   0.00000000    259.3   88.0      0.7     76790
2018  2 21  4      0.0    183.9   0.00000000   0.00000000    259.2   88.0      0.7     76790
2018  2 21  5      0.0    181.3   0.00000000   0.00000000    258.6   89.0      1.0     76750
2018  2 21  6      0.0    182.7   0.00000000   0.00000000    258.9   91.0      0.8     76790
2018  2 21  7     15.0    185.4   0.00000000   0.00000000    259.0   88.0      0.9     76840
2018  2 21  8     99.0    169.1   0.00000000   0.00000000    259.6   75.0      0.9     76850
2018  2 21  9    211.0    157.2   0.00000000   0.00000000    260.8   67.0      0.8     76870
2018  2 21 10    296.0    159.8   0.00000000   0.00000000    261.6   65.0      0.6     76860
2018  2 21 11    445.0    163.8   0.00000000   0.00000000    263.0   60.0      0.8     76880
2018  2 21 12    501.0    166.9   0.00000000   0.00000000    263.8   59.0      1.4     76930
2018  2 21 13    507.0    178.8   0.00000000   0.00000000    264.3   60.0      1.4     76870
2018  2 21 14    380.0    171.4   0.00000000   0.00000000    263.9   65.0      1.8     76860
2018  2 21 15    267.0    196.6   0.00000000   0.00000000    262.5   82.0      1.4     76880
2018  2 21 16    134.0    197.8   0.00000000   0.00000000    260.4   90.0      1.0     76800
2018  2 21 17     25.0    197.2   0.00002778   0.00000000    260.1   93.0      0.9     76810
2018  2 21 18      0.0    196.0   0.00002778   0.00000000    260.1   89.0      0.5     76830
2018  2 21 19      0.0    198.1   0.00002778   0.00000000    260.5   89.0      0.4     76860
2018  2 21 20      0.0    194.7   0.00000000   0.00000000    260.2   90.0      0.7     76820
2018  2 21 21      0.0    171.5   0.00000000   0.00000000    258.5   89.0      1.2     76650
2018  2 21 22      0.0    153.7   0.00000000   0.00000000    258.3   87.0      1.1     76590
2018  2 21 23      0.0    156.2   0.00000000   0.00000000    258.0   84.0      0.9     76510
2018  2 22  0      0.0    173.1   0.00000000   0.00000000    259.5   87.0      0.9     76580
2018  2 22  1      0.0    189.2   0.00000000   0.00000000    259.3   87.0      1.1     76490
2018  2 22  2      0.0    179.1   0.00000000   0.00000000    259.3   86.0      1.4     76390
2018  2 22  3      0.0    157.8   0.00000000   0.00000000    258.6   87.0      1.6     76230
2018  2 22  4      0.0    180.2   0.00000000   0.00000000    257.6   85.0      1.4     76120
2018  2 22  5      0.0    182.5   0.00000000   0.00000000    257.8   85.0      1.2     76140
2018  2 22  6      0.0    186.1   0.00000000   0.00000000    258.6   84.0      1.1     76230
2018  2 22  7     15.0    189.6   0.00000000   0.00000000    259.5   81.0      1.0     76280
2018  2 22  8     85.0    191.4   0.00000000   0.00000000    260.4   75.0      0.9     76340
2018  2 22  9    225.0    200.6   0.00000000   0.00000000    262.5   69.0      0.9     76450
2018  2 22 10    351.0    209.8   0.00000000   0.00000000    264.4   67.0      1.0     76490
2018  2 22 11    457.0    216.7   0.00000000   0.00000000    266.9   55.0      0.8     76570
2018  2 22 12    501.0    203.7   0.00000000   0.00000000    266.6   61.0      0.8     76600
2018  2 22 13    464.0    219.7   0.00000000   0.00000000    266.5   65.0      0.9     76530
2018  2 22 14    313.0    221.1   0.00000000   0.00000000    266.3   67.0      0.8     76530
2018  2 22 15    205.0    211.8   0.00000000   0.00000000    264.8   73.0      1.1     76500
2018  2 22 16    124.0    215.1   0.00000000   0.00000000    264.9   73.0      0.8     76610
2018  2 22 17     17.0    210.3   0.00002778   0.00000000    264.0   79.0      0.7     76540
2018  2 22 18      0.0    200.4   0.00002778   0.00000000    262.4   83.0      1.2     76410
2018  2 22 19      0.0    192.4   0.00000000   0.00000000    262.1   81.0      1.1     76400
2018  2 22 20      0.0    165.2   0.00000000   0.00000000    261.8   79.0      1.2     76380
2018  2 22 21      0.0    162.1   0.00000000   0.00000000    260.5   80.0      1.2     76290
2018  2 22 22      0.0    170.9   0.00000000   0.00000000    260.6   81.0      1.4     76340
2018  2 22 23      0.0    197.9   0.00000000   0.00000000    261.0   85.0      2.0     76400
2018  2 23  0      0.0    195.3   0.00000000   0.00000000    260.5   87.0      2.5     76310
2018  2 23  1      0.0    193.8   0.00000000   0.00000000    260.0   86.0      2.4     76240
2018  2 23  2      0.0    183.1   0.00000000   0.00000000    259.6   87.0      2.3     76210
2018  2 23  3      0.0    187.0   0.00000000   0.00000000    258.8   88.0      2.6     76050
2018  2 23  4      0.0    185.4   0.00000000   0.00000000    258.2   86.0      2.2     75960
2018  2 23  5      0.0    176.6   0.00000000   0.00000000    258.6   87.0      1.9     75930
2018  2 23  6      0.0    186.7   0.00000000   0.00000000    259.0   86.0      1.9     75950
2018  2 23  7     19.0    190.8   0.00000000   0.00000000    260.0   83.0      1.9     76040
2018  2 23  8    116.0    199.7   0.00000000   0.00000000    262.8   70.0      1.5     76250
2018  2 23  9    264.0    201.6   0.00000000   0.00000000    265.8   64.0      1.0     76520
2018  2 23 10    409.0    185.1   0.00000000   0.00000000    267.4   64.0      1.0     76630
2018  2 23 11    549.0    191.6   0.00000000   0.00000000    268.9   62.0      1.2     76690
2018  2 23 12    589.0    194.4   0.00000000   0.00000000    269.8   59.0      1.6     76760
2018  2 23 13    500.0    233.4   0.00000000   0.00000000    268.8   63.0      1.0     76640
2018  2 23 14    440.0    211.6   0.00000000   0.00000000    267.9   66.0      1.4     76580
2018  2 23 15    344.0    186.8   0.00000000   0.00000000    267.9   61.0      1.5     76580
2018  2 23 16    187.0    221.4   0.00000000   0.00000000    266.9   64.0      1.7     76580
2018  2 23 17     36.0    205.0   0.00000000   0.00000000    263.1   74.0      2.1     76290
2018  2 23 18      0.0    212.3   0.00000000   0.00000000    264.6   72.0      1.5     76410
2018  2 23 19      0.0    207.7   0.00000000   0.00000000    264.6   75.0      1.7     76380
2018  2 23 20      0.0    212.4   0.00000000   0.00000000    263.9   78.0      1.9     76310
2018  2 23 21      0.0    195.9   0.00000000   0.00000000    263.8   80.0      2.2     76280
2018  2 23 22      0.0    170.3   0.00000000   0.00000000    262.9   80.0      2.3     76220
2018  2 23 23      0.0    184.0   0.00000000   0.00000000    262.5   81.0      2.3     76200
2018  2 24  0      0.0    201.4   0.00000000   0.00000000    261.8   85.0      2.4     76310
2018  2 24  1      0.0    208.4   0.00000000   0.00000000    262.8   85.0      2.5     76330
2018  2 24  2      0.0    213.4   0.00000000   0.00000000    263.6   85.0      2.4     76390
2018  2 24  3      0.0    212.5   0.00000000   0.00000000    264.0   85.0      2.5     76410
2018  2 24  4      0.0    196.2   0.00000000   0.00000000    263.8   86.0      2.5     76390
2018  2 24  5      0.0    202.4   0.00000000   0.00000000    263.1   88.0      2.4     76370
2018  2 24  6      0.0    198.7   0.00000000   0.00000000    262.8   89.0      2.5     76360
2018  2 24  7     27.0    187.7   0.00000000   0.00000000    263.4   92.0      2.6     76400
2018  2 24  8    154.0    197.4   0.00000000   0.00000000    266.4   80.0      2.2     76630
2018  2 24  9    319.0    197.1   0.00000000   0.00000000    269.3   70.0      1.3     76820
2018  2 24 10    463.0    202.7   0.00000000   0.00000000    270.5   70.0      1.5     76870
2018  2 24 11    556.0    212.2   0.00000000   0.00000000    274.8   46.0      0.5     77120
2018  2 24 12    591.0    210.8   0.00000000   0.00000000    272.6   64.0      1.1     77090
2018  2 24 13    367.0    227.6   0.00000000   0.00000000    271.4   71.0      0.9     76930
2018  2 24 14    411.0    216.4   0.00000000   0.00000000    273.8   53.0      0.4     77050
2018  2 24 15    305.0    218.3   0.00000000   0.00000000    273.4   56.0      0.8     77040
2018  2 24 16    147.0    210.8   0.00000000   0.00000000    271.9   64.0      1.1     76990
2018  2 24 17     35.0    214.5   0.00000000   0.00000000    270.8   72.0      0.3     76930
2018  2 24 18      0.0    223.9   0.00000000   0.00000000    269.3   75.0      0.5     76840
2018  2 24 19      0.0    197.4   0.00000000   0.00000000    266.5   81.0      0.7     76630
2018  2 24 20      0.0    210.6   0.00000000   0.00000000    267.4   80.0      0.3     76670
2018  2 24 21      0.0    196.5   0.00000000   0.00000000    267.2   81.0      0.5     76690
2018  2 24 22      0.0    203.6   0.00000000   0.00000000    269.0   78.0      0.8     76900
2018  2 24 23      0.0    202.4   0.00000000   0.00000000    267.6   84.0      0.9     76830
2018  2 25  0      0.0    203.7   0.00000000   0.00000000    267.2   93.0      0.6     76890
2018  2 25  1      0.0    231.3   0.00000000   0.00000000    266.0   97.0      0.8     76820
2018  2 25  2      0.0    230.7   0.00000000   0.00000000    265.9   97.0      0.1     76800
2018  2 25  3      0.0    226.5   0.00000000   0.00000000    265.3   95.0      0.2     76770
2018  2 25  4      0.0    221.9   0.00000000   0.00000000    264.8   94.0      0.2     76720
2018  2 25  5      0.0    218.3   0.00000000   0.00000000    264.2   94.0      0.4     76740
2018  2 25  6      0.0    214.9   0.00000000   0.00000000    263.8   93.0      0.6     76740
2018  2 25  7     18.0    216.8   0.00002778   0.00000000    263.8   94.0      1.1     76780
2018  2 25  8     80.0    216.4   0.00002778   0.00000000    263.9   91.0      1.3     76830
2018  2 25  9    180.0    217.2   0.00002778   0.00000000    264.1   88.0      1.6     76870
2018  2 25 10    235.0    212.9   0.00000000   0.00000000    264.0   86.0      1.8     76880
2018  2 25 11    316.0    208.2   0.00000000   0.00000000    263.8   80.0      2.1     76860
2018  2 25 12    425.0    203.2   0.00000000   0.00000000    262.8   81.0      2.2     76840
2018  2 25 13    395.0    205.6   0.00002778   0.00000000    262.3   83.0      2.2     76860
2018  2 25 14    363.0    202.0   0.00002778   0.00000000    261.5   85.0      2.1     76850
2018  2 25 15    237.0    195.0   0.00002778   0.00000000    260.1   86.0      2.2     76860
2018  2 25 16     86.0    189.0   0.00002778   0.00000000    258.8   88.0      2.1     76860
2018  2 25 17     23.0    183.1   0.00002778   0.00000000    257.8   85.0      1.8     76850
2018  2 25 18      0.0    180.3   0.00002778   0.00000000    257.1   87.0      1.6     76840
2018  2 25 19      0.0    177.8   0.00002778   0.00000000    256.8   85.0      1.6     76790
2018  2 25 20      0.0    176.2   0.00002778   0.00000000    256.3   86.0      1.4     76760
2018  2 25 21      0.0    171.7   0.00000000   0.00000000    256.2   87.0      1.6     76750
2018  2 25 22      0.0    164.8   0.00000000   0.00000000    255.8   83.0      1.4     76710
2018  2 25 23      0.0    171.8   0.00000000   0.00000000    255.5   84.0      0.8     76650
2018  2 26  0      0.0    163.8   0.00000000   0.00000000    255.1   79.0      1.2     76630
2018  2 26  1      0.0    164.5   0.00000000   0.00000000    254.1   81.0      0.7     76520
2018  2 26  2      0.0    163.6   0.00000000   0.00000000    253.9   81.0      0.8     76470
2018  2 26  3      0.0    157.9   0.00002778   0.00000000    252.5   83.0      1.2     76340
2018  2 26  4      0.0    156.6   0.00002778   0.00000000    252.2   83.0      1.2     76340
2018  2 26  5      0.0    157.2   0.00002778   0.00000000    252.4   82.0      1.0     76370
2018  2 26  6      0.0    155.0   0.00002778   0.00000000    251.9   82.0      1.1     76290
2018  2 26  7     28.0    157.1   0.00002778   0.00000000    252.5   80.0      0.7     76330
2018  2 26  8    143.0    150.4   0.00000000   0.00000000    253.2   77.0      1.1     76350
2018  2 26  9    311.0    150.0   0.00000000   0.00000000    253.8   67.0      1.6     76340
2018  2 26 10    473.0    151.6   0.00000000   0.00000000    254.6   61.0      2.1     76340
2018  2 26 11    523.0    150.0   0.00000000   0.00000000    254.9   66.0      2.7     76350
2018  2 26 12    522.0    165.7   0.00000000   0.00000000    255.1   76.0      2.9     76370
2018  2 26 13    520.0    163.7   0.00002778   0.00000000    254.4   74.0      3.2     76380
2018  2 26 14    373.0    159.4   0.00002778   0.00000000    253.5   73.0      2.9     76330
2018  2 26 15    225.0    159.1   0.00002778   0.00000000    253.1   78.0      3.4     76310
2018  2 26 16    117.0    157.7   0.00002778   0.00000000    252.7   79.0      3.0     76290
2018  2 26 17     29.0    155.0   0.00002778   0.00000000    251.9   82.0      2.6     76270
2018  2 26 18      0.0    153.3   0.00002778   0.00000000    251.5   82.0      2.3     76260
2018  2 26 19      0.0    151.5   0.00002778   0.00000000    251.0   83.0      1.8     76220
2018  2 26 20      0.0    150.0   0.00002778   0.00000000    250.7   80.0      1.6     76190
2018  2 26 21      0.0    150.0   0.00002778   0.00000000    250.2   80.0      0.8     76130
2018  2 26 22      0.0    150.0   0.00000000   0.00000000    249.3   79.0      1.0     76030
2018  2 26 23      0.0    150.0   0.00000000   0.00000000    250.1   77.0      0.7     76080
2018  2 27  0      0.0    150.0   0.00000000   0.00000000    249.6   78.0      1.0     76030
2018  2 27  1      0.0    150.0   0.00000000   0.00000000    249.5   77.0      0.6     76000
2018  2 27  2      0.0    150.0   0.00000000   0.00000000    249.5   76.0      0.4     75980
2018  2 27  3      0.0    150.0   0.00000000   0.00000000    249.3   79.0      0.3     75940
2018  2 27  4      0.0    150.0   0.00000000   0.00000000    249.2   79.0      0.1     75920
2018  2 27  5      0.0    150.0   0.00000000   0.00000000    248.8   79.0      0.2     75910
2018  2 27  6      0.0    150.0   0.00000000   0.00000000    248.7   76.0      0.6     75870
2018  2 27  7     31.0    150.0   0.00000000   0.00000000    248.0   74.0      0.9     75800
2018  2 27  8    159.0    150.0   0.00000000   0.00000000    250.3   64.0      0.2     75940
2018  2 27  9    314.0    150.0   0.00000000   0.00000000    251.8   59.0      0.3     76000
2018  2 27 10    367.0    150.0   0.00000000   0.00000000    252.9   53.0      0.8     76020
2018  2 27 11    559.0    150.0   0.00000000   0.00000000    254.1   49.0      1.1     76090
2018  2 27 12    600.0    156.5   0.00000000   0.00000000    254.4   54.0      1.5     76100
2018  2 27 13    551.0    157.7   0.00000000   0.00000000    254.3   58.0      1.9     76110
2018  2 27 14    468.0    158.2   0.00000000   0.00000000    254.0   63.0      1.9     76100
2018  2 27 15    311.0    156.7   0.00000000   0.00000000    253.4   66.0      1.5     76100
2018  2 27 16    177.0    151.4   0.00000000   0.00000000    251.5   75.0      1.1     76020
2018  2 27 17     45.0    150.3   0.00000000   0.00000000    250.8   82.0      1.3     76040
2018  2 27 18      0.0    150.0   0.00000000   0.00000000    251.0   84.0      0.7     76090
2018  2 27 19      0.0    150.0   0.00000000   0.00000000    248.3   84.0      1.2     75850
2018  2 27 20      0.0    150.0   0.00000000   0.00000000    247.6   83.0      1.2     75780
2018  2 27 21      0.0    150.0   0.00000000   0.00000000    247.7   78.0      1.2     75780
2018  2 27 22      0.0    150.0   0.00000000   0.00000000    247.4   78.0      1.3     75720
2018  2 27 23      0.0    150.0   0.00000000   0.00000000    247.3   79.0      1.7     75670
2018  2 28  0      0.0    150.0   0.00000000   0.00000000    247.8   80.0      2.3     75680
2018  2 28  1      0.0    150.0   0.00000000   0.00000000    247.7   77.0      1.9     75640
2018  2 28  2      0.0    150.0   0.00000000   0.00000000    247.5   77.0      1.8     75610
2018  2 28  3      0.0    150.0   0.00000000   0.00000000    247.5   76.0      1.8     75600
2018  2 28  4      0.0    150.0   0.00000000   0.00000000    247.4   76.0      1.9     75620
2018  2 28  5      0.0    150.0   0.00000000   0.00000000    247.3   76.0      1.8     75620
2018  2 28  6      0.0    150.0   0.00000000   0.00000000    247.1   76.0      1.9     75640
2018  2 28  7     44.0    150.0   0.00000000   0.00000000    248.5   75.0      1.8     75790
2018  2 28  8    203.0    150.0   0.00000000   0.00000000    252.4   59.0      1.4     76210
2018  2 28  9    377.0    150.0   0.00000000   0.00000000    255.0   48.0      1.4     76440
2018  2 28 10    521.0    150.0   0.00000000   0.00000000    256.6   43.0      1.7     76500
2018  2 28 11    604.0    150.0   0.00000000   0.00000000    257.8   40.0      1.7     76540
2018  2 28 12    636.0    150.0   0.00000000   0.00000000    258.4   44.0      2.4     76550
2018  2 28 13    602.0    157.0   0.00000000   0.00000000    258.8   41.0      1.9     76580
2018  2 28 14    494.0    157.4   0.00000000   0.00000000    258.8   40.0      1.6     76540
2018  2 28 15    362.0    160.8   0.00000000   0.00000000    257.9   40.0      1.5     76490
2018  2 28 16    190.0    156.2   0.00000000   0.00000000    256.2   46.0      1.7     76410
2018  2 28 17     44.0    154.5   0.00000000   0.00000000    254.8   53.0      2.2     76290
2018  2 28 18      0.0    150.0   0.00000000   0.00000000    254.8   60.0      2.8     76230
2018  2 28 19      0.0    150.0   0.00000000   0.00000000    254.3   64.0      2.9     76160
2018  2 28 20      0.0    150.0   0.00000000   0.00000000    254.0   68.0      2.9     76110
2018  2 28 21      0.0    155.0   0.00000000   0.00000000    254.0   68.0      2.7     76090
2018  2 28 22      0.0    159.6   0.00000000   0.00000000    254.3   68.0      3.1     76110
2018  2 28 23      0.0    164.0   0.00000000   0.00000000    255.2   66.0      3.4     76130
2018  3  1  0      0.0    168.8   0.00000000   0.00000000    256.2   65.0      3.9     76170
2018  3  1  1      0.0    170.2   0.00000000   0.00000000    256.4   68.0      3.8     76110
2018  3  1  2      0.0    170.3   0.00000000   0.00000000    256.0   72.0      3.5     76020
2018  3  1  3      0.0    170.9   0.00000000   0.00000000    256.8   73.0      3.6     76080
2018  3  1  4      0.0    176.5   0.00002778   0.00000000    257.3   74.0      3.5     76080
2018  3  1  5      0.0    181.0   0.00005556   0.00000000    258.1   74.0      3.6     76050
2018  3  1  6      0.0    183.4   0.00008333   0.00000000    258.6   74.0      3.6     76000
2018  3  1  7     16.0    187.5   0.00008333   0.00000000    259.5   73.0      3.6     76020
2018  3  1  8     76.0    192.3   0.00008333   0.00000000    260.6   71.0      3.3     76090
2018  3  1  9    170.0    199.4   0.00008333   0.00000000    262.3   67.0      2.9     76220
2018  3  1 10    268.0    207.5   0.00008333   0.00000000    264.0   65.0      2.9     76360
2018  3  1 11    332.0    213.6   0.00005556   0.00000000    265.3   63.0      2.7     76360
2018  3  1 12    375.0    218.5   0.00000000   0.00000000    266.8   59.0      2.9     76330
2018  3  1 13    510.0    193.3   0.00000000   0.00000000    267.5   56.0      2.5     76270
2018  3  1 14    475.0    204.6   0.00000000   0.00000000    267.5   56.0      1.9     76200
2018  3  1 15    314.0    183.3   0.00000000   0.00000000    266.6   59.0      1.8     76130
2018  3  1 16    200.0    189.4   0.00000000   0.00000000    264.8   63.0      2.2     76020
2018  3  1 17     50.0    193.7   0.00000000   0.00000000    262.6   71.0      2.8     75790
2018  3  1 18      0.0    188.5   0.00000000   0.00000000    261.1   79.0      3.3     75560
2018  3  1 19      0.0    191.2   0.00000000   0.00000000    260.8   84.0      3.5     75420
2018  3  1 20      0.0    193.8   0.00000000   0.00000000    261.0   85.0      3.5     75340
2018  3  1 21      0.0    189.8   0.00000000   0.00000000    261.2   85.0      3.3     75340
2018  3  1 22      0.0    172.7   0.00000000   0.00000000    261.2   84.0      3.2     75340
2018  3  1 23      0.0    185.9   0.00000000   0.00000000    261.8   85.0      3.1     75370
2018  3  2  0      0.0    184.8   0.00000000   0.00000000    263.6   87.0      3.5     75460
2018  3  2  1      0.0    183.9   0.00000000   0.00000000    263.8   86.0      3.1     75430
2018  3  2  2      0.0    175.3   0.00000000   0.00000000    263.4   86.0      3.1     75330
2018  3  2  3      0.0    176.7   0.00000000   0.00000000    263.4   89.0      3.2     75310
2018  3  2  4      0.0    171.6   0.00000000   0.00000000    262.6   89.0      3.3     75180
2018  3  2  5      0.0    171.1   0.00000000   0.00000000    262.4   89.0      3.4     75110
2018  3  2  6      0.0    172.9   0.00000000   0.00000000    262.3   91.0      3.4     75070
2018  3  2  7     37.0    183.1   0.00000000   0.00000000    263.9   90.0      3.3     75140
2018  3  2  8    164.0    195.5   0.00000000   0.00000000    267.2   79.0      2.8     75360
2018  3  2  9    289.0    198.9   0.00000000   0.00000000    269.8   70.0      2.0     75540
2018  3  2 10    485.0    210.0   0.00000000   0.00000000    272.1   64.0      1.8     75660
2018  3  2 11    533.0    215.1   0.00000000   0.00000000    273.2   63.0      1.4     75630
2018  3  2 12    589.0    263.4   0.00000000   0.00000000    274.3   61.0      1.2     75640
2018  3  2 13    397.0    259.8   0.00005556   0.00000000    272.1   75.0      1.1     75530
2018  3  2 14    216.0    255.6   0.00019444   0.00000000    271.0   81.0      2.5     75670
2018  3  2 15     97.0    244.3   0.00041667   0.00000000    268.4   93.0      2.1     75770
2018  3  2 16     43.0    237.8   0.00044444   0.00000000    267.2   95.0      1.9     75830
2018  3  2 17     25.0    233.9   0.00022222   0.00000000    266.5   96.0      1.4     75870
2018  3  2 18      0.0    230.7   0.00011111   0.00000000    266.3   95.0      0.6     75910
2018  3  2 19      0.0    229.0   0.00005556   0.00000000    266.2   94.0      0.5     75920
2018  3  2 20      0.0    213.6   0.00000000   0.00000000    265.5   91.0      0.7     75820
2018  3  2 21      0.0    180.2   0.00000000   0.00000000    264.1   91.0      0.2     75750
2018  3  2 22      0.0    205.1   0.00000000   0.00000000    263.3   89.0      0.1     75730
2018  3  2 23      0.0    177.9   0.00000000   0.00000000    263.2   93.0      0.5     75760
2018  3  3  0      0.0    183.3   0.00000000   0.00000000    263.2   96.0      0.4     75750
2018  3  3  1      0.0    199.2   0.00000000   0.00000000    262.5   92.0      1.4     75750
2018  3  3  2      0.0    206.6   0.00000000   0.00000000    262.6   92.0      2.2     75660
2018  3  3  3      0.0    203.4   0.00000000   0.00000000    262.4   92.0      2.4     75530
2018  3  3  4      0.0    200.6   0.00000000   0.00000000    262.0   92.0      2.4     75390
2018  3  3  5      0.0    204.7   0.00000000   0.00000000    262.1   90.0      2.5     75270
2018  3  3  6      0.0    210.0   0.00000000   0.00000000    263.0   89.0      2.5     75280
2018  3  3  7     29.0    217.2   0.00000000   0.00000000    264.8   81.0      2.4     75410
2018  3  3  8    134.0    214.4   0.00000000   0.00000000    267.2   69.0      1.8     75550
2018  3  3  9    350.0    214.0   0.00000000   0.00000000    268.2   65.0      1.2     75680
2018  3  3 10    484.0    210.2   0.00000000   0.00000000    270.3   52.0      1.0     75760
2018  3  3 11    604.0    238.5   0.00000000   0.00000000    271.5   48.0      1.0     75770
2018  3  3 12    621.0    247.0   0.00000000   0.00000000    272.1   54.0      2.2     75840
2018  3  3 13    310.0    246.2   0.00000000   0.00000000    271.3   59.0      1.2     75830
2018  3  3 14    386.0    249.2   0.00000000   0.00000000    271.6   61.0      0.9     75840
2018  3  3 15    232.0    247.0   0.00000000   0.00000000    270.8   66.0      1.5     75840
2018  3  3 16     97.0    246.0   0.00005556   0.00000000    269.6   79.0      1.8     75940
2018  3  3 17     25.0    241.1   0.00008333   0.00000000    268.0   91.0      1.0     76000
2018  3  3 18      0.0    236.9   0.00011111   0.00000000    267.0   96.0      0.7     76020
2018  3  3 19      0.0    236.9   0.00005556   0.00000000    267.0   96.0      0.4     76050
2018  3  3 20      0.0    236.0   0.00005556   0.00000000    266.9   95.0      0.6     76060
2018  3  3 21      0.0    237.0   0.00008333   0.00000000    267.2   93.0      0.9     76170
2018  3  3 22      0.0    228.1   0.00008333   0.00000000    267.2   93.0      1.0     76270
2018  3  3 23      0.0    209.2   0.00000000   0.00000000    266.5   95.0      1.0     76250
2018  3  4  0      0.0    207.6   0.00000000   0.00000000    266.8   93.0      1.3     76310
2018  3  4  1      0.0    209.1   0.00000000   0.00000000    267.1   93.0      0.7     76410
2018  3  4  2      0.0    201.6   0.00000000   0.00000000    266.2   96.0      0.5     76350
2018  3  4  3      0.0    203.1   0.00000000   0.00000000    265.4   94.0      1.0     76250
2018  3  4  4      0.0    196.6   0.00000000   0.00000000    264.9   94.0      2.0     76170
2018  3  4  5      0.0    189.1   0.00000000   0.00000000    264.4   95.0      2.3     76120
2018  3  4  6      0.0    178.4   0.00000000   0.00000000    263.5   94.0      2.4     76020
2018  3  4  7     51.0    209.9   0.00000000   0.00000000    264.2   91.0      2.5     76110
2018  3  4  8    168.0    190.1   0.00000000   0.00000000    267.2   74.0      2.2     76240
2018  3  4  9    387.0    192.5   0.00000000   0.00000000    269.6   57.0      1.8     76340
2018  3  4 10    532.0    195.2   0.00000000   0.00000000    271.4   46.0      1.7     76330
2018  3  4 11    623.0    196.8   0.00000000   0.00000000    272.4   41.0      2.2     76350
2018  3  4 12    652.0    204.2   0.00000000   0.00000000    273.1   47.0      3.4     76390
2018  3  4 13    616.0    212.1   0.00000000   0.00000000    272.6   48.0      2.5     76310
2018  3  4 14    514.0    201.2   0.00000000   0.00000000    272.0   51.0      2.5     76270
2018  3  4 15    398.0    200.1   0.00000000   0.00000000    271.3   53.0      2.3     76280
2018  3  4 16    231.0    232.0   0.00000000   0.00000000    269.9   62.0      2.0     76200
2018  3  4 17     62.0    230.7   0.00000000   0.00000000    268.4   67.0      1.9     76100
2018  3  4 18      0.0    227.4   0.00000000   0.00000000    267.0   72.0      1.9     76030
2018  3  4 19      0.0    228.4   0.00000000   0.00000000    266.8   77.0      2.2     76030
2018  3  4 20      0.0    230.1   0.00000000   0.00000000    266.8   81.0      2.5     76040
2018  3  4 21      0.0    232.8   0.00000000   0.00000000    267.2   82.0      2.4     76090
2018  3  4 22      0.0    233.2   0.00000000   0.00000000    267.2   83.0      1.9     76130
2018  3  4 23      0.0    234.0   0.00002778   0.00002778    267.2   85.0      1.8     76110
2018  3  5  0      0.0    229.0   0.00002778   0.00000000    266.8   86.0      1.8     76100
2018  3  5  1      0.0    224.9   0.00000000   0.00000000    266.2   85.0      1.5     76090
2018  3  5  2      0.0    227.9   0.00000000   0.00000000    266.1   88.0      2.1     76040
2018  3  5  3      0.0    229.8   0.00005556   0.00000000    266.5   87.0      2.1     76040
2018  3  5  4      0.0    226.8   0.00002778   0.00000000    266.0   89.0      1.4     76010
2018  3  5  5      0.0    214.5   0.00000000   0.00000000    264.9   89.0      1.6     75870
2018  3  5  6      0.0    214.3   0.00000000   0.00000000    264.6   89.0      1.8     75800
2018  3  5  7     50.0    221.4   0.00000000   0.00000000    265.2   89.0      1.7     75850
2018  3  5  8    207.0    231.7   0.00000000   0.00000000    268.0   76.0      1.2     76050
2018  3  5  9    363.0    237.6   0.00000000   0.00000000    269.8   66.0      1.1     76090
2018  3  5 10    496.0    242.9   0.00000000   0.00000000    271.1   60.0      1.3     76080
2018  3  5 11    579.0    246.2   0.00000000   0.00000000    271.8   57.0      1.6     76060
2018  3  5 12    600.0    252.9   0.00000000   0.00000000    272.8   55.0      2.1     76050
2018  3  5 13    494.0    252.3   0.00000000   0.00000000    272.8   55.0      1.9     75960
2018  3  5 14    376.0    249.2   0.00000000   0.00000000    271.8   59.0      1.8     75900
2018  3  5 15    268.0    245.7   0.00000000   0.00000000    270.9   64.0      1.1     75820
2018  3  5 16    141.0    240.7   0.00000000   0.00000000    269.4   72.0      1.2     75710
2018  3  5 17     46.0    231.5   0.00000000   0.00000000    267.8   74.0      1.3     75620
2018  3  5 18      0.0    233.8   0.00000000   0.00000000    267.8   76.0      1.2     75650
2018  3  5 19      0.0    229.4   0.00000000   0.00000000    266.8   83.0      1.5     75520
2018  3  5 20      0.0    227.1   0.00000000   0.00000000    265.9   89.0      1.8     75450
2018  3  5 21      0.0    226.6   0.00000000   0.00000000    265.8   91.0      1.8     75440
2018  3  5 22      0.0    223.3   0.00000000   0.00000000    265.2   92.0      1.6     75430
2018  3  5 23      0.0    222.1   0.00000000   0.00000000    265.0   92.0      1.4     75390
2018  3  6  0      0.0    219.5   0.00000000   0.00000000    264.6   91.0      1.3     75320
2018  3  6  1      0.0    222.2   0.00000000   0.00000000    264.8   91.0      0.9     75300
2018  3  6  2      0.0    222.8   0.00000000   0.00000000    264.9   91.0      0.7     75290
2018  3  6  3      0.0    219.5   0.00000000   0.00000000    264.5   88.0      0.4     75240
2018  3  6  4      0.0    224.7   0.00000000   0.00000000    265.8   82.0      0.3     75310
2018  3  6  5      0.0    225.9   0.00000000   0.00000000    266.3   78.0      0.9     75350
2018  3  6  6      0.0    230.7   0.00002778   0.00000000    267.2   77.0      0.7     75440
2018  3  6  7     27.0    236.3   0.00008333   0.00000000    268.0   79.0      0.6     75530
2018  3  6  8     95.0    239.4   0.00011111   0.00000000    268.1   85.0      0.7     75580
2018  3  6  9    183.0    242.0   0.00013889   0.00000000    268.6   84.0      1.4     75610
2018  3  6 10    289.0    243.8   0.00011111   0.00000000    269.1   81.0      2.1     75640
2018  3  6 11    386.0    243.1   0.00008333   0.00000000    269.5   74.0      2.6     75670
2018  3  6 12    433.0    247.9   0.00005556   0.00000000    269.8   82.0      2.9     75670
2018  3  6 13    352.0    245.1   0.00005556   0.00000000    269.6   79.0      2.2     75680
2018  3  6 14    305.0    242.1   0.00002778   0.00000000    269.4   75.0      1.7     75670
2018  3  6 15    265.0    239.4   0.00002778   0.00000000    269.2   70.0      1.6     75660
2018  3  6 16    157.0    235.9   0.00000000   0.00000000    268.3   76.0      1.1     75630
2018  3  6 17     49.0    227.4   0.00000000   0.00000000    266.8   84.0      1.2     75590
2018  3  6 18      1.0    215.9   0.00000000   0.00000000    265.8   87.0      1.0     75590
2018  3  6 19      0.0    223.5   0.00000000   0.00000000    265.9   88.0      0.8     75650
2018  3  6 20      0.0    211.6   0.00000000   0.00000000    266.2   91.0      0.9     75670
2018  3  6 21      0.0    219.6   0.00000000   0.00000000    265.9   92.0      0.7     75670
2018  3  6 22      0.0    222.9   0.00000000   0.00000000    265.6   91.0      0.8     75650
2018  3  6 23      0.0    227.3   0.00002778   0.00000000    265.8   93.0      1.0     75700
2018  3  7  0      0.0    223.9   0.00002778   0.00000000    265.1   93.0      0.7     75670
2018  3  7  1      0.0    202.2   0.00000000   0.00000000    264.6   92.0      0.8     75660
2018  3  7  2      0.0    213.6   0.00000000   0.00000000    264.5   93.0      1.0     75620
2018  3  7  3      0.0    217.5   0.00000000   0.00000000    264.4   93.0      0.6     75600
2018  3  7  4      0.0    213.3   0.00002778   0.00000000    264.5   92.0      0.4     75650
2018  3  7  5      0.0    214.8   0.00008333   0.00000000    264.5   92.0      0.3     75690
2018  3  7  6      1.4    222.7   0.00008333   0.00000000    265.1   92.0      0.4     75730
2018  3  7  7     34.0    225.5   0.00008333   0.00000000    265.8   90.0      0.6     75830
2018  3  7  8    109.0    234.5   0.00008333   0.00000000    267.9   80.0      0.4     76040
2018  3  7  9    138.0    236.6   0.00022222   0.00000000    267.5   87.0      1.4     76070
2018  3  7 10    157.0    239.1   0.00052778   0.00000000    267.6   92.0      1.4     76140
2018  3  7 11    147.0    238.6   0.00044444   0.00000000    267.8   89.0      1.1     76140
2018  3  7 12    241.0    238.2   0.00019444   0.00000000    267.8   88.0      1.6     76210
2018  3  7 13    189.0    239.3   0.00022222   0.00000000    267.8   91.0      1.8     76210
2018  3  7 14    203.0    231.6   0.00027778   0.00000000    267.2   79.0      1.7     76260
2018  3  7 15    125.0    230.1   0.00022222   0.00000000    266.6   84.0      0.9     76270
2018  3  7 16     66.0    227.7   0.00011111   0.00000000    266.0   87.0      0.6     76230
2018  3  7 17     36.0    228.9   0.00005556   0.00000000    266.4   84.0      0.4     76310
2018  3  7 18      1.0    225.1   0.00002778   0.00000000    265.3   91.0      0.8     76310
2018  3  7 19      0.0    224.2   0.00002778   0.00000000    265.1   94.0      0.6     76360
2018  3  7 20      0.0    202.5   0.00002778   0.00000000    265.1   97.0      0.6     76400
2018  3  7 21      0.0    193.4   0.00002778   0.00000000    264.5   99.0      0.6     76420
2018  3  7 22      0.0    190.1   0.00000000   0.00002778    263.8   95.0      0.7     76410
2018  3  7 23      0.0    194.4   0.00002778   0.00000000    263.8   94.0      1.0     76460
2018  3  8  0      0.0    197.7   0.00002778   0.00000000    263.5   92.0      0.8     76540
2018  3  8  1      0.0    206.8   0.00002778   0.00000000    263.3   92.0      0.5     76570
2018  3  8  2      0.0    202.9   0.00002778   0.00000000    263.2   92.0      0.6     76560
2018  3  8  3      0.0    204.9   0.00002778   0.00000000    263.4   93.0      0.8     76610
2018  3  8  4      0.0    194.9   0.00002778   0.00000000    263.6   92.0      1.0     76660
2018  3  8  5      0.0    190.5   0.00002778   0.00000000    263.0   91.0      1.2     76640
2018  3  8  6      6.0    187.5   0.00000000   0.00000000    262.9   92.0      1.6     76650
2018  3  8  7     52.0    179.4   0.00000000   0.00000000    264.1   83.0      1.1     76800
2018  3  8  8    209.0    182.4   0.00000000   0.00000000    264.9   69.0      1.1     76850
2018  3  8  9    397.0    184.7   0.00000000   0.00000000    266.5   53.0      1.1     76870
2018  3  8 10    560.0    176.9   0.00000000   0.00000000    268.1   41.0      1.4     76910
2018  3  8 11    656.0    179.0   0.00000000   0.00000000    269.4   35.0      1.7     76910
2018  3  8 12    688.0    188.5   0.00000000   0.00000000    270.8   38.0      2.6     76960
2018  3  8 13    624.0    211.0   0.00000000   0.00000000    270.5   41.0      2.6     76900
2018  3  8 14    539.0    190.4   0.00000000   0.00000000    270.1   43.0      2.6     76890
2018  3  8 15    420.0    190.6   0.00000000   0.00000000    269.1   44.0      2.2     76850
2018  3  8 16    249.0    184.3   0.00000000   0.00000000    267.4   54.0      1.7     76760
2018  3  8 17     78.0    205.8   0.00000000   0.00000000    265.6   63.0      1.7     76700
2018  3  8 18      1.0    209.9   0.00000000   0.00000000    265.0   70.0      1.6     76760
2018  3  8 19      0.0    215.6   0.00000000   0.00000000    265.1   77.0      1.8     76820
2018  3  8 20      0.0    214.7   0.00000000   0.00000000    265.0   82.0      1.9     76830
2018  3  8 21      0.0    212.5   0.00000000   0.00000000    264.6   82.0      1.9     76830
2018  3  8 22      0.0    177.1   0.00000000   0.00000000    264.2   83.0      1.8     76830
2018  3  8 23      0.0    171.4   0.00000000   0.00000000    263.0   82.0      1.6     76740
2018  3  9  0      0.0    176.8   0.00000000   0.00000000    263.3   88.0      1.7     76830
2018  3  9  1      0.0    178.1   0.00000000   0.00000000    262.9   90.0      1.8     76800
2018  3  9  2      0.0    194.2   0.00000000   0.00000000    262.6   88.0      2.0     76730
2018  3  9  3      0.0    199.3   0.00000000   0.00000000    262.5   88.0      1.7     76730
2018  3  9  4      0.0    195.6   0.00000000   0.00000000    262.1   87.0      1.5     76700
2018  3  9  5      0.0    176.5   0.00000000   0.00000000    262.0   87.0      1.3     76720
2018  3  9  6      1.0    182.8   0.00000000   0.00000000    261.9   88.0      1.6     76720
2018  3  9  7     72.0    184.0   0.00000000   0.00000000    264.0   81.0      1.7     76880
2018  3  9  8    213.0    197.9   0.00000000   0.00000000    268.0   65.0      1.4     77110
2018  3  9  9    377.0    218.2   0.00000000   0.00000000    270.3   57.0      1.0     77250
2018  3  9 10    426.0    236.9   0.00000000   0.00000000    272.1   55.0      0.9     77310
2018  3  9 11    522.0    239.6   0.00000000   0.00000000    273.8   53.0      0.9     77340
2018  3  9 12    608.0    258.9   0.00000000   0.00000000    275.1   46.0      2.0     77410
2018  3  9 13    618.0    243.6   0.00000000   0.00000000    274.8   50.0      1.7     77340
2018  3  9 14    364.0    243.9   0.00000000   0.00000000    273.6   57.0      1.4     77290
2018  3  9 15    259.0    227.6   0.00000000   0.00000000    273.3   58.0      1.4     77300
2018  3  9 16    215.0    201.6   0.00000000   0.00000000    270.8   64.0      1.6     77120
2018  3  9 17     81.0    231.0   0.00000000   0.00000000    268.0   69.0      1.6     77010
2018  3  9 18      2.0    230.4   0.00000000   0.00000000    267.8   72.0      1.4     77090
2018  3  9 19      0.0    231.2   0.00000000   0.00000000    267.5   76.0      2.1     77080
2018  3  9 20      0.0    231.7   0.00000000   0.00000000    267.3   82.0      2.2     77060
2018  3  9 21      0.0    231.6   0.00000000   0.00000000    266.8   85.0      2.8     77000
2018  3  9 22      0.0    234.0   0.00000000   0.00000000    267.2   85.0      2.6     77020
2018  3  9 23      0.0    235.0   0.00000000   0.00000000    267.3   86.0      2.8     76970
2018  3 10  0      0.0    232.4   0.00000000   0.00000000    266.8   87.0      2.6     76980
2018  3 10  1      0.0    236.7   0.00000000   0.00000000    267.4   89.0      2.9     77020
2018  3 10  2      0.0    222.4   0.00000000   0.00000000    267.8   89.0      2.9     77030
2018  3 10  3      0.0    232.2   0.00000000   0.00000000    267.0   90.0      2.8     76920
2018  3 10  4      0.0    236.7   0.00000000   0.00000000    267.6   88.0      2.6     76950
2018  3 10  5      0.0    236.5   0.00000000   0.00000000    267.5   89.0      2.7     76890
2018  3 10  6      1.0    236.1   0.00000000   0.00000000    267.5   88.0      2.8     76850
2018  3 10  7     38.0    241.6   0.00002778   0.00000000    268.6   83.0      2.6     76950
2018  3 10  8     76.0    247.0   0.00008333   0.00000000    269.9   79.0      2.5     77050
2018  3 10  9    230.0    255.3   0.00002778   0.00000000    272.0   71.0      2.1     77200
2018  3 10 10    295.0    261.6   0.00000000   0.00002778    273.0   69.0      1.8     77210
2018  3 10 11    279.0    265.2   0.00002778   0.00000000    273.5   68.0      1.9     77230
2018  3 10 12    300.0    267.1   0.00005556   0.00000000    273.3   74.0      2.8     77230
2018  3 10 13    438.0    243.8   0.00002778   0.00000000    274.1   67.0      2.7     77200
2018  3 10 14    452.0    262.9   0.00000000   0.00000000    274.0   65.0      2.4     77210
2018  3 10 15    242.0    250.2   0.00000000   0.00000000    273.8   67.0      2.0     77210
2018  3 10 16    183.0    245.0   0.00000000   0.00000000    272.3   72.0      1.6     77150
2018  3 10 17     62.0    242.6   0.00000000   0.00000000    271.2   76.0      1.5     77100
2018  3 10 18      2.0    237.4   0.00000000   0.00000000    270.3   78.0      1.6     77090
2018  3 10 19      0.0    218.5   0.00000000   0.00000000    270.0   81.0      1.8     77090
2018  3 10 20      0.0    210.4   0.00000000   0.00000000    269.8   84.0      2.2     77010
2018  3 10 21      0.0    206.9   0.00000000   0.00000000    269.3   87.0      2.6     76970
2018  3 10 22      0.0    219.1   0.00000000   0.00000000    269.0   89.0      2.7     76940
2018  3 10 23      0.0    223.8   0.00000000   0.00000000    268.8   92.0      2.7     76910
2018  3 11  0      0.0    231.4   0.00000000   0.00000000    269.8   90.0      3.1     76960
2018  3 11  1      0.0    246.6   0.00000000   0.00000000    269.8   90.0      3.2     76920
2018  3 11  2      0.0    241.9   0.00000000   0.00000000    270.1   88.0      3.2     76850
2018  3 11  3      0.0    234.9   0.00000000   0.00000000    269.8   90.0      3.1     76760
2018  3 11  4      0.0    243.5   0.00000000   0.00000000    269.9   89.0      3.2     76710
2018  3 11  5      0.0    207.3   0.00000000   0.00000000    269.8   90.0      3.3     76630
2018  3 11  6      2.0    246.5   0.00000000   0.00000000    269.1   92.0      3.2     76540
2018  3 11  7     60.0    254.9   0.00000000   0.00000000    270.6   85.0      3.0     76620
2018  3 11  8    168.0    263.4   0.00000000   0.00000000    272.5   77.0      2.6     76760
2018  3 11  9    300.0    272.0   0.00000000   0.00000000    274.2   72.0      2.4     76790
2018  3 11 10    359.0    273.5   0.00005556   0.00000000    274.5   73.0      2.9     76730
2018  3 11 11    405.0    277.8   0.00008333   0.00000000    275.0   73.0      3.9     76610
2018  3 11 12    480.0    282.5   0.00005556   0.00000000    276.1   68.0      4.0     76650
2018  3 11 13    549.0    279.8   0.00002778   0.00000000    275.8   67.0      3.5     76570
2018  3 11 14    383.0    280.0   0.00008333   0.00000000    275.4   72.0      3.1     76460
2018  3 11 15    291.0    278.2   0.00005556   0.00002778    274.9   75.0      2.2     76390
2018  3 11 16    151.0    273.9   0.00005556   0.00000000    273.8   81.0      1.1     76320
2018  3 11 17     52.0    263.9   0.00002778   0.00000000    272.0   85.0      1.3     76190
2018  3 11 18      2.0    259.1   0.00008333   0.00000000    271.0   89.0      1.2     76160
2018  3 11 19      0.0    265.4   0.00013889   0.00000000    271.9   90.0      1.2     76260
2018  3 11 20      0.0    263.8   0.00013889   0.00000000    271.6   91.0      1.6     76190
2018  3 11 21      0.0    261.2   0.00005556   0.00000000    271.2   91.0      1.6     76140
2018  3 11 22      0.0    260.8   0.00005556   0.00000000    271.2   90.0      1.2     76150
2018  3 11 23      0.0    258.0   0.00002778   0.00000000    270.8   91.0      0.9     76120
2018  3 12  0      0.0    256.7   0.00000000   0.00000000    270.8   90.0      1.4     76080
2018  3 12  1      0.0    234.2   0.00000000   0.00000000    269.2   92.0      1.2     76030
2018  3 12  2      0.0    232.8   0.00000000   0.00000000    268.6   96.0      1.1     76010
2018  3 12  3      0.0    243.1   0.00000000   0.00000000    267.9   98.0      1.4     75980
2018  3 12  4      0.0    223.5   0.00000000   0.00000000    268.0   97.0      1.8     76010
2018  3 12  5      0.0    213.4   0.00000000   0.00000000    269.0   95.0      2.1     76070
2018  3 12  6      2.0    207.6   0.00000000   0.00000000    268.9   91.0      1.7     76070
2018  3 12  7     69.0    214.2   0.00000000   0.00000000    269.0   88.0      0.8     76140
2018  3 12  8    189.0    236.5   0.00000000   0.00000000    271.4   78.0      1.1     76320
2018  3 12  9    241.0    243.7   0.00011111   0.00000000    271.9   76.0      1.8     76380
2018  3 12 10    418.0    246.8   0.00002778   0.00000000    272.8   68.0      1.9     76410
2018  3 12 11    487.0    261.7   0.00002778   0.00000000    273.2   67.0      2.1     76460
2018  3 12 12    483.0    259.9   0.00005556   0.00000000    273.0   66.0      2.3     76500
2018  3 12 13    505.0    223.7   0.00002778   0.00000000    273.4   64.0      1.3     76490
2018  3 12 14    447.0    250.4   0.00000000   0.00000000    273.8   63.0      1.5     76480
2018  3 12 15    400.0    255.7   0.00019444   0.00000000    272.4   72.0      2.0     76460
2018  3 12 16    116.0    254.5   0.00008333   0.00000000    270.9   84.0      1.1     76510
2018  3 12 17     40.0    239.8   0.00013889   0.00000000    269.9   94.0      0.5     76500
2018  3 12 18      2.0    234.0   0.00008333   0.00000000    269.9   90.0      0.4     76550
2018  3 12 19      0.0    240.5   0.00005556   0.00000000    269.2   84.0      0.9     76550
2018  3 12 20      0.0    226.8   0.00005556   0.00000000    267.8   84.0      0.5     76480
2018  3 12 21      0.0    225.8   0.00000000   0.00000000    268.0   90.0      0.8     76480
2018  3 12 22      0.0    222.9   0.00000000   0.00000000    267.0   96.0      0.6     76400
2018  3 12 23      0.0    218.7   0.00000000   0.00000000    266.5   96.0      0.7     76380
2018  3 13  0      0.0    204.8   0.00002778   0.00000000    266.8   95.0      0.6     76480
2018  3 13  1      0.0    228.7   0.00008333   0.00000000    266.3   94.0      1.1     76520
2018  3 13  2      0.0    210.8   0.00038889   0.00000000    267.1   95.0      0.7     76600
2018  3 13  3      0.0    220.2   0.00027778   0.00000000    267.8   96.0      0.3     76680
2018  3 13  4      0.0    239.0   0.00008333   0.00000000    267.4   95.0      0.4     76700
2018  3 13  5      0.0    241.6   0.00002778   0.00000000    268.1   93.0      0.4     76750
2018  3 13  6      2.0    240.8   0.00000000   0.00000000    267.9   94.0      0.2     76760
2018  3 13  7     56.0    218.1   0.00000000   0.00000000    268.6   86.0      0.2     76840
2018  3 13  8    197.0    215.9   0.00000000   0.00000000    269.3   76.0      0.7     76880
2018  3 13  9    364.0    220.3   0.00000000   0.00000000    270.2   62.0      1.9     76920
2018  3 13 10    557.0    218.3   0.00000000   0.00000000    271.3   52.0      2.4     76960
2018  3 13 11    578.0    215.6   0.00005556   0.00000000    271.3   55.0      2.8     76970
2018  3 13 12    554.0    234.2   0.00005556   0.00000000    272.2   57.0      2.5     77000
2018  3 13 13    531.0    239.0   0.00002778   0.00000000    271.5   62.0      2.5     76980
2018  3 13 14    410.0    246.1   0.00027778   0.00000000    270.5   73.0      2.3     76980
2018  3 13 15    275.0    248.3   0.00008333   0.00000000    269.5   88.0      2.3     77020
2018  3 13 16     97.0    246.8   0.00019444   0.00000000    268.8   97.0      1.7     77040
2018  3 13 17     56.0    237.0   0.00013889   0.00000000    268.0   89.0      1.1     77050
2018  3 13 18      3.0    225.7   0.00005556   0.00000000    266.4   95.0      1.2     77010
2018  3 13 19      0.0    224.3   0.00008333   0.00000000    266.6   92.0      1.3     77070
2018  3 13 20      0.0    233.8   0.00005556   0.00000000    267.1   95.0      0.8     77130
2018  3 13 21      0.0    235.5   0.00008333   0.00000000    267.6   96.0      1.2     77210
2018  3 13 22      0.0    233.7   0.00008333   0.00000000    267.5   95.0      1.0     77200
2018  3 13 23      0.0    237.0   0.00008333   0.00000000    267.3   96.0      0.8     77190
2018  3 14  0      0.0    228.1   0.00013889   0.00000000    267.2   93.0      0.6     77200
2018  3 14  1      0.0    229.1   0.00013889   0.00000000    266.9   94.0      0.8     77200
2018  3 14  2      0.0    234.7   0.00008333   0.00000000    267.2   96.0      1.0     77200
2018  3 14  3      0.0    210.2   0.00013889   0.00000000    267.2   93.0      1.3     77210
2018  3 14  4      0.0    205.4   0.00008333   0.00000000    267.1   96.0      1.1     77260
2018  3 14  5      0.0    220.2   0.00002778   0.00000000    266.8   95.0      0.6     77220
2018  3 14  6      3.0    210.3   0.00002778   0.00000000    267.0   95.0      0.5     77250
2018  3 14  7     57.0    209.9   0.00002778   0.00000000    267.4   92.0      0.4     77280
2018  3 14  8    173.0    200.8   0.00000000   0.00000000    268.4   76.0      0.8     77310
2018  3 14  9    315.0    205.1   0.00000000   0.00000000    269.4   66.0      0.8     77340
2018  3 14 10    443.0    209.9   0.00000000   0.00000000    270.5   57.0      0.7     77320
2018  3 14 11    594.0    218.0   0.00000000   0.00000000    272.0   50.0      0.8     77290
2018  3 14 12    684.0    224.7   0.00000000   0.00000000    272.8   49.0      1.5     77300
2018  3 14 13    613.0    246.8   0.00000000   0.00000000    272.8   50.0      1.5     77180
2018  3 14 14    527.0    249.5   0.00000000   0.00000000    272.8   50.0      1.2     77120
2018  3 14 15    371.0    233.6   0.00000000   0.00000000    272.6   50.0      1.1     77010
2018  3 14 16    245.0    198.7   0.00000000   0.00000000    271.3   53.0      1.4     76900
2018  3 14 17    102.0    187.7   0.00000000   0.00000000    268.6   57.0      1.8     76750
2018  3 14 18      4.0    179.7   0.00000000   0.00000000    266.6   60.0      1.8     76650
2018  3 14 19      0.0    180.5   0.00000000   0.00000000    266.5   63.0      1.6     76670
2018  3 14 20      0.0    181.6   0.00000000   0.00000000    265.9   73.0      1.9     76620
2018  3 14 21      0.0    183.4   0.00000000   0.00000000    265.8   81.0      2.1     76660
2018  3 14 22      0.0    182.8   0.00000000   0.00000000    265.5   82.0      2.2     76640
2018  3 14 23      0.0    181.5   0.00000000   0.00000000    265.3   81.0      2.3     76630
2018  3 15  0      0.0    183.6   0.00000000   0.00000000    265.6   83.0      2.9     76550
2018  3 15  1      0.0    197.2   0.00000000   0.00000000    265.9   83.0      2.6     76560
2018  3 15  2      0.0    223.4   0.00000000   0.00000000    265.6   86.0      2.8     76480
2018  3 15  3      0.0    221.8   0.00000000   0.00000000    264.9   88.0      3.1     76420
2018  3 15  4      0.0    219.0   0.00000000   0.00000000    264.9   87.0      3.1     76420
2018  3 15  5      0.0    223.1   0.00000000   0.00000000    265.4   86.0      3.2     76410
2018  3 15  6      4.0    225.3   0.00000000   0.00000000    266.0   85.0      3.1     76430
2018  3 15  7     72.0    234.1   0.00000000   0.00000000    267.8   78.0      2.9     76510
2018  3 15  8    218.0    240.3   0.00000000   0.00000000    269.2   72.0      3.1     76550
2018  3 15  9    402.0    245.9   0.00000000   0.00000000    270.8   65.0      3.4     76510
2018  3 15 10    372.0    249.7   0.00000000   0.00000000    271.4   64.0      3.8     76490
2018  3 15 11    352.0    250.8   0.00005556   0.00000000    271.4   66.0      3.7     76440
2018  3 15 12    276.0    252.9   0.00000000   0.00000000    272.1   62.0      3.8     76430
2018  3 15 13    428.0    250.2   0.00000000   0.00000000    271.4   65.0      4.0     76320
2018  3 15 14    339.0    248.9   0.00000000   0.00000000    271.1   66.0      3.9     76280
2018  3 15 15    177.0    232.7   0.00000000   0.00000000    270.5   70.0      3.2     76220
2018  3 15 16    162.0    204.5   0.00002778   0.00000000    270.0   74.0      3.1     76150
2018  3 15 17     88.0    237.9   0.00002778   0.00000000    268.9   80.0      2.1     76110
2018  3 15 18      4.0    237.0   0.00005556   0.00000000    268.2   84.0      1.5     76110
2018  3 15 19      0.0    236.2   0.00005556   0.00000000    267.5   86.0      1.5     76060
2018  3 15 20      0.0    240.8   0.00013889   0.00000000    268.2   87.0      1.3     76140
2018  3 15 21      0.0    243.0   0.00025000   0.00000000    268.5   88.0      0.9     76210
2018  3 15 22      0.0    243.6   0.00027778   0.00000000    268.6   88.0      0.7     76250
2018  3 15 23      0.0    244.0   0.00025000   0.00000000    268.6   89.0      0.7     76240
2018  3 16  0      0.0    247.6   0.00027778   0.00000000    268.8   95.0      0.8     76300
2018  3 16  1      0.0    230.4   0.00005556   0.00000000    269.1   95.0      0.9     76330
2018  3 16  2      0.0    250.9   0.00000000   0.00000000    269.1   99.0      1.6     76350
2018  3 16  3      0.0    242.7   0.00002778   0.00000000    267.9   97.0      1.4     76310
2018  3 16  4      0.0    242.2   0.00002778   0.00000000    268.1   97.0      1.1     76350
2018  3 16  5      0.0    248.0   0.00011111   0.00000000    268.9   97.0      1.4     76440
2018  3 16  6      3.0    246.3   0.00013889   0.00000000    268.9   97.0      1.1     76470
2018  3 16  7     62.0    206.1   0.00002778   0.00000000    268.8   94.0      0.6     76500
2018  3 16  8    219.0    199.5   0.00000000   0.00000000    269.1   77.0      0.6     76530
2018  3 16  9    405.0    214.4   0.00000000   0.00000000    270.4   63.0      1.1     76560
2018  3 16 10    540.0    217.8   0.00000000   0.00000000    271.5   61.0      1.6     76600
2018  3 16 11    547.0    219.9   0.00005556   0.00000000    271.8   62.0      1.8     76610
2018  3 16 12    541.0    242.0   0.00005556   0.00000000    272.3   59.0      2.0     76680
2018  3 16 13    529.0    234.7   0.00002778   0.00000000    271.8   70.0      1.6     76660
2018  3 16 14    509.0    235.9   0.00002778   0.00000000    272.1   75.0      1.4     76630
2018  3 16 15    391.0    248.1   0.00000000   0.00000000    271.4   80.0      1.1     76600
2018  3 16 16    226.0    217.0   0.00008333   0.00000000    269.2   86.0      1.1     76470
2018  3 16 17     87.0    213.4   0.00000000   0.00000000    270.2   83.0      0.4     76580
2018  3 16 18      5.0    219.7   0.00000000   0.00000000    269.4   86.0      0.4     76550
2018  3 16 19      0.0    230.1   0.00000000   0.00000000    266.3   91.0      1.0     76300
2018  3 16 20      0.0    232.7   0.00000000   0.00000000    266.8   90.0      0.9     76300
2018  3 16 21      0.0    229.7   0.00000000   0.00000000    266.5   89.0      0.9     76240
2018  3 16 22      0.0    227.9   0.00000000   0.00000000    266.4   90.0      1.0     76170
2018  3 16 23      0.0    225.7   0.00000000   0.00000000    266.1   91.0      1.1     76110
2018  3 17  0      0.0    227.9   0.00000000   0.00000000    266.4   90.0      1.2     76120
2018  3 17  1      0.0    227.8   0.00000000   0.00000000    265.9   91.0      1.5     75990
2018  3 17  2      0.0    228.6   0.00000000   0.00000000    265.9   91.0      1.4     75920
2018  3 17  3      0.0    231.8   0.00000000   0.00000000    266.5   90.0      1.4     75900
2018  3 17  4      0.0    231.0   0.00000000   0.00000000    266.5   88.0      1.4     75880
2018  3 17  5      0.0    231.8   0.00000000   0.00000000    266.8   87.0      1.4     75880
2018  3 17  6      4.0    232.4   0.00002778   0.00000000    266.8   87.0      1.4     75830
2018  3 17  7     60.0    236.0   0.00002778   0.00000000    267.6   84.0      1.1     75870
2018  3 17  8    156.0    238.8   0.00002778   0.00000000    269.1   70.0      1.0     75930
2018  3 17  9    255.0    241.0   0.00002778   0.00000000    269.9   65.0      0.9     75910
2018  3 17 10    363.0    244.9   0.00002778   0.00000000    270.8   62.0      1.1     75900
2018  3 17 11    421.0    246.1   0.00005556   0.00000000    271.6   56.0      1.4     75880
2018  3 17 12    391.0    250.5   0.00005556   0.00000000    272.2   57.0      2.4     75810
2018  3 17 13    319.0    248.6   0.00005556   0.00000000    271.8   58.0      1.9     75710
2018  3 17 14    319.0    249.2   0.00002778   0.00000000    272.1   56.0      1.5     75640
2018  3 17 15    257.0    250.2   0.00002778   0.00000000    271.4   65.0      0.7     75590
2018  3 17 16    121.0    244.3   0.00013889   0.00000000    270.9   60.0      0.3     75660
2018  3 17 17     51.0    226.3   0.00005556   0.00000000    269.8   74.0      0.3     75620
2018  3 17 18      4.0    217.0   0.00005556   0.00000000    268.8   80.0      0.7     75570
2018  3 17 19      0.0    222.8   0.00002778   0.00000000    266.8   84.0      1.1     75440
2018  3 17 20      0.0    228.0   0.00000000   0.00000000    266.8   84.0      1.1     75460
2018  3 17 21      0.0    229.5   0.00000000   0.00000000    267.0   85.0      0.9     75510
2018  3 17 22      0.0    228.2   0.00000000   0.00000000    266.5   87.0      0.9     75520
2018  3 17 23      0.0    229.2   0.00005556   0.00000000    266.4   89.0      0.9     75510
2018  3 18  0      0.0    232.6   0.00019444   0.00000000    266.9   86.0      1.1     75600
2018  3 18  1      0.0    227.2   0.00005556   0.00000000    266.6   87.0      1.1     75560
2018  3 18  2      0.0    224.7   0.00002778   0.00000000    265.9   87.0      1.0     75490
2018  3 18  3      0.0    225.9   0.00002778   0.00000000    265.9   88.0      1.2     75470
2018  3 18  4      0.0    229.8   0.00005556   0.00000000    266.5   87.0      0.9     75550
2018  3 18  5      0.0    223.0   0.00005556   0.00000000    265.6   87.0      0.8     75540
2018  3 18  6      5.0    218.4   0.00005556   0.00000000    265.4   86.0      0.9     75560
2018  3 18  7     54.0    219.2   0.00005556   0.00000000    266.2   86.0      0.8     75660
2018  3 18  8    159.0    230.0   0.00002778   0.00000000    268.3   72.0      0.3     75830
2018  3 18  9    289.0    237.8   0.00000000   0.00000000    269.2   72.0      0.4     75840
2018  3 18 10    445.0    241.3   0.00022222   0.00000000    270.4   60.0      1.1     75900
2018  3 18 11    452.0    237.7   0.00002778   0.00000000    270.6   59.0      0.5     75900
2018  3 18 12    588.0    239.2   0.00002778   0.00000000    269.8   66.0      1.1     75930
2018  3 18 13    449.0    245.9   0.00005556   0.00000000    269.8   76.0      1.1     75950
2018  3 18 14    360.0    246.3   0.00005556   0.00000000    269.1   87.0      1.9     75950
2018  3 18 15    244.0    243.7   0.00013889   0.00000000    268.3   93.0      1.7     75960
2018  3 18 16    142.0    242.4   0.00016667   0.00000000    267.9   96.0      1.6     75990
2018  3 18 17     38.0    236.0   0.00016667   0.00000000    266.9   95.0      1.4     76000
2018  3 18 18      3.0    234.0   0.00005556   0.00000000    266.8   93.0      1.4     76070
2018  3 18 19      0.0    232.4   0.00002778   0.00000000    266.3   95.0      1.1     76100
2018  3 18 20      0.0    230.8   0.00002778   0.00000000    266.1   94.0      1.1     76080
2018  3 18 21      0.0    228.7   0.00002778   0.00000000    265.8   93.0      1.0     76090
2018  3 18 22      0.0    228.3   0.00002778   0.00000000    265.6   95.0      1.0     76100
2018  3 18 23      0.0    226.6   0.00005556   0.00000000    265.5   92.0      1.4     76120
2018  3 19  0      0.0    227.1   0.00005556   0.00000000    265.4   95.0      1.6     76180
2018  3 19  1      0.0    224.8   0.00005556   0.00000000    265.3   90.0      2.0     76180
2018  3 19  2      0.0    222.5   0.00005556   0.00000000    264.9   90.0      1.9     76160
2018  3 19  3      0.0    222.5   0.00005556   0.00000000    264.6   95.0      1.9     76140
2018  3 19  4      0.0    221.6   0.00008333   0.00000000    264.5   94.0      1.8     76150
2018  3 19  5      0.0    221.6   0.00011111   0.00000000    264.5   94.0      1.8     76150
2018  3 19  6      4.0    220.4   0.00013889   0.00000000    264.3   94.0      1.7     76170
2018  3 19  7     54.0    221.3   0.00011111   0.00000000    264.8   90.0      1.7     76240
2018  3 19  8    101.0    221.3   0.00008333   0.00000000    264.8   90.0      2.0     76290
2018  3 19  9    165.0    221.0   0.00008333   0.00000000    264.8   89.0      2.1     76290
2018  3 19 10    234.0    221.0   0.00008333   0.00000000    264.9   86.0      2.2     76320
2018  3 19 11    325.0    221.2   0.00008333   0.00000000    265.4   79.0      2.4     76320
2018  3 19 12    440.0    222.1   0.00008333   0.00000000    266.0   73.0      2.9     76330
2018  3 19 13    419.0    221.4   0.00002778   0.00000000    265.8   74.0      2.9     76320
2018  3 19 14    377.0    221.7   0.00005556   0.00000000    265.8   76.0      2.9     76330
2018  3 19 15    254.0    220.1   0.00008333   0.00000000    265.5   77.0      2.4     76330
2018  3 19 16    148.0    220.1   0.00008333   0.00000000    265.0   84.0      2.0     76330
2018  3 19 17     58.0    220.9   0.00008333   0.00000000    264.5   92.0      1.7     76340
2018  3 19 18      5.0    217.1   0.00008333   0.00000000    264.1   90.0      1.5     76360
2018  3 19 19      0.0    217.5   0.00008333   0.00000000    263.9   92.0      1.4     76380
2018  3 19 20      0.0    215.7   0.00005556   0.00000000    263.8   90.0      1.2     76400
2018  3 19 21      0.0    214.4   0.00005556   0.00000000    263.4   91.0      0.6     76400
2018  3 19 22      0.0    209.7   0.00002778   0.00000000    262.8   91.0      0.6     76340
2018  3 19 23      0.0    207.9   0.00000000   0.00000000    262.5   91.0      0.7     76320
2018  3 20  0      0.0    207.2   0.00000000   0.00000000    262.5   91.0      0.7     76380
2018  3 20  1      0.0    205.9   0.00002778   0.00000000    262.2   92.0      0.7     76380
2018  3 20  2      0.0    202.2   0.00002778   0.00000000    261.8   91.0      0.8     76330
2018  3 20  3      0.0    205.0   0.00002778   0.00000000    262.1   91.0      0.6     76360
2018  3 20  4      0.0    204.1   0.00002778   0.00000000    262.0   90.0      0.6     76390
2018  3 20  5      0.0    207.4   0.00002778   0.00000000    262.2   90.0      0.4     76430
2018  3 20  6      8.0    203.3   0.00002778   0.00000000    261.9   89.0      0.6     76440
2018  3 20  7     69.0    204.5   0.00002778   0.00000000    262.4   89.0      1.0     76540
2018  3 20  8    198.0    206.8   0.00002778   0.00000000    262.8   85.0      1.4     76570
2018  3 20  9    297.0    209.5   0.00002778   0.00000000    263.3   79.0      1.8     76620
2018  3 20 10    447.0    211.1   0.00002778   0.00000000    263.8   76.0      2.1     76670
2018  3 20 11    522.0    212.6   0.00002778   0.00000000    264.0   77.0      2.4     76730
2018  3 20 12    535.0    207.5   0.00002778   0.00000000    264.0   70.0      2.1     76790
2018  3 20 13    604.0    210.0   0.00000000   0.00000000    263.9   72.0      2.6     76800
2018  3 20 14    515.0    211.2   0.00002778   0.00000000    263.6   79.0      2.7     76840
2018  3 20 15    353.0    207.9   0.00005556   0.00000000    262.8   82.0      2.9     76870
2018  3 20 16    157.0    201.5   0.00005556   0.00000000    261.4   85.0      2.6     76920
2018  3 20 17     52.0    195.8   0.00008333   0.00000000    260.4   88.0      2.2     77020
2018  3 20 18      6.0    189.1   0.00005556   0.00000000    259.8   91.0      2.3     77050
2018  3 20 19      0.0    169.2   0.00002778   0.00000000    259.6   88.0      2.5     77140
2018  3 20 20      0.0    175.9   0.00000000   0.00000000    258.5   88.0      1.6     77140
2018  3 20 21      0.0    174.0   0.00002778   0.00000000    258.5   89.0      1.2     77180
2018  3 20 22      0.0    165.0   0.00002778   0.00000000    258.6   89.0      2.0     77180
2018  3 20 23      0.0    177.8   0.00002778   0.00000000    258.9   88.0      2.3     77210
2018  3 21  0      0.0    181.0   0.00002778   0.00000000    258.6   88.0      1.3     77260
2018  3 21  1      0.0    178.9   0.00002778   0.00000000    258.3   88.0      1.0     77240
2018  3 21  2      0.0    186.5   0.00002778   0.00000000    258.3   88.0      1.2     77240
2018  3 21  3      0.0    186.5   0.00005556   0.00000000    258.3   88.0      1.5     77240
2018  3 21  4      0.0    187.0   0.00005556   0.00000000    258.4   88.0      1.8     77290
2018  3 21  5      0.0    186.1   0.00002778   0.00000000    258.4   85.0      1.8     77310
2018  3 21  6      7.0    187.6   0.00002778   0.00000000    258.8   85.0      2.0     77350
2018  3 21  7     73.0    189.5   0.00002778   0.00000000    259.2   83.0      2.2     77410
2018  3 21  8    174.0    177.6   0.00000000   0.00000000    259.8   74.0      2.4     77480
2018  3 21  9    224.0    189.7   0.00002778   0.00000000    260.4   67.0      2.5     77540
2018  3 21 10    393.0    191.3   0.00002778   0.00000000    261.5   58.0      2.6     77590
2018  3 21 11    530.0    192.8   0.00000000   0.00000000    262.2   54.0      2.7     77600
2018  3 21 12    510.0    193.8   0.00000000   0.00000000    262.6   56.0      2.8     77620
2018  3 21 13    500.0    195.9   0.00000000   0.00000000    262.8   54.0      3.0     77600
2018  3 21 14    435.0    194.4   0.00000000   0.00000000    262.3   65.0      3.0     77630
2018  3 21 15    295.0    197.4   0.00002778   0.00000000    261.5   78.0      2.6     77630
2018  3 21 16    160.0    199.6   0.00002778   0.00000000    261.1   84.0      1.9     77650
2018  3 21 17     62.0    197.0   0.00002778   0.00002778    260.3   89.0      1.5     77670
2018  3 21 18      6.0    194.9   0.00005556   0.00000000    260.1   90.0      1.5     77710
2018  3 21 19      0.0    188.5   0.00002778   0.00000000    259.1   88.0      0.9     77670
2018  3 21 20      0.0    184.6   0.00000000   0.00000000    258.9   89.0      0.7     77640
2018  3 21 21      0.0    150.5   0.00000000   0.00000000    257.3   87.0      1.4     77470
2018  3 21 22      0.0    150.0   0.00000000   0.00000000    257.2   85.0      1.2     77470
2018  3 21 23      0.0    150.0   0.00000000   0.00000000    257.2   83.0      1.0     77400
2018  3 22  0      0.0    152.0   0.00000000   0.00000000    258.0   84.0      0.9     77470
2018  3 22  1      0.0    150.1   0.00000000   0.00000000    257.3   85.0      0.9     77370
2018  3 22  2      0.0    150.0   0.00000000   0.00000000    256.8   85.0      1.3     77180
2018  3 22  3      0.0    150.0   0.00000000   0.00000000    256.2   85.0      1.0     77080
2018  3 22  4      0.0    150.0   0.00000000   0.00000000    255.7   84.0      1.0     76940
2018  3 22  5      0.0    150.0   0.00000000   0.00000000    255.6   80.0      0.2     76930
2018  3 22  6     16.0    150.0   0.00000000   0.00000000    256.6   68.0      0.6     76980
2018  3 22  7    147.0    155.0   0.00000000   0.00000000    262.1   48.0      0.7     77350
2018  3 22  8    336.0    156.4   0.00000000   0.00000000    262.1   51.0      1.1     77280
2018  3 22  9    513.0    163.0   0.00000000   0.00000000    263.8   50.0      1.0     77370
2018  3 22 10    655.0    170.4   0.00000000   0.00000000    265.8   44.0      1.5     77430
2018  3 22 11    744.0    170.2   0.00000000   0.00000000    266.3   43.0      1.9     77420
2018  3 22 12    770.0    205.4   0.00000000   0.00000000    267.0   44.0      2.6     77420
2018  3 22 13    683.0    179.9   0.00000000   0.00000000    266.4   43.0      2.1     77320
2018  3 22 14    580.0    195.4   0.00000000   0.00000000    266.2   43.0      1.8     77250
2018  3 22 15    417.0    205.8   0.00000000   0.00000000    265.5   48.0      2.0     77180
2018  3 22 16    261.0    206.2   0.00002778   0.00000000    264.3   59.0      1.4     77150
2018  3 22 17     84.0    202.8   0.00005556   0.00000000    262.4   74.0      1.2     77030
2018  3 22 18      6.0    204.5   0.00008333   0.00000000    262.3   80.0      0.9     77060
2018  3 22 19      0.0    206.3   0.00008333   0.00000000    262.3   85.0      0.6     77070
2018  3 22 20      0.0    207.0   0.00005556   0.00000000    262.3   87.0      0.6     77060
2018  3 22 21      0.0    206.8   0.00005556   0.00000000    262.2   88.0      0.5     77010
2018  3 22 22      0.0    203.7   0.00008333   0.00000000    261.5   90.0      1.0     76980
2018  3 22 23      0.0    204.5   0.00011111   0.00000000    261.6   91.0      0.7     76930
2018  3 23  0      0.0    205.2   0.00011111   0.00000000    261.8   92.0      1.1     76850
2018  3 23  1      0.0    204.0   0.00005556   0.00000000    261.5   91.0      0.8     76800
2018  3 23  2      0.0    205.3   0.00008333   0.00000000    261.8   90.0      0.6     76810
2018  3 23  3      0.0    203.8   0.00005556   0.00000000    261.6   91.0      0.6     76760
2018  3 23  4      0.0    204.2   0.00005556   0.00000000    261.8   89.0      0.6     76740
2018  3 23  5      0.0    205.3   0.00005556   0.00000000    261.8   90.0      0.6     76710
2018  3 23  6      7.0    206.2   0.00008333   0.00000000    262.1   88.0      0.3     76710
2018  3 23  7     58.0    206.8   0.00005556   0.00000000    262.6   84.0      0.4     76740
2018  3 23  8    143.0    210.6   0.00005556   0.00000000    263.8   82.0      1.2     76790
2018  3 23  9    242.0    210.9   0.00002778   0.00000000    264.5   81.0      1.6     76780
2018  3 23 10    302.0    211.3   0.00002778   0.00000000    265.1   81.0      1.8     76770
2018  3 23 11    358.0    201.2   0.00000000   0.00000000    266.0   76.0      1.8     76740
2018  3 23 12    437.0    218.8   0.00000000   0.00000000    266.0   82.0      2.1     76740
2018  3 23 13    385.0    224.8   0.00002778   0.00000000    266.6   77.0      2.0     76690
2018  3 23 14    356.0    226.1   0.00000000   0.00000000    267.2   72.0      1.7     76640
2018  3 23 15    327.0    220.7   0.00000000   0.00000000    267.1   70.0      1.2     76560
2018  3 23 16    246.0    215.4   0.00000000   0.00000000    266.3   73.0      0.9     76470
2018  3 23 17    118.0    207.5   0.00000000   0.00000000    266.4   72.0      1.2     76490
2018  3 23 18     13.0    192.4   0.00000000   0.00000000    265.6   77.0      0.7     76440
2018  3 23 19      0.0    184.2   0.00000000   0.00000000    265.1   79.0      0.2     76440
2018  3 23 20      0.0    170.1   0.00000000   0.00000000    261.2   85.0      1.2     76140
2018  3 23 21      0.0    167.1   0.00000000   0.00000000    260.6   86.0      1.1     76020
2018  3 23 22      0.0    166.5   0.00000000   0.00000000    260.9   86.0      0.9     76000
2018  3 23 23      0.0    163.4   0.00000000   0.00000000    260.6   85.0      1.2     75920
2018  3 24  0      0.0    159.8   0.00000000   0.00000000    260.1   84.0      2.0     75830
2018  3 24  1      0.0    156.2   0.00000000   0.00000000    259.4   83.0      2.1     75660
2018  3 24  2      0.0    156.3   0.00000000   0.00000000    259.5   82.0      2.3     75560
2018  3 24  3      0.0    156.1   0.00000000   0.00000000    259.6   80.0      2.3     75540
2018  3 24  4      0.0    154.8   0.00000000   0.00000000    259.2   81.0      2.4     75500
2018  3 24  5      0.0    152.0   0.00000000   0.00000000    258.4   83.0      2.6     75430
2018  3 24  6     20.0    155.7   0.00000000   0.00000000    259.2   82.0      2.4     75510
2018  3 24  7    152.0    166.0   0.00000000   0.00000000    262.8   64.0      1.8     75830
2018  3 24  8    333.0    177.6   0.00000000   0.00000000    265.8   59.0      1.4     76090
2018  3 24  9    497.0    183.4   0.00000000   0.00000000    267.5   55.0      1.4     76180
2018  3 24 10    640.0    187.2   0.00000000   0.00000000    268.8   52.0      1.2     76220
2018  3 24 11    734.0    190.4   0.00000000   0.00000000    269.5   53.0      1.0     76220
2018  3 24 12    772.0    193.3   0.00000000   0.00000000    271.4   43.0      1.3     76330
2018  3 24 13    737.0    192.0   0.00000000   0.00000000    269.8   55.0      1.2     76170
2018  3 24 14    648.0    190.3   0.00000000   0.00000000    272.3   33.0      0.9     76350
2018  3 24 15    509.0    191.0   0.00000000   0.00000000    272.1   35.0      0.3     76350
2018  3 24 16    335.0    189.5   0.00000000   0.00000000    271.3   38.0      0.2     76370
2018  3 24 17    146.0    186.1   0.00000000   0.00000000    270.0   42.0      0.8     76360
2018  3 24 18     15.0    164.9   0.00000000   0.00000000    262.8   65.0      1.6     75890
2018  3 24 19      0.0    165.9   0.00000000   0.00000000    262.8   68.0      1.1     75960
2018  3 24 20      0.0    165.1   0.00000000   0.00000000    262.3   72.0      1.3     75990
2018  3 24 21      0.0    162.2   0.00000000   0.00000000    260.9   82.0      1.5     75920
2018  3 24 22      0.0    159.1   0.00000000   0.00000000    259.8   88.0      1.5     75890
2018  3 24 23      0.0    158.4   0.00000000   0.00000000    259.8   87.0      1.5     75880
2018  3 25  0      0.0    159.9   0.00000000   0.00000000    260.1   86.0      1.8     75950
2018  3 25  1      0.0    160.9   0.00000000   0.00000000    259.9   86.0      1.2     75950
2018  3 25  2      0.0    161.0   0.00000000   0.00000000    259.8   85.0      1.1     75930
2018  3 25  3      0.0    161.9   0.00000000   0.00000000    259.8   83.0      0.9     75950
2018  3 25  4      0.0    161.7   0.00000000   0.00000000    260.0   79.0      0.6     76020
2018  3 25  5      0.0    162.2   0.00000000   0.00000000    260.3   72.0      0.4     76030
2018  3 25  6     23.0    173.1   0.00000000   0.00000000    261.2   67.0      0.4     76110
2018  3 25  7    163.0    186.2   0.00000000   0.00000000    264.8   59.0      0.4     76410
2018  3 25  8    355.0    194.8   0.00000000   0.00000000    269.0   48.0      0.7     76750
2018  3 25  9    517.0    190.8   0.00000000   0.00000000    267.4   65.0      1.2     76610
2018  3 25 10    674.0    200.3   0.00000000   0.00000000    269.4   59.0      0.9     76720
2018  3 25 11    759.0    207.1   0.00000000   0.00000000    270.5   56.0      0.9     76790
2018  3 25 12    790.0    214.1   0.00000000   0.00000000    272.9   46.0      1.4     76860
2018  3 25 13    741.0    218.0   0.00000000   0.00000000    271.8   50.0      1.0     76740
2018  3 25 14    652.0    215.0   0.00000000   0.00000000    271.8   47.0      1.4     76740
2018  3 25 15    497.0    207.5   0.00000000   0.00000000    270.6   55.0      1.6     76740
2018  3 25 16    322.0    190.3   0.00000000   0.00000000    268.0   66.0      1.7     76640
2018  3 25 17    139.0    231.3   0.00000000   0.00000000    270.1   60.0      1.4     76860
2018  3 25 18     15.0    211.0   0.00000000   0.00000000    269.4   66.0      1.4     76890
2018  3 25 19      0.0    228.9   0.00000000   0.00000000    269.2   70.0      0.9     76970
2018  3 25 20      0.0    234.8   0.00002778   0.00000000    268.8   78.0      0.9     76990
2018  3 25 21      0.0    232.6   0.00000000   0.00000000    268.4   86.0      0.7     77010
2018  3 25 22      0.0    228.9   0.00000000   0.00000000    267.9   90.0      0.3     77020
2018  3 25 23      0.0    225.0   0.00002778   0.00000000    267.3   91.0      0.6     76980
2018  3 26  0      0.0    222.9   0.00002778   0.00000000    267.3   95.0      0.2     76960
2018  3 26  1      0.0    206.1   0.00000000   0.00000000    266.2   95.0      0.3     76890
2018  3 26  2      0.0    196.5   0.00000000   0.00000000    263.9   96.0      0.7     76700
2018  3 26  3      0.0    211.2   0.00000000   0.00000000    264.0   96.0      0.4     76700
2018  3 26  4      0.0    215.8   0.00000000   0.00000000    264.8   90.0      0.5     76790
2018  3 26  5      0.0    222.9   0.00002778   0.00000000    265.5   86.0      0.1     76850
2018  3 26  6      9.0    227.1   0.00002778   0.00000000    266.5   80.0      0.6     76980
2018  3 26  7     44.0    230.3   0.00005556   0.00000000    266.8   83.0      0.8     77060
2018  3 26  8    108.0    234.6   0.00008333   0.00000000    267.3   85.0      0.9     77140
2018  3 26  9    174.0    236.8   0.00008333   0.00000000    267.6   86.0      1.7     77180
2018  3 26 10    215.0    238.8   0.00008333   0.00002778    268.0   85.0      2.0     77230
2018  3 26 11    296.0    240.2   0.00011111   0.00000000    268.5   81.0      2.3     77260
2018  3 26 12    388.0    237.7   0.00008333   0.00000000    269.3   76.0      2.7     77300
2018  3 26 13    497.0    238.0   0.00008333   0.00000000    269.3   73.0      2.6     77320
2018  3 26 14    440.0    235.6   0.00008333   0.00000000    268.8   76.0      2.5     77320
2018  3 26 15    343.0    224.2   0.00016667   0.00000000    268.4   78.0      2.4     77320
2018  3 26 16    252.0    232.6   0.00005556   0.00000000    268.1   75.0      1.8     77310
2018  3 26 17     76.0    233.8   0.00011111   0.00000000    267.1   86.0      0.9     77310
2018  3 26 18      8.0    231.8   0.00019444   0.00000000    266.2   95.0      0.7     77290
2018  3 26 19      0.0    231.2   0.00019444   0.00000000    266.1   95.0      0.7     77290
2018  3 26 20      0.0    233.7   0.00027778   0.00000000    266.4   97.0      1.1     77350
2018  3 26 21      0.0    233.7   0.00019444   0.00000000    266.4   97.0      1.4     77380
2018  3 26 22      0.0    231.5   0.00011111   0.00000000    266.1   96.0      1.1     77350
2018  3 26 23      0.0    226.6   0.00008333   0.00000000    265.6   95.0      0.8     77330
2018  3 27  0      0.0    224.2   0.00005556   0.00000000    265.0   98.0      0.3     77330
2018  3 27  1      0.0    225.6   0.00002778   0.00000000    265.2   94.0      0.6     77350
2018  3 27  2      0.0    225.5   0.00002778   0.00000000    265.4   95.0      0.3     77370
2018  3 27  3      0.0    218.3   0.00002778   0.00000000    264.8   93.0      0.6     77300
2018  3 27  4      0.0    221.8   0.00005556   0.00000000    264.6   93.0      0.7     77300
2018  3 27  5      0.0    222.4   0.00008333   0.00000000    265.1   91.0      0.6     77330
2018  3 27  6     12.0    225.0   0.00011111   0.00000000    265.6   86.0      0.9     77390
2018  3 27  7     79.0    223.2   0.00013889   0.00000000    266.1   82.0      1.0     77420
2018  3 27  8    206.0    229.8   0.00011111   0.00000000    266.9   79.0      1.4     77450
2018  3 27  9    271.0    203.5   0.00016667   0.00000000    267.4   79.0      1.5     77440
2018  3 27 10    423.0    233.7   0.00013889   0.00000000    268.4   81.0      1.7     77460
2018  3 27 11    605.0    240.9   0.00011111   0.00000000    269.4   82.0      1.5     77450
2018  3 27 12    700.0    242.4   0.00008333   0.00000000    269.8   76.0      1.6     77480
2018  3 27 13    592.0    240.3   0.00011111   0.00000000    269.8   71.0      1.2     77420
2018  3 27 14    518.0    239.0   0.00002778   0.00000000    270.3   60.0      1.0     77350
2018  3 27 15    426.0    233.7   0.00000000   0.00000000    269.8   57.0      1.1     77220
2018  3 27 16    203.0    231.6   0.00000000   0.00000000    269.0   62.0      1.0     77160
2018  3 27 17    100.0    232.8   0.00000000   0.00000000    267.8   75.0      1.2     77090
2018  3 27 18     12.0    227.1   0.00002778   0.00000000    266.5   78.0      0.9     77030
2018  3 27 19      0.0    232.0   0.00008333   0.00000000    267.0   83.0      1.6     77110
2018  3 27 20      0.0    228.6   0.00008333   0.00000000    266.8   85.0      1.8     77090
2018  3 27 21      0.0    232.2   0.00011111   0.00000000    266.8   88.0      2.0     77090
2018  3 27 22      0.0    232.2   0.00013889   0.00000000    266.8   88.0      2.0     77100
2018  3 27 23      0.0    226.5   0.00008333   0.00000000    266.8   90.0      1.8     77090
2018  3 28  0      0.0    229.1   0.00005556   0.00000000    265.8   94.0      1.8     76910
2018  3 28  1      0.0    234.2   0.00011111   0.00000000    266.8   94.0      1.7     77010
2018  3 28  2      0.0    235.5   0.00016667   0.00000000    267.5   93.0      1.7     77060
2018  3 28  3      0.0    235.7   0.00005556   0.00000000    267.2   94.0      1.4     77040
2018  3 28  4      0.0    234.3   0.00002778   0.00000000    267.1   94.0      1.2     77020
2018  3 28  5      0.0    234.9   0.00005556   0.00000000    267.2   94.0      0.9     77050
2018  3 28  6     12.0    240.6   0.00005556   0.00000000    268.0   92.0      1.3     77110
2018  3 28  7     69.0    248.6   0.00002778   0.00000000    269.4   88.0      0.9     77180
2018  3 28  8    127.0    251.9   0.00002778   0.00000000    270.2   84.0      1.6     77260
2018  3 28  9    257.0    244.6   0.00002778   0.00000000    270.9   79.0      1.5     77260
2018  3 28 10    391.0    237.3   0.00000000   0.00000000    272.2   68.0      1.7     77230
2018  3 28 11    616.0    226.1   0.00000000   0.00000000    274.0   59.0      2.7     77190
2018  3 28 12    674.0    254.6   0.00000000   0.00000000    274.9   63.0      3.0     77180
2018  3 28 13    520.0    265.8   0.00000000   0.00000000    275.1   61.0      2.0     77080
2018  3 28 14    375.0    272.8   0.00000000   0.00000000    275.4   60.0      2.6     77010
2018  3 28 15    167.0    267.5   0.00002778   0.00000000    273.6   71.0      1.9     76980
2018  3 28 16    131.0    264.2   0.00005556   0.00000000    273.0   74.0      1.4     76930
2018  3 28 17     52.0    261.9   0.00002778   0.00000000    271.9   82.0      1.4     76840
2018  3 28 18      9.0    258.3   0.00005556   0.00000000    271.0   87.0      1.3     76800
2018  3 28 19      0.0    257.8   0.00005556   0.00000000    270.8   89.0      1.3     76830
2018  3 28 20      0.0    250.5   0.00005556   0.00000000    270.5   91.0      1.5     76800
2018  3 28 21      0.0    254.5   0.00002778   0.00000000    270.3   91.0      1.6     76750
2018  3 28 22      0.0    253.5   0.00005556   0.00000000    270.0   91.0      1.0     76770
2018  3 28 23      0.0    253.9   0.00008333   0.00000000    270.0   92.0      0.9     76790
2018  3 29  0      0.0    244.3   0.00002778   0.00000000    268.8   98.0      1.4     76640
2018  3 29  1      0.0    249.3   0.00013889   0.00000000    269.5   95.0      1.3     76680
2018  3 29  2      0.0    247.6   0.00016667   0.00000000    268.8   95.0      0.8     76720
2018  3 29  3      0.0    249.7   0.00030556   0.00000000    269.6   97.0      0.7     76820
2018  3 29  4      0.0    251.6   0.00044444   0.00000000    269.8   98.0      1.0     76850
2018  3 29  5      0.0    247.5   0.00025000   0.00000000    269.1   97.0      0.6     76830
2018  3 29  6     16.0    246.0   0.00005556   0.00000000    269.2   96.0      0.6     76850
2018  3 29  7     67.0    249.3   0.00008333   0.00000000    269.6   89.0      0.8     76870
2018  3 29  8    144.0    249.4   0.00002778   0.00000000    270.5   82.0      0.4     76860
2018  3 29  9    337.0    259.5   0.00000000   0.00000000    272.2   73.0      0.6     76850
2018  3 29 10    353.0    254.9   0.00000000   0.00000000    272.4   74.0      1.2     76850
2018  3 29 11    330.0    254.0   0.00016667   0.00000000    271.6   81.0      1.5     76830
2018  3 29 12    463.0    261.3   0.00011111   0.00000000    272.4   76.0      1.6     76890
2018  3 29 13    646.0    262.5   0.00002778   0.00000000    272.8   77.0      1.5     76860
2018  3 29 14    334.0    249.6   0.00022222   0.00000000    271.8   83.0      1.8     76850
2018  3 29 15    280.0    247.0   0.00025000   0.00000000    271.2   86.0      1.6     76830
2018  3 29 16    160.0    255.8   0.00019444   0.00000000    270.3   92.0      1.5     76810
2018  3 29 17     61.0    250.5   0.00041667   0.00000000    269.6   99.0      1.9     76900
2018  3 29 18      7.0    248.7   0.00022222   0.00000000    269.0   97.0      1.3     76960
2018  3 29 19      0.0    236.9   0.00005556   0.00000000    269.1   95.0      0.4     76960
2018  3 29 20      0.0    237.8   0.00000000   0.00000000    268.8   91.0      0.6     76920
2018  3 29 21      0.0    216.8   0.00000000   0.00000000    268.1   90.0      0.9     76850
2018  3 29 22      0.0    208.2   0.00000000   0.00000000    268.1   91.0      1.0     76800
2018  3 29 23      0.0    211.1   0.00000000   0.00000000    268.3   90.0      0.9     76780
2018  3 30  0      0.0    211.2   0.00000000   0.00000000    267.8   94.0      1.3     76780
2018  3 30  1      0.0    205.3   0.00000000   0.00000000    267.8   93.0      1.4     76690
2018  3 30  2      0.0    218.1   0.00000000   0.00000000    267.4   91.0      1.4     76600
2018  3 30  3      0.0    227.2   0.00002778   0.00000000    267.8   89.0      1.2     76630
2018  3 30  4      0.0    235.2   0.00002778   0.00000000    268.1   87.0      1.0     76670
2018  3 30  5      0.0    223.7   0.00002778   0.00000000    268.9   85.0      1.6     76640
2018  3 30  6     29.0    207.2   0.00000000   0.00000000    268.6   85.0      2.0     76520
2018  3 30  7    149.0    216.9   0.00000000   0.00000000    270.2   79.0      1.7     76640
2018  3 30  8    335.0    217.3   0.00000000   0.00000000    272.3   70.0      2.2     76710
2018  3 30  9    528.0    226.6   0.00000000   0.00000000    273.8   55.0      4.3     76720
2018  3 30 10    622.0    228.2   0.00000000   0.00000000    274.5   53.0      5.0     76710
2018  3 30 11    619.0    233.7   0.00000000   0.00000000    274.4   53.0      5.1     76680
2018  3 30 12    699.0    233.4   0.00000000   0.00000000    274.8   58.0      5.0     76720
2018  3 30 13    694.0    248.1   0.00002778   0.00000000    274.1   59.0      4.2     76640
2018  3 30 14    540.0    224.2   0.00000000   0.00000000    274.0   58.0      5.2     76580
2018  3 30 15    481.0    218.3   0.00002778   0.00000000    273.2   60.0      3.9     76500
2018  3 30 16    279.0    221.0   0.00005556   0.00000000    272.3   72.0      4.0     76450
2018  3 30 17    145.0    249.9   0.00002778   0.00000000    271.6   74.0      4.0     76370
2018  3 30 18     16.0    244.0   0.00002778   0.00000000    270.8   79.0      2.6     76350
2018  3 30 19      0.0    233.2   0.00005556   0.00000000    270.3   82.0      2.3     76310
2018  3 30 20      0.0    237.3   0.00002778   0.00000000    269.8   85.0      2.6     76230
2018  3 30 21      0.0    231.2   0.00005556   0.00000000    269.5   85.0      2.5     76210
2018  3 30 22      0.0    213.9   0.00022222   0.00000000    269.1   79.0      1.6     76180
2018  3 30 23      0.0    236.3   0.00019444   0.00000000    268.5   84.0      1.2     76140
2018  3 31  0      0.0    217.8   0.00008333   0.00000000    268.4   77.0      1.4     76120
2018  3 31  1      0.0    221.1   0.00025000   0.00000000    267.6   78.0      1.1     76090
2018  3 31  2      0.0    230.4   0.00002778   0.00000000    267.8   79.0      1.0     76000
2018  3 31  3      0.0    231.1   0.00002778   0.00000000    267.2   82.0      1.5     75930
2018  3 31  4      0.0    227.0   0.00002778   0.00000000    267.9   83.0      1.1     76010
2018  3 31  5      0.0    226.4   0.00000000   0.00000000    267.0   85.0      1.2     75940
2018  3 31  6     22.0    227.9   0.00000000   0.00000000    267.2   86.0      1.2     75940
2018  3 31  7    121.0    238.2   0.00000000   0.00000000    268.6   81.0      0.9     76040
2018  3 31  8    243.0    240.9   0.00002778   0.00000000    269.8   71.0      0.7     76060
2018  3 31  9    393.0    242.6   0.00005556   0.00000000    271.1   58.0      0.8     76090
2018  3 31 10    482.0    243.9   0.00002778   0.00000000    271.8   52.0      0.8     76100
2018  3 31 11    527.0    240.4   0.00002778   0.00000000    271.8   47.0      0.0     76090
2018  3 31 12    567.0    250.2   0.00011111   0.00000000    270.5   78.0      2.2     76140
2018  3 31 13    418.0    252.9   0.00036111   0.00000000    269.9   91.0      2.3     76130
2018  3 31 14    342.0    251.9   0.00027778   0.00000000    269.5   95.0      2.5     76120
2018  3 31 15    267.0    249.9   0.00025000   0.00000000    269.3   93.0      2.6     76140
2018  3 31 16     88.0    244.9   0.00030556   0.00000000    268.2   98.0      2.4     76160
2018  3 31 17     49.0    238.7   0.00030556   0.00000000    267.6   91.0      2.6     76170
2018  3 31 18     10.0    234.7   0.00030556   0.00000000    267.0   90.0      2.9     76210
2018  3 31 19      0.0    234.6   0.00022222   0.00000000    266.8   93.0      3.0     76300
2018  3 31 20      0.0    233.2   0.00008333   0.00000000    266.5   94.0      2.3     76330
2018  3 31 21      0.0    233.7   0.00019444   0.00000000    266.6   96.0      2.3     76350
2018  3 31 22      0.0    229.5   0.00016667   0.00000000    266.2   91.0      2.2     76410
2018  3 31 23      0.0    230.6   0.00011111   0.00000000    266.0   95.0      1.6     76430
2018  4  1  0      0.0    231.2   0.00019444   0.00000000    266.1   95.0      2.6     76570
2018  4  1  1      0.0    225.5   0.00005556   0.00000000    265.4   95.0      1.8     76590
2018  4  1  2      0.0    228.3   0.00005556   0.00000000    265.6   95.0      1.9     76640
2018  4  1  3      0.0    228.8   0.00005556   0.00000000    265.8   95.0      1.6     76650
2018  4  1  4      0.0    227.0   0.00011111   0.00000000    265.8   95.0      1.9     76680
2018  4  1  5      0.0    223.2   0.00011111   0.00000000    265.6   92.0      1.6     76720
2018  4  1  6     21.0    230.0   0.00011111   0.00000000    265.9   95.0      1.8     76800
2018  4  1  7     87.0    225.6   0.00016667   0.00000000    266.5   93.0      2.4     76900
2018  4  1  8    203.0    218.3   0.00008333   0.00000000    267.1   85.0      2.6     77000
2018  4  1  9    389.0    224.0   0.00005556   0.00000000    267.8   84.0      2.8     77070
2018  4  1 10    547.0    217.9   0.00005556   0.00000000    268.2   80.0      3.0     77110
2018  4  1 11    610.0    210.4   0.00002778   0.00000000    268.3   77.0      3.0     77140
2018  4  1 12    629.0    196.4   0.00005556   0.00000000    268.4   66.0      3.3     77210
2018  4  1 13    607.0    199.9   0.00008333   0.00000000    268.6   61.0      2.8     77180
2018  4  1 14    617.0    204.6   0.00011111   0.00000000    268.8   56.0      3.2     77180
2018  4  1 15    458.0    203.8   0.00008333   0.00000000    268.2   65.0      3.0     77210
2018  4  1 16    290.0    195.1   0.00011111   0.00000000    267.2   77.0      2.0     77220
2018  4  1 17    129.0    194.5   0.00002778   0.00000000    266.3   82.0      1.2     77190
2018  4  1 18     20.0    208.7   0.00002778   0.00000000    265.5   90.0      1.1     77200
2018  4  1 19      0.0    199.5   0.00002778   0.00000000    266.0   94.0      1.2     77290
2018  4  1 20      0.0    209.7   0.00008333   0.00000000    265.9   94.0      1.1     77340
2018  4  1 21      0.0    217.8   0.00005556   0.00002778    265.9   95.0      0.7     77400
2018  4  1 22      0.0    202.4   0.00002778   0.00000000    265.8   95.0      1.0     77430
2018  4  1 23      0.0    192.6   0.00000000   0.00000000    265.5   94.0      1.1     77450
2018  4  2  0      0.0    188.3   0.00000000   0.00000000    265.3   87.0      1.5     77430
2018  4  2  1      0.0    185.7   0.00000000   0.00000000    265.2   86.0      1.4     77340
2018  4  2  2      0.0    179.4   0.00000000   0.00000000    264.0   90.0      1.8     77140
2018  4  2  3      0.0    173.4   0.00000000   0.00000000    263.0   88.0      1.8     76980
2018  4  2  4      0.0    196.8   0.00000000   0.00000000    262.8   89.0      1.8     76880
2018  4  2  5      0.0    192.0   0.00000000   0.00000000    263.8   80.0      2.0     76850
2018  4  2  6     44.0    174.8   0.00000000   0.00000000    264.5   70.0      2.0     76860
2018  4  2  7    201.0    182.9   0.00000000   0.00000000    267.3   56.0      1.3     77040
2018  4  2  8    352.0    195.1   0.00000000   0.00000000    270.5   44.0      1.2     77270
2018  4  2  9    526.0    205.0   0.00000000   0.00000000    272.8   43.0      1.1     77370
2018  4  2 10    675.0    214.6   0.00000000   0.00000000    274.6   40.0      1.3     77410
2018  4  2 11    776.0    214.6   0.00000000   0.00000000    275.8   40.0      1.6     77410
2018  4  2 12    804.0    217.2   0.00000000   0.00000000    274.8   45.0      2.2     77510
2018  4  2 13    585.0    255.0   0.00000000   0.00000000    275.4   50.0      1.7     77450
2018  4  2 14    612.0    261.3   0.00000000   0.00000000    275.4   49.0      1.6     77380
2018  4  2 15    450.0    258.4   0.00000000   0.00000000    274.8   49.0      1.9     77360
2018  4  2 16    280.0    252.3   0.00000000   0.00000000    273.4   54.0      1.7     77310
2018  4  2 17    128.0    214.5   0.00000000   0.00000000    271.5   61.0      1.7     77230
2018  4  2 18     26.0    232.6   0.00000000   0.00000000    269.8   67.0      1.8     77140
2018  4  2 19      0.0    229.9   0.00000000   0.00000000    269.6   72.0      2.6     77180
2018  4  2 20      0.0    204.7   0.00000000   0.00000000    269.1   77.0      2.7     77180
2018  4  2 21      0.0    219.5   0.00000000   0.00000000    268.3   81.0      2.8     77170
2018  4  2 22      0.0    217.9   0.00000000   0.00000000    268.2   85.0      3.0     77150
2018  4  2 23      0.0    218.8   0.00000000   0.00000000    268.4   86.0      3.2     77140
2018  4  3  0      0.0    239.1   0.00000000   0.00000000    269.1   80.0      2.9     77270
2018  4  3  1      0.0    232.2   0.00000000   0.00000000    269.0   82.0      2.7     77270
2018  4  3  2      0.0    225.6   0.00000000   0.00000000    268.4   85.0      2.7     77210
2018  4  3  3      0.0    217.0   0.00000000   0.00000000    268.5   86.0      2.9     77170
2018  4  3  4      0.0    235.1   0.00000000   0.00000000    268.1   89.0      2.9     77150
2018  4  3  5      0.0    234.9   0.00000000   0.00000000    268.2   89.0      2.8     77190
2018  4  3  6     34.0    229.2   0.00000000   0.00000000    269.3   83.0      2.7     77300
2018  4  3  7    159.0    240.3   0.00000000   0.00000000    271.4   75.0      2.6     77470
2018  4  3  8    322.0    243.8   0.00000000   0.00000000    272.6   69.0      2.8     77490
2018  4  3  9    536.0    249.1   0.00000000   0.00000000    274.0   63.0      2.5     77510
2018  4  3 10    677.0    257.7   0.00000000   0.00000000    275.4   59.0      2.8     77510
2018  4  3 11    717.0    265.0   0.00000000   0.00000000    276.5   57.0      2.8     77490
2018  4  3 12    730.0    268.5   0.00000000   0.00000000    277.0   60.0      3.9     77550
2018  4  3 13    744.0    275.5   0.00000000   0.00000000    276.3   61.0      3.0     77470
2018  4  3 14    508.0    235.8   0.00000000   0.00000000    275.9   62.0      3.2     77450
2018  4  3 15    462.0    232.5   0.00000000   0.00000000    275.5   63.0      3.2     77460
2018  4  3 16    287.0    231.7   0.00000000   0.00000000    274.5   66.0      2.8     77430
2018  4  3 17    143.0    249.2   0.00000000   0.00000000    273.2   71.0      2.9     77370
2018  4  3 18     27.0    225.0   0.00000000   0.00000000    272.0   77.0      2.9     77340
2018  4  3 19      0.0    255.8   0.00000000   0.00000000    271.1   82.0      2.9     77340
2018  4  3 20      0.0    255.1   0.00000000   0.00000000    270.5   87.0      3.0     77310
2018  4  3 21      0.0    257.0   0.00005556   0.00000000    270.8   87.0      3.1     77360
2018  4  3 22      0.0    257.3   0.00005556   0.00000000    271.0   87.0      3.1     77370
2018  4  3 23      0.0    257.2   0.00002778   0.00000000    270.9   86.0      2.9     77330
2018  4  4  0      0.0    260.6   0.00000000   0.00000000    271.8   82.0      3.2     77390
2018  4  4  1      0.0    259.1   0.00002778   0.00000000    271.2   86.0      2.7     77340
2018  4  4  2      0.0    256.8   0.00000000   0.00000000    270.8   88.0      2.8     77270
2018  4  4  3      0.0    250.8   0.00000000   0.00000000    270.4   89.0      2.8     77210
2018  4  4  4      0.0    241.1   0.00000000   0.00000000    270.3   89.0      2.7     77200
2018  4  4  5      0.0    243.1   0.00000000   0.00000000    269.5   90.0      2.7     77110
2018  4  4  6     45.0    247.6   0.00000000   0.00000000    270.3   87.0      2.7     77200
2018  4  4  7    172.0    256.2   0.00000000   0.00000000    272.1   77.0      2.5     77310
2018  4  4  8    315.0    263.6   0.00000000   0.00000000    273.9   69.0      2.6     77350
2018  4  4  9    400.0    269.3   0.00000000   0.00000000    274.8   67.0      2.9     77380
2018  4  4 10    549.0    254.0   0.00000000   0.00000000    275.6   60.0      4.5     77380
2018  4  4 11    661.0    234.6   0.00000000   0.00000000    276.5   54.0      3.8     77340
2018  4  4 12    635.0    234.5   0.00000000   0.00000000    277.9   52.0      4.6     77370
2018  4  4 13    788.0    237.1   0.00000000   0.00000000    277.1   52.0      3.8     77270
2018  4  4 14    696.0    233.1   0.00000000   0.00000000    276.6   55.0      3.9     77230
2018  4  4 15    555.0    238.9   0.00000000   0.00000000    276.3   58.0      2.9     77210
2018  4  4 16    323.0    244.1   0.00000000   0.00000000    275.1   66.0      2.2     77210
2018  4  4 17    130.0    258.5   0.00002778   0.00000000    272.8   78.0      1.3     77110
2018  4  4 18     20.0    230.0   0.00013889   0.00000000    271.8   85.0      1.2     77100
2018  4  4 19      0.0    232.5   0.00000000   0.00000000    271.0   85.0      1.4     77120
2018  4  4 20      0.0    238.5   0.00000000   0.00000000    270.8   86.0      1.3     77140
2018  4  4 21      0.0    251.9   0.00000000   0.00000000    271.2   88.0      1.2     77190
2018  4  4 22      0.0    243.6   0.00011111   0.00000000    270.9   90.0      0.9     77210
2018  4  4 23      0.0    226.4   0.00000000   0.00000000    270.6   92.0      1.3     77190
2018  4  5  0      0.0    211.1   0.00000000   0.00000000    269.8   88.0      1.7     77100
2018  4  5  1      0.0    208.4   0.00000000   0.00000000    268.3   97.0      1.5     77020
2018  4  5  2      0.0    219.4   0.00000000   0.00000000    268.2   98.0      1.1     77030
2018  4  5  3      0.0    223.5   0.00005556   0.00000000    268.4   98.0      0.9     77080
2018  4  5  4      0.0    241.3   0.00005556   0.00000000    267.9   98.0      0.9     77060
2018  4  5  5      0.1    240.5   0.00016667   0.00000000    267.9   98.0      0.8     77090
2018  4  5  6     45.0    251.7   0.00002778   0.00000000    269.4   96.0      0.5     77270
2018  4  5  7    139.0    261.0   0.00008333   0.00000000    271.3   89.0      1.5     77490
2018  4  5  8    272.0    264.1   0.00011111   0.00000000    271.9   87.0      1.0     77550
2018  4  5  9    463.0    245.1   0.00002778   0.00000000    273.0   79.0      1.1     77580
2018  4  5 10    629.0    239.3   0.00008333   0.00000000    273.2   74.0      2.4     77610
2018  4  5 11    628.0    224.1   0.00033333   0.00000000    272.8   69.0      2.8     77660
2018  4  5 12    741.0    221.8   0.00005556   0.00000000    272.8   73.0      2.8     77710
2018  4  5 13    651.0    228.5   0.00030556   0.00000000    272.9   66.0      2.0     77730
2018  4  5 14    562.0    230.1   0.00025000   0.00000000    273.0   67.0      2.3     77740
2018  4  5 15    426.0    227.8   0.00033333   0.00000000    272.4   75.0      2.3     77760
2018  4  5 16    260.0    219.9   0.00027778   0.00000000    271.4   85.0      2.3     77830
2018  4  5 17    157.0    224.3   0.00005556   0.00000000    270.6   82.0      1.5     77840
2018  4  5 18     31.0    209.1   0.00005556   0.00000000    268.8   97.0      1.2     77770
2018  4  5 19      0.0    230.3   0.00005556   0.00000000    269.8   98.0      1.6     77930
2018  4  5 20      0.0    253.2   0.00002778   0.00000000    269.6   99.0      1.1     77960
2018  4  5 21      0.0    221.8   0.00002778   0.00000000    269.1   97.0      0.7     77960
2018  4  5 22      0.0    219.6   0.00000000   0.00000000    269.1   95.0      0.6     78010
2018  4  5 23      0.0    219.2   0.00000000   0.00000000    269.3   86.0      0.9     78040
2018  4  6  0      0.0    213.4   0.00000000   0.00000000    269.5   87.0      1.3     78030
2018  4  6  1      0.0    203.8   0.00000000   0.00000000    268.9   88.0      1.3     77940
2018  4  6  2      0.0    197.7   0.00000000   0.00000000    267.8   96.0      1.7     77750
2018  4  6  3      0.0    191.1   0.00000000   0.00000000    266.4   95.0      2.0     77550
2018  4  6  4      0.0    189.9   0.00000000   0.00000000    266.1   94.0      2.1     77440
2018  4  6  5      4.2    195.1   0.00000000   0.00000000    265.6   94.0      2.2     77320
2018  4  6  6     67.0    196.6   0.00000000   0.00000000    267.6   82.0      2.1     77430
2018  4  6  7    241.0    218.7   0.00000000   0.00000000    271.3   63.0      1.5     77690
2018  4  6  8    438.0    213.4   0.00000000   0.00000000    275.2   40.0      1.0     77970
2018  4  6  9    613.0    217.2   0.00000000   0.00000000    275.8   42.0      1.1     77970
2018  4  6 10    749.0    223.6   0.00000000   0.00000000    276.9   42.0      1.2     78030
2018  4  6 11    829.0    229.3   0.00000000   0.00000000    277.8   39.0      1.2     78060
2018  4  6 12    847.0    239.5   0.00000000   0.00000000    280.3   29.0      1.4     78220
2018  4  6 13    721.0    267.2   0.00000000   0.00000000    277.3   47.0      1.4     77980
2018  4  6 14    622.0    260.3   0.00000000   0.00000000    277.3   47.0      1.4     77970
2018  4  6 15    507.0    239.4   0.00000000   0.00000000    277.1   47.0      1.3     77970
2018  4  6 16    356.0    227.1   0.00000000   0.00000000    276.8   49.0      1.4     77960
2018  4  6 17    197.0    215.7   0.00000000   0.00000000    276.3   40.0      1.4     77950
2018  4  6 18     40.0    199.8   0.00000000   0.00000000    271.3   55.0      1.6     77610
2018  4  6 19      0.0    199.3   0.00000000   0.00000000    271.2   55.0      1.6     77660
2018  4  6 20      0.0    199.0   0.00000000   0.00000000    270.1   66.0      2.0     77620
2018  4  6 21      0.0    199.7   0.00000000   0.00000000    268.8   85.0      2.3     77530
2018  4  6 22      0.0    199.2   0.00000000   0.00000000    268.5   88.0      2.6     77480
2018  4  6 23      0.0    199.4   0.00000000   0.00000000    268.8   84.0      2.7     77510
2018  4  7  0      0.0    200.9   0.00000000   0.00000000    269.3   81.0      3.1     77510
2018  4  7  1      0.0    201.2   0.00000000   0.00000000    269.3   82.0      2.8     77500
2018  4  7  2      0.0    201.2   0.00000000   0.00000000    269.1   85.0      2.8     77460
2018  4  7  3      0.0    200.4   0.00000000   0.00000000    268.8   87.0      2.8     77440
2018  4  7  4      0.0    199.5   0.00000000   0.00000000    268.5   89.0      2.7     77400
2018  4  7  5     12.3    199.3   0.00000000   0.00000000    268.4   90.0      2.7     77380
2018  4  7  6     71.0    205.9   0.00000000   0.00000000    270.3   81.0      2.6     77500
2018  4  7  7    247.0    218.1   0.00000000   0.00000000    274.0   64.0      1.9     77790
2018  4  7  8    438.0    224.6   0.00000000   0.00000000    276.2   54.0      1.4     77940
2018  4  7  9    609.0    227.9   0.00000000   0.00000000    277.4   49.0      1.2     78000
2018  4  7 10    742.0    233.2   0.00000000   0.00000000    278.0   52.0      1.2     77980
2018  4  7 11    823.0    236.6   0.00000000   0.00000000    279.9   42.0      1.1     78070
2018  4  7 12    845.0    245.8   0.00000000   0.00000000    282.3   37.0      0.5     78220
2018  4  7 13    811.0    234.3   0.00000000   0.00000000    282.9   24.0      0.6     78210
2018  4  7 14    716.0    232.9   0.00000000   0.00000000    282.9   23.0      0.6     78170
2018  4  7 15    572.0    233.5   0.00000000   0.00000000    282.5   25.0      0.7     78120
2018  4  7 16    393.0    236.4   0.00000000   0.00000000    281.8   31.0      0.7     78080
2018  4  7 17    201.0    235.1   0.00000000   0.00000000    280.4   37.0      0.6     78010
2018  4  7 18     41.0    206.8   0.00000000   0.00000000    272.1   61.0      1.6     77410
2018  4  7 19      0.0    206.3   0.00000000   0.00000000    272.1   60.0      1.4     77460
2018  4  7 20      0.0    205.2   0.00000000   0.00000000    271.0   70.0      1.8     77410
2018  4  7 21      0.0    205.1   0.00000000   0.00000000    269.6   89.0      2.1     77340
2018  4  7 22      0.0    203.8   0.00000000   0.00000000    269.1   93.0      2.5     77310
2018  4  7 23      0.0    205.4   0.00000000   0.00000000    269.4   93.0      2.6     77350
2018  4  8  0      0.0    205.9   0.00000000   0.00000000    269.5   93.0      2.8     77330
2018  4  8  1      0.0    207.8   0.00000000   0.00000000    269.8   94.0      2.6     77340
2018  4  8  2      0.0    209.8   0.00000000   0.00000000    269.9   95.0      2.8     77310
2018  4  8  3      0.0    210.0   0.00000000   0.00000000    269.8   96.0      2.7     77280
2018  4  8  4      0.0    211.2   0.00000000   0.00000000    269.9   95.0      2.9     77260
2018  4  8  5      1.0    211.9   0.00000000   0.00000000    270.0   94.0      3.1     77250
2018  4  8  6     65.0    215.7   0.00000000   0.00000000    271.4   88.0      3.0     77350
2018  4  8  7    211.0    224.9   0.00000000   0.00000000    274.1   75.0      2.4     77580
2018  4  8  8    399.0    231.6   0.00000000   0.00000000    275.9   67.0      2.2     77660
2018  4  8  9    565.0    241.5   0.00000000   0.00000000    277.4   61.0      2.2     77690
2018  4  8 10    704.0    244.9   0.00000000   0.00000000    278.5   56.0      2.5     77720
2018  4  8 11    789.0    241.1   0.00000000   0.00000000    279.4   52.0      2.8     77740
2018  4  8 12    816.0    246.4   0.00000000   0.00000000    280.5   48.0      3.4     77800
2018  4  8 13    794.0    246.0   0.00000000   0.00000000    279.1   50.0      3.1     77720
2018  4  8 14    690.0    243.2   0.00000000   0.00000000    278.6   53.0      2.9     77660
2018  4  8 15    544.0    251.9   0.00000000   0.00000000    277.9   56.0      2.9     77600
2018  4  8 16    374.0    250.2   0.00000000   0.00000000    277.1   60.0      2.6     77560
2018  4  8 17    190.0    261.0   0.00000000   0.00000000    275.8   67.0      2.5     77480
2018  4  8 18     39.0    221.2   0.00000000   0.00000000    273.5   76.0      2.2     77350
2018  4  8 19      0.0    226.5   0.00000000   0.00000000    272.3   81.0      2.3     77290
2018  4  8 20      0.0    215.2   0.00000000   0.00000000    271.8   85.0      2.4     77270
2018  4  8 21      0.0    214.6   0.00000000   0.00000000    271.6   86.0      2.4     77280
2018  4  8 22      0.0    214.8   0.00000000   0.00000000    271.5   88.0      2.7     77320
2018  4  8 23      0.0    217.3   0.00000000   0.00000000    271.4   91.0      2.9     77330
2018  4  9  0      0.0    222.1   0.00000000   0.00000000    271.6   90.0      2.8     77230
2018  4  9  1      0.0    255.5   0.00000000   0.00000000    270.8   94.0      2.7     77060
2018  4  9  2      0.0    256.8   0.00000000   0.00000000    270.2   96.0      2.8     77020
2018  4  9  3      0.0    257.8   0.00000000   0.00000000    270.6   92.0      2.7     77020
2018  4  9  4      0.0    258.7   0.00002778   0.00000000    271.2   85.0      2.5     77040
2018  4  9  5      6.2    258.5   0.00000000   0.00000000    271.6   81.0      2.2     77050
2018  4  9  6     31.0    260.9   0.00005556   0.00000000    271.9   80.0      2.1     77120
2018  4  9  7     80.0    263.0   0.00013889   0.00000000    272.9   73.0      2.1     77230
2018  4  9  8    272.0    267.9   0.00002778   0.00000000    274.1   66.0      2.4     77220
2018  4  9  9    501.0    276.0   0.00000000   0.00000000    275.6   63.0      2.7     77210
2018  4  9 10    491.0    280.7   0.00000000   0.00000000    276.3   63.0      2.9     77220
2018  4  9 11    569.0    285.5   0.00000000   0.00000000    277.0   63.0      2.5     77220
2018  4  9 12    591.0    289.0   0.00000000   0.00000000    277.9   59.0      3.1     77290
2018  4  9 13    645.0    283.2   0.00000000   0.00000000    277.6   58.0      2.1     77230
2018  4  9 14    515.0    283.1   0.00000000   0.00000000    277.6   55.0      2.2     77190
2018  4  9 15    289.0    281.5   0.00000000   0.00000000    277.0   57.0      2.3     77180
2018  4  9 16    162.0    281.4   0.00000000   0.00000000    276.3   64.0      2.0     77150
2018  4  9 17     44.0    276.5   0.00000000   0.00000000    274.8   73.0      1.4     77050
2018  4  9 18     12.0    266.9   0.00000000   0.00000000    273.9   79.0      1.4     77000
2018  4  9 19      0.0    260.2   0.00000000   0.00000000    272.5   84.0      1.4     76920
2018  4  9 20      0.0    265.1   0.00000000   0.00000000    271.8   91.0      1.6     76920
2018  4  9 21      0.0    234.6   0.00000000   0.00000000    271.8   96.0      1.9     76940
2018  4  9 22      0.0    243.5   0.00000000   0.00000000    270.9   98.0      2.1     76860
2018  4  9 23      0.0    254.8   0.00000000   0.00000000    270.8   99.0      2.3     76850
2018  4 10  0      0.0    266.3   0.00000000   0.00000000    272.1   96.0      1.7     76920
2018  4 10  1      0.0    267.5   0.00005556   0.00000000    272.0   96.0      1.8     76940
2018  4 10  2      0.0    254.9   0.00002778   0.00000000    271.8   94.0      1.9     76890
2018  4 10  3      0.0    253.3   0.00000000   0.00000000    271.1   93.0      2.1     76780
2018  4 10  4      0.0    255.3   0.00000000   0.00000000    270.6   95.0      2.6     76720
2018  4 10  5      1.0    253.9   0.00000000   0.00000000    270.6   96.0      2.7     76750
2018  4 10  6     64.0    264.5   0.00000000   0.00000000    272.2   90.0      2.7     76880
2018  4 10  7    165.0    268.9   0.00000000   0.00000000    274.0   76.0      2.3     77000
2018  4 10  8    352.0    268.6   0.00000000   0.00000000    275.1   69.0      2.6     77010
2018  4 10  9    560.0    269.5   0.00000000   0.00000000    276.3   59.0      3.6     77020
2018  4 10 10    716.0    239.0   0.00000000   0.00000000    276.5   53.0      3.6     77040
2018  4 10 11    817.0    226.8   0.00000000   0.00000000    276.5   52.0      3.6     77060
2018  4 10 12    830.0    242.4   0.00000000   0.00000000    277.4   51.0      3.9     77090
2018  4 10 13    702.0    262.2   0.00000000   0.00000000    276.3   56.0      3.4     77060
2018  4 10 14    511.0    261.5   0.00000000   0.00000000    275.5   60.0      3.4     77030
2018  4 10 15    344.0    268.2   0.00000000   0.00000000    275.0   63.0      3.2     77000
2018  4 10 16    273.0    260.4   0.00000000   0.00000000    274.5   66.0      2.5     77000
2018  4 10 17    133.0    243.6   0.00002778   0.00000000    273.1   76.0      1.6     76990
2018  4 10 18     29.0    231.4   0.00002778   0.00000000    270.6   85.0      1.4     76890
2018  4 10 19      0.0    231.4   0.00002778   0.00000000    270.5   88.0      1.1     76920
2018  4 10 20      0.0    202.1   0.00000000   0.00000000    269.0   89.0      1.3     76810
2018  4 10 21      0.0    229.2   0.00000000   0.00000000    269.2   88.0      1.4     76860
2018  4 10 22      0.0    234.8   0.00000000   0.00000000    269.5   87.0      1.8     76950
2018  4 10 23      0.0    216.0   0.00000000   0.00000000    269.8   85.0      1.7     77000
2018  4 11  0      0.0    209.1   0.00000000   0.00000000    270.2   84.0      1.8     76980
2018  4 11  1      0.0    202.7   0.00000000   0.00000000    269.1   85.0      1.8     76910
2018  4 11  2      0.0    213.7   0.00000000   0.00000000    268.8   91.0      2.1     76940
2018  4 11  3      0.0    225.5   0.00000000   0.00000000    268.6   93.0      2.2     76960
2018  4 11  4      0.0    213.7   0.00000000   0.00000000    268.5   93.0      2.2     76970
2018  4 11  5      2.0    210.0   0.00000000   0.00000000    268.1   94.0      2.3     76950
2018  4 11  6     80.0    232.9   0.00000000   0.00000000    269.1   86.0      2.5     77000
2018  4 11  7    256.0    216.5   0.00000000   0.00000000    271.0   73.0      2.5     77070
2018  4 11  8    443.0    229.4   0.00000000   0.00000000    273.1   56.0      2.4     77100
2018  4 11  9    616.0    212.6   0.00000000   0.00000000    274.2   47.0      2.7     77090
2018  4 11 10    757.0    222.6   0.00000000   0.00000000    275.2   46.0      3.1     77110
2018  4 11 11    833.0    259.4   0.00000000   0.00000000    275.9   45.0      3.5     77110
2018  4 11 12    838.0    264.6   0.00000000   0.00000000    275.6   53.0      3.7     77150
2018  4 11 13    749.0    269.8   0.00000000   0.00000000    275.5   56.0      3.3     77080
2018  4 11 14    426.0    269.2   0.00000000   0.00000000    275.1   59.0      2.9     77020
2018  4 11 15    319.0    267.3   0.00000000   0.00000000    274.9   61.0      2.8     76980
2018  4 11 16    268.0    266.3   0.00000000   0.00000000    274.9   64.0      2.5     76970
2018  4 11 17    128.0    268.0   0.00000000   0.00000000    273.6   72.0      1.9     76910
2018  4 11 18     34.0    262.2   0.00002778   0.00000000    272.1   80.0      1.8     76830
2018  4 11 19      0.0    213.7   0.00002778   0.00000000    271.1   87.0      2.1     76760
2018  4 11 20      0.0    237.8   0.00002778   0.00000000    270.5   89.0      2.5     76690
2018  4 11 21      0.0    254.8   0.00002778   0.00000000    270.9   89.0      2.9     76670
2018  4 11 22      0.0    260.6   0.00005556   0.00000000    271.3   88.0      2.8     76670
2018  4 11 23      0.0    216.4   0.00005556   0.00000000    271.8   86.0      3.5     76650
2018  4 12  0      0.0    219.0   0.00002778   0.00000000    272.5   85.0      3.6     76620
2018  4 12  1      0.0    226.7   0.00000000   0.00000000    272.2   84.0      4.0     76530
2018  4 12  2      0.0    260.3   0.00002778   0.00000000    271.6   87.0      3.7     76530
2018  4 12  3      0.0    257.4   0.00005556   0.00000000    271.8   88.0      3.7     76570
2018  4 12  4      0.0    215.3   0.00002778   0.00000000    271.5   88.0      3.6     76560
2018  4 12  5      3.0    228.7   0.00000000   0.00000000    271.0   89.0      3.4     76540
2018  4 12  6     78.0    233.6   0.00002778   0.00000000    272.1   84.0      2.9     76640
2018  4 12  7    231.0    266.1   0.00002778   0.00000000    273.5   77.0      2.9     76740
2018  4 12  8    326.0    269.7   0.00005556   0.00000000    274.0   72.0      3.2     76770
2018  4 12  9    246.0    267.6   0.00013889   0.00000000    273.8   70.0      2.6     76840
2018  4 12 10    320.0    264.9   0.00008333   0.00000000    273.6   68.0      3.5     76860
2018  4 12 11    539.0    266.0   0.00002778   0.00000000    274.8   58.0      3.8     76920
2018  4 12 12    642.0    261.5   0.00000000   0.00000000    274.4   57.0      3.6     77010
2018  4 12 13    622.0    262.4   0.00008333   0.00000000    273.8   60.0      3.5     77000
2018  4 12 14    488.0    263.1   0.00008333   0.00000000    273.5   66.0      3.4     76990
2018  4 12 15    445.0    251.4   0.00005556   0.00000000    273.5   67.0      3.5     76940
2018  4 12 16    376.0    262.8   0.00000000   0.00000000    273.3   66.0      4.0     76880
2018  4 12 17    196.0    256.6   0.00000000   0.00000000    272.2   71.0      3.5     76790
2018  4 12 18     45.0    251.0   0.00000000   0.00000000    271.0   75.0      3.0     76690
2018  4 12 19      0.0    251.0   0.00000000   0.00000000    270.4   79.0      2.5     76660
2018  4 12 20      0.0    243.1   0.00000000   0.00000000    270.1   81.0      2.1     76650
2018  4 12 21      0.0    246.3   0.00000000   0.00000000    270.0   82.0      2.0     76670
2018  4 12 22      0.0    250.7   0.00000000   0.00000000    270.0   84.0      1.9     76690
2018  4 12 23      0.0    251.7   0.00000000   0.00000000    269.9   88.0      2.1     76690
2018  4 13  0      0.0    248.1   0.00000000   0.00000000    270.1   89.0      2.6     76720
2018  4 13  1      0.0    215.6   0.00000000   0.00000000    269.0   92.0      1.9     76630
2018  4 13  2      0.0    224.5   0.00000000   0.00000000    268.8   96.0      1.8     76620
2018  4 13  3      0.0    238.1   0.00008333   0.00000000    269.1   96.0      1.9     76750
2018  4 13  4      0.0    253.3   0.00019444   0.00000000    270.1   91.0      1.9     76860
2018  4 13  5      2.0    253.9   0.00002778   0.00000000    270.0   92.0      1.7     76880
2018  4 13  6     46.0    256.3   0.00000000   0.00000000    270.5   90.0      1.5     77000
2018  4 13  7    142.0    255.6   0.00000000   0.00000000    271.9   71.0      1.7     77130
2018  4 13  8    262.0    254.2   0.00000000   0.00000000    272.6   59.0      2.1     77170
2018  4 13  9    500.0    248.1   0.00000000   0.00000000    273.6   51.0      2.4     77240
2018  4 13 10    708.0    255.0   0.00000000   0.00000000    274.6   44.0      3.1     77290
2018  4 13 11    777.0    256.4   0.00005556   0.00000000    275.1   43.0      3.5     77340
2018  4 13 12    815.0    227.8   0.00008333   0.00000000    275.3   45.0      3.7     77490
2018  4 13 13    728.0    232.7   0.00005556   0.00000000    274.6   47.0      3.4     77560
2018  4 13 14    696.0    219.8   0.00011111   0.00000000    274.8   47.0      3.3     77590
2018  4 13 15    563.0    216.1   0.00000000   0.00000000    274.8   50.0      2.5     77610
2018  4 13 16    410.0    213.5   0.00000000   0.00000000    274.0   55.0      1.9     77630
2018  4 13 17    224.0    206.4   0.00000000   0.00000000    271.3   69.0      1.4     77540
2018  4 13 18     56.0    195.2   0.00000000   0.00000000    268.9   71.0      1.6     77470
2018  4 13 19      0.0    193.0   0.00000000   0.00000000    268.0   77.0      1.2     77480
2018  4 13 20      0.0    196.4   0.00000000   0.00000000    268.4   81.0      1.3     77580
2018  4 13 21      0.0    198.9   0.00000000   0.00000000    268.1   93.0      1.6     77610
2018  4 13 22      0.0    197.4   0.00000000   0.00000000    267.8   93.0      1.6     77640
2018  4 13 23      0.0    198.1   0.00000000   0.00000000    267.9   94.0      1.9     77620
2018  4 14  0      0.0    207.7   0.00000000   0.00000000    268.6   95.0      2.0     77760
2018  4 14  1      0.0    201.7   0.00000000   0.00000000    268.0   96.0      2.0     77680
2018  4 14  2      0.0    227.4   0.00000000   0.00000000    267.9   94.0      2.2     77700
2018  4 14  3      0.0    197.9   0.00000000   0.00000000    267.8   96.0      2.0     77710
2018  4 14  4      0.0    217.2   0.00000000   0.00000000    267.1   97.0      2.3     77640
2018  4 14  5      4.0    231.5   0.00000000   0.00000000    267.2   96.0      2.6     77650
2018  4 14  6     89.0    208.7   0.00000000   0.00000000    269.8   89.0      2.5     77860
2018  4 14  7    268.0    248.2   0.00000000   0.00000000    272.9   71.0      1.8     78160
2018  4 14  8    428.0    262.0   0.00000000   0.00000000    274.6   63.0      1.1     78170
2018  4 14  9    581.0    258.0   0.00000000   0.00000000    276.1   59.0      1.0     78150
2018  4 14 10    743.0    241.7   0.00000000   0.00000000    277.2   60.0      0.8     78210
2018  4 14 11    817.0    239.4   0.00000000   0.00000000    277.8   63.0      1.0     78190
2018  4 14 12    859.0    266.5   0.00000000   0.00000000    280.3   45.0      1.3     78380
2018  4 14 13    817.0    240.9   0.00000000   0.00000000    278.5   60.0      1.1     78220
2018  4 14 14    725.0    243.9   0.00000000   0.00000000    280.6   41.0      0.8     78330
2018  4 14 15    557.0    266.5   0.00000000   0.00000000    281.3   36.0      0.9     78350
2018  4 14 16    398.0    265.7   0.00000000   0.00000000    280.6   38.0      0.7     78300
2018  4 14 17    213.0    272.8   0.00000000   0.00000000    278.6   48.0      1.2     78180
2018  4 14 18     53.0    233.3   0.00000000   0.00000000    273.2   63.0      1.6     77820
2018  4 14 19      0.0    210.8   0.00000000   0.00000000    272.6   64.0      1.3     77840
2018  4 14 20      0.0    212.9   0.00000000   0.00000000    271.8   70.0      1.4     77810
2018  4 14 21      0.0    216.2   0.00000000   0.00000000    270.8   82.0      1.8     77720
2018  4 14 22      0.0    220.4   0.00000000   0.00000000    270.0   93.0      2.4     77630
2018  4 14 23      0.0    208.0   0.00000000   0.00000000    269.9   93.0      2.2     77560
2018  4 15  0      0.0    211.7   0.00000000   0.00000000    271.0   87.0      2.6     77630
2018  4 15  1      0.0    254.7   0.00000000   0.00000000    271.0   85.0      2.0     77620
2018  4 15  2      0.0    235.4   0.00000000   0.00000000    270.5   90.0      1.8     77550
2018  4 15  3      0.0    247.9   0.00000000   0.00000000    269.8   95.0      1.8     77450
2018  4 15  4      0.0    231.9   0.00000000   0.00000000    269.0   95.0      1.6     77360
2018  4 15  5      5.0    249.5   0.00000000   0.00000000    269.0   97.0      1.6     77310
2018  4 15  6     81.0    265.9   0.00000000   0.00000000    272.6   85.0      2.0     77580
2018  4 15  7    227.0    277.5   0.00000000   0.00000000    275.6   67.0      1.3     77770
2018  4 15  8    236.0    279.5   0.00000000   0.00000000    276.3   61.0      1.2     77800
2018  4 15  9    361.0    281.2   0.00000000   0.00000000    277.4   53.0      1.1     77830
2018  4 15 10    298.0    276.6   0.00000000   0.00000000    277.3   48.0      1.8     77850
2018  4 15 11    322.0    274.5   0.00011111   0.00000000    276.4   57.0      1.8     77830
2018  4 15 12    583.0    256.1   0.00000000   0.00000000    279.0   54.0      1.4     77870
2018  4 15 13    657.0    283.1   0.00005556   0.00002778    278.4   60.0      1.0     77770
2018  4 15 14    467.0    286.0   0.00000000   0.00000000    278.0   61.0      1.1     77670
2018  4 15 15    523.0    290.4   0.00000000   0.00005556    278.2   58.0      1.2     77670
2018  4 15 16    176.0    285.3   0.00000000   0.00002778    276.1   73.0      1.2     77530
2018  4 15 17     75.0    281.3   0.00000000   0.00002778    275.2   77.0      0.9     77470
2018  4 15 18     20.0    277.9   0.00000000   0.00002778    274.4   81.0      0.9     77470
2018  4 15 19      0.0    276.2   0.00000000   0.00002778    273.8   86.0      1.0     77490
2018  4 15 20      0.0    271.1   0.00002778   0.00002778    273.2   90.0      1.1     77460
2018  4 15 21      0.0    263.0   0.00022222   0.00002778    272.8   94.0      0.8     77450
2018  4 15 22      0.0    262.5   0.00016667   0.00000000    272.8   95.0      0.6     77470
2018  4 15 23      0.0    260.4   0.00019444   0.00000000    272.9   95.0      0.4     77480
2018  4 16  0      0.0    273.6   0.00011111   0.00002778    272.8   97.0      1.3     77510
2018  4 16  1      0.0    276.1   0.00036111   0.00002778    272.9  100.0      0.5     77540
2018  4 16  2      0.0    271.0   0.00030556   0.00000000    272.2   99.0      0.9     77530
2018  4 16  3      0.0    272.1   0.00033333   0.00000000    272.3  100.0      0.4     77550
2018  4 16  4      0.0    272.1   0.00027778   0.00000000    272.3  100.0      0.3     77560
2018  4 16  5      1.0    273.0   0.00025000   0.00000000    272.5   99.0      0.5     77610
2018  4 16  6     19.0    274.9   0.00016667   0.00000000    272.9   97.0      0.6     77690
2018  4 16  7     76.0    275.6   0.00011111   0.00000000    273.4   93.0      0.8     77750
2018  4 16  8    116.0    275.4   0.00005556   0.00000000    273.8   90.0      0.8     77770
2018  4 16  9    186.0    279.3   0.00002778   0.00000000    274.4   86.0      0.9     77810
2018  4 16 10    263.0    282.0   0.00000000   0.00000000    275.0   83.0      0.8     77830
2018  4 16 11    447.0    287.8   0.00000000   0.00000000    276.3   75.0      1.0     77830
2018  4 16 12    437.0    289.4   0.00000000   0.00000000    276.0   82.0      1.7     77890
2018  4 16 13    540.0    291.3   0.00000000   0.00002778    276.8   75.0      1.7     77900
2018  4 16 14    401.0    289.3   0.00000000   0.00002778    276.5   77.0      1.9     77890
2018  4 16 15    363.0    289.8   0.00000000   0.00000000    276.2   80.0      2.0     77910
2018  4 16 16    215.0    288.6   0.00000000   0.00000000    275.2   92.0      1.6     77940
2018  4 16 17     70.0    283.0   0.00000000   0.00002778    273.9  100.0      1.1     77930
2018  4 16 18      9.0    281.6   0.00000000   0.00002778    273.8  100.0      0.9     77990
2018  4 16 19      0.0    279.5   0.00000000   0.00000000    273.4  100.0      0.5     78050
2018  4 16 20      0.0    278.1   0.00000000   0.00000000    273.2  100.0      0.5     78080
2018  4 16 21      0.0    277.5   0.00000000   0.00000000    273.1  100.0      0.4     78140
2018  4 16 22      0.0    277.5   0.00000000   0.00000000    273.1  100.0      0.3     78160
2018  4 16 23      0.0    276.8   0.00000000   0.00000000    273.0  100.0      0.3     78180
2018  4 17  0      0.0    276.9   0.00000000   0.00000000    273.2   97.0      0.7     78210
2018  4 17  1      0.0    274.4   0.00000000   0.00000000    272.8   99.0      0.7     78210
2018  4 17  2      0.0    276.4   0.00000000   0.00000000    273.0   99.0      0.4     78260
2018  4 17  3      0.0    267.4   0.00000000   0.00000000    272.8   99.0      0.3     78260
2018  4 17  4      0.0    273.4   0.00000000   0.00000000    272.5  100.0      0.3     78260
2018  4 17  5      3.0    273.7   0.00000000   0.00000000    272.6   99.0      1.0     78310
2018  4 17  6     50.0    238.0   0.00000000   0.00000000    273.6   93.0      0.9     78440
2018  4 17  7    163.0    229.5   0.00000000   0.00000000    274.4   85.0      0.6     78540
2018  4 17  8    284.0    231.3   0.00000000   0.00000000    275.8   71.0      0.4     78620
2018  4 17  9    431.0    255.8   0.00000000   0.00000000    276.4   71.0      0.8     78630
2018  4 17 10    579.0    257.5   0.00000000   0.00000000    278.1   61.0      1.6     78730
2018  4 17 11    616.0    265.2   0.00000000   0.00000000    277.9   66.0      2.1     78750
2018  4 17 12    600.0    258.6   0.00000000   0.00000000    279.4   65.0      2.3     78840
2018  4 17 13    715.0    256.7   0.00000000   0.00000000    279.2   63.0      1.9     78830
2018  4 17 14    618.0    246.4   0.00000000   0.00000000    279.1   57.0      1.9     78820
2018  4 17 15    526.0    244.6   0.00000000   0.00000000    278.4   68.0      2.2     78780
2018  4 17 16    371.0    253.7   0.00000000   0.00000000    277.0   85.0      1.6     78770
2018  4 17 17    197.0    237.4   0.00000000   0.00000000    274.4   96.0      1.6     78660
2018  4 17 18     54.0    293.7   0.00000000   0.00000000    275.5   99.0      1.1     78790
2018  4 17 19      0.0    293.0   0.00000000   0.00000000    275.4   99.0      0.4     78860
2018  4 17 20      0.0    273.4   0.00000000   0.00000000    272.5  100.0      0.6     78680
2018  4 17 21      0.0    271.4   0.00000000   0.00000000    272.2  100.0      0.8     78710
2018  4 17 22      0.0    267.4   0.00000000   0.00000000    271.6  100.0      0.8     78690
2018  4 17 23      0.0    264.4   0.00000000   0.00000000    271.2   99.0      1.2     78680
2018  4 18  0      0.0    249.6   0.00000000   0.00000000    270.8   97.0      1.6     78650
2018  4 18  1      0.0    224.9   0.00000000   0.00000000    270.0   99.0      1.6     78590
2018  4 18  2      0.0    215.5   0.00000000   0.00000000    269.9   99.0      1.7     78540
2018  4 18  3      0.0    221.3   0.00000000   0.00000000    270.2   98.0      1.7     78560
2018  4 18  4      0.0    226.5   0.00000000   0.00000000    270.8   95.0      2.1     78640
2018  4 18  5      7.0    219.7   0.00000000   0.00000000    270.8   95.0      2.3     78620
2018  4 18  6     98.0    221.0   0.00000000   0.00000000    272.8   86.0      2.2     78770
2018  4 18  7    287.0    229.6   0.00000000   0.00000000    275.3   71.0      1.3     78970
2018  4 18  8    476.0    240.9   0.00000000   0.00000000    276.8   67.0      1.0     79080
2018  4 18  9    652.0    245.5   0.00000000   0.00000000    278.6   56.0      1.0     79170
2018  4 18 10    788.0    256.9   0.00000000   0.00000000    279.2   56.0      1.2     79180
2018  4 18 11    862.0    268.2   0.00000000   0.00000000    280.3   48.0      1.1     79240
2018  4 18 12    889.0    270.5   0.00000000   0.00000000    283.6   28.0      0.7     79440
2018  4 18 13    847.0    238.9   0.00000000   0.00000000    284.1   16.0      0.8     79470
2018  4 18 14    750.0    248.2   0.00000000   0.00000000    284.1   15.0      0.5     79450
2018  4 18 15    606.0    258.7   0.00000000   0.00000000    283.8   19.0      0.7     79430
2018  4 18 16    426.0    273.3   0.00000000   0.00000000    282.6   34.0      1.2     79410
2018  4 18 17    236.0    266.2   0.00000000   0.00000000    281.0   46.0      0.8     79310
2018  4 18 18     69.0    217.0   0.00000000   0.00000000    273.6   66.0      1.1     78770
2018  4 18 19      1.0    214.6   0.00000000   0.00000000    273.9   58.0      1.0     78790
2018  4 18 20      0.0    211.4   0.00000000   0.00000000    273.6   55.0      1.2     78780
2018  4 18 21      0.0    209.9   0.00000000   0.00000000    273.0   58.0      1.4     78750
2018  4 18 22      0.0    210.4   0.00000000   0.00000000    272.8   61.0      1.4     78760
2018  4 18 23      0.0    210.9   0.00000000   0.00000000    272.9   61.0      1.4     78770
2018  4 19  0      0.0    211.4   0.00000000   0.00000000    273.0   61.0      1.4     78770
2018  4 19  1      0.0    209.9   0.00000000   0.00000000    273.0   58.0      1.5     78770
2018  4 19  2      0.0    210.3   0.00000000   0.00000000    272.5   64.0      1.5     78730
2018  4 19  3      0.0    210.5   0.00000000   0.00000000    272.2   68.0      1.6     78700
2018  4 19  4      0.0    210.8   0.00000000   0.00000000    272.0   71.0      1.6     78670
2018  4 19  5     10.0    212.7   0.00000000   0.00000000    272.2   73.0      1.6     78670
2018  4 19  6    125.0    225.2   0.00000000   0.00000000    274.3   76.0      1.4     78850
2018  4 19  7    310.0    234.6   0.00000000   0.00000000    277.0   64.0      1.3     79040
2018  4 19  8    499.0    240.7   0.00000000   0.00000000    279.0   55.0      1.2     79200
2018  4 19  9    666.0    244.2   0.00000000   0.00000000    282.9   32.0      0.4     79430
2018  4 19 10    793.0    248.2   0.00000000   0.00000000    284.0   30.0      0.6     79490
2018  4 19 11    869.0    254.2   0.00000000   0.00000000    282.4   46.0      1.1     79310
2018  4 19 12    888.0    260.0   0.00000000   0.00000000    284.4   39.0      1.8     79470
2018  4 19 13    846.0    255.2   0.00000000   0.00000000    282.3   48.0      1.2     79310
2018  4 19 14    752.0    254.4   0.00000000   0.00000000    281.8   51.0      1.3     79230
2018  4 19 15    609.0    252.5   0.00000000   0.00000000    280.8   58.0      1.5     79130
2018  4 19 16    434.0    254.9   0.00000000   0.00000000    281.0   59.0      1.7     79200
2018  4 19 17    243.0    257.9   0.00000000   0.00000000    281.8   57.0      0.7     79260
2018  4 19 18     73.0    225.3   0.00000000   0.00000000    274.1   79.0      0.9     78700
2018  4 19 19      1.0    226.0   0.00000000   0.00000000    274.3   78.0      0.9     78730
2018  4 19 20      0.0    224.3   0.00000000   0.00000000    274.3   74.0      1.2     78720
2018  4 19 21      0.0    220.9   0.00000000   0.00000000    273.9   71.0      1.4     78670
2018  4 19 22      0.0    218.9   0.00000000   0.00000000    273.8   69.0      1.2     78660
2018  4 19 23      0.0    217.0   0.00000000   0.00000000    273.8   65.0      1.1     78650
2018  4 20  0      0.0    216.7   0.00000000   0.00000000    273.2   70.0      1.2     78610
2018  4 20  1      0.0    216.5   0.00000000   0.00000000    273.6   65.0      1.4     78600
2018  4 20  2      0.0    216.3   0.00000000   0.00000000    273.3   68.0      1.4     78560
2018  4 20  3      0.0    215.6   0.00000000   0.00000000    273.0   70.0      1.3     78520
2018  4 20  4      0.0    215.6   0.00000000   0.00000000    273.0   70.0      1.1     78510
2018  4 20  5     12.0    218.0   0.00000000   0.00000000    273.5   68.0      1.1     78530
2018  4 20  6    131.0    229.9   0.00000000   0.00000000    275.2   75.0      1.1     78650
2018  4 20  7    317.0    242.1   0.00000000   0.00000000    277.6   72.0      1.4     78840
2018  4 20  8    505.0    250.3   0.00000000   0.00000000    279.8   58.0      1.4     79000
2018  4 20  9    671.0    263.5   0.00000000   0.00000000    282.2   42.0      1.0     79150
2018  4 20 10    796.0    258.9   0.00000000   0.00000000    283.8   34.0      0.9     79240
2018  4 20 11    871.0    267.6   0.00000000   0.00000000    283.9   36.0      1.0     79230
2018  4 20 12    888.0    287.7   0.00000000   0.00000000    285.4   51.0      0.3     79290
2018  4 20 13    849.0    252.9   0.00000000   0.00000000    286.2   22.0      0.6     79330
2018  4 20 14    756.0    249.8   0.00000000   0.00000000    286.2   22.0      0.9     79280
2018  4 20 15    609.0    249.0   0.00000000   0.00000000    285.8   23.0      0.9     79220
2018  4 20 16    441.0    263.6   0.00000000   0.00000000    284.1   45.0      0.4     79140
2018  4 20 17    241.0    249.0   0.00000000   0.00000000    279.8   61.0      0.7     78820
2018  4 20 18     77.0    224.7   0.00000000   0.00000000    274.6   71.0      1.0     78470
2018  4 20 19      1.0    221.7   0.00000000   0.00000000    274.4   67.0      0.9     78490
2018  4 20 20      0.0    219.2   0.00000000   0.00000000    274.1   65.0      1.0     78490
2018  4 20 21      0.0    217.6   0.00000000   0.00000000    274.0   63.0      0.9     78470
2018  4 20 22      0.0    217.7   0.00000000   0.00000000    274.3   60.0      0.9     78470
2018  4 20 23      0.0    216.7   0.00000000   0.00000000    274.3   58.0      0.9     78450
2018  4 21  0      0.0    218.7   0.00000000   0.00000000    274.1   64.0      1.6     78420
2018  4 21  1      0.0    217.2   0.00000000   0.00000000    274.1   61.0      1.1     78400
2018  4 21  2      0.0    215.6   0.00000000   0.00000000    273.8   62.0      0.9     78340
2018  4 21  3      0.0    213.4   0.00000000   0.00000000    273.2   63.0      0.7     78270
2018  4 21  4      0.0    211.8   0.00000000   0.00000000    272.8   64.0      0.7     78230
2018  4 21  5     13.0    214.5   0.00000000   0.00000000    273.4   63.0      0.6     78290
2018  4 21  6    136.0    228.9   0.00000000   0.00000000    275.9   65.0      0.5     78490
2018  4 21  7    321.0    253.7   0.00000000   0.00000000    280.6   61.0      0.5     78820
2018  4 21  8    508.0    249.3   0.00000000   0.00000000    280.8   53.0      1.1     78850
2018  4 21  9    672.0    251.9   0.00000000   0.00000000    280.6   58.0      1.1     78840
2018  4 21 10    797.0    255.5   0.00000000   0.00000000    281.3   57.0      1.1     78880
2018  4 21 11    871.0    258.4   0.00000000   0.00000000    281.8   57.0      1.0     78870
2018  4 21 12    890.0    270.4   0.00000000   0.00000000    284.2   44.0      1.4     78990
2018  4 21 13    852.0    265.7   0.00000000   0.00000000    281.6   60.0      1.2     78780
2018  4 21 14    757.0    267.9   0.00000000   0.00000000    281.2   62.0      1.4     78700
2018  4 21 15    615.0    270.0   0.00000000   0.00000000    280.3   65.0      1.7     78600
2018  4 21 16    439.0    269.7   0.00000000   0.00000000    283.3   52.0      1.3     78830
2018  4 21 17    248.0    260.1   0.00000000   0.00000000    281.8   60.0      1.0     78720
2018  4 21 18     78.0    235.5   0.00000000   0.00000000    276.3   74.0      0.8     78350
2018  4 21 19      1.0    225.7   0.00000000   0.00000000    274.1   80.0      0.8     78220
2018  4 21 20      0.0    225.3   0.00000000   0.00000000    274.1   79.0      0.7     78220
2018  4 21 21      0.0    224.4   0.00000000   0.00000000    274.0   78.0      0.8     78200
2018  4 21 22      0.0    221.3   0.00000000   0.00000000    273.5   77.0      0.8     78140
2018  4 21 23      0.0    220.7   0.00000000   0.00000000    273.4   77.0      0.9     78130
2018  4 22  0      0.0    227.7   0.00000000   0.00000000    275.0   73.0      1.2     78240
2018  4 22  1      0.0    221.1   0.00000000   0.00000000    273.4   78.0      0.8     78100
2018  4 22  2      0.0    222.5   0.00000000   0.00000000    273.5   80.0      0.7     78080
2018  4 22  3      0.0    222.7   0.00000000   0.00000000    273.4   82.0      0.7     78070
2018  4 22  4      0.0    221.3   0.00000000   0.00000000    273.0   84.0      0.7     78020
2018  4 22  5     14.0    224.9   0.00000000   0.00000000    273.8   82.0      0.6     78070
2018  4 22  6    139.0    234.4   0.00000000   0.00000000    275.5   82.0      0.6     78200
2018  4 22  7    325.0    251.6   0.00000000   0.00000000    279.5   69.0      1.0     78500
2018  4 22  8    512.0    252.0   0.00000000   0.00000000    282.3   44.0      0.5     78670
2018  4 22  9    677.0    252.9   0.00000000   0.00000000    281.2   54.0      0.9     78590
2018  4 22 10    802.0    256.7   0.00000000   0.00000000    281.0   62.0      1.1     78540
2018  4 22 11    877.0    259.1   0.00000000   0.00000000    281.6   60.0      1.1     78540
2018  4 22 12    895.0    264.0   0.00000000   0.00000000    284.3   44.0      0.9     78690
2018  4 22 13    855.0    284.0   0.00000000   0.00000000    281.8   58.0      1.3     78460
2018  4 22 14    748.0    290.1   0.00000000   0.00000000    282.3   50.0      1.2     78470
2018  4 22 15    579.0    260.4   0.00000000   0.00000000    281.0   64.0      1.3     78410
2018  4 22 16    408.0    269.2   0.00000000   0.00000000    282.0   64.0      1.1     78520
2018  4 22 17    220.0    262.6   0.00000000   0.00000000    280.3   73.0      0.9     78410
2018  4 22 18     71.0    255.3   0.00000000   0.00000000    278.8   79.0      0.2     78340
2018  4 22 19      1.0    234.3   0.00000000   0.00000000    274.9   87.0      0.5     78090
2018  4 22 20      0.0    226.7   0.00000000   0.00000000    273.5   89.0      0.9     78020
2018  4 22 21      0.0    226.4   0.00000000   0.00000000    273.6   87.0      0.7     78050
2018  4 22 22      0.0    238.0   0.00000000   0.00000000    276.5   76.0      0.3     78290
2018  4 22 23      0.0    259.8   0.00000000   0.00002778    279.9   67.0      0.5     78560
2018  4 23  0      0.0    256.1   0.00000000   0.00000000    279.5   62.0      0.4     78480
2018  4 23  1      0.0    278.4   0.00000000   0.00000000    277.5   68.0      0.2     78340
2018  4 23  2      0.0    269.2   0.00000000   0.00000000    275.3   76.0      0.3     78190
2018  4 23  3      0.0    263.2   0.00000000   0.00000000    274.2   82.0      0.4     78100
2018  4 23  4      0.0    254.9   0.00000000   0.00000000    273.4   82.0      0.3     78020
2018  4 23  5     14.0    248.9   0.00000000   0.00000000    274.1   82.0      0.3     78060
2018  4 23  6    124.0    241.7   0.00000000   0.00000000    275.9   82.0      0.3     78200
2018  4 23  7    297.0    253.1   0.00000000   0.00000000    280.2   63.0      0.1     78530
2018  4 23  8    468.0    259.4   0.00000000   0.00000000    281.1   55.0      0.3     78570
2018  4 23  9    662.0    267.0   0.00000000   0.00011111    281.8   47.0      0.3     78600
2018  4 23 10    764.0    268.9   0.00000000   0.00002778    281.8   51.0      0.8     78540
2018  4 23 11    760.0    277.5   0.00000000   0.00005556    281.8   54.0      0.9     78490
2018  4 23 12    762.0    303.7   0.00000000   0.00002778    283.0   46.0      1.7     78590
2018  4 23 13    802.0    275.9   0.00000000   0.00000000    281.8   51.0      1.2     78450
2018  4 23 14    650.0    270.5   0.00000000   0.00000000    280.9   57.0      1.0     78340
2018  4 23 15    568.0    276.7   0.00000000   0.00000000    280.8   58.0      1.5     78320
2018  4 23 16    327.0    293.3   0.00000000   0.00025000    277.3   86.0      1.1     78270
2018  4 23 17    188.0    276.6   0.00000000   0.00000000    277.8   85.0      1.0     78280
2018  4 23 18     71.0    293.4   0.00000000   0.00000000    276.2   94.0      0.6     78200
2018  4 23 19      2.0    276.8   0.00000000   0.00000000    273.0  100.0      0.6     77980
2018  4 23 20      0.0    280.2   0.00000000   0.00000000    273.5  100.0      0.4     78060
2018  4 23 21      0.0    280.9   0.00000000   0.00002778    273.6  100.0      0.4     78100
2018  4 23 22      0.0    281.6   0.00000000   0.00002778    273.8  100.0      0.2     78120
2018  4 23 23      0.0    283.0   0.00000000   0.00008333    273.9  100.0      0.4     78140
2018  4 24  0      0.0    287.1   0.00000000   0.00016667    274.5  100.0      1.1     78230
2018  4 24  1      0.0    283.0   0.00000000   0.00008333    273.9  100.0      0.3     78220
2018  4 24  2      0.0    283.6   0.00000000   0.00002778    274.0  100.0      0.8     78200
2018  4 24  3      0.0    280.9   0.00000000   0.00000000    273.6  100.0      0.6     78120
2018  4 24  4      0.0    280.9   0.00000000   0.00000000    273.6  100.0      0.2     78160
2018  4 24  5      5.0    282.3   0.00000000   0.00000000    273.8  100.0      0.4     78190
2018  4 24  6     51.0    284.5   0.00000000   0.00000000    274.3   97.0      0.6     78260
2018  4 24  7    145.0    270.3   0.00000000   0.00000000    275.4   92.0      0.9     78350
2018  4 24  8    344.0    266.9   0.00000000   0.00000000    277.2   79.0      0.6     78390
2018  4 24  9    438.0    256.6   0.00000000   0.00000000    277.9   75.0      0.6     78430
2018  4 24 10    721.0    249.3   0.00000000   0.00000000    279.4   65.0      1.1     78510
2018  4 24 11    866.0    251.4   0.00000000   0.00000000    280.1   61.0      1.2     78530
2018  4 24 12    881.0    255.4   0.00000000   0.00000000    282.0   50.0      1.7     78600
2018  4 24 13    827.0    258.0   0.00000000   0.00000000    281.1   55.0      1.0     78510
2018  4 24 14    764.0    251.8   0.00000000   0.00000000    280.8   56.0      0.9     78430
2018  4 24 15    623.0    249.0   0.00000000   0.00000000    280.2   57.0      1.1     78350
2018  4 24 16    439.0    248.4   0.00000000   0.00000000    280.0   58.0      1.3     78350
2018  4 24 17    257.0    252.0   0.00000000   0.00000000    280.3   61.0      0.9     78370
2018  4 24 18     85.0    247.9   0.00000000   0.00000000    278.9   68.0      0.7     78290
2018  4 24 19      2.0    225.5   0.00000000   0.00000000    273.9   82.0      0.4     77980
2018  4 24 20      0.0    227.1   0.00000000   0.00000000    273.3   84.0      1.1     77950
2018  4 24 21      0.0    223.3   0.00000000   0.00000000    273.3   85.0      1.2     77900
2018  4 24 22      0.0    223.8   0.00000000   0.00000000    273.0   85.0      1.4     77830
2018  4 24 23      0.0    228.0   0.00000000   0.00000000    272.6   84.0      1.2     77790
2018  4 25  0      0.0    224.7   0.00000000   0.00000000    272.5   79.0      1.7     77760
2018  4 25  1      0.0    223.6   0.00000000   0.00000000    273.0   71.0      1.0     77790
2018  4 25  2      0.0    226.2   0.00000000   0.00000000    272.8   72.0      1.0     77740
2018  4 25  3      0.0    216.0   0.00000000   0.00000000    272.8   74.0      0.9     77760
2018  4 25  4      0.0    215.4   0.00000000   0.00000000    272.4   76.0      0.9     77740
2018  4 25  5     18.0    223.6   0.00000000   0.00000000    273.3   79.0      0.9     77820
2018  4 25  6    121.0    235.3   0.00000000   0.00000000    274.8   85.0      0.6     77940
2018  4 25  7    262.0    257.2   0.00000000   0.00000000    278.8   72.0      0.8     78270
2018  4 25  8    410.0    270.8   0.00000000   0.00000000    278.1   81.0      0.9     78210
2018  4 25  9    570.0    283.4   0.00000000   0.00000000    279.5   73.0      0.8     78280
2018  4 25 10    735.0    302.4   0.00000000   0.00000000    280.8   64.0      1.1     78320
2018  4 25 11    869.0    300.8   0.00000000   0.00000000    281.6   58.0      1.3     78340
2018  4 25 12    891.0    290.2   0.00000000   0.00000000    283.3   52.0      2.0     78390
2018  4 25 13    839.0    272.5   0.00000000   0.00000000    283.0   50.0      2.0     78300
2018  4 25 14    655.0    288.1   0.00000000   0.00000000    282.4   55.0      2.2     78260
2018  4 25 15    528.0    263.3   0.00000000   0.00000000    281.1   61.0      1.6     78170
2018  4 25 16    387.0    252.9   0.00000000   0.00000000    279.1   71.0      1.7     78030
2018  4 25 17    209.0    257.0   0.00000000   0.00000000    280.4   64.0      1.3     78140
2018  4 25 18     77.0    264.6   0.00000000   0.00000000    278.8   77.0      1.5     78080
2018  4 25 19      2.0    301.2   0.00000000   0.00000000    277.1   90.0      0.3     78040
2018  4 25 20      0.0    254.0   0.00000000   0.00000000    275.1   95.0      0.5     77920
2018  4 25 21      0.0    241.1   0.00000000   0.00000000    274.8   96.0      0.5     77870
2018  4 25 22      0.0    243.9   0.00000000   0.00000000    274.6   98.0      0.5     77870
2018  4 25 23      0.0    285.3   0.00000000   0.00000000    274.3   99.0      0.5     77840
2018  4 26  0      0.0    256.3   0.00000000   0.00000000    276.2   99.0      0.9     77990
2018  4 26  1      0.0    295.6   0.00000000   0.00005556    275.8  100.0      0.7     77940
2018  4 26  2      0.0    293.5   0.00000000   0.00005556    275.4  100.0      0.4     77890
2018  4 26  3      0.0    285.0   0.00000000   0.00008333    274.2  100.0      0.0     77780
2018  4 26  4      0.0    285.0   0.00000000   0.00027778    274.2  100.0      1.1     77790
2018  4 26  5      4.0    280.9   0.00005556   0.00027778    273.6  100.0      2.5     77950
2018  4 26  6     27.0    278.0   0.00013889   0.00002778    273.3   98.0      0.9     78010
2018  4 26  7     64.0    277.1   0.00005556   0.00000000    273.1   99.0      0.8     77980
2018  4 26  8    148.0    278.2   0.00002778   0.00000000    273.8   92.0      1.4     78010
2018  4 26  9    224.0    279.3   0.00002778   0.00000000    273.8   93.0      1.8     78040
2018  4 26 10    291.0    279.3   0.00002778   0.00000000    273.8   93.0      1.6     78100
2018  4 26 11    355.0    278.7   0.00000000   0.00000000    274.1   87.0      1.7     78050
2018  4 26 12    410.0    278.3   0.00000000   0.00000000    274.1   86.0      2.1     78100
2018  4 26 13    322.0    273.6   0.00000000   0.00000000    273.8   86.0      1.9     78070
2018  4 26 14    297.0    274.6   0.00000000   0.00000000    273.8   84.0      1.9     78040
2018  4 26 15    278.0    273.8   0.00000000   0.00000000    273.5   85.0      1.3     78040
2018  4 26 16    140.0    269.5   0.00000000   0.00000000    273.3   87.0      0.8     77980
2018  4 26 17     95.0    272.9   0.00000000   0.00000000    273.1   89.0      1.2     78000
2018  4 26 18     40.0    271.3   0.00000000   0.00000000    272.6   93.0      0.5     78000
2018  4 26 19      2.0    266.4   0.00000000   0.00000000    271.8   99.0      0.6     77960
2018  4 26 20      0.0    265.9   0.00000000   0.00000000    271.8  100.0      0.7     77980
2018  4 26 21      0.0    261.7   0.00000000   0.00000000    271.5   99.0      1.4     77850
2018  4 26 22      0.0    260.3   0.00000000   0.00000000    271.2   98.0      1.6     77740
2018  4 26 23      0.0    251.1   0.00000000   0.00000000    270.9   95.0      1.7     77610
2018  4 27  0      0.0    253.1   0.00000000   0.00000000    270.5   98.0      1.6     77640
2018  4 27  1      0.0    254.4   0.00000000   0.00000000    270.5   99.0      1.7     77570
2018  4 27  2      0.0    260.6   0.00000000   0.00000000    270.9   99.0      2.1     77490
2018  4 27  3      0.0    264.7   0.00000000   0.00000000    271.3   98.0      2.5     77410
2018  4 27  4      0.0    262.0   0.00000000   0.00000000    271.1   97.0      2.6     77310
2018  4 27  5     18.0    222.0   0.00000000   0.00000000    272.0   94.0      2.7     77340
2018  4 27  6    134.0    236.3   0.00000000   0.00000000    274.4   86.0      2.4     77510
2018  4 27  7    322.0    251.3   0.00000000   0.00000000    277.4   77.0      1.8     77720
2018  4 27  8    497.0    266.9   0.00000000   0.00000000    279.2   72.0      2.2     77840
2018  4 27  9    607.0    266.2   0.00000000   0.00000000    280.3   67.0      3.0     77900
2018  4 27 10    682.0    275.1   0.00000000   0.00000000    281.3   62.0      3.1     77930
2018  4 27 11    719.0    280.4   0.00000000   0.00000000    281.5   59.0      3.5     77950
2018  4 27 12    668.0    296.0   0.00000000   0.00000000    282.4   59.0      3.6     78000
2018  4 27 13    799.0    282.4   0.00000000   0.00000000    281.9   58.0      2.7     77950
2018  4 27 14    636.0    273.2   0.00000000   0.00000000    281.1   61.0      2.6     77920
2018  4 27 15    463.0    266.5   0.00000000   0.00000000    280.1   68.0      2.0     77880
2018  4 27 16    345.0    254.2   0.00000000   0.00000000    278.6   75.0      1.4     77820
2018  4 27 17    217.0    251.5   0.00000000   0.00000000    277.2   81.0      1.5     77750
2018  4 27 18     69.0    242.5   0.00000000   0.00000000    274.9   86.0      1.6     77650
2018  4 27 19      3.0    239.0   0.00000000   0.00000000    274.8   88.0      1.2     77700
2018  4 27 20      0.0    235.1   0.00000000   0.00000000    274.1   91.0      1.5     77700
2018  4 27 21      0.0    230.2   0.00000000   0.00000000    273.2   94.0      1.8     77660
2018  4 27 22      0.0    238.6   0.00000000   0.00000000    272.8   97.0      2.1     77630
2018  4 27 23      0.0    246.9   0.00000000   0.00000000    272.5   98.0      2.4     77620
2018  4 28  0      0.0    247.2   0.00000000   0.00000000    273.1   98.0      2.1     77750
2018  4 28  1      0.0    253.5   0.00000000   0.00000000    273.0   98.0      2.4     77660
2018  4 28  2      0.0    248.1   0.00000000   0.00000000    272.8   98.0      2.7     77590
2018  4 28  3      0.0    248.8   0.00000000   0.00000000    272.0   98.0      2.7     77520
2018  4 28  4      0.0    257.1   0.00000000   0.00000000    272.0   97.0      2.6     77530
2018  4 28  5     17.0    240.1   0.00000000   0.00000000    272.8   95.0      2.6     77560
2018  4 28  6    107.0    240.6   0.00000000   0.00000000    274.8   87.0      2.1     77710
2018  4 28  7    289.0    244.2   0.00000000   0.00000000    277.2   79.0      1.5     77880
2018  4 28  8    487.0    247.8   0.00000000   0.00000000    278.8   70.0      1.8     77950
2018  4 28  9    659.0    249.5   0.00000000   0.00000000    279.8   61.0      2.2     78000
2018  4 28 10    784.0    254.9   0.00000000   0.00000000    280.8   55.0      2.3     78040
2018  4 28 11    863.0    269.1   0.00000000   0.00000000    281.5   53.0      2.7     78060
2018  4 28 12    844.0    291.3   0.00000000   0.00000000    282.5   53.0      3.2     78100
2018  4 28 13    723.0    269.4   0.00000000   0.00000000    281.2   57.0      2.6     78010
2018  4 28 14    729.0    275.9   0.00000000   0.00000000    280.9   58.0      2.5     77960
2018  4 28 15    596.0    278.6   0.00000000   0.00000000    280.3   59.0      2.2     77910
2018  4 28 16    443.0    272.4   0.00000000   0.00000000    279.4   62.0      2.0     77850
2018  4 28 17    260.0    288.0   0.00000000   0.00000000    277.6   72.0      1.5     77740
2018  4 28 18     80.0    280.0   0.00000000   0.00000000    275.3   77.0      1.6     77610
2018  4 28 19      4.0    280.5   0.00000000   0.00000000    275.0   80.0      1.7     77610
2018  4 28 20      0.0    261.7   0.00000000   0.00000000    274.8   83.0      2.2     77630
2018  4 28 21      0.0    237.0   0.00000000   0.00000000    273.9   88.0      2.3     77580
2018  4 28 22      0.0    234.4   0.00000000   0.00000000    273.6   90.0      2.4     77570
2018  4 28 23      0.0    243.4   0.00000000   0.00000000    273.6   91.0      2.5     77570
2018  4 29  0      0.0    276.8   0.00000000   0.00000000    274.4   87.0      2.1     77610
2018  4 29  1      0.0    276.1   0.00000000   0.00000000    274.3   89.0      2.3     77580
2018  4 29  2      0.0    273.2   0.00000000   0.00000000    273.9   93.0      2.8     77520
2018  4 29  3      0.0    256.1   0.00000000   0.00000000    273.6   95.0      2.8     77490
2018  4 29  4      0.0    275.9   0.00000000   0.00000000    273.2   97.0      3.0     77460
2018  4 29  5     18.0    280.6   0.00000000   0.00000000    273.8   96.0      3.1     77520
2018  4 29  6     85.0    283.7   0.00000000   0.00000000    275.0   91.0      2.8     77620
2018  4 29  7    214.0    282.0   0.00000000   0.00000000    276.5   84.0      2.5     77730
2018  4 29  8    453.0    281.8   0.00000000   0.00000000    278.3   74.0      3.3     77790
2018  4 29  9    630.0    257.9   0.00000000   0.00000000    279.8   66.0      3.8     77820
2018  4 29 10    784.0    273.8   0.00000000   0.00000000    280.9   59.0      4.1     77840
2018  4 29 11    863.0    264.4   0.00000000   0.00000000    281.5   57.0      3.8     77830
2018  4 29 12    821.0    268.6   0.00000000   0.00000000    282.0   56.0      4.1     77840
2018  4 29 13    776.0    285.2   0.00000000   0.00000000    280.9   57.0      3.4     77730
2018  4 29 14    659.0    262.7   0.00000000   0.00000000    280.1   63.0      3.5     77620
2018  4 29 15    604.0    272.5   0.00000000   0.00000000    279.8   66.0      3.5     77520
2018  4 29 16    424.0    257.9   0.00000000   0.00000000    278.6   71.0      3.4     77420
2018  4 29 17    263.0    251.7   0.00000000   0.00000000    277.4   77.0      3.3     77280
2018  4 29 18     92.0    276.5   0.00000000   0.00002778    276.1   82.0      3.4     77180
2018  4 29 19      5.0    239.0   0.00000000   0.00002778    275.5   86.0      3.5     77100
2018  4 29 20      0.0    261.7   0.00000000   0.00000000    275.3   88.0      3.6     77060
2018  4 29 21      0.0    273.5   0.00000000   0.00002778    275.5   86.0      4.1     77020
2018  4 29 22      0.0    256.1   0.00000000   0.00005556    275.8   82.0      4.4     76980
2018  4 29 23      0.0    249.0   0.00000000   0.00008333    275.6   81.0      3.6     76960
2018  4 30  0      0.0    228.8   0.00000000   0.00016667    274.0   84.0      2.0     76850
2018  4 30  1      0.0    242.2   0.00000000   0.00002778    274.8   87.0      2.6     76860
2018  4 30  2      0.0    234.6   0.00000000   0.00002778    273.5   89.0      1.5     76780
2018  4 30  3      0.0    266.8   0.00008333   0.00005556    272.5   93.0      1.6     76850
2018  4 30  4      0.0    226.6   0.00008333   0.00000000    273.4   89.0      2.3     76950
2018  4 30  5     30.0    202.9   0.00000000   0.00000000    271.8   55.0      2.1     76940
2018  4 30  6    180.0    207.5   0.00000000   0.00000000    272.3   59.0      2.1     77060
2018  4 30  7    374.0    207.0   0.00000000   0.00000000    273.4   49.0      3.0     77120
2018  4 30  8    559.0    213.0   0.00000000   0.00000000    274.8   48.0      3.0     77150
2018  4 30  9    712.0    219.6   0.00000000   0.00000000    275.5   51.0      3.0     77180
2018  4 30 10    796.0    232.0   0.00000000   0.00000000    276.0   53.0      3.2     77230
2018  4 30 11    826.0    238.2   0.00000000   0.00000000    276.8   50.0      4.1     77230
2018  4 30 12    799.0    233.3   0.00000000   0.00000000    277.5   47.0      4.2     77310
2018  4 30 13    832.0    243.2   0.00000000   0.00000000    277.3   46.0      4.2     77310
2018  4 30 14    624.0    234.1   0.00000000   0.00000000    277.1   47.0      3.8     77300
2018  4 30 15    553.0    242.2   0.00000000   0.00000000    276.8   52.0      3.4     77280
2018  4 30 16    371.0    248.6   0.00000000   0.00000000    276.3   56.0      2.7     77280
2018  4 30 17    209.0    264.9   0.00000000   0.00000000    275.2   66.0      1.6     77240
2018  4 30 18     73.0    260.6   0.00000000   0.00000000    272.8   75.0      1.4     77150
2018  4 30 19      4.0    252.2   0.00000000   0.00000000    272.2   82.0      1.3     77190
2018  4 30 20      0.0    234.0   0.00000000   0.00000000    272.1   85.0      1.0     77200
2018  4 30 21      0.0    236.1   0.00000000   0.00000000    271.5   87.0      1.2     77200
2018  4 30 22      0.0    245.6   0.00000000   0.00000000    272.0   86.0      1.2     77270
2018  4 30 23      0.0    243.5   0.00000000   0.00000000    272.3   87.0      1.2     77290
2018  5  1  0      0.0    237.4   0.00000000   0.00000000    271.4   92.0      1.9     77150
2018  5  1  1      0.0    207.7   0.00000000   0.00000000    270.0   90.0      1.4     77060
2018  5  1  2      0.0    202.8   0.00000000   0.00000000    268.8   90.0      1.7     77000
2018  5  1  3      0.0    208.3   0.00000000   0.00000000    269.1   90.0      1.3     77060
2018  5  1  4      0.0    209.2   0.00000000   0.00000000    268.8   90.0      1.4     77080
2018  5  1  5     24.0    228.4   0.00000000   0.00000000    270.3   88.0      1.4     77230
2018  5  1  6    112.0    256.0   0.00000000   0.00000000    272.4   82.0      1.5     77390
2018  5  1  7    243.0    240.7   0.00000000   0.00000000    273.6   68.0      1.9     77440
2018  5  1  8    428.0    258.8   0.00000000   0.00000000    275.0   58.0      2.8     77450
2018  5  1  9    521.0    235.7   0.00000000   0.00000000    275.9   50.0      2.5     77470
2018  5  1 10    655.0    270.6   0.00000000   0.00000000    276.9   44.0      2.5     77480
2018  5  1 11    696.0    272.4   0.00000000   0.00000000    277.2   45.0      1.9     77500
2018  5  1 12    676.0    273.7   0.00000000   0.00000000    278.1   40.0      2.5     77560
2018  5  1 13    783.0    276.2   0.00000000   0.00000000    277.9   43.0      1.9     77520
2018  5  1 14    635.0    277.4   0.00000000   0.00000000    277.8   45.0      1.3     77480
2018  5  1 15    460.0    279.5   0.00000000   0.00000000    276.3   61.0      0.6     77460
2018  5  1 16    195.0    279.6   0.00000000   0.00000000    274.5   83.0      0.6     77460
2018  5  1 17    116.0    278.0   0.00000000   0.00000000    273.6   93.0      0.6     77450
2018  5  1 18     51.0    273.3   0.00000000   0.00000000    272.6   98.0      0.6     77410
2018  5  1 19      4.0    272.4   0.00000000   0.00000000    272.5  100.0      0.4     77410
2018  5  1 20      0.0    263.7   0.00000000   0.00000000    271.1   99.0      0.9     77330
2018  5  1 21      0.0    215.1   0.00000000   0.00000000    271.2   94.0      1.0     77280
2018  5  1 22      0.0    254.6   0.00000000   0.00000000    270.1   92.0      1.1     77210
2018  5  1 23      0.0    261.0   0.00000000   0.00000000    271.3   89.0      0.9     77280
2018  5  2  0      0.0    265.8   0.00000000   0.00000000    271.9   91.0      1.4     77310
2018  5  2  1      0.0    258.9   0.00000000   0.00000000    270.9   90.0      1.1     77220
2018  5  2  2      0.0    257.3   0.00000000   0.00000000    270.8   90.0      1.0     77200
2018  5  2  3      0.0    251.1   0.00000000   0.00000000    270.6   91.0      1.2     77160
2018  5  2  4      0.0    253.6   0.00000000   0.00000000    270.4   94.0      1.3     77150
2018  5  2  5     22.0    261.0   0.00000000   0.00000000    270.8   97.0      1.8     77170
2018  5  2  6    110.0    269.0   0.00000000   0.00000000    272.6   90.0      1.4     77290
2018  5  2  7    240.0    278.3   0.00000000   0.00000000    274.6   79.0      1.1     77400
2018  5  2  8    337.0    284.0   0.00000000   0.00000000    275.9   73.0      1.3     77410
2018  5  2  9    415.0    288.6   0.00000000   0.00000000    276.9   69.0      1.9     77420
2018  5  2 10    475.0    293.5   0.00000000   0.00005556    277.8   68.0      2.7     77470
2018  5  2 11    469.0    295.6   0.00000000   0.00013889    278.0   68.0      2.8     77470
2018  5  2 12    601.0    299.9   0.00000000   0.00016667    278.6   68.0      3.0     77510
2018  5  2 13    510.0    295.3   0.00002778   0.00005556    278.0   71.0      1.1     77450
2018  5  2 14    493.0    292.0   0.00000000   0.00002778    278.6   67.0      1.5     77440
2018  5  2 15    357.0    284.7   0.00000000   0.00002778    277.6   73.0      1.0     77370
2018  5  2 16    220.0    293.7   0.00000000   0.00002778    278.5   66.0      0.7     77480
2018  5  2 17     91.0    277.0   0.00000000   0.00002778    277.5   75.0      0.9     77430
2018  5  2 18     36.0    285.0   0.00000000   0.00000000    276.6   81.0      0.7     77410
2018  5  2 19      3.0    288.1   0.00000000   0.00000000    275.9   85.0      0.6     77410
2018  5  2 20      0.0    285.5   0.00000000   0.00002778    275.6   86.0      0.7     77440
2018  5  2 21      0.0    278.4   0.00000000   0.00005556    274.1   93.0      1.0     77350
2018  5  2 22      0.0    257.8   0.00000000   0.00002778    273.8   94.0      1.0     77340
2018  5  2 23      0.0    230.7   0.00000000   0.00000000    272.8   95.0      1.0     77270
2018  5  3  0      0.0    259.7   0.00000000   0.00000000    274.3   95.0      0.7     77340
2018  5  3  1      0.0    280.0   0.00000000   0.00011111    273.8   97.0      0.7     77320
2018  5  3  2      0.0    279.4   0.00000000   0.00008333    273.5   98.0      0.6     77340
2018  5  3  3      0.0    280.1   0.00000000   0.00002778    273.6   98.0      0.6     77350
2018  5  3  4      0.0    280.1   0.00000000   0.00002778    273.6   98.0      0.7     77370
2018  5  3  5      8.0    279.7   0.00000000   0.00002778    273.6   97.0      0.6     77370
2018  5  3  6     52.0    283.4   0.00000000   0.00002778    274.2   96.0      0.5     77460
2018  5  3  7    171.0    288.1   0.00000000   0.00000000    275.2   91.0      0.6     77490
2018  5  3  8    307.0    284.4   0.00000000   0.00000000    276.1   89.0      0.7     77490
2018  5  3  9    431.0    284.7   0.00000000   0.00000000    277.9   76.0      0.7     77590
2018  5  3 10    462.0    278.7   0.00000000   0.00000000    278.0   80.0      0.8     77620
2018  5  3 11    439.0    294.0   0.00000000   0.00000000    278.1   84.0      1.1     77670
2018  5  3 12    590.0    304.8   0.00000000   0.00002778    277.6   90.0      2.1     77670
2018  5  3 13    412.0    303.2   0.00000000   0.00002778    277.0   96.0      1.9     77660
2018  5  3 14    338.0    302.0   0.00000000   0.00000000    276.9   95.0      1.5     77630
2018  5  3 15    269.0    302.2   0.00000000   0.00000000    276.8   97.0      1.6     77610
2018  5  3 16    205.0    298.8   0.00000000   0.00002778    276.2   99.0      1.3     77630
2018  5  3 17     83.0    293.7   0.00000000   0.00008333    275.5   99.0      1.2     77610
2018  5  3 18     19.0    289.2   0.00000000   0.00005556    274.8  100.0      0.9     77600
2018  5  3 19      2.0    287.8   0.00000000   0.00005556    274.6  100.0      0.9     77620
2018  5  3 20      0.0    286.4   0.00000000   0.00002778    274.4  100.0      1.1     77630
2018  5  3 21      0.0    286.4   0.00000000   0.00002778    274.4  100.0      1.0     77640
2018  5  3 22      0.0    288.1   0.00000000   0.00002778    274.8   99.0      0.9     77660
2018  5  3 23      0.0    293.7   0.00000000   0.00000000    275.5   99.0      0.7     77730
2018  5  4  0      0.0    292.3   0.00000000   0.00000000    275.3   99.0      1.1     77700
2018  5  4  1      0.0    286.4   0.00000000   0.00000000    274.4  100.0      1.2     77620
2018  5  4  2      0.0    286.7   0.00000000   0.00000000    274.5   99.0      1.1     77610
2018  5  4  3      0.0    288.1   0.00000000   0.00000000    274.8   99.0      1.1     77620
2018  5  4  4      0.0    285.0   0.00000000   0.00000000    274.2  100.0      1.1     77600
2018  5  4  5     14.0    286.0   0.00000000   0.00000000    274.4   99.0      1.0     77640
2018  5  4  6     66.0    289.8   0.00000000   0.00000000    275.0   98.0      0.7     77750
2018  5  4  7    152.0    277.0   0.00000000   0.00000000    275.9   92.0      0.9     77820
2018  5  4  8    267.0    285.8   0.00000000   0.00000000    277.2   84.0      1.0     77860
2018  5  4  9    413.0    250.0   0.00000000   0.00000000    278.3   79.0      1.0     77890
2018  5  4 10    508.0    278.6   0.00000000   0.00000000    279.6   73.0      1.2     77940
2018  5  4 11    549.0    271.0   0.00000000   0.00002778    280.2   70.0      1.1     77960
2018  5  4 12    674.0    299.6   0.00000000   0.00000000    281.8   69.0      2.0     78120
2018  5  4 13    679.0    310.7   0.00005556   0.00061111    282.1   80.0      2.0     78190
2018  5  4 14    464.0    324.7   0.00000000   0.00044444    280.2   91.0      1.7     78130
2018  5  4 15    328.0    324.7   0.00000000   0.00011111    280.0   94.0      1.3     78120
2018  5  4 16    185.0    311.9   0.00000000   0.00016667    279.4   91.0      0.7     78100
2018  5  4 17     94.0    316.0   0.00000000   0.00000000    278.6   98.0      0.9     78050
2018  5  4 18     38.0    307.9   0.00000000   0.00000000    277.4  100.0      0.9     78010
2018  5  4 19      3.0    311.5   0.00000000   0.00000000    278.0   98.0      0.7     78080
2018  5  4 20      0.0    294.9   0.00000000   0.00000000    275.6  100.0      1.1     77940
2018  5  4 21      0.0    293.5   0.00000000   0.00000000    275.4  100.0      1.6     77970
2018  5  4 22      0.0    293.5   0.00000000   0.00000000    275.4  100.0      1.1     77990
2018  5  4 23      0.0    288.4   0.00000000   0.00000000    275.8  100.0      1.2     78020
2018  5  5  0      0.0    287.7   0.00000000   0.00000000    275.0   98.0      1.2     77980
2018  5  5  1      0.0    288.4   0.00000000   0.00000000    274.8   98.0      1.9     77970
2018  5  5  2      0.0    278.1   0.00000000   0.00000000    274.6   98.0      2.3     77930
2018  5  5  3      0.0    281.5   0.00000000   0.00000000    273.9   99.0      2.6     77880
2018  5  5  4      0.0    277.1   0.00000000   0.00000000    273.6   98.0      2.8     77840
2018  5  5  5     17.0    273.8   0.00000000   0.00000000    273.6   97.0      2.8     77810
2018  5  5  6    102.0    247.0   0.00000000   0.00000000    275.4   90.0      2.2     77980
2018  5  5  7    259.0    252.0   0.00000000   0.00000000    277.9   80.0      1.9     78210
2018  5  5  8    454.0    257.6   0.00000000   0.00000000    280.4   70.0      1.3     78380
2018  5  5  9    695.0    257.5   0.00000000   0.00000000    280.3   71.0      1.0     78350
2018  5  5 10    812.0    263.3   0.00000000   0.00000000    281.6   65.0      1.4     78440
2018  5  5 11    815.0    287.8   0.00000000   0.00000000    282.4   60.0      1.6     78470
2018  5  5 12    661.0    316.1   0.00000000   0.00000000    283.8   57.0      2.3     78580
2018  5  5 13    615.0    314.9   0.00000000   0.00000000    281.3   66.0      1.3     78380
2018  5  5 14    421.0    306.7   0.00000000   0.00000000    283.6   56.0      1.6     78590
2018  5  5 15    404.0    303.5   0.00000000   0.00000000    283.5   60.0      1.1     78590
2018  5  5 16    293.0    282.8   0.00000000   0.00000000    282.2   71.0      1.6     78580
2018  5  5 17    224.0    276.2   0.00000000   0.00000000    281.3   85.0      0.9     78530
2018  5  5 18     99.0    267.4   0.00000000   0.00000000    280.0   95.0      0.9     78480
2018  5  5 19      9.0    297.7   0.00000000   0.00000000    276.0  100.0      0.5     78230
2018  5  5 20      0.0    258.8   0.00000000   0.00000000    275.6   98.0      0.6     78220
2018  5  5 21      0.0    273.5   0.00000000   0.00000000    274.9   93.0      0.9     78190
2018  5  5 22      0.0    229.5   0.00000000   0.00000000    273.9   93.0      1.2     78100
2018  5  5 23      0.0    226.6   0.00000000   0.00000000    273.5   91.0      1.4     78080
2018  5  6  0      0.0    223.5   0.00000000   0.00000000    273.0   90.0      0.8     78020
2018  5  6  1      0.0    235.7   0.00000000   0.00000000    273.9   88.0      1.0     78090
2018  5  6  2      0.0    232.3   0.00000000   0.00000000    273.5   89.0      0.9     78060
2018  5  6  3      0.0    232.3   0.00000000   0.00000000    273.5   89.0      1.0     78060
2018  5  6  4      0.0    226.4   0.00000000   0.00000000    273.2   92.0      0.8     78010
2018  5  6  5     40.0    229.3   0.00000000   0.00000000    273.8   93.0      0.8     78060
2018  5  6  6    167.0    253.6   0.00000000   0.00000000    278.8   83.0      0.9     78410
2018  5  6  7    343.0    266.7   0.00000000   0.00000000    281.8   72.0      0.2     78630
2018  5  6  8    540.0    272.7   0.00000000   0.00000000    283.8   60.0      0.4     78750
2018  5  6  9    699.0    280.3   0.00000000   0.00000000    285.1   56.0      0.5     78820
2018  5  6 10    749.0    320.4   0.00000000   0.00000000    285.9   56.0      0.7     78850
2018  5  6 11    689.0    338.4   0.00000000   0.00044444    284.5   65.0      1.6     78780
2018  5  6 12    490.0    285.1   0.00000000   0.00025000    282.2   75.0      1.2     78700
2018  5  6 13    705.0    323.1   0.00000000   0.00022222    283.6   69.0      1.6     78730
2018  5  6 14    554.0    279.6   0.00000000   0.00013889    282.8   75.0      0.9     78660
2018  5  6 15    498.0    293.2   0.00000000   0.00005556    281.8   78.0      2.2     78610
2018  5  6 16    343.0    314.6   0.00000000   0.00002778    280.9   87.0      1.4     78590
2018  5  6 17    133.0    317.5   0.00000000   0.00002778    279.8   94.0      0.9     78510
2018  5  6 18     57.0    276.7   0.00000000   0.00002778    279.2   97.0      0.9     78460
2018  5  6 19      8.0    301.7   0.00000000   0.00000000    277.0  100.0      0.5     78280
2018  5  6 20      0.0    295.6   0.00000000   0.00000000    275.8  100.0      0.8     78190
2018  5  6 21      0.0    283.9   0.00000000   0.00000000    274.1   99.0      1.1     78050
2018  5  6 22      0.0    276.6   0.00000000   0.00000000    273.3   97.0      1.4     78000
2018  5  6 23      0.0    281.4   0.00000000   0.00000000    273.8   98.0      2.0     78010
2018  5  7  0      0.0    280.9   0.00000000   0.00000000    273.9   95.0      1.7     77970
2018  5  7  1      0.0    278.7   0.00000000   0.00000000    273.4   98.0      1.5     77910
2018  5  7  2      0.0    273.7   0.00000000   0.00000000    272.6   99.0      2.2     77840
2018  5  7  3      0.0    271.0   0.00000000   0.00000000    272.2   99.0      2.2     77790
2018  5  7  4      0.0    228.7   0.00000000   0.00000000    272.3   99.0      1.8     77790
2018  5  7  5     34.0    234.7   0.00000000   0.00000000    274.1   94.0      2.0     77910
2018  5  7  6    149.0    249.6   0.00000000   0.00000000    277.4   86.0      1.7     78160
2018  5  7  7    289.0    260.8   0.00000000   0.00000000    279.9   78.0      0.9     78320
2018  5  7  8    468.0    269.0   0.00000000   0.00002778    281.5   65.0      0.3     78430
2018  5  7  9    603.0    264.9   0.00000000   0.00002778    282.6   54.0      0.1     78470
2018  5  7 10    718.0    269.0   0.00000000   0.00002778    283.8   47.0      0.3     78510
2018  5  7 11    778.0    277.8   0.00000000   0.00002778    284.4   45.0      0.1     78500
2018  5  7 12    805.0    294.9   0.00000000   0.00000000    283.0   49.0      1.3     78400
2018  5  7 13    482.0    304.0   0.00000000   0.00005556    280.2   65.0      1.2     78370
2018  5  7 14    593.0    295.7   0.00000000   0.00005556    282.3   56.0      1.0     78390
2018  5  7 15    519.0    302.6   0.00000000   0.00002778    282.8   54.0      1.0     78350
2018  5  7 16    389.0    308.3   0.00000000   0.00005556    282.4   55.0      0.7     78320
2018  5  7 17    211.0    303.3   0.00000000   0.00000000    281.5   61.0      0.3     78240
2018  5  7 18     80.0    305.9   0.00000000   0.00000000    279.6   75.0      0.3     78140
2018  5  7 19      8.0    295.4   0.00000000   0.00000000    277.3   80.0      0.8     77970
2018  5  7 20      0.0    288.6   0.00000000   0.00000000    276.4   79.0      1.4     77920
2018  5  7 21      0.0    282.9   0.00000000   0.00000000    275.5   82.0      1.7     77860
2018  5  7 22      0.0    253.5   0.00000000   0.00000000    274.5   87.0      1.6     77770
2018  5  7 23      0.0    253.3   0.00000000   0.00000000    273.4   91.0      1.5     77690
2018  5  8  0      0.0    233.7   0.00000000   0.00000000    273.0   92.0      1.6     77610
2018  5  8  1      0.0    235.2   0.00000000   0.00000000    273.0   91.0      1.6     77560
2018  5  8  2      0.0    232.9   0.00000000   0.00000000    272.6   91.0      1.5     77520
2018  5  8  3      0.0    220.9   0.00000000   0.00000000    272.2   92.0      1.4     77480
2018  5  8  4      0.0    217.3   0.00000000   0.00000000    271.6   94.0      1.2     77430
2018  5  8  5     43.0    223.1   0.00000000   0.00000000    272.8   92.0      1.0     77480
2018  5  8  6    171.0    246.4   0.00000000   0.00000000    277.8   79.0      0.9     77820
2018  5  8  7    360.0    254.3   0.00000000   0.00000000    280.8   61.0      0.4     77980
2018  5  8  8    555.0    259.6   0.00000000   0.00000000    282.1   56.0      1.2     78040
2018  5  8  9    711.0    278.7   0.00000000   0.00000000    283.3   49.0      1.6     78090
2018  5  8 10    746.0    303.8   0.00000000   0.00000000    284.0   47.0      1.8     78060
2018  5  8 11    665.0    281.6   0.00000000   0.00011111    283.8   47.0      2.0     78000
2018  5  8 12    695.0    289.9   0.00000000   0.00008333    282.9   52.0      2.5     77920
2018  5  8 13    760.0    304.7   0.00000000   0.00002778    283.3   55.0      2.5     77930
2018  5  8 14    458.0    287.2   0.00000000   0.00000000    281.4   61.0      2.6     77840
2018  5  8 15    405.0    289.9   0.00000000   0.00005556    281.2   66.0      2.2     77800
2018  5  8 16    256.0    299.8   0.00000000   0.00011111    279.2   84.0      1.5     77730
2018  5  8 17    165.0    290.6   0.00000000   0.00002778    279.0   87.0      0.7     77660
2018  5  8 18     79.0    283.3   0.00000000   0.00011111    277.8   89.0      0.6     77610
2018  5  8 19      8.0    253.2   0.00000000   0.00005556    276.2   91.0      0.4     77470
2018  5  8 20      0.0    237.9   0.00000000   0.00000000    275.0   92.0      0.8     77370
2018  5  8 21      0.0    230.8   0.00000000   0.00000000    273.5   98.0      0.6     77250
2018  5  8 22      0.0    261.1   0.00000000   0.00000000    272.3   98.0      0.7     77160
2018  5  8 23      0.0    276.4   0.00000000   0.00000000    273.0   99.0      0.8     77210
2018  5  9  0      0.0    290.2   0.00000000   0.00000000    275.9   85.0      0.6     77350
2018  5  9  1      0.0    244.7   0.00000000   0.00000000    276.8   84.0      0.6     77380
2018  5  9  2      0.0    244.7   0.00000000   0.00000000    276.2   88.0      0.8     77320
2018  5  9  3      0.0    246.7   0.00000000   0.00000000    275.0   98.0      0.9     77220
2018  5  9  4      0.1    266.4   0.00000000   0.00000000    271.5   99.0      1.0     76970
2018  5  9  5     39.0    287.8   0.00000000   0.00000000    274.6  100.0      0.6     77210
2018  5  9  6    148.0    286.6   0.00000000   0.00000000    276.6   97.0      0.8     77380
2018  5  9  7    275.0    270.2   0.00000000   0.00002778    277.5   93.0      1.6     77470
2018  5  9  8    426.0    275.0   0.00000000   0.00008333    278.4   92.0      1.6     77540
2018  5  9  9    510.0    318.9   0.00000000   0.00013889    279.5   90.0      1.7     77580
2018  5  9 10    463.0    312.3   0.00002778   0.00027778    278.3   95.0      1.6     77550
2018  5  9 11    366.0    307.2   0.00002778   0.00016667    277.8   96.0      1.3     77530
2018  5  9 12    542.0    314.1   0.00005556   0.00019444    278.8   91.0      1.3     77540
2018  5  9 13    642.0    289.6   0.00000000   0.00002778    280.1   80.0      1.8     77580
2018  5  9 14    573.0    276.3   0.00000000   0.00002778    280.1   73.0      1.8     77540
2018  5  9 15    519.0    299.6   0.00000000   0.00002778    279.8   74.0      1.3     77520
2018  5  9 16    375.0    295.8   0.00000000   0.00000000    279.1   76.0      1.6     77480
2018  5  9 17    234.0    278.5   0.00000000   0.00002778    277.9   76.0      1.4     77450
2018  5  9 18     89.0    260.7   0.00000000   0.00000000    276.2   93.0      1.1     77350
2018  5  9 19     10.0    260.5   0.00000000   0.00002778    275.6   89.0      0.5     77350
2018  5  9 20      0.0    245.5   0.00000000   0.00000000    273.5   95.0      0.4     77200
2018  5  9 21      0.0    242.5   0.00000000   0.00000000    273.2   95.0      0.9     77200
2018  5  9 22      0.0    227.4   0.00000000   0.00000000    271.8   97.0      0.9     77070
2018  5  9 23      0.0    223.6   0.00000000   0.00000000    271.3   95.0      1.1     77040
2018  5 10  0      0.0    224.5   0.00000000   0.00000000    270.8   95.0      0.4     77000
2018  5 10  1      0.0    226.1   0.00000000   0.00000000    271.8   97.0      0.8     77080
2018  5 10  2      0.0    218.5   0.00000000   0.00000000    270.8   98.0      0.9     77000
2018  5 10  3      0.0    215.6   0.00000000   0.00000000    270.1   97.0      1.2     76960
2018  5 10  4      2.7    224.0   0.00000000   0.00000000    270.4   97.0      1.3     77010
2018  5 10  5     37.0    263.2   0.00000000   0.00000000    272.2   96.0      1.2     77180
2018  5 10  6    142.0    283.4   0.00000000   0.00000000    275.1   91.0      0.7     77430
2018  5 10  7    282.0    267.5   0.00000000   0.00000000    277.3   76.0      0.6     77620
2018  5 10  8    503.0    273.4   0.00000000   0.00005556    278.8   65.0      1.1     77710
2018  5 10  9    541.0    278.8   0.00000000   0.00005556    279.5   60.0      1.6     77790
2018  5 10 10    667.0    282.2   0.00000000   0.00008333    280.8   57.0      1.4     77830
2018  5 10 11    712.0    297.3   0.00000000   0.00013889    281.0   55.0      1.9     77860
2018  5 10 12    728.0    284.7   0.00005556   0.00011111    278.8   76.0      1.9     77900
2018  5 10 13    565.0    313.0   0.00000000   0.00002778    280.4   81.0      2.0     77990
2018  5 10 14    590.0    308.6   0.00000000   0.00005556    280.5   83.0      2.4     77990
2018  5 10 15    506.0    307.5   0.00000000   0.00008333    277.8   95.0      2.2     77980
2018  5 10 16    267.0    306.6   0.00000000   0.00019444    277.4   97.0      1.6     78010
2018  5 10 17    132.0    300.3   0.00000000   0.00013889    276.5  100.0      1.2     78040
2018  5 10 18     34.0    294.2   0.00000000   0.00027778    275.5  100.0      1.2     78050
2018  5 10 19      3.0    290.2   0.00005556   0.00033333    275.0   99.0      1.3     78080
2018  5 10 20      0.0    289.2   0.00002778   0.00027778    274.8  100.0      1.0     78130
2018  5 10 21      0.0    288.5   0.00000000   0.00013889    274.8  100.0      1.0     78150
2018  5 10 22      0.0    285.7   0.00000000   0.00002778    274.3  100.0      1.0     78150
2018  5 10 23      0.0    285.7   0.00000000   0.00000000    274.3  100.0      0.6     78160
2018  5 11  0      0.0    282.5   0.00000000   0.00000000    273.9   99.0      0.8     78140
2018  5 11  1      0.0    281.9   0.00000000   0.00000000    273.8   99.0      1.1     78090
2018  5 11  2      0.0    238.9   0.00000000   0.00000000    273.8   96.0      1.6     78050
2018  5 11  3      0.0    233.9   0.00000000   0.00000000    273.8   95.0      1.7     78010
2018  5 11  4      4.0    252.3   0.00000000   0.00000000    273.9   95.0      1.8     78060
2018  5 11  5     23.0    273.7   0.00000000   0.00000000    274.2   96.0      2.3     78100
2018  5 11  6    112.0    240.6   0.00000000   0.00000000    275.2   92.0      2.4     78120
2018  5 11  7    303.0    247.9   0.00000000   0.00000000    277.9   81.0      2.1     78220
2018  5 11  8    521.0    257.1   0.00000000   0.00000000    280.5   68.0      1.7     78320
2018  5 11  9    712.0    264.0   0.00000000   0.00000000    282.4   56.0      2.1     78400
2018  5 11 10    803.0    272.6   0.00000000   0.00002778    283.6   49.0      1.8     78460
2018  5 11 11    870.0    279.3   0.00000000   0.00011111    284.2   47.0      1.2     78490
2018  5 11 12    821.0    333.4   0.00000000   0.00002778    283.6   66.0      1.4     78450
2018  5 11 13    755.0    340.0   0.00000000   0.00036111    282.8   82.0      1.6     78400
2018  5 11 14    585.0    313.7   0.00000000   0.00113889    279.8   88.0      1.7     78340
2018  5 11 15    131.0    310.2   0.00000000   0.00019444    278.4   96.0      0.5     78270
2018  5 11 16    231.0    309.1   0.00000000   0.00002778    279.5   86.0      0.5     78330
2018  5 11 17    142.0    308.5   0.00000000   0.00027778    278.3   94.0      0.8     78290
2018  5 11 18     66.0    300.2   0.00000000   0.00000000    277.9   96.0      1.2     78250
2018  5 11 19     12.0    286.0   0.00000000   0.00000000    275.9   98.0      0.9     78060
2018  5 11 20      0.0    274.7   0.00000000   0.00000000    275.3   98.0      1.1     78060
2018  5 11 21      0.0    277.3   0.00000000   0.00000000    273.8  100.0      1.0     77950
2018  5 11 22      0.0    274.4   0.00000000   0.00000000    272.8  100.0      1.1     77870
2018  5 11 23      0.0    262.9   0.00000000   0.00000000    272.1   99.0      1.4     77790
2018  5 12  0      0.0    277.1   0.00000000   0.00000000    273.1   99.0      1.3     77890
2018  5 12  1      0.0    226.9   0.00000000   0.00000000    272.8   99.0      1.5     77840
2018  5 12  2      0.0    223.2   0.00000000   0.00000000    272.1   99.0      1.0     77760
2018  5 12  3      0.0    220.6   0.00000000   0.00000000    271.4   99.0      1.0     77710
2018  5 12  4      7.7    225.5   0.00000000   0.00000000    271.1   98.0      1.2     77680
2018  5 12  5     42.0    267.0   0.00000000   0.00000000    273.6   96.0      1.6     77880
2018  5 12  6    150.0    251.8   0.00000000   0.00000000    277.3   88.0      1.5     78130
2018  5 12  7    291.0    259.5   0.00000000   0.00000000    279.9   80.0      0.8     78310
2018  5 12  8    514.0    264.2   0.00000000   0.00002778    281.8   60.0      0.3     78380
2018  5 12  9    648.0    273.8   0.00000000   0.00002778    282.8   52.0      0.6     78410
2018  5 12 10    630.0    288.9   0.00000000   0.00000000    283.6   48.0      0.7     78410
2018  5 12 11    611.0    289.7   0.00000000   0.00000000    284.0   45.0      0.2     78370
2018  5 12 12    600.0    302.6   0.00000000   0.00000000    284.1   46.0      1.2     78330
2018  5 12 13    767.0    291.3   0.00000000   0.00011111    284.8   45.0      1.7     78320
2018  5 12 14    626.0    290.6   0.00000000   0.00008333    283.8   51.0      0.9     78260
2018  5 12 15    470.0    297.3   0.00000000   0.00005556    282.8   57.0      0.9     78210
2018  5 12 16    331.0    286.2   0.00000000   0.00000000    282.8   60.0      0.7     78170
2018  5 12 17    236.0    275.1   0.00000000   0.00002778    282.4   62.0      0.6     78130
2018  5 12 18     89.0    289.1   0.00000000   0.00016667    279.6   98.0      0.2     78010
2018  5 12 19     13.0    258.3   0.00000000   0.00000000    277.5   97.0      0.9     77850
2018  5 12 20      0.0    246.4   0.00000000   0.00000000    276.3   93.0      1.2     77780
2018  5 12 21      0.0    238.0   0.00000000   0.00000000    275.0   94.0      1.6     77700
2018  5 12 22      0.0    231.6   0.00000000   0.00000000    273.8   98.0      1.9     77620
2018  5 12 23      0.0    226.5   0.00000000   0.00000000    272.9   99.0      2.0     77550
2018  5 13  0      0.0    232.7   0.00000000   0.00000000    274.1   95.0      1.9     77560
2018  5 13  1      0.0    230.8   0.00000000   0.00000000    273.8   94.0      2.0     77540
2018  5 13  2      0.0    241.1   0.00000000   0.00000000    273.0   96.0      1.9     77430
2018  5 13  3      0.0    266.9   0.00000000   0.00000000    272.8   97.0      1.8     77420
2018  5 13  4      7.9    246.4   0.00000000   0.00000000    272.9   99.0      2.0     77450
2018  5 13  5     47.0    282.6   0.00000000   0.00000000    274.8   98.0      2.2     77590
2018  5 13  6    158.0    263.7   0.00000000   0.00000000    277.0   91.0      2.1     77730
2018  5 13  7    297.0    258.5   0.00000000   0.00000000    279.0   76.0      2.2     77840
2018  5 13  8    484.0    262.6   0.00000000   0.00000000    280.8   63.0      2.6     77880
2018  5 13  9    526.0    288.6   0.00000000   0.00000000    282.1   53.0      3.1     77910
2018  5 13 10    595.0    302.3   0.00000000   0.00005556    283.0   50.0      3.4     77880
2018  5 13 11    624.0    271.9   0.00000000   0.00002778    283.4   48.0      3.4     77860
2018  5 13 12    655.0    285.6   0.00000000   0.00000000    284.0   43.0      3.1     77820
2018  5 13 13    644.0    276.1   0.00000000   0.00008333    283.8   45.0      2.2     77780
2018  5 13 14    561.0    281.4   0.00000000   0.00005556    283.0   49.0      2.4     77720
2018  5 13 15    519.0    284.9   0.00000000   0.00005556    283.1   48.0      2.2     77680
2018  5 13 16    353.0    270.4   0.00000000   0.00000000    282.0   52.0      1.2     77630
2018  5 13 17    236.0    257.1   0.00000000   0.00000000    280.9   56.0      0.3     77580
2018  5 13 18     93.0    256.8   0.00000000   0.00000000    279.6   65.0      0.4     77520
2018  5 13 19     14.0    248.4   0.00000000   0.00000000    276.6   83.0      1.2     77290
2018  5 13 20      0.0    238.9   0.00000000   0.00000000    276.0   80.0      1.1     77270
2018  5 13 21      0.0    239.0   0.00000000   0.00000000    275.9   81.0      1.3     77270
2018  5 13 22      0.0    242.1   0.00000000   0.00000000    275.2   85.0      1.5     77240
2018  5 13 23      0.0    242.5   0.00000000   0.00000000    274.8   89.0      1.7     77210
2018  5 14  0      0.0    221.5   0.00000000   0.00000000    272.3   93.0      1.3     76990
2018  5 14  1      0.0    232.6   0.00000000   0.00000000    272.5   97.0      1.8     76980
2018  5 14  2      0.0    246.4   0.00000000   0.00000000    272.9   99.0      2.0     76980
2018  5 14  3      0.0    260.1   0.00000000   0.00000000    273.0   99.0      1.7     76980
2018  5 14  4      4.6    275.0   0.00000000   0.00000000    272.8   99.0      2.0     76970
2018  5 14  5     37.0    231.9   0.00000000   0.00000000    273.9   94.0      2.0     77060
2018  5 14  6    137.0    270.0   0.00000000   0.00000000    276.6   81.0      1.6     77260
2018  5 14  7    264.0    291.5   0.00000000   0.00000000    278.5   69.0      2.4     77370
2018  5 14  8    309.0    280.8   0.00000000   0.00000000    279.6   62.0      2.6     77420
2018  5 14  9    365.0    260.6   0.00000000   0.00000000    280.4   56.0      2.4     77470
2018  5 14 10    555.0    265.9   0.00000000   0.00008333    281.4   51.0      2.1     77520
2018  5 14 11    705.0    272.6   0.00000000   0.00011111    282.1   47.0      1.4     77570
2018  5 14 12    683.0    300.4   0.00002778   0.00011111    278.6   78.0      0.8     77450
2018  5 14 13    442.0    303.7   0.00030556   0.00027778    279.0   75.0      1.4     77520
2018  5 14 14    386.0    304.0   0.00000000   0.00013889    278.2   80.0      2.1     77480
2018  5 14 15    152.0    301.6   0.00013889   0.00030556    276.6   99.0      1.6     77440
2018  5 14 16     50.0    298.5   0.00019444   0.00041667    276.1  100.0      1.1     77420
2018  5 14 17     15.0    294.2   0.00025000   0.00047222    275.5  100.0      0.5     77390
2018  5 14 18      8.0    290.6   0.00036111   0.00036111    275.0  100.0      1.2     77410
2018  5 14 19      2.0    284.3   0.00036111   0.00016667    274.1  100.0      1.0     77400
2018  5 14 20      0.0    277.7   0.00055556   0.00002778    273.2   99.0      0.4     77390
2018  5 14 21      0.0    274.1   0.00047222   0.00000000    272.6  100.0      0.6     77350
2018  5 14 22      0.0    273.0   0.00027778   0.00000000    272.5   99.0      0.6     77330
2018  5 14 23      0.0    271.7   0.00027778   0.00000000    272.3   99.0      0.4     77310
2018  5 15  0      0.0    271.4   0.00022222   0.00000000    272.2  100.0      0.6     77380
2018  5 15  1      0.0    269.3   0.00019444   0.00000000    272.0   98.0      1.0     77390
2018  5 15  2      0.0    268.3   0.00027778   0.00000000    271.8   99.0      0.7     77330
2018  5 15  3      0.0    269.0   0.00036111   0.00000000    271.9   99.0      1.1     77300
2018  5 15  4      5.5    269.0   0.00030556   0.00000000    271.9   99.0      1.4     77300
2018  5 15  5     15.0    269.7   0.00016667   0.00000000    272.0   99.0      1.2     77280
2018  5 15  6     56.0    271.6   0.00016667   0.00000000    272.4   97.0      1.6     77320
2018  5 15  7     94.0    272.0   0.00022222   0.00000000    272.4   98.0      1.7     77350
2018  5 15  8    134.0    272.5   0.00016667   0.00000000    272.6   96.0      1.8     77370
2018  5 15  9    199.0    274.4   0.00011111   0.00000000    273.0   94.0      1.9     77410
2018  5 15 10    336.0    279.1   0.00011111   0.00002778    273.8   94.0      2.2     77430
2018  5 15 11    375.0    286.6   0.00011111   0.00005556    274.6   97.0      2.0     77480
2018  5 15 12    408.0    293.5   0.00000000   0.00008333    275.4  100.0      2.5     77520
2018  5 15 13    511.0    290.6   0.00000000   0.00008333    275.0  100.0      2.3     77580
2018  5 15 14    484.0    288.1   0.00002778   0.00011111    275.0   94.0      1.7     77580
2018  5 15 15    462.0    289.8   0.00000000   0.00008333    275.0   98.0      1.3     77610
2018  5 15 16    347.0    285.7   0.00000000   0.00005556    274.3  100.0      1.3     77590
2018  5 15 17    156.0    278.7   0.00005556   0.00005556    273.4   98.0      1.5     77560
2018  5 15 18     69.0    274.8   0.00011111   0.00000000    272.8  100.0      1.4     77550
2018  5 15 19     14.0    270.7   0.00005556   0.00000000    272.1  100.0      1.5     77540
2018  5 15 20      0.0    271.7   0.00005556   0.00000000    272.3   99.0      1.3     77580
2018  5 15 21      0.0    264.4   0.00005556   0.00000000    271.2   99.0      0.9     77540
2018  5 15 22      0.0    268.3   0.00002778   0.00000000    271.8   99.0      0.6     77620
2018  5 15 23      0.0    269.0   0.00005556   0.00000000    271.9   99.0      0.6     77610
2018  5 16  0      0.0    270.7   0.00008333   0.00000000    272.1  100.0      1.4     77650
2018  5 16  1      0.0    270.7   0.00008333   0.00000000    272.1  100.0      1.1     77630
2018  5 16  2      0.0    239.2   0.00025000   0.00000000    271.4   97.0      0.8     77590
2018  5 16  3      0.0    263.7   0.00013889   0.00000000    271.1   99.0      0.7     77570
2018  5 16  4      6.3    265.0   0.00013889   0.00000000    271.3   99.0      0.6     77590
2018  5 16  5     23.0    268.5   0.00013889   0.00000000    272.0   96.0      1.1     77640
2018  5 16  6     63.0    271.3   0.00016667   0.00000000    272.6   93.0      1.3     77680
2018  5 16  7    117.0    272.1   0.00011111   0.00000000    273.0   91.0      1.5     77680
2018  5 16  8    248.0    275.4   0.00008333   0.00000000    273.6   87.0      1.5     77700
2018  5 16  9    313.0    277.3   0.00008333   0.00000000    274.1   84.0      1.7     77730
2018  5 16 10    393.0    277.6   0.00008333   0.00000000    274.5   83.0      2.0     77740
2018  5 16 11    520.0    250.0   0.00008333   0.00002778    275.0   78.0      1.7     77760
2018  5 16 12    711.0    267.9   0.00016667   0.00002778    275.8   74.0      2.3     77820
2018  5 16 13    627.0    261.4   0.00011111   0.00002778    275.8   77.0      2.0     77790
2018  5 16 14    572.0    291.5   0.00002778   0.00008333    275.3   97.0      2.1     77800
2018  5 16 15    331.0    282.4   0.00013889   0.00008333    274.2   96.0      1.4     77830
2018  5 16 16    222.0    278.2   0.00011111   0.00000000    273.6   96.0      1.1     77810
2018  5 16 17    116.0    276.3   0.00011111   0.00002778    273.1   97.0      0.4     77790
2018  5 16 18     57.0    273.7   0.00013889   0.00000000    272.8   98.0      0.4     77790
2018  5 16 19     11.0    272.1   0.00011111   0.00000000    272.3  100.0      0.4     77780
2018  5 16 20      0.0    271.7   0.00011111   0.00000000    272.3   99.0      0.9     77830
2018  5 16 21      0.0    271.0   0.00011111   0.00000000    272.2   99.0      0.9     77860
2018  5 16 22      0.0    271.0   0.00011111   0.00000000    272.2   99.0      0.2     77870
2018  5 16 23      0.0    269.7   0.00002778   0.00000000    272.0   99.0      0.2     77830
2018  5 17  0      0.0    271.7   0.00000000   0.00000000    272.3   99.0      0.7     77840
2018  5 17  1      0.0    272.3   0.00011111   0.00000000    272.4   99.0      0.7     77820
2018  5 17  2      0.0    270.3   0.00005556   0.00000000    272.1   99.0      0.7     77780
2018  5 17  3      0.0    273.0   0.00005556   0.00000000    272.5   99.0      0.9     77830
2018  5 17  4      7.0    272.3   0.00008333   0.00000000    272.4   99.0      1.0     77850
2018  5 17  5     21.0    273.7   0.00013889   0.00000000    272.6   99.0      0.8     77880
2018  5 17  6    118.0    274.5   0.00019444   0.00000000    272.9   96.0      0.5     77920
2018  5 17  7    204.0    275.2   0.00008333   0.00000000    273.4   92.0      0.6     77920
2018  5 17  8    195.0    276.0   0.00011111   0.00000000    273.5   90.0      1.2     77930
2018  5 17  9    293.0    273.4   0.00013889   0.00000000    274.1   86.0      1.3     77990
2018  5 17 10    359.0    280.3   0.00008333   0.00002778    274.4   86.0      1.2     78010
2018  5 17 11    368.0    280.7   0.00005556   0.00002778    274.6   86.0      1.4     78020
2018  5 17 12    464.0    295.2   0.00002778   0.00005556    276.5   91.0      1.9     78100
2018  5 17 13    745.0    292.1   0.00000000   0.00005556    276.2   89.0      1.4     78110
2018  5 17 14    604.0    290.5   0.00000000   0.00005556    275.8   93.0      1.7     78070
2018  5 17 15    473.0    285.1   0.00000000   0.00002778    275.3   94.0      1.3     78080
2018  5 17 16    386.0    286.7   0.00000000   0.00005556    274.8   94.0      0.7     78040
2018  5 17 17    164.0    283.5   0.00000000   0.00002778    274.1   98.0      0.8     78010
2018  5 17 18     93.0    276.4   0.00000000   0.00002778    273.0   99.0      1.1     78000
2018  5 17 19     12.0    282.3   0.00000000   0.00002778    273.8  100.0      0.6     78070
2018  5 17 20      0.0    281.2   0.00000000   0.00002778    273.8   99.0      0.6     78080
2018  5 17 21      0.0    281.2   0.00000000   0.00002778    273.8   99.0      0.3     78100
2018  5 17 22      0.0    274.4   0.00000000   0.00000000    272.8   99.0      0.3     78020
2018  5 17 23      0.0    270.3   0.00000000   0.00000000    272.1   99.0      0.5     77980
2018  5 18  0      0.0    278.7   0.00000000   0.00000000    273.4   98.0      0.1     78090
2018  5 18  1      0.0    279.1   0.00008333   0.00005556    273.4   99.0      0.1     78080
2018  5 18  2      0.0    273.7   0.00002778   0.00005556    272.6   99.0      0.5     78040
2018  5 18  3      0.0    274.1   0.00000000   0.00002778    272.8   99.0      0.6     78050
2018  5 18  4      1.0    229.6   0.00000000   0.00000000    271.9   98.0      0.8     77960
2018  5 18  5     43.0    221.8   0.00000000   0.00000000    272.1   97.0      0.7     77950
2018  5 18  6    123.0    227.2   0.00000000   0.00000000    273.4   94.0      0.7     78060
2018  5 18  7    285.0    232.4   0.00000000   0.00000000    275.6   76.0      0.3     78210
2018  5 18  8    452.0    254.9   0.00000000   0.00000000    275.8   78.0      0.8     78150
2018  5 18  9    480.0    289.6   0.00000000   0.00000000    276.8   72.0      0.9     78200
2018  5 18 10    540.0    254.4   0.00000000   0.00005556    277.8   69.0      1.1     78250
2018  5 18 11    719.0    260.4   0.00000000   0.00011111    278.2   66.0      1.1     78250
2018  5 18 12    747.0    266.8   0.00000000   0.00008333    279.8   58.0      1.8     78340
2018  5 18 13    793.0    257.1   0.00000000   0.00005556    278.6   64.0      1.4     78210
2018  5 18 14    703.0    262.0   0.00000000   0.00005556    278.1   70.0      1.6     78200
2018  5 18 15    578.0    275.1   0.00000000   0.00005556    277.4   84.0      1.0     78140
2018  5 18 16    402.0    279.9   0.00005556   0.00022222    277.3   87.0      1.7     78240
2018  5 18 17    242.0    271.4   0.00000000   0.00002778    277.2   84.0      0.9     78210
2018  5 18 18     97.0    252.7   0.00000000   0.00000000    276.1   96.0      0.7     78160
2018  5 18 19     19.0    286.5   0.00000000   0.00000000    274.8  100.0      0.5     78090
2018  5 18 20      0.0    280.2   0.00000000   0.00000000    273.5  100.0      0.6     78020
2018  5 18 21      0.0    275.4   0.00000000   0.00000000    272.8  100.0      0.6     77960
2018  5 18 22      0.0    263.8   0.00000000   0.00000000    271.4   99.0      0.8     77860
2018  5 18 23      0.0    265.7   0.00000000   0.00000000    271.4   99.0      1.2     77830
2018  5 19  0      0.0    255.9   0.00000000   0.00000000    270.0   97.0      0.7     77710
2018  5 19  1      0.0    250.9   0.00000000   0.00000000    269.8   96.0      1.0     77640
2018  5 19  2      0.0    256.3   0.00000000   0.00000000    270.5   97.0      1.5     77690
2018  5 19  3      0.0    255.9   0.00000000   0.00000000    270.6   99.0      1.8     77690
2018  5 19  4      1.0    239.0   0.00000000   0.00000000    270.5  100.0      2.1     77680
2018  5 19  5     53.0    235.8   0.00000000   0.00000000    271.4   96.0      1.7     77760
2018  5 19  6    179.0    235.3   0.00000000   0.00000000    273.9   91.0      0.9     77960
2018  5 19  7    362.0    252.5   0.00000000   0.00005556    275.8   85.0      0.9     78120
2018  5 19  8    539.0    264.9   0.00000000   0.00002778    279.0   62.0      0.4     78300
2018  5 19  9    675.0    299.9   0.00000000   0.00002778    280.1   60.0      0.7     78350
2018  5 19 10    700.0    303.3   0.00000000   0.00005556    278.1   82.0      1.2     78180
2018  5 19 11    629.0    309.1   0.00022222   0.00025000    279.2   78.0      2.4     78290
2018  5 19 12    548.0    308.4   0.00025000   0.00030556    277.9   93.0      0.7     78250
2018  5 19 13    428.0    315.6   0.00000000   0.00025000    278.8   98.0      0.8     78270
2018  5 19 14    252.0    313.1   0.00000000   0.00019444    278.1  100.0      1.2     78270
2018  5 19 15    185.0    305.7   0.00000000   0.00008333    277.1  100.0      0.3     78230
2018  5 19 16    223.0    305.2   0.00000000   0.00005556    277.3   98.0      0.2     78220
2018  5 19 17    145.0    303.5   0.00000000   0.00008333    276.8  100.0      0.6     78210
2018  5 19 18     77.0    297.7   0.00000000   0.00011111    276.0  100.0      0.5     78190
2018  5 19 19     11.0    285.7   0.00000000   0.00011111    274.3  100.0      0.9     78090
2018  5 19 20      0.0    282.0   0.00000000   0.00002778    274.2  100.0      0.9     78100
2018  5 19 21      0.0    276.7   0.00000000   0.00000000    274.0  100.0      1.6     78070
2018  5 19 22      0.0    261.3   0.00000000   0.00000000    273.2   99.0      2.0     78000
2018  5 19 23      0.0    271.7   0.00000000   0.00000000    272.6   99.0      2.2     77900
2018  5 20  0      0.0    268.6   0.00000000   0.00000000    272.5  100.0      1.5     77970
2018  5 20  1      0.0    269.8   0.00000000   0.00000000    272.4  100.0      1.8     77970
2018  5 20  2      0.0    272.7   0.00000000   0.00000000    272.4  100.0      2.1     77900
2018  5 20  3      0.0    236.2   0.00000000   0.00000000    272.4   98.0      2.1     77840
2018  5 20  4      1.0    225.5   0.00000000   0.00000000    271.9   99.0      1.8     77830
2018  5 20  5     58.0    250.1   0.00000000   0.00000000    273.2   97.0      2.1     77940
2018  5 20  6    163.0    288.0   0.00000000   0.00000000    275.8   92.0      1.6     78130
2018  5 20  7    312.0    297.4   0.00011111   0.00011111    277.5   81.0      1.3     78250
2018  5 20  8    303.0    302.6   0.00000000   0.00008333    278.0   80.0      1.2     78260
2018  5 20  9    247.0    299.8   0.00000000   0.00011111    278.0   75.0      0.9     78260
2018  5 20 10    453.0    310.9   0.00000000   0.00005556    279.6   78.0      0.5     78320
2018  5 20 11    594.0    314.3   0.00000000   0.00008333    280.9   75.0      0.4     78360
2018  5 20 12    636.0    311.1   0.00000000   0.00013889    279.4   77.0      0.6     78310
2018  5 20 13    528.0    316.0   0.00000000   0.00005556    280.8   71.0      0.7     78380
2018  5 20 14    367.0    311.2   0.00000000   0.00005556    279.8   76.0      0.8     78310
2018  5 20 15    349.0    314.1   0.00000000   0.00011111    279.8   79.0      0.9     78290
2018  5 20 16    307.0    316.5   0.00000000   0.00011111    279.4   89.0      0.5     78250
2018  5 20 17    108.0    305.6   0.00000000   0.00036111    277.8   98.0      0.6     78160
2018  5 20 18     62.0    307.2   0.00000000   0.00002778    277.6  100.0      0.8     78150
2018  5 20 19     21.0    267.5   0.00000000   0.00000000    273.9   99.0      1.9     77880
2018  5 20 20      0.0    238.8   0.00000000   0.00000000    272.4   98.0      2.1     77780
2018  5 20 21      0.0    227.2   0.00000000   0.00000000    271.8   98.0      1.6     77760
2018  5 20 22      0.0    219.3   0.00000000   0.00000000    271.4   99.0      2.1     77750
2018  5 20 23      0.0    265.0   0.00000000   0.00000000    271.3   99.0      2.6     77750
2018  5 21  0      0.0    260.2   0.00000000   0.00000000    272.1   99.0      2.9     77750
2018  5 21  1      0.0    231.9   0.00000000   0.00000000    272.2  100.0      2.9     77720
2018  5 21  2      0.0    229.1   0.00000000   0.00000000    271.6   99.0      2.6     77680
2018  5 21  3      0.0    231.7   0.00000000   0.00000000    271.3   99.0      2.6     77650
2018  5 21  4      2.0    226.5   0.00000000   0.00000000    270.8   98.0      2.8     77610
2018  5 21  5     60.0    270.2   0.00000000   0.00000000    272.2   97.0      2.7     77740
2018  5 21  6    177.0    275.9   0.00000000   0.00000000    275.0   93.0      2.2     77940
2018  5 21  7    358.0    249.5   0.00000000   0.00000000    278.2   80.0      1.7     78170
2018  5 21  8    577.0    255.7   0.00000000   0.00000000    280.3   61.0      1.8     78260
2018  5 21  9    710.0    273.6   0.00000000   0.00000000    282.2   49.0      2.0     78320
2018  5 21 10    724.0    279.1   0.00000000   0.00005556    282.9   43.0      1.6     78320
2018  5 21 11    718.0    271.4   0.00000000   0.00002778    283.2   42.0      1.6     78310
2018  5 21 12    771.0    270.3   0.00000000   0.00002778    284.1   32.0      0.7     78280
2018  5 21 13    780.0    307.4   0.00000000   0.00000000    284.8   34.0      0.5     78290
2018  5 21 14    661.0    292.4   0.00000000   0.00000000    283.8   37.0      0.3     78240
2018  5 21 15    541.0    284.6   0.00000000   0.00000000    283.2   41.0      0.8     78190
2018  5 21 16    297.0    286.6   0.00000000   0.00000000    281.9   48.0      0.6     78140
2018  5 21 17    198.0    291.8   0.00000000   0.00000000    280.9   55.0      0.8     78090
2018  5 21 18    114.0    277.6   0.00000000   0.00000000    278.9   74.0      0.1     78030
2018  5 21 19     18.0    269.6   0.00000000   0.00000000    277.1   83.0      0.7     77900
2018  5 21 20      0.0    275.5   0.00000000   0.00000000    275.8   88.0      1.1     77820
2018  5 21 21      0.0    278.0   0.00000000   0.00000000    274.2   95.0      1.2     77690
2018  5 21 22      0.0    272.6   0.00000000   0.00000000    273.0   97.0      1.2     77600
2018  5 21 23      0.0    267.4   0.00000000   0.00000000    272.5   97.0      1.5     77570
2018  5 22  0      0.0    270.2   0.00000000   0.00000000    273.0   91.0      0.9     77570
2018  5 22  1      0.0    271.2   0.00000000   0.00000000    273.5   88.0      0.9     77600
2018  5 22  2      0.0    272.1   0.00000000   0.00000000    273.0   91.0      1.2     77560
2018  5 22  3      0.0    265.8   0.00000000   0.00000000    272.0   94.0      1.4     77490
2018  5 22  4      2.0    261.5   0.00000000   0.00000000    271.3   97.0      1.2     77410
2018  5 22  5     61.0    277.6   0.00000000   0.00000000    274.1   89.0      1.3     77630
2018  5 22  6    154.0    300.2   0.00000000   0.00000000    277.6   81.0      1.1     77880
2018  5 22  7    286.0    304.4   0.00000000   0.00000000    279.6   64.0      0.5     78020
2018  5 22  8    301.0    307.4   0.00000000   0.00000000    280.2   62.0      1.2     78050
2018  5 22  9    384.0    310.3   0.00000000   0.00000000    280.9   59.0      1.6     78090
2018  5 22 10    382.0    311.6   0.00000000   0.00000000    281.4   56.0      1.1     78110
2018  5 22 11    424.0    314.4   0.00000000   0.00000000    281.9   55.0      1.2     78110
2018  5 22 12    429.0    310.4   0.00000000   0.00000000    283.3   40.0      1.4     78150
2018  5 22 13    502.0    312.9   0.00000000   0.00000000    283.8   39.0      1.4     78170
2018  5 22 14    413.0    311.1   0.00000000   0.00000000    283.4   40.0      1.9     78130
2018  5 22 15    364.0    313.3   0.00000000   0.00000000    282.2   51.0      1.7     78120
2018  5 22 16    238.0    313.2   0.00000000   0.00002778    281.2   60.0      1.2     78120
2018  5 22 17    122.0    311.4   0.00000000   0.00002778    280.1   69.0      0.9     78070
2018  5 22 18     73.0    311.5   0.00000000   0.00002778    279.3   81.0      0.5     78060
2018  5 22 19     14.0    307.8   0.00000000   0.00000000    278.5   85.0      0.3     78050
2018  5 22 20      0.0    301.7   0.00000000   0.00002778    277.2   92.0      0.4     78010
2018  5 22 21      0.0    300.8   0.00000000   0.00002778    277.2   90.0      0.9     78040
2018  5 22 22      0.0    287.4   0.00000000   0.00002778    276.2   94.0      0.8     77980
2018  5 22 23      0.0    258.1   0.00000000   0.00000000    275.2   96.0      0.8     77920
2018  5 23  0      0.0    253.3   0.00000000   0.00000000    275.2   96.0      0.7     77930
2018  5 23  1      0.0    266.0   0.00000000   0.00000000    274.5  100.0      0.9     77890
2018  5 23  2      0.0    250.3   0.00000000   0.00000000    273.8  100.0      1.1     77830
2018  5 23  3      0.0    272.4   0.00000000   0.00000000    272.5  100.0      1.3     77730
2018  5 23  4      2.0    268.0   0.00000000   0.00000000    271.9   99.0      1.1     77720
2018  5 23  5     54.0    285.7   0.00000000   0.00000000    274.6   95.0      1.4     77950
2018  5 23  6    161.0    305.1   0.00000000   0.00000000    277.2   97.0      0.9     78160
2018  5 23  7    315.0    269.5   0.00000000   0.00000000    278.8   81.0      1.1     78300
2018  5 23  8    480.0    300.8   0.00000000   0.00000000    280.8   66.0      0.4     78380
2018  5 23  9    476.0    297.3   0.00000000   0.00002778    281.8   63.0      1.0     78430
2018  5 23 10    575.0    289.9   0.00000000   0.00005556    282.6   60.0      1.2     78510
2018  5 23 11    694.0    314.6   0.00000000   0.00005556    282.8   71.0      1.3     78510
2018  5 23 12    620.0    344.1   0.00000000   0.00011111    282.1  100.0      1.6     78490
2018  5 23 13    707.0    334.4   0.00000000   0.00108333    283.0   80.0      2.3     78510
2018  5 23 14    503.0    339.1   0.00000000   0.00075000    281.6   98.0      2.3     78480
2018  5 23 15    354.0    331.8   0.00000000   0.00022222    280.8   96.0      0.4     78440
2018  5 23 16    199.0    314.0   0.00000000   0.00008333    280.5   96.0      0.3     78420
2018  5 23 17    217.0    310.9   0.00000000   0.00016667    280.1  100.0      0.4     78400
2018  5 23 18    119.0    322.2   0.00000000   0.00002778    279.3  100.0      0.5     78380
2018  5 23 19     22.0    314.6   0.00000000   0.00000000    278.3  100.0      0.8     78320
2018  5 23 20      0.0    310.1   0.00000000   0.00000000    277.8  100.0      0.0     78330
2018  5 23 21      0.0    294.2   0.00000000   0.00000000    275.5  100.0      1.0     78200
2018  5 23 22      0.0    289.9   0.00000000   0.00000000    274.9  100.0      0.8     78160
2018  5 23 23      0.0    288.9   0.00000000   0.00000000    275.2  100.0      1.2     78160
2018  5 24  0      0.0    280.5   0.00000000   0.00000000    273.9   94.0      0.9     78050
2018  5 24  1      0.0    271.6   0.00000000   0.00000000    274.5   95.0      0.3     78090
2018  5 24  2      0.0    259.1   0.00000000   0.00000000    273.9  100.0      0.1     78060
2018  5 24  3      0.0    280.2   0.00000000   0.00000000    273.5  100.0      0.9     78030
2018  5 24  4      2.0    280.5   0.00000000   0.00000000    273.6   99.0      1.1     78030
2018  5 24  5     57.0    293.2   0.00000000   0.00000000    275.6   96.0      0.9     78180
2018  5 24  6    175.0    315.9   0.00000000   0.00000000    278.8   97.0      0.1     78420
2018  5 24  7    311.0    321.1   0.00000000   0.00002778    279.6   93.0      0.7     78530
2018  5 24  8    362.0    281.4   0.00000000   0.00005556    280.8   90.0      0.8     78570
2018  5 24  9    613.0    283.9   0.00000000   0.00005556    282.8   78.0      1.0     78640
2018  5 24 10    704.0    307.5   0.00000000   0.00002778    283.8   73.0      1.5     78680
2018  5 24 11    752.0    337.1   0.00000000   0.00041667    282.9   78.0      3.0     78610
2018  5 24 12    659.0    334.9   0.00000000   0.00102778    283.3   68.0      2.7     78610
2018  5 24 13    578.0    337.2   0.00008333   0.00077778    282.3   84.0      1.8     78620
2018  5 24 14    259.0    320.7   0.00000000   0.00113889    280.2   90.0      0.1     78540
2018  5 24 15    242.0    280.1   0.00000000   0.00005556    280.0   87.0      1.1     78480
2018  5 24 16    258.0    286.2   0.00000000   0.00000000    280.6   83.0      0.4     78520
2018  5 24 17    211.0    280.2   0.00000000   0.00002778    280.0   86.0      0.9     78500
2018  5 24 18     97.0    290.4   0.00000000   0.00002778    279.2   91.0      1.1     78470
2018  5 24 19     21.0    276.2   0.00000000   0.00000000    278.2   98.0      0.6     78450
2018  5 24 20      0.0    282.1   0.00000000   0.00000000    276.8  100.0      0.7     78380
2018  5 24 21      0.0    302.8   0.00000000   0.00000000    276.8  100.0      0.9     78370
2018  5 24 22      0.0    296.6   0.00000000   0.00000000    275.9   99.0      1.1     78300
2018  5 24 23      0.0    292.3   0.00000000   0.00000000    275.3   99.0      1.3     78250
2018  5 25  0      0.0    284.2   0.00000000   0.00000000    274.2   98.0      0.6     78190
2018  5 25  1      0.0    286.1   0.00000000   0.00000000    274.5  100.0      0.7     78230
2018  5 25  2      0.0    238.0   0.00000000   0.00000000    274.8  100.0      1.1     78220
2018  5 25  3      0.0    283.6   0.00000000   0.00000000    274.0  100.0      1.2     78140
2018  5 25  4      3.0    277.5   0.00000000   0.00000000    273.4  100.0      2.0     78080
2018  5 25  5     59.0    289.8   0.00000000   0.00000000    275.0   98.0      2.0     78180
2018  5 25  6    202.0    315.8   0.00000000   0.00000000    278.8   96.0      1.4     78460
2018  5 25  7    374.0    265.3   0.00000000   0.00000000    280.9   72.0      0.6     78620
2018  5 25  8    585.0    276.7   0.00000000   0.00000000    282.6   61.0      0.9     78700
2018  5 25  9    729.0    314.5   0.00000000   0.00000000    284.3   51.0      0.9     78760
2018  5 25 10    790.0    326.3   0.00000000   0.00000000    285.5   44.0      1.7     78800
2018  5 25 11    646.0    324.2   0.00000000   0.00000000    285.4   47.0      2.6     78800
2018  5 25 12    661.0    294.0   0.00000000   0.00000000    285.9   41.0      2.7     78800
2018  5 25 13    781.0    318.3   0.00000000   0.00000000    286.5   39.0      2.3     78820
2018  5 25 14    743.0    319.9   0.00000000   0.00000000    286.4   42.0      2.4     78810
2018  5 25 15    661.0    300.6   0.00000000   0.00000000    285.8   47.0      2.8     78800
2018  5 25 16    493.0    276.7   0.00000000   0.00000000    284.8   57.0      2.6     78750
2018  5 25 17    325.0    274.7   0.00000000   0.00000000    283.3   65.0      2.1     78710
2018  5 25 18    156.0    269.3   0.00000000   0.00000000    281.6   77.0      0.9     78650
2018  5 25 19     31.0    262.7   0.00000000   0.00000000    280.6   77.0      0.9     78630
2018  5 25 20      0.0    249.4   0.00000000   0.00000000    277.5   90.0      0.9     78480
2018  5 25 21      0.0    246.5   0.00000000   0.00000000    276.9   92.0      0.9     78430
2018  5 25 22      0.0    243.1   0.00000000   0.00000000    276.2   94.0      1.2     78340
2018  5 25 23      0.0    239.4   0.00000000   0.00000000    275.5   95.0      1.2     78280
2018  5 26  0      0.0    233.5   0.00000000   0.00000000    274.8   90.0      1.0     78200
2018  5 26  1      0.0    256.8   0.00000000   0.00000000    275.3   88.0      0.9     78250
2018  5 26  2      0.0    247.3   0.00000000   0.00000000    275.4   87.0      1.1     78240
2018  5 26  3      0.0    250.3   0.00000000   0.00000000    275.3   87.0      1.1     78240
2018  5 26  4      3.0    269.0   0.00000000   0.00000000    275.6   86.0      1.3     78270
2018  5 26  5     77.0    259.4   0.00000000   0.00000000    277.6   84.0      1.5     78430
2018  5 26  6    226.0    284.9   0.00000000   0.00000000    282.6   72.0      1.1     78810
2018  5 26  7    401.0    289.2   0.00000000   0.00000000    284.8   59.0      1.0     78980
2018  5 26  8    568.0    299.3   0.00000000   0.00000000    286.1   53.0      1.4     79030
2018  5 26  9    656.0    303.2   0.00000000   0.00000000    286.9   48.0      1.8     79090
2018  5 26 10    739.0    315.1   0.00000000   0.00000000    287.4   47.0      1.9     79140
2018  5 26 11    774.0    309.7   0.00000000   0.00000000    288.0   46.0      1.9     79170
2018  5 26 12    845.0    331.5   0.00000000   0.00002778    288.0   39.0      2.7     79170
2018  5 26 13    713.0    335.4   0.00000000   0.00002778    287.9   41.0      3.0     79180
2018  5 26 14    694.0    341.6   0.00000000   0.00000000    287.5   43.0      2.5     79150
2018  5 26 15    535.0    336.9   0.00000000   0.00000000    286.5   48.0      2.7     79120
2018  5 26 16    346.0    339.7   0.00000000   0.00000000    285.4   55.0      2.3     79130
2018  5 26 17    230.0    336.5   0.00000000   0.00000000    284.3   63.0      1.5     79070
2018  5 26 18    117.0    335.6   0.00000000   0.00000000    283.2   72.0      0.8     79050
2018  5 26 19     24.0    320.5   0.00000000   0.00000000    280.6   86.0      0.9     78860
2018  5 26 20      0.0    313.1   0.00000000   0.00000000    279.1   89.0      0.8     78780
2018  5 26 21      0.0    309.5   0.00000000   0.00000000    278.8   90.0      0.9     78710
2018  5 26 22      0.0    307.6   0.00000000   0.00000000    278.0   92.0      1.2     78630
2018  5 26 23      0.0    305.9   0.00000000   0.00000000    277.5   94.0      1.4     78550
2018  5 27  0      0.0    301.4   0.00000000   0.00000000    277.5   89.0      1.1     78660
2018  5 27  1      0.0    307.3   0.00000000   0.00000000    278.3   87.0      0.7     78630
2018  5 27  2      0.0    305.6   0.00000000   0.00000000    278.0   88.0      1.1     78560
2018  5 27  3      0.0    299.8   0.00000000   0.00000000    277.3   91.0      1.4     78470
2018  5 27  4      3.0    297.8   0.00000000   0.00000000    276.8   92.0      1.4     78430
2018  5 27  5     55.0    311.3   0.00000000   0.00000000    278.8   89.0      1.9     78580
2018  5 27  6    131.0    329.0   0.00000000   0.00000000    281.8   80.0      1.9     78770
2018  5 27  7    303.0    340.5   0.00000000   0.00000000    284.3   65.0      1.3     78960
2018  5 27  8    490.0    339.3   0.00000000   0.00000000    286.1   50.0      1.0     79050
2018  5 27  9    627.0    330.4   0.00000000   0.00000000    287.1   46.0      0.1     79080
2018  5 27 10    732.0    308.3   0.00000000   0.00000000    288.1   46.0      0.4     79100
2018  5 27 11    788.0    342.1   0.00000000   0.00002778    288.8   47.0      0.8     79080
2018  5 27 12    741.0    339.5   0.00000000   0.00105556    285.3   57.0      1.6     78990
2018  5 27 13    677.0    344.0   0.00000000   0.00000000    286.8   50.0      0.6     79020
2018  5 27 14    562.0    348.6   0.00000000   0.00000000    287.0   51.0      1.3     78970
2018  5 27 15    446.0    343.2   0.00000000   0.00000000    285.8   54.0      2.1     78890
2018  5 27 16    328.0    335.3   0.00000000   0.00000000    285.0   59.0      1.1     78860
2018  5 27 17    253.0    334.1   0.00000000   0.00000000    285.0   59.0      0.7     78860
2018  5 27 18     97.0    345.1   0.00000000   0.00022222    282.6   94.0      0.6     78760
2018  5 27 19     26.0    328.7   0.00000000   0.00000000    280.4   96.0      0.6     78610
2018  5 27 20      0.0    324.4   0.00000000   0.00000000    279.9   95.0      0.9     78600
2018  5 27 21      0.0    316.6   0.00000000   0.00000000    279.0   93.0      1.5     78510
2018  5 27 22      0.0    310.1   0.00000000   0.00000000    278.2   92.0      1.6     78440
2018  5 27 23      0.0    303.6   0.00000000   0.00000000    277.6   92.0      1.8     78370
2018  5 28  0      0.0    308.1   0.00000000   0.00000000    277.8   94.0      2.4     78470
2018  5 28  1      0.0    305.7   0.00000000   0.00000000    277.4   95.0      2.2     78380
2018  5 28  2      0.0    297.3   0.00000000   0.00000000    276.0   99.0      2.1     78270
2018  5 28  3      0.0    292.7   0.00000000   0.00000000    275.3  100.0      2.1     78220
2018  5 28  4      3.0    289.8   0.00000000   0.00000000    275.0   98.0      2.1     78210
2018  5 28  5     60.0    296.3   0.00000000   0.00000000    276.1   95.0      2.2     78300
2018  5 28  6    165.0    318.5   0.00000000   0.00000000    280.1   85.0      2.0     78580
2018  5 28  7    356.0    323.1   0.00000000   0.00000000    283.0   66.0      2.0     78770
2018  5 28  8    535.0    326.1   0.00000000   0.00000000    284.9   57.0      2.1     78850
2018  5 28  9    699.0    290.8   0.00000000   0.00005556    286.4   48.0      2.4     78870
2018  5 28 10    714.0    326.4   0.00000000   0.00002778    287.0   45.0      2.5     78900
2018  5 28 11    760.0    327.0   0.00000000   0.00002778    287.8   41.0      2.6     78920
2018  5 28 12    726.0    340.5   0.00000000   0.00005556    287.5   41.0      3.3     78950
2018  5 28 13    659.0    337.9   0.00000000   0.00000000    287.2   46.0      2.9     78900
2018  5 28 14    744.0    338.6   0.00000000   0.00005556    287.6   46.0      3.0     78880
2018  5 28 15    591.0    342.1   0.00000000   0.00000000    287.4   43.0      3.1     78820
2018  5 28 16    410.0    340.2   0.00000000   0.00000000    286.6   47.0      2.4     78800
2018  5 28 17    251.0    335.5   0.00000000   0.00000000    285.4   53.0      2.2     78760
2018  5 28 18    114.0    332.3   0.00000000   0.00000000    283.8   61.0      1.7     78710
2018  5 28 19     23.0    321.5   0.00000000   0.00000000    281.8   68.0      1.4     78610
2018  5 28 20      0.0    317.8   0.00000000   0.00000000    280.8   74.0      1.5     78600
2018  5 28 21      0.0    314.3   0.00000000   0.00000000    279.9   80.0      1.9     78530
2018  5 28 22      0.0    308.9   0.00000000   0.00000000    279.1   85.0      2.0     78460
2018  5 28 23      0.0    286.9   0.00000000   0.00000000    278.2   89.0      2.1     78380
2018  5 29  0      0.0    293.0   0.00000000   0.00000000    277.4   86.0      1.5     78200
2018  5 29  1      0.0    298.2   0.00000000   0.00000000    277.4   84.0      1.7     78170
2018  5 29  2      0.0    300.9   0.00000000   0.00000000    277.4   85.0      1.8     78140
2018  5 29  3      0.0    299.7   0.00000000   0.00000000    277.1   87.0      1.4     78150
2018  5 29  4      1.0    303.8   0.00000000   0.00008333    277.6   88.0      1.5     78270
2018  5 29  5     13.0    309.4   0.00000000   0.00013889    278.4   92.0      1.7     78350
2018  5 29  6     62.0    315.8   0.00000000   0.00002778    280.2   89.0      2.0     78460
2018  5 29  7    230.0    296.2   0.00000000   0.00000000    282.1   77.0      2.6     78550
2018  5 29  8    501.0    307.7   0.00000000   0.00000000    284.8   59.0      3.2     78630
2018  5 29  9    515.0    330.3   0.00000000   0.00000000    285.5   54.0      3.3     78630
2018  5 29 10    602.0    311.4   0.00000000   0.00000000    286.0   50.0      3.1     78640
2018  5 29 11    620.0    306.7   0.00000000   0.00000000    286.4   50.0      2.8     78650
2018  5 29 12    666.0    291.0   0.00000000   0.00005556    286.2   48.0      1.6     78640
2018  5 29 13    765.0    321.4   0.00000000   0.00000000    287.3   42.0      1.8     78670
2018  5 29 14    575.0    313.2   0.00000000   0.00002778    286.9   46.0      2.4     78620
2018  5 29 15    470.0    342.9   0.00000000   0.00002778    286.9   45.0      1.8     78590
2018  5 29 16    357.0    315.5   0.00000000   0.00000000    285.4   50.0      1.2     78560
2018  5 29 17    233.0    291.2   0.00000000   0.00000000    283.9   67.0      0.9     78500
2018  5 29 18    140.0    290.0   0.00000000   0.00000000    282.8   82.0      0.9     78480
2018  5 29 19     34.0    280.9   0.00000000   0.00002778    281.5   90.0      0.6     78430
2018  5 29 20      0.0    262.0   0.00000000   0.00005556    279.0   94.0      0.5     78310
2018  5 29 21      0.0    257.3   0.00000000   0.00002778    278.4   90.0      0.7     78270
2018  5 29 22      0.0    250.7   0.00000000   0.00000000    277.8   88.0      0.8     78210
2018  5 29 23      0.0    246.9   0.00000000   0.00000000    277.2   87.0      0.9     78160
2018  5 30  0      0.0    244.4   0.00000000   0.00000000    276.8   89.0      1.3     78140
2018  5 30  1      0.0    281.1   0.00000000   0.00000000    277.3   86.0      0.9     78180
2018  5 30  2      0.0    281.1   0.00000000   0.00000000    276.8   89.0      0.8     78130
2018  5 30  3      0.0    291.5   0.00000000   0.00000000    276.0   93.0      1.0     78060
2018  5 30  4      4.0    270.5   0.00000000   0.00000000    275.3   98.0      1.7     78030
2018  5 30  5     77.0    261.7   0.00000000   0.00000000    277.9   93.0      2.2     78200
2018  5 30  6    219.0    266.9   0.00000000   0.00000000    280.9   80.0      1.8     78420
2018  5 30  7    404.0    273.0   0.00000000   0.00000000    283.5   63.0      1.2     78610
2018  5 30  8    584.0    276.5   0.00000000   0.00000000    285.5   50.0      1.3     78680
2018  5 30  9    731.0    285.6   0.00000000   0.00000000    287.0   46.0      1.9     78720
2018  5 30 10    744.0    299.9   0.00000000   0.00002778    287.4   45.0      1.9     78740
2018  5 30 11    731.0    314.3   0.00000000   0.00005556    288.0   46.0      1.9     78780
2018  5 30 12    751.0    323.9   0.00000000   0.00008333    287.8   41.0      2.1     78760
2018  5 30 13    835.0    306.7   0.00000000   0.00002778    288.6   41.0      2.0     78730
2018  5 30 14    671.0    326.0   0.00000000   0.00002778    288.2   43.0      1.6     78700
2018  5 30 15    577.0    332.0   0.00000000   0.00002778    287.6   42.0      1.0     78680
2018  5 30 16    327.0    333.5   0.00000000   0.00000000    285.8   50.0      2.3     78660
2018  5 30 17    166.0    334.5   0.00000000   0.00000000    284.8   60.0      0.9     78620
2018  5 30 18     90.0    341.3   0.00000000   0.00000000    283.6   74.0      1.4     78550
2018  5 30 19     27.0    328.5   0.00000000   0.00000000    281.8   76.0      1.3     78460
2018  5 30 20      0.0    322.5   0.00000000   0.00000000    280.8   80.0      1.5     78430
2018  5 30 21      0.0    319.7   0.00000000   0.00000000    280.1   83.0      1.9     78410
2018  5 30 22      0.0    315.7   0.00000000   0.00000000    279.5   84.0      1.9     78370
2018  5 30 23      0.0    309.1   0.00000000   0.00000000    278.8   87.0      2.1     78270
2018  5 31  0      0.0    296.2   0.00000000   0.00000000    277.8   91.0      1.7     78220
2018  5 31  1      0.0    312.1   0.00000000   0.00000000    278.6   90.0      1.9     78260
2018  5 31  2      0.0    312.6   0.00000000   0.00000000    278.6   91.0      1.7     78270
2018  5 31  3      0.0    301.4   0.00000000   0.00000000    278.1   91.0      1.8     78260
2018  5 31  4      4.0    281.4   0.00000000   0.00000000    278.0   91.0      2.0     78240
2018  5 31  5     83.0    293.2   0.00000000   0.00000000    279.5   87.0      2.3     78340
2018  5 31  6    215.0    288.3   0.00000000   0.00000000    282.2   72.0      2.2     78540
2018  5 31  7    359.0    298.0   0.00000000   0.00000000    283.8   62.0      2.7     78610
2018  5 31  8    571.0    298.8   0.00000000   0.00000000    285.2   55.0      2.9     78680
2018  5 31  9    677.0    300.1   0.00000000   0.00000000    287.0   44.0      3.0     78760
2018  5 31 10    609.0    323.8   0.00000000   0.00000000    287.5   42.0      2.5     78760
2018  5 31 11    640.0    297.7   0.00000000   0.00005556    287.4   44.0      1.8     78750
2018  5 31 12    670.0    296.5   0.00000000   0.00005556    287.6   42.0      1.5     78750
2018  5 31 13    804.0    284.1   0.00000000   0.00000000    288.2   38.0      1.4     78710
2018  5 31 14    710.0    292.9   0.00000000   0.00000000    287.1   40.0      0.5     78690
2018  5 31 15    530.0    305.9   0.00000000   0.00000000    285.8   51.0      1.4     78630
2018  5 31 16    419.0    330.7   0.00000000   0.00000000    284.5   61.0      1.1     78610
2018  5 31 17    255.0    332.6   0.00000000   0.00000000    283.8   74.0      0.9     78570
2018  5 31 18    104.0    329.3   0.00000000   0.00025000    282.5   88.0      0.9     78510
2018  5 31 19     29.0    290.6   0.00000000   0.00000000    281.0   88.0      0.8     78420
2018  5 31 20      0.0    278.1   0.00000000   0.00000000    279.8   87.0      0.9     78360
2018  5 31 21      0.0    261.7   0.00000000   0.00000000    279.0   86.0      0.8     78320
2018  5 31 22      0.0    253.4   0.00000000   0.00000000    278.2   86.0      0.6     78320
2018  5 31 23      0.0    272.5   0.00000000   0.00000000    278.6   85.0      0.5     78400
2018  6  1  0      0.0    300.0   0.00000000   0.00005556    277.8   84.0      0.9     78360
2018  6  1  1      0.0    308.3   0.00000000   0.00013889    279.1   76.0      1.1     78510
2018  6  1  2      0.0    303.6   0.00000000   0.00002778    277.5   89.0      1.0     78400
2018  6  1  3      0.0    309.4   0.00000000   0.00000000    278.3   89.0      0.7     78450
2018  6  1  4      3.0    308.3   0.00000000   0.00000000    277.8   96.0      0.4     78440
2018  6  1  5     53.0    314.8   0.00000000   0.00000000    278.8   94.0      0.6     78520
2018  6  1  6    144.0    315.8   0.00000000   0.00000000    279.6   87.0      1.0     78590
2018  6  1  7    185.0    322.2   0.00000000   0.00000000    280.5   82.0      1.2     78630
2018  6  1  8    292.0    280.4   0.00000000   0.00013889    280.9   85.0      1.5     78630
2018  6  1  9    447.0    343.9   0.00000000   0.00005556    282.2   98.0      1.6     78740
2018  6  1 10    599.0    347.9   0.00000000   0.00016667    283.2   95.0      1.9     78780
2018  6  1 11    532.0    344.4   0.00000000   0.00019444    282.8   92.0      1.8     78780
2018  6  1 12    628.0    334.9   0.00000000   0.00016667    282.4   96.0      1.8     78760
2018  6  1 13    673.0    315.7   0.00000000   0.00016667    284.5   86.0      1.3     78800
2018  6  1 14    560.0    343.2   0.00000000   0.00027778    282.2   99.0      1.6     78750
2018  6  1 15    274.0    324.1   0.00000000   0.00008333    281.9   93.0      0.6     78710
2018  6  1 16    277.0    306.4   0.00000000   0.00013889    281.8   86.0      1.3     78720
2018  6  1 17    157.0    301.0   0.00000000   0.00033333    280.8   88.0      1.0     78680
2018  6  1 18     73.0    317.2   0.00000000   0.00002778    280.1   89.0      1.5     78670
2018  6  1 19     20.0    320.0   0.00000000   0.00005556    279.2   97.0      1.0     78680
2018  6  1 20      0.0    308.4   0.00000000   0.00000000    278.8   99.0      0.5     78640
2018  6  1 21      0.0    257.4   0.00000000   0.00000000    277.4  100.0      0.5     78550
2018  6  1 22      0.0    302.8   0.00000000   0.00000000    276.8  100.0      0.4     78500
2018  6  1 23      0.0    303.8   0.00000000   0.00000000    276.9   99.0      0.7     78490
2018  6  2  0      0.0    305.6   0.00000000   0.00000000    277.2   98.0      0.8     78480
2018  6  2  1      0.0    303.5   0.00000000   0.00000000    276.8  100.0      1.2     78440
2018  6  2  2      0.0    300.2   0.00000000   0.00000000    276.4   99.0      1.4     78400
2018  6  2  3      0.0    299.5   0.00000000   0.00000000    276.3   99.0      1.8     78390
2018  6  2  4      3.0    302.4   0.00000000   0.00000000    276.8   99.0      1.6     78440
2018  6  2  5     40.0    311.9   0.00000000   0.00005556    278.0   99.0      1.2     78540
2018  6  2  6    137.0    321.1   0.00000000   0.00002778    279.6   93.0      1.1     78630
2018  6  2  7    302.0    318.5   0.00000000   0.00000000    281.5   84.0      0.4     78700
2018  6  2  8    513.0    323.3   0.00000000   0.00005556    283.2   81.0      1.1     78800
2018  6  2  9    620.0    345.2   0.00000000   0.00013889    283.1   87.0      2.1     78820
2018  6  2 10    641.0    319.8   0.00000000   0.00013889    283.3   84.0      1.0     78820
2018  6  2 11    686.0    304.1   0.00000000   0.00002778    284.8   73.0      0.9     78820
2018  6  2 12    568.0    325.3   0.00000000   0.00000000    282.5   77.0      1.1     78790
2018  6  2 13    683.0    313.0   0.00000000   0.00005556    285.3   58.0      1.6     78850
2018  6  2 14    639.0    288.6   0.00000000   0.00008333    283.9   62.0      1.9     78800
2018  6  2 15    448.0    304.7   0.00000000   0.00000000    283.8   66.0      0.9     78770
2018  6  2 16    260.0    298.0   0.00000000   0.00000000    282.6   74.0      1.6     78740
2018  6  2 17    238.0    294.7   0.00000000   0.00000000    282.0   81.0      0.9     78720
2018  6  2 18    125.0    302.3   0.00000000   0.00000000    281.1   88.0      1.0     78700
2018  6  2 19     32.0    295.0   0.00000000   0.00002778    280.1   91.0      0.6     78660
2018  6  2 20      0.0    274.2   0.00000000   0.00000000    278.0   98.0      0.9     78520
2018  6  2 21      0.0    303.4   0.00000000   0.00000000    277.8   97.0      0.7     78490
2018  6  2 22      0.0    297.7   0.00000000   0.00000000    277.4   96.0      1.0     78440
2018  6  2 23      0.0    279.7   0.00000000   0.00000000    276.5   99.0      1.3     78360
2018  6  3  0      0.0    297.9   0.00000000   0.00000000    276.2   97.0      1.1     78370
2018  6  3  1      0.0    294.2   0.00000000   0.00000000    275.5  100.0      1.7     78260
2018  6  3  2      0.0    295.2   0.00000000   0.00000000    275.8   99.0      2.1     78250
2018  6  3  3      0.0    294.2   0.00000000   0.00000000    275.5  100.0      2.3     78220
2018  6  3  4      5.0    293.7   0.00000000   0.00000000    275.5   99.0      2.5     78190
2018  6  3  5     66.0    297.8   0.00000000   0.00000000    277.2   95.0      2.3     78300
2018  6  3  6    207.0    277.1   0.00000000   0.00000000    281.0   85.0      1.7     78580
2018  6  3  7    381.0    303.8   0.00000000   0.00000000    283.8   66.0      0.9     78770
2018  6  3  8    566.0    337.6   0.00000000   0.00002778    285.4   54.0      0.5     78830
2018  6  3  9    637.0    343.7   0.00000000   0.00008333    286.1   52.0      0.6     78860
2018  6  3 10    618.0    342.6   0.00000000   0.00011111    286.2   50.0      0.8     78870
2018  6  3 11    492.0    343.5   0.00000000   0.00000000    286.2   51.0      0.4     78840
2018  6  3 12    575.0    339.3   0.00000000   0.00000000    286.8   47.0      0.6     78850
2018  6  3 13    741.0    341.3   0.00000000   0.00000000    287.8   49.0      0.9     78850
2018  6  3 14    662.0    348.1   0.00000000   0.00000000    288.1   48.0      0.7     78800
2018  6  3 15    407.0    341.8   0.00000000   0.00069444    284.2   75.0      1.7     78670
2018  6  3 16    247.0    333.1   0.00000000   0.00000000    284.1   77.0      1.7     78660
2018  6  3 17    181.0    342.4   0.00000000   0.00000000    283.8   81.0      0.4     78590
2018  6  3 18    110.0    339.1   0.00000000   0.00000000    283.1   89.0      0.6     78540
2018  6  3 19     32.0    327.3   0.00000000   0.00000000    281.8   90.0      0.9     78390
2018  6  3 20      0.0    320.6   0.00000000   0.00000000    280.4   89.0      1.1     78320
2018  6  3 21      0.0    319.5   0.00000000   0.00000000    279.8   89.0      1.1     78270
2018  6  3 22      0.0    309.9   0.00000000   0.00000000    279.4   89.0      1.3     78220
2018  6  3 23      0.0    299.9   0.00000000   0.00000000    278.8   90.0      1.5     78160
2018  6  4  0      0.0    285.9   0.00000000   0.00000000    278.0   88.0      1.9     78090
2018  6  4  1      0.0    294.3   0.00000000   0.00000000    277.6   90.0      1.9     78030
2018  6  4  2      0.0    296.5   0.00000000   0.00000000    276.8   93.0      2.3     77910
2018  6  4  3      0.0    293.7   0.00000000   0.00000000    275.5   99.0      2.1     77790
2018  6  4  4      6.0    290.6   0.00000000   0.00000000    275.0  100.0      2.1     77750
2018  6  4  5     75.0    309.2   0.00000000   0.00000000    278.0   93.0      2.1     77960
2018  6  4  6    204.0    329.4   0.00000000   0.00000000    281.6   84.0      1.4     78210
2018  6  4  7    404.0    333.1   0.00000000   0.00000000    284.1   59.0      0.9     78320
2018  6  4  8    585.0    325.8   0.00000000   0.00000000    285.8   51.0      0.5     78380
2018  6  4  9    705.0    296.0   0.00000000   0.00000000    287.1   45.0      0.7     78400
2018  6  4 10    732.0    315.1   0.00000000   0.00002778    287.6   43.0      0.5     78400
2018  6  4 11    830.0    310.2   0.00000000   0.00008333    287.1   45.0      0.5     78340
2018  6  4 12    571.0    305.9   0.00000000   0.00000000    287.2   35.0      1.5     78350
2018  6  4 13    540.0    291.5   0.00000000   0.00000000    285.3   56.0      2.2     78290
2018  6  4 14    674.0    307.8   0.00000000   0.00000000    286.3   53.0      1.7     78280
2018  6  4 15    616.0    316.7   0.00000000   0.00000000    286.5   52.0      1.8     78260
2018  6  4 16    372.0    326.4   0.00000000   0.00005556    285.4   58.0      1.2     78200
2018  6  4 17    265.0    330.0   0.00000000   0.00005556    284.8   61.0      0.8     78160
2018  6  4 18    108.0    329.9   0.00000000   0.00005556    283.0   84.0      0.4     78080
2018  6  4 19     32.0    297.4   0.00000000   0.00000000    280.5   92.0      0.6     77920
2018  6  4 20      0.0    285.1   0.00000000   0.00000000    280.4   88.0      0.5     77940
2018  6  4 21      0.0    288.5   0.00000000   0.00000000    279.6   88.0      0.5     77910
2018  6  4 22      0.0    260.9   0.00000000   0.00000000    278.5   88.0      0.6     77820
2018  6  4 23      0.0    259.2   0.00000000   0.00000000    277.9   88.0      0.2     77790
2018  6  5  0      0.0    243.8   0.00000000   0.00000000    276.1   95.0      1.2     77670
2018  6  5  1      0.0    246.9   0.00000000   0.00000000    276.6   98.0      0.9     77720
2018  6  5  2      0.0    298.8   0.00000000   0.00000000    276.2   99.0      1.1     77690
2018  6  5  3      0.0    298.8   0.00000000   0.00000000    276.3  100.0      1.0     77700
2018  6  5  4      4.0    300.2   0.00000000   0.00000000    276.4   99.0      0.9     77730
2018  6  5  5     67.0    270.5   0.00000000   0.00000000    279.1   96.0      0.8     77940
2018  6  5  6    203.0    275.2   0.00000000   0.00000000    281.8   84.0      0.7     78120
2018  6  5  7    386.0    282.8   0.00000000   0.00002778    283.0   78.0      1.2     78180
2018  6  5  8    488.0    295.3   0.00000000   0.00002778    283.8   72.0      1.4     78210
2018  6  5  9    511.0    298.3   0.00000000   0.00005556    284.5   67.0      1.4     78240
2018  6  5 10    622.0    314.7   0.00000000   0.00002778    285.4   69.0      1.7     78290
2018  6  5 11    706.0    327.9   0.00000000   0.00002778    286.5   69.0      1.7     78300
2018  6  5 12    700.0    344.4   0.00000000   0.00033333    286.0   55.0      1.9     78280
2018  6  5 13    675.0    335.7   0.00000000   0.00000000    286.5   62.0      1.6     78280
2018  6  5 14    599.0    334.1   0.00000000   0.00088889    283.8   77.0      2.0     78210
2018  6  5 15    279.0    333.4   0.00000000   0.00011111    282.5   85.0      1.5     78150
2018  6  5 16    274.0    322.2   0.00000000   0.00000000    283.4   80.0      0.7     78190
2018  6  5 17    269.0    332.6   0.00000000   0.00002778    283.6   77.0      0.6     78210
2018  6  5 18    109.0    334.8   0.00000000   0.00002778    282.8   89.0      0.1     78170
2018  6  5 19     33.0    324.1   0.00000000   0.00000000    280.8   96.0      0.9     78060
2018  6  5 20      0.0    317.2   0.00000000   0.00000000    279.8   95.0      0.8     78000
2018  6  5 21      0.0    311.9   0.00000000   0.00000000    279.2   94.0      1.0     77960
2018  6  5 22      0.0    306.0   0.00000000   0.00000000    278.6   93.0      1.2     77930
2018  6  5 23      0.0    302.6   0.00000000   0.00000000    278.2   92.0      1.4     77890
2018  6  6  0      0.0    297.1   0.00000000   0.00000000    277.5   91.0      1.4     77850
2018  6  6  1      0.0    249.1   0.00000000   0.00000000    277.4   91.0      1.4     77850
2018  6  6  2      0.0    247.0   0.00000000   0.00000000    276.9   93.0      1.5     77810
2018  6  6  3      0.0    245.1   0.00000000   0.00000000    276.1   96.0      2.0     77750
2018  6  6  4      6.0    297.0   0.00000000   0.00000000    275.9  100.0      2.1     77740
2018  6  6  5     72.0    312.3   0.00000000   0.00000000    278.3   95.0      2.1     77940
2018  6  6  6    179.0    295.0   0.00000000   0.00000000    281.1   85.0      1.6     78160
2018  6  6  7    385.0    296.2   0.00000000   0.00000000    283.9   66.0      0.9     78340
2018  6  6  8    558.0    289.2   0.00000000   0.00000000    285.6   55.0      1.2     78410
2018  6  6  9    608.0    296.0   0.00000000   0.00005556    286.3   49.0      1.3     78440
2018  6  6 10    613.0    307.1   0.00000000   0.00002778    286.6   48.0      1.7     78480
2018  6  6 11    656.0    307.7   0.00000000   0.00002778    287.0   49.0      2.0     78480
2018  6  6 12    732.0    328.7   0.00000000   0.00005556    286.3   47.0      1.5     78480
2018  6  6 13    571.0    342.9   0.00000000   0.00005556    284.9   62.0      1.7     78460
2018  6  6 14    509.0    349.1   0.00000000   0.00002778    285.3   71.0      1.7     78490
2018  6  6 15    465.0    353.7   0.00000000   0.00005556    285.3   76.0      1.4     78490
2018  6  6 16    377.0    350.0   0.00000000   0.00127778    284.6   81.0      1.6     78430
2018  6  6 17    227.0    338.7   0.00000000   0.00066667    283.2   89.0      1.4     78390
2018  6  6 18    136.0    334.9   0.00000000   0.00008333    282.3   93.0      0.8     78340
2018  6  6 19     32.0    324.3   0.00000000   0.00000000    280.3   98.0      0.7     78240
2018  6  6 20      0.0    317.1   0.00000000   0.00000000    279.2   98.0      0.4     78180
2018  6  6 21      0.0    318.7   0.00000000   0.00000000    279.3   95.0      0.6     78200
2018  6  6 22      0.0    292.4   0.00000000   0.00000000    279.3   92.0      0.9     78220
2018  6  6 23      0.0    304.9   0.00000000   0.00000000    278.5   90.0      0.8     78150
2018  6  7  0      0.0    300.0   0.00000000   0.00000000    277.4   92.0      1.8     78070
2018  6  7  1      0.0    304.2   0.00000000   0.00000000    278.4   88.0      1.0     78150
2018  6  7  2      0.0    301.6   0.00000000   0.00000000    277.9   90.0      0.9     78100
2018  6  7  3      0.0    297.2   0.00000000   0.00000000    277.3   92.0      0.9     78080
2018  6  7  4      6.0    300.2   0.00000000   0.00000000    277.5   91.0      0.8     78110
2018  6  7  5     73.0    313.2   0.00000000   0.00000000    278.8   96.0      1.0     78260
2018  6  7  6    172.0    330.8   0.00000000   0.00000000    281.3   91.0      0.9     78460
2018  6  7  7    311.0    336.2   0.00000000   0.00000000    282.8   79.0      0.7     78540
2018  6  7  8    413.0    336.2   0.00000000   0.00000000    284.2   62.0      0.8     78600
2018  6  7  9    492.0    335.6   0.00000000   0.00000000    284.8   57.0      0.9     78600
2018  6  7 10    564.0    336.7   0.00000000   0.00002778    285.1   57.0      0.9     78640
2018  6  7 11    524.0    339.2   0.00000000   0.00005556    285.2   59.0      1.2     78610
2018  6  7 12    616.0    361.9   0.00000000   0.00013889    284.8   99.0      1.2     78630
2018  6  7 13    638.0    365.5   0.00000000   0.00052778    285.9   89.0      1.3     78640
2018  6  7 14    650.0    336.3   0.00000000   0.00166667    285.8   75.0      1.6     78620
2018  6  7 15    397.0    332.4   0.00000000   0.00116667    283.4   83.0      1.3     78550
2018  6  7 16    307.0    296.2   0.00000000   0.00013889    283.3   82.0      0.4     78510
2018  6  7 17    248.0    299.5   0.00000000   0.00002778    283.5   81.0      0.9     78500
2018  6  7 18    114.0    339.1   0.00000000   0.00019444    282.1   95.0      0.7     78460
2018  6  7 19     36.0    331.3   0.00000000   0.00000000    280.8   99.0      0.6     78310
2018  6  7 20      0.0    322.8   0.00000000   0.00000000    279.9   99.0      0.8     78290
2018  6  7 21      0.0    323.8   0.00000000   0.00000000    280.0   97.0      0.7     78310
2018  6  7 22      0.0    315.9   0.00000000   0.00000000    279.1   97.0      0.7     78230
2018  6  7 23      0.0    312.0   0.00000000   0.00000000    278.5   96.0      0.8     78170
2018  6  8  0      0.0    303.1   0.00000000   0.00000000    277.5   95.0      1.1     78080
2018  6  8  1      0.0    296.7   0.00000000   0.00000000    277.0   98.0      1.2     78010
2018  6  8  2      0.0    299.0   0.00000000   0.00000000    276.3   98.0      1.3     77930
2018  6  8  3      0.0    295.6   0.00000000   0.00000000    275.8  100.0      1.7     77880
2018  6  8  4      5.0    299.0   0.00000000   0.00000000    276.3   98.0      1.8     77940
2018  6  8  5     70.0    316.7   0.00000000   0.00000000    278.8   98.0      2.0     78110
2018  6  8  6    132.0    329.8   0.00000000   0.00000000    280.6   95.0      1.6     78240
2018  6  8  7    353.0    337.5   0.00000000   0.00000000    282.8   78.0      0.9     78360
2018  6  8  8    503.0    341.4   0.00000000   0.00005556    284.2   69.0      1.2     78420
2018  6  8  9    578.0    346.7   0.00000000   0.00000000    285.6   63.0      0.7     78450
2018  6  8 10    654.0    355.7   0.00000000   0.00002778    286.5   62.0      0.4     78460
2018  6  8 11    710.0    351.6   0.00000000   0.00052778    284.8   77.0      1.4     78400
2018  6  8 12    508.0    334.3   0.00000000   0.00097222    286.8   50.0      2.5     78390
2018  6  8 13    616.0    315.7   0.00000000   0.00005556    286.6   50.0      1.9     78380
2018  6  8 14    542.0    328.2   0.00000000   0.00000000    286.8   42.0      1.2     78370
2018  6  8 15    502.0    337.9   0.00000000   0.00000000    285.1   57.0      2.1     78330
2018  6  8 16    409.0    329.3   0.00000000   0.00005556    283.8   74.0      2.2     78300
2018  6  8 17    245.0    332.6   0.00000000   0.00002778    282.4   81.0      1.7     78240
2018  6  8 18    112.0    330.2   0.00000000   0.00000000    281.5   87.0      0.3     78230
2018  6  8 19     32.0    326.0   0.00000000   0.00000000    280.2   96.0      0.5     78140
2018  6  8 20      0.0    320.5   0.00000000   0.00000000    279.2   98.0      0.4     78130
2018  6  8 21      0.0    264.0   0.00000000   0.00000000    278.9   97.0      0.5     78100
2018  6  8 22      0.0    257.4   0.00000000   0.00000000    278.1   97.0      0.7     78020
2018  6  8 23      0.0    251.7   0.00000000   0.00000000    277.3   98.0      0.8     77940
2018  6  9  0      0.0    252.8   0.00000000   0.00000000    277.6   97.0      0.6     78020
2018  6  9  1      0.0    308.2   0.00000000   0.00000000    277.5   99.0      0.9     77990
2018  6  9  2      0.0    306.7   0.00000000   0.00000000    277.3   99.0      0.9     77950
2018  6  9  3      0.0    306.7   0.00000000   0.00000000    277.3   99.0      1.1     77970
2018  6  9  4      5.0    307.5   0.00000000   0.00000000    277.4   99.0      1.0     78000
2018  6  9  5     65.0    319.7   0.00000000   0.00000000    279.1   98.0      0.4     78150
2018  6  9  6    168.0    326.4   0.00000000   0.00000000    280.8   87.0      0.9     78280
2018  6  9  7    325.0    331.5   0.00000000   0.00002778    282.1   81.0      1.3     78350
2018  6  9  8    462.0    338.1   0.00000000   0.00005556    283.6   71.0      1.4     78430
2018  6  9  9    472.0    304.5   0.00000000   0.00002778    284.5   68.0      1.4     78470
2018  6  9 10    648.0    318.6   0.00000000   0.00008333    286.0   61.0      1.2     78540
2018  6  9 11    667.0    341.2   0.00000000   0.00000000    286.8   56.0      1.4     78560
2018  6  9 12    596.0    313.2   0.00000000   0.00005556    286.5   57.0      2.1     78510
2018  6  9 13    620.0    344.9   0.00000000   0.00000000    287.4   54.0      1.3     78540
2018  6  9 14    573.0    306.8   0.00000000   0.00002778    287.8   51.0      1.3     78530
2018  6  9 15    475.0    356.4   0.00000000   0.00000000    287.8   52.0      1.8     78500
2018  6  9 16    436.0    322.4   0.00000000   0.00002778    286.4   61.0      2.2     78490
2018  6  9 17    231.0    328.6   0.00000000   0.00002778    284.6   79.0      1.4     78430
2018  6  9 18    118.0    339.1   0.00000000   0.00019444    283.1   89.0      1.6     78410
2018  6  9 19     30.0    338.1   0.00000000   0.00050000    281.5  100.0      0.6     78360
2018  6  9 20      0.0    327.9   0.00000000   0.00005556    280.8  100.0      0.4     78340
2018  6  9 21      0.0    316.6   0.00000000   0.00016667    279.9  100.0      0.6     78300
2018  6  9 22      0.0    290.4   0.00000000   0.00000000    279.1  100.0      0.8     78220
2018  6  9 23      0.0    283.1   0.00000000   0.00000000    278.6  100.0      0.8     78160
2018  6 10  0      0.0    327.5   0.00000000   0.00000000    280.3   95.0      0.1     78330
2018  6 10  1      0.0    256.1   0.00000000   0.00000000    277.3  100.0      1.1     78070
2018  6 10  2      0.0    304.3   0.00000000   0.00000000    276.9  100.0      0.7     78000
2018  6 10  3      0.0    303.5   0.00000000   0.00000000    276.8  100.0      1.2     77980
2018  6 10  4      6.0    303.1   0.00000000   0.00000000    276.8   99.0      1.4     77960
2018  6 10  5     71.0    320.8   0.00000000   0.00000000    279.3   97.0      1.6     78100
2018  6 10  6    193.0    343.4   0.00000000   0.00000000    282.2   97.0      1.1     78310
2018  6 10  7    359.0    286.9   0.00000000   0.00000000    284.2   80.0      0.4     78480
2018  6 10  8    564.0    292.6   0.00000000   0.00000000    286.0   64.0      1.4     78580
2018  6 10  9    713.0    324.0   0.00000000   0.00011111    286.5   61.0      1.9     78590
2018  6 10 10    699.0    307.5   0.00000000   0.00008333    287.0   58.0      1.8     78640
2018  6 10 11    726.0    317.3   0.00000000   0.00008333    287.4   56.0      2.1     78630
2018  6 10 12    704.0    316.4   0.00000000   0.00002778    286.5   70.0      2.2     78610
2018  6 10 13    597.0    353.5   0.00000000   0.00013889    287.0   75.0      2.0     78640
2018  6 10 14    615.0    335.5   0.00000000   0.00002778    287.6   68.0      2.1     78640
2018  6 10 15    547.0    331.1   0.00000000   0.00002778    287.8   61.0      2.3     78620
2018  6 10 16    366.0    351.4   0.00000000   0.00000000    286.6   65.0      2.2     78580
2018  6 10 17    244.0    346.7   0.00000000   0.00000000    285.4   70.0      1.4     78520
2018  6 10 18    121.0    345.4   0.00000000   0.00000000    284.4   80.0      0.7     78510
2018  6 10 19     33.0    336.5   0.00000000   0.00000000    282.8   90.0      0.9     78430
2018  6 10 20      0.0    318.0   0.00000000   0.00000000    281.1   95.0      0.6     78370
2018  6 10 21      0.0    310.8   0.00000000   0.00000000    281.2   95.0      1.0     78360
2018  6 10 22      0.0    286.7   0.00000000   0.00000000    280.0   96.0      0.9     78250
2018  6 10 23      0.0    269.6   0.00000000   0.00000000    279.8   96.0      1.2     78200
2018  6 11  0      0.0    288.2   0.00000000   0.00000000    280.4   87.0      1.1     78230
2018  6 11  1      0.0    285.6   0.00000000   0.00000000    280.2   86.0      0.9     78180
2018  6 11  2      0.0    279.6   0.00000000   0.00000000    279.6   89.0      1.4     78110
2018  6 11  3      0.0    299.7   0.00000000   0.00000000    278.5   92.0      1.4     78000
2018  6 11  4      7.0    256.3   0.00000000   0.00000000    277.9   95.0      1.8     77940
2018  6 11  5     87.0    289.2   0.00000000   0.00000000    280.8   88.0      2.1     78130
2018  6 11  6    203.0    316.5   0.00000000   0.00000000    284.5   77.0      1.6     78390
2018  6 11  7    365.0    331.1   0.00000000   0.00000000    286.9   64.0      1.2     78510
2018  6 11  8    529.0    361.8   0.00000000   0.00000000    288.4   53.0      1.7     78560
2018  6 11  9    520.0    363.5   0.00000000   0.00000000    288.1   56.0      2.2     78550
2018  6 11 10    514.0    365.4   0.00000000   0.00000000    288.8   52.0      2.8     78540
2018  6 11 11    614.0    361.8   0.00000000   0.00000000    289.0   47.0      3.5     78530
2018  6 11 12    399.0    363.3   0.00000000   0.00005556    288.8   50.0      2.5     78470
2018  6 11 13    633.0    358.3   0.00000000   0.00002778    289.6   40.0      4.1     78420
2018  6 11 14    383.0    352.2   0.00000000   0.00002778    287.3   51.0      3.8     78340
2018  6 11 15    474.0    352.6   0.00000000   0.00000000    286.8   57.0      3.6     78330
2018  6 11 16    348.0    343.1   0.00000000   0.00000000    286.3   55.0      3.0     78330
2018  6 11 17    276.0    341.0   0.00000000   0.00000000    285.8   57.0      2.6     78290
2018  6 11 18    140.0    334.9   0.00000000   0.00000000    284.5   65.0      1.6     78200
2018  6 11 19     45.0    322.7   0.00000000   0.00000000    282.1   74.0      1.1     78050
2018  6 11 20      0.0    323.8   0.00000000   0.00000000    281.1   79.0      1.4     78010
2018  6 11 21      0.0    313.4   0.00000000   0.00000000    280.3   85.0      1.4     77970
2018  6 11 22      0.0    287.9   0.00000000   0.00000000    279.6   90.0      1.7     77920
2018  6 11 23      0.0    276.5   0.00000000   0.00000000    279.3   92.0      1.9     77880
2018  6 12  0      0.0    290.5   0.00000000   0.00000000    279.8   86.0      2.0     77850
2018  6 12  1      0.0    266.0   0.00000000   0.00000000    279.4   84.0      1.1     77840
2018  6 12  2      0.0    268.4   0.00000000   0.00000000    278.9   87.0      1.4     77800
2018  6 12  3      0.0    257.8   0.00000000   0.00000000    278.3   90.0      1.1     77730
2018  6 12  4      6.0    285.8   0.00000000   0.00000000    278.1   92.0      1.2     77720
2018  6 12  5     74.0    306.7   0.00000000   0.00000000    280.3   88.0      1.2     77850
2018  6 12  6    166.0    298.2   0.00000000   0.00000000    282.4   81.0      0.4     78010
2018  6 12  7    310.0    297.4   0.00000000   0.00002778    283.8   69.0      0.3     78060
2018  6 12  8    411.0    302.1   0.00000000   0.00002778    284.5   61.0      0.5     78050
2018  6 12  9    496.0    314.5   0.00000000   0.00008333    284.9   64.0      1.1     78040
2018  6 12 10    511.0    318.0   0.00000000   0.00155556    283.6   77.0      1.8     78000
2018  6 12 11    430.0    330.6   0.00000000   0.00055556    283.1   90.0      1.4     78000
2018  6 12 12    561.0    355.0   0.00000000   0.00011111    285.0   86.0      0.9     78070
2018  6 12 13    380.0    324.2   0.00000000   0.00150000    282.4   84.0      2.4     77940
2018  6 12 14    520.0    336.6   0.00000000   0.00002778    283.3   76.0      1.3     77970
2018  6 12 15    419.0    336.5   0.00000000   0.00025000    282.9   81.0      2.5     77960
2018  6 12 16    272.0    330.2   0.00000000   0.00033333    281.8   82.0      1.4     77900
2018  6 12 17    110.0    317.9   0.00000000   0.00005556    280.5   91.0      1.6     77830
2018  6 12 18     74.0    327.4   0.00000000   0.00005556    280.1   98.0      1.1     77780
2018  6 12 19     29.0    323.2   0.00000000   0.00002778    279.5   99.0      0.9     77720
2018  6 12 20      0.0    318.4   0.00000000   0.00002778    278.8  100.0      0.8     77690
2018  6 12 21      0.0    321.4   0.00000000   0.00013889    279.2  100.0      1.5     77720
2018  6 12 22      0.0    320.7   0.00000000   0.00033333    279.1  100.0      0.9     77700
2018  6 12 23      0.0    319.9   0.00000000   0.00066667    279.0  100.0      1.1     77690
2018  6 13  0      0.0    324.0   0.00000000   0.00111111    279.6   99.0      0.9     77670
2018  6 13  1      0.0    321.4   0.00000000   0.00041667    279.2  100.0      0.8     77630
2018  6 13  2      0.0    320.7   0.00000000   0.00038889    279.1  100.0      0.7     77590
2018  6 13  3      0.0    316.1   0.00000000   0.00036111    278.5  100.0      0.4     77530
2018  6 13  4      2.0    316.4   0.00000000   0.00055556    278.6   99.0      0.9     77530
2018  6 13  5     31.0    318.4   0.00000000   0.00047222    278.8  100.0      1.2     77560
2018  6 13  6     42.0    320.7   0.00000000   0.00050000    279.1  100.0      1.8     77570
2018  6 13  7     51.0    318.2   0.00000000   0.00041667    278.9   98.0      2.7     77580
2018  6 13  8     70.0    319.4   0.00000000   0.00036111    279.0   99.0      2.7     77600
2018  6 13  9     86.0    319.9   0.00000000   0.00047222    279.0  100.0      2.6     77660
2018  6 13 10    124.0    319.1   0.00000000   0.00055556    278.9  100.0      2.7     77710
2018  6 13 11    136.0    318.4   0.00000000   0.00047222    278.8  100.0      2.9     77740
2018  6 13 12    224.0    311.0   0.00000000   0.00036111    278.0   97.0      2.8     77750
2018  6 13 13    268.0    317.9   0.00000000   0.00016667    278.8   99.0      3.0     77840
2018  6 13 14    188.0    310.9   0.00000000   0.00016667    277.8  100.0      2.8     77800
2018  6 13 15    119.0    306.5   0.00000000   0.00016667    277.2  100.0      2.7     77810
2018  6 13 16     47.0    302.1   0.00000000   0.00016667    276.6  100.0      2.4     77820
2018  6 13 17     35.0    300.6   0.00000000   0.00011111    276.4  100.0      2.3     77870
2018  6 13 18     19.0    298.5   0.00000000   0.00011111    276.1  100.0      1.9     77900
2018  6 13 19      9.0    297.0   0.00000000   0.00013889    275.9  100.0      1.6     77900
2018  6 13 20      0.0    295.6   0.00000000   0.00008333    275.8  100.0      1.5     77940
2018  6 13 21      0.0    295.6   0.00000000   0.00002778    275.8  100.0      1.4     77960
2018  6 13 22      0.0    292.3   0.00000000   0.00002778    275.3   99.0      1.3     77960
2018  6 13 23      0.0    292.3   0.00000000   0.00000000    275.3   99.0      1.0     77940
2018  6 14  0      0.0    294.9   0.00000000   0.00000000    275.6  100.0      1.4     77930
2018  6 14  1      0.0    290.5   0.00000000   0.00000000    275.1   98.0      1.4     77910
2018  6 14  2      0.0    291.6   0.00000000   0.00000000    275.2   99.0      1.3     77910
2018  6 14  3      0.0    292.0   0.00000000   0.00000000    275.2  100.0      0.9     77920
2018  6 14  4      2.0    291.6   0.00000000   0.00000000    275.2   99.0      1.0     77900
2018  6 14  5     30.0    291.6   0.00000000   0.00000000    275.4   98.0      0.9     77920
2018  6 14  6    102.0    294.1   0.00000000   0.00000000    275.8   95.0      0.8     77940
2018  6 14  7    264.0    280.1   0.00000000   0.00000000    277.1   83.0      0.6     77950
2018  6 14  8    399.0    295.6   0.00000000   0.00000000    278.6   73.0      1.3     78020
2018  6 14  9    465.0    308.4   0.00000000   0.00000000    279.8   69.0      1.7     78070
2018  6 14 10    503.0    312.2   0.00000000   0.00000000    280.3   68.0      2.3     78140
2018  6 14 11    376.0    276.7   0.00000000   0.00000000    279.8   71.0      2.2     78140
2018  6 14 12    620.0    278.7   0.00000000   0.00000000    281.3   69.0      2.2     78210
2018  6 14 13    683.0    290.4   0.00000000   0.00000000    283.0   59.0      2.5     78270
2018  6 14 14    578.0    324.3   0.00000000   0.00000000    282.3   64.0      2.9     78250
2018  6 14 15    408.0    323.5   0.00000000   0.00000000    281.3   74.0      2.8     78210
2018  6 14 16    295.0    322.0   0.00000000   0.00002778    280.8   79.0      2.6     78200
2018  6 14 17    142.0    318.9   0.00000000   0.00005556    279.5   90.0      2.3     78170
2018  6 14 18     67.0    314.1   0.00000000   0.00005556    278.6   94.0      1.8     78170
2018  6 14 19     35.0    307.8   0.00000000   0.00005556    277.5   98.0      1.6     78140
2018  6 14 20      1.0    303.8   0.00000000   0.00002778    276.9   99.0      1.6     78150
2018  6 14 21      0.0    300.2   0.00000000   0.00002778    276.4   99.0      1.5     78160
2018  6 14 22      0.0    297.6   0.00000000   0.00002778    276.1   98.0      0.9     78160
2018  6 14 23      0.0    293.0   0.00000000   0.00002778    275.4   99.0      0.6     78110
2018  6 15  0      0.0    291.9   0.00000000   0.00002778    275.3   98.0      1.5     78110
2018  6 15  1      0.0    273.5   0.00000000   0.00000000    274.4   99.0      1.1     78040
2018  6 15  2      0.0    239.6   0.00000000   0.00000000    274.5   97.0      0.8     78020
2018  6 15  3      0.0    278.4   0.00000000   0.00000000    273.3   99.0      0.7     77920
2018  6 15  4      6.0    275.7   0.00000000   0.00000000    272.9   99.0      1.3     77890
2018  6 15  5     69.0    282.7   0.00000000   0.00000000    274.1   96.0      1.2     77990
2018  6 15  6    192.0    286.0   0.00000000   0.00000000    275.8   82.0      0.9     78130
2018  6 15  7    342.0    289.0   0.00000000   0.00000000    277.8   69.0      0.4     78180
2018  6 15  8    536.0    291.1   0.00000000   0.00000000    280.1   55.0      0.6     78260
2018  6 15  9    682.0    305.5   0.00000000   0.00000000    282.0   50.0      1.4     78340
2018  6 15 10    845.0    316.5   0.00000000   0.00000000    283.2   49.0      2.2     78410
2018  6 15 11    873.0    325.1   0.00000000   0.00000000    283.8   51.0      2.4     78440
2018  6 15 12    799.0    327.1   0.00000000   0.00000000    284.8   46.0      2.8     78440
2018  6 15 13    708.0    330.1   0.00000000   0.00000000    284.3   55.0      3.2     78460
2018  6 15 14    531.0    325.9   0.00000000   0.00000000    282.8   69.0      3.0     78450
2018  6 15 15    408.0    326.6   0.00000000   0.00000000    282.1   73.0      2.2     78440
2018  6 15 16    367.0    326.0   0.00000000   0.00000000    282.3   68.0      2.6     78440
2018  6 15 17    297.0    321.5   0.00000000   0.00000000    281.6   71.0      2.4     78390
2018  6 15 18    155.0    313.7   0.00000000   0.00000000    280.2   79.0      1.9     78360
2018  6 15 19     41.0    310.4   0.00000000   0.00000000    278.6   91.0      0.9     78290
2018  6 15 20      1.0    306.7   0.00000000   0.00000000    277.8   98.0      0.6     78260
2018  6 15 21      0.0    308.2   0.00000000   0.00000000    277.5   99.0      0.7     78270
2018  6 15 22      0.0    307.2   0.00000000   0.00000000    277.3  100.0      0.2     78250
2018  6 15 23      0.0    305.7   0.00000000   0.00000000    277.1  100.0      0.5     78220
2018  6 16  0      0.0    306.6   0.00000000   0.00000000    277.4   97.0      0.4     78210
2018  6 16  1      0.0    241.4   0.00000000   0.00000000    275.6   99.0      0.5     78070
2018  6 16  2      0.0    242.7   0.00000000   0.00000000    275.8   99.0      0.5     78060
2018  6 16  3      0.0    269.9   0.00000000   0.00000000    275.8  100.0      0.8     78030
2018  6 16  4      6.0    289.9   0.00000000   0.00000000    275.1   99.0      1.3     77990
2018  6 16  5     75.0    242.0   0.00000000   0.00000000    276.4   88.0      1.2     78080
2018  6 16  6    208.0    250.3   0.00000000   0.00000000    278.9   73.0      0.2     78290
2018  6 16  7    387.0    257.0   0.00000000   0.00000000    280.5   66.0      0.9     78390
2018  6 16  8    597.0    263.2   0.00000000   0.00000000    282.3   59.0      1.1     78470
2018  6 16  9    757.0    270.9   0.00000000   0.00000000    283.6   59.0      1.8     78520
2018  6 16 10    869.0    278.3   0.00000000   0.00000000    284.5   58.0      1.9     78580
2018  6 16 11    936.0    280.9   0.00000000   0.00000000    285.5   53.0      2.1     78600
2018  6 16 12    942.0    282.3   0.00000000   0.00000000    286.0   51.0      2.4     78580
2018  6 16 13    861.0    287.2   0.00000000   0.00000000    286.9   48.0      2.6     78610
2018  6 16 14    673.0    292.0   0.00000000   0.00000000    286.3   49.0      2.6     78570
2018  6 16 15    552.0    330.5   0.00000000   0.00000000    285.3   56.0      2.9     78560
2018  6 16 16    403.0    336.3   0.00000000   0.00000000    283.4   69.0      3.1     78520
2018  6 16 17    239.0    330.8   0.00000000   0.00000000    282.4   76.0      2.6     78490
2018  6 16 18    113.0    329.6   0.00000000   0.00000000    281.4   83.0      2.1     78470
2018  6 16 19     34.0    325.5   0.00000000   0.00000000    280.3   91.0      1.1     78440
2018  6 16 20      1.0    323.5   0.00000000   0.00000000    279.6   98.0      0.6     78450
2018  6 16 21      0.0    322.8   0.00000000   0.00000000    279.5   98.0      0.8     78480
2018  6 16 22      0.0    320.6   0.00000000   0.00002778    279.3   99.0      0.8     78490
2018  6 16 23      0.0    319.4   0.00000000   0.00000000    279.0   99.0      0.8     78460
2018  6 17  0      0.0    321.1   0.00000000   0.00000000    279.6   93.0      0.9     78480
2018  6 17  1      0.0    271.3   0.00000000   0.00000000    279.2   93.0      0.7     78450
2018  6 17  2      0.0    251.8   0.00000000   0.00000000    277.4   97.0      0.7     78310
2018  6 17  3      0.0    296.3   0.00000000   0.00000000    275.8  100.0      0.6     78190
2018  6 17  4      6.0    296.2   0.00000000   0.00000000    276.0   99.0      1.0     78220
2018  6 17  5     66.0    253.1   0.00000000   0.00000000    277.6   91.0      1.1     78350
2018  6 17  6    203.0    259.5   0.00000000   0.00000000    280.4   69.0      0.3     78540
2018  6 17  7    377.0    263.0   0.00000000   0.00000000    281.8   63.0      0.8     78640
2018  6 17  8    508.0    282.2   0.00000000   0.00000000    283.5   55.0      1.6     78720
2018  6 17  9    480.0    295.7   0.00000000   0.00000000    284.1   52.0      1.7     78720
2018  6 17 10    584.0    301.5   0.00000000   0.00000000    285.2   49.0      1.7     78770
2018  6 17 11    562.0    308.2   0.00000000   0.00000000    285.3   50.0      2.1     78760
2018  6 17 12    493.0    285.3   0.00000000   0.00000000    284.6   58.0      2.1     78740
2018  6 17 13    620.0    295.1   0.00000000   0.00008333    284.6   62.0      2.1     78750
2018  6 17 14    604.0    314.6   0.00000000   0.00008333    283.9   68.0      2.4     78720
2018  6 17 15    468.0    324.6   0.00000000   0.00008333    283.0   75.0      2.1     78690
2018  6 17 16    284.0    331.3   0.00000000   0.00005556    282.3   78.0      2.3     78680
2018  6 17 17    180.0    328.5   0.00000000   0.00008333    280.8   91.0      1.9     78640
2018  6 17 18     82.0    324.9   0.00000000   0.00008333    280.1   93.0      1.4     78630
2018  6 17 19     25.0    323.2   0.00000000   0.00002778    279.5   99.0      1.0     78630
2018  6 17 20      0.0    320.2   0.00000000   0.00002778    279.1   99.0      0.6     78650
2018  6 17 21      0.0    320.2   0.00000000   0.00002778    279.1   99.0      0.7     78650
2018  6 17 22      0.0    318.0   0.00000000   0.00008333    278.9  100.0      0.5     78670
2018  6 17 23      0.0    319.1   0.00000000   0.00011111    278.9  100.0      0.4     78640
2018  6 18  0      0.0    311.8   0.00000000   0.00005556    279.1  100.0      0.7     78640
2018  6 18  1      0.0    318.4   0.00000000   0.00011111    278.8  100.0      1.0     78630
2018  6 18  2      0.0    315.4   0.00000000   0.00008333    278.4  100.0      0.7     78580
2018  6 18  3      0.0    315.4   0.00000000   0.00008333    278.4  100.0      0.9     78600
2018  6 18  4      3.0    316.1   0.00000000   0.00005556    278.5  100.0      0.7     78660
2018  6 18  5     35.0    320.7   0.00000000   0.00002778    279.1  100.0      1.1     78720
2018  6 18  6    105.0    326.6   0.00000000   0.00002778    280.0   98.0      1.2     78790
2018  6 18  7    284.0    335.5   0.00000000   0.00002778    281.2   97.0      0.9     78850
2018  6 18  8    436.0    290.1   0.00000000   0.00002778    282.4   90.0      1.5     78920
2018  6 18  9    467.0    289.4   0.00000000   0.00002778    283.0   84.0      1.6     78960
2018  6 18 10    595.0    287.6   0.00000000   0.00008333    283.9   76.0      2.1     79010
2018  6 18 11    635.0    310.9   0.00000000   0.00011111    284.0   78.0      2.5     79030
2018  6 18 12    595.0    294.0   0.00000000   0.00008333    283.2   78.0      2.8     79020
2018  6 18 13    715.0    293.5   0.00000000   0.00005556    284.2   72.0      2.9     79060
2018  6 18 14    666.0    293.8   0.00000000   0.00000000    284.1   69.0      2.8     79070
2018  6 18 15    500.0    326.0   0.00000000   0.00002778    283.8   69.0      3.2     79050
2018  6 18 16    320.0    315.1   0.00000000   0.00000000    282.8   75.0      2.5     79020
2018  6 18 17    273.0    291.8   0.00000000   0.00000000    282.5   77.0      2.2     79010
2018  6 18 18    129.0    298.7   0.00000000   0.00000000    281.5   82.0      1.9     78970
2018  6 18 19     45.0    281.1   0.00000000   0.00000000    280.1   92.0      1.0     78930
2018  6 18 20      1.0    282.8   0.00000000   0.00002778    279.1   98.0      0.7     78940
2018  6 18 21      0.0    287.7   0.00000000   0.00000000    279.0   99.0      0.5     78970
2018  6 18 22      0.0    317.4   0.00000000   0.00000000    279.3   97.0      0.3     79010
2018  6 18 23      0.0    257.3   0.00000000   0.00000000    277.8   98.0      1.1     78870
2018  6 19  0      0.0    270.4   0.00000000   0.00000000    280.1   85.0      0.9     79010
2018  6 19  1      0.0    261.5   0.00000000   0.00000000    279.6   85.0      0.5     78970
2018  6 19  2      0.0    257.2   0.00000000   0.00000000    278.8   88.0      0.2     78930
2018  6 19  3      0.0    244.6   0.00000000   0.00000000    276.3   95.0      0.2     78770
2018  6 19  4      7.0    250.9   0.00000000   0.00000000    276.4   97.0      0.1     78800
2018  6 19  5     76.0    264.1   0.00000000   0.00000000    278.2   91.0      0.6     78920
2018  6 19  6    197.0    293.8   0.00000000   0.00000000    280.5   78.0      0.5     79100
2018  6 19  7    322.0    288.1   0.00000000   0.00000000    281.9   74.0      1.4     79210
2018  6 19  8    359.0    292.1   0.00000000   0.00000000    282.8   68.0      1.3     79260
2018  6 19  9    561.0    293.6   0.00000000   0.00000000    284.9   57.0      1.7     79340
2018  6 19 10    705.0    308.1   0.00000000   0.00000000    286.8   51.0      2.4     79400
2018  6 19 11    637.0    328.3   0.00000000   0.00000000    286.5   53.0      2.5     79390
2018  6 19 12    598.0    355.2   0.00000000   0.00000000    287.8   50.0      2.6     79410
2018  6 19 13    821.0    313.6   0.00000000   0.00000000    288.4   51.0      2.6     79430
2018  6 19 14    580.0    355.4   0.00000000   0.00000000    287.3   60.0      3.0     79380
2018  6 19 15    605.0    329.6   0.00000000   0.00002778    286.6   69.0      3.0     79370
2018  6 19 16    371.0    333.7   0.00000000   0.00002778    285.4   74.0      2.7     79330
2018  6 19 17    256.0    350.9   0.00000000   0.00000000    284.4   79.0      2.3     79290
2018  6 19 18    148.0    325.8   0.00000000   0.00000000    283.3   86.0      1.9     79230
2018  6 19 19     46.0    299.3   0.00000000   0.00000000    281.4   98.0      0.8     79130
2018  6 19 20      1.0    337.2   0.00000000   0.00000000    281.3   99.0      0.6     79160
2018  6 19 21      0.0    327.5   0.00000000   0.00000000    280.0  100.0      0.9     79080
2018  6 19 22      0.0    329.4   0.00000000   0.00000000    280.3   99.0      1.0     79080
2018  6 19 23      0.0    271.1   0.00000000   0.00000000    279.6   97.0      1.2     79000
2018  6 20  0      0.0    261.0   0.00000000   0.00000000    278.6   98.0      1.3     78860
2018  6 20  1      0.0    312.7   0.00000000   0.00000000    278.1   99.0      1.9     78780
2018  6 20  2      0.0    309.7   0.00000000   0.00000000    277.8   99.0      2.1     78730
2018  6 20  3      0.0    307.5   0.00000000   0.00000000    277.4   99.0      2.4     78680
2018  6 20  4      6.0    305.6   0.00000000   0.00000000    277.2   98.0      2.3     78670
2018  6 20  5     77.0    317.6   0.00000000   0.00000000    279.0   95.0      2.2     78800
2018  6 20  6    216.0    278.2   0.00000000   0.00000000    282.8   81.0      1.3     79090
2018  6 20  7    410.0    288.2   0.00000000   0.00000000    285.8   65.0      0.8     79260
2018  6 20  8    589.0    293.4   0.00000000   0.00000000    287.3   57.0      0.9     79310
2018  6 20  9    735.0    299.6   0.00000000   0.00000000    288.8   53.0      1.2     79370
2018  6 20 10    848.0    305.4   0.00000000   0.00000000    289.8   51.0      1.7     79400
2018  6 20 11    912.0    316.1   0.00000000   0.00002778    290.2   50.0      2.0     79420
2018  6 20 12    811.0    318.1   0.00000000   0.00002778    290.1   47.0      2.2     79370
2018  6 20 13    762.0    319.8   0.00000000   0.00000000    290.2   50.0      2.2     79350
2018  6 20 14    572.0    333.8   0.00000000   0.00005556    289.2   55.0      2.1     79330
2018  6 20 15    489.0    341.1   0.00000000   0.00025000    286.9   74.0      1.9     79260
2018  6 20 16    381.0    350.8   0.00000000   0.00016667    286.2   79.0      1.2     79230
2018  6 20 17    267.0    331.5   0.00000000   0.00022222    285.0   91.0      0.3     79150
2018  6 20 18    138.0    330.6   0.00000000   0.00000000    284.5   93.0      0.1     79130
2018  6 20 19     49.0    351.4   0.00000000   0.00000000    283.0  100.0      0.5     79010
2018  6 20 20      1.0    335.3   0.00000000   0.00000000    281.0  100.0      0.5     78890
2018  6 20 21      0.0    331.4   0.00000000   0.00000000    280.5  100.0      0.4     78860
2018  6 20 22      0.0    271.5   0.00000000   0.00000000    280.3   99.0      0.4     78830
2018  6 20 23      0.0    270.0   0.00000000   0.00000000    280.2   99.0      0.5     78770
2018  6 21  0      0.0    338.1   0.00000000   0.00000000    282.2   87.0      0.9     78880
2018  6 21  1      0.0    277.1   0.00000000   0.00000000    280.9   92.0      0.5     78730
2018  6 21  2      0.0    268.4   0.00000000   0.00000000    280.3   94.0      0.7     78680
2018  6 21  3      0.0    267.0   0.00000000   0.00000000    279.9   97.0      0.4     78610
2018  6 21  4      6.0    324.8   0.00000000   0.00000000    279.8   99.0      0.6     78620
2018  6 21  5     64.0    337.6   0.00000000   0.00000000    281.6   95.0      0.6     78770
2018  6 21  6    171.0    306.8   0.00000000   0.00000000    284.3   88.0      0.4     78940
2018  6 21  7    338.0    305.4   0.00000000   0.00002778    285.6   76.0      0.7     78990
2018  6 21  8    513.0    308.1   0.00000000   0.00011111    286.6   73.0      1.7     79010
2018  6 21  9    572.0    319.5   0.00000000   0.00008333    287.4   67.0      2.1     79020
2018  6 21 10    657.0    326.7   0.00000000   0.00016667    287.9   68.0      2.6     79020
2018  6 21 11    642.0    365.3   0.00000000   0.00066667    286.0   81.0      3.0     78960
2018  6 21 12    567.0    327.3   0.00000000   0.00025000    286.4   76.0      2.7     78970
2018  6 21 13    700.0    311.4   0.00000000   0.00002778    287.8   62.0      2.0     78970
2018  6 21 14    629.0    344.1   0.00000000   0.00050000    285.5   79.0      2.8     78910
2018  6 21 15    426.0    338.4   0.00000000   0.00036111    285.4   89.0      1.2     78860
2018  6 21 16    322.0    367.4   0.00000000   0.00016667    285.0   99.0      2.6     78830
2018  6 21 17    179.0    350.1   0.00000000   0.00005556    283.5   97.0      1.8     78780
2018  6 21 18     96.0    346.0   0.00000000   0.00005556    282.4   99.0      1.8     78710
2018  6 21 19     32.0    337.2   0.00000000   0.00011111    281.3   99.0      1.0     78620
2018  6 21 20      1.0    331.4   0.00000000   0.00013889    280.5  100.0      0.9     78590
2018  6 21 21      0.0    335.3   0.00000000   0.00016667    281.0  100.0      1.3     78600
2018  6 21 22      0.0    332.2   0.00000000   0.00016667    280.6  100.0      1.3     78570
2018  6 21 23      0.0    326.8   0.00000000   0.00072222    279.9  100.0      3.0     78570
2018  6 22  0      0.0    323.2   0.00000000   0.00036111    279.5   99.0      1.4     78520
2018  6 22  1      0.0    321.4   0.00000000   0.00022222    279.2  100.0      2.1     78470
2018  6 22  2      0.0    316.9   0.00000000   0.00016667    278.6  100.0      2.1     78460
2018  6 22  3      0.0    312.4   0.00000000   0.00027778    278.0  100.0      2.2     78440
2018  6 22  4      2.0    305.0   0.00000000   0.00011111    277.0  100.0      1.9     78420
2018  6 22  5     14.0    302.8   0.00000000   0.00005556    276.8  100.0      1.5     78430
2018  6 22  6     52.0    304.3   0.00000000   0.00002778    276.9  100.0      1.3     78440
2018  6 22  7    126.0    305.1   0.00000000   0.00002778    277.2   97.0      1.8     78480
2018  6 22  8    193.0    306.4   0.00000000   0.00002778    277.5   95.0      2.1     78550
2018  6 22  9    292.0    304.0   0.00000000   0.00002778    277.3   93.0      2.3     78600
2018  6 22 10    582.0    276.5   0.00000000   0.00000000    278.1   76.0      3.0     78640
2018  6 22 11    752.0    279.7   0.00000000   0.00000000    279.3   66.0      3.3     78690
2018  6 22 12    785.0    290.8   0.00000000   0.00000000    279.6   76.0      3.3     78690
2018  6 22 13    736.0    277.9   0.00000000   0.00002778    280.3   71.0      3.7     78710
2018  6 22 14    622.0    289.0   0.00000000   0.00002778    279.8   73.0      3.6     78700
2018  6 22 15    473.0    290.4   0.00000000   0.00005556    278.4   75.0      3.7     78650
2018  6 22 16    309.0    295.0   0.00000000   0.00005556    277.8   74.0      3.0     78630
2018  6 22 17    181.0    288.7   0.00002778   0.00008333    276.2   82.0      2.8     78620
2018  6 22 18     89.0    286.5   0.00000000   0.00005556    275.6   88.0      2.3     78620
2018  6 22 19     32.0    256.2   0.00000000   0.00002778    274.8   94.0      1.6     78610
2018  6 22 20      1.0    260.8   0.00000000   0.00005556    274.1   99.0      1.2     78600
2018  6 22 21      0.0    282.5   0.00000000   0.00000000    273.9   99.0      1.1     78620
2018  6 22 22      0.0    281.9   0.00000000   0.00000000    273.8   99.0      0.9     78630
2018  6 22 23      0.0    279.8   0.00000000   0.00000000    273.5   99.0      0.6     78620
2018  6 23  0      0.0    280.1   0.00000000   0.00000000    273.6   98.0      1.0     78580
2018  6 23  1      0.0    278.4   0.00000000   0.00000000    273.3   99.0      0.5     78580
2018  6 23  2      0.0    272.7   0.00000000   0.00000000    272.6   99.0      0.6     78520
2018  6 23  3      0.0    270.3   0.00000000   0.00000000    272.1   99.0      0.6     78470
2018  6 23  4      5.0    271.0   0.00000000   0.00000000    272.2   99.0      1.3     78460
2018  6 23  5     81.0    231.2   0.00000000   0.00000000    273.8   86.0      0.9     78540
2018  6 23  6    234.0    258.9   0.00000000   0.00000000    275.2   78.0      0.2     78620
2018  6 23  7    410.0    234.2   0.00000000   0.00000000    277.0   62.0      1.0     78660
2018  6 23  8    601.0    237.9   0.00000000   0.00000000    278.5   55.0      1.6     78710
2018  6 23  9    759.0    283.5   0.00000000   0.00000000    279.8   56.0      1.9     78760
2018  6 23 10    813.0    268.0   0.00000000   0.00000000    280.9   50.0      2.4     78810
2018  6 23 11    933.0    257.3   0.00000000   0.00000000    281.9   46.0      2.8     78830
2018  6 23 12    915.0    259.3   0.00000000   0.00000000    282.1   42.0      3.2     78830
2018  6 23 13    887.0    262.7   0.00000000   0.00000000    282.6   44.0      3.4     78840
2018  6 23 14    809.0    262.9   0.00000000   0.00000000    282.1   48.0      3.4     78830
2018  6 23 15    669.0    258.2   0.00000000   0.00000000    281.3   51.0      3.1     78780
2018  6 23 16    472.0    271.3   0.00000000   0.00000000    280.3   58.0      3.1     78760
2018  6 23 17    289.0    295.8   0.00000000   0.00000000    278.8   66.0      3.1     78680
2018  6 23 18    138.0    258.4   0.00000000   0.00000000    277.1   79.0      2.4     78640
2018  6 23 19     40.0    263.4   0.00000000   0.00000000    276.0   85.0      1.5     78610
2018  6 23 20      1.0    246.9   0.00000000   0.00000000    274.8   94.0      0.8     78580
2018  6 23 21      0.0    245.7   0.00000000   0.00000000    274.4   96.0      0.3     78570
2018  6 23 22      0.0    242.4   0.00000000   0.00000000    274.6   95.0      0.7     78560
2018  6 23 23      0.0    236.0   0.00000000   0.00000000    274.2   96.0      0.9     78470
2018  6 24  0      0.0    230.6   0.00000000   0.00000000    274.4   87.0      0.3     78410
2018  6 24  1      0.0    227.3   0.00000000   0.00000000    273.3   90.0      0.6     78270
2018  6 24  2      0.0    228.2   0.00000000   0.00000000    272.8   92.0      0.9     78170
2018  6 24  3      0.0    225.3   0.00000000   0.00000000    272.3   92.0      1.0     78090
2018  6 24  4      7.0    234.5   0.00000000   0.00000000    272.8   90.0      0.8     78110
2018  6 24  5     91.0    260.0   0.00000000   0.00000000    275.3   84.0      1.0     78290
2018  6 24  6    241.0    275.6   0.00000000   0.00000000    278.3   62.0      0.2     78520
2018  6 24  7    408.0    286.8   0.00000000   0.00000000    279.8   58.0      1.2     78580
2018  6 24  8    573.0    298.0   0.00000000   0.00000000    280.8   56.0      1.5     78620
2018  6 24  9    720.0    304.6   0.00000000   0.00000000    282.0   49.0      2.0     78650
2018  6 24 10    803.0    315.7   0.00000000   0.00000000    282.9   48.0      2.2     78710
2018  6 24 11    688.0    317.1   0.00000000   0.00002778    282.6   52.0      2.6     78670
2018  6 24 12    635.0    308.9   0.00000000   0.00000000    282.4   47.0      2.8     78650
2018  6 24 13    704.0    312.3   0.00000000   0.00000000    282.6   48.0      2.9     78650
2018  6 24 14    600.0    305.9   0.00000000   0.00000000    281.8   57.0      2.8     78620
2018  6 24 15    494.0    285.1   0.00000000   0.00000000    281.3   60.0      2.5     78590
2018  6 24 16    405.0    280.9   0.00000000   0.00002778    280.6   68.0      2.6     78530
2018  6 24 17    247.0    284.7   0.00000000   0.00005556    278.8   83.0      2.1     78460
2018  6 24 18    129.0    305.3   0.00000000   0.00011111    277.6   91.0      1.4     78430
2018  6 24 19     33.0    303.4   0.00000000   0.00013889    276.9   98.0      0.8     78370
2018  6 24 20      0.0    304.3   0.00000000   0.00016667    276.9  100.0      0.9     78400
2018  6 24 21      0.0    304.3   0.00000000   0.00016667    276.9  100.0      1.0     78390
2018  6 24 22      0.0    302.8   0.00000000   0.00008333    276.8  100.0      1.5     78370
2018  6 24 23      0.0    300.6   0.00000000   0.00008333    276.4  100.0      1.6     78330
2018  6 25  0      0.0    300.2   0.00000000   0.00005556    276.4   99.0      1.4     78320
2018  6 25  1      0.0    301.3   0.00000000   0.00002778    276.5  100.0      1.2     78340
2018  6 25  2      0.0    273.1   0.00000000   0.00000000    275.8  100.0      0.8     78290
2018  6 25  3      0.0    291.3   0.00000000   0.00000000    275.1  100.0      1.0     78260
2018  6 25  4      4.0    285.7   0.00000000   0.00002778    274.3  100.0      0.9     78220
2018  6 25  5     53.0    295.6   0.00000000   0.00008333    275.8  100.0      1.6     78330
2018  6 25  6    109.0    298.0   0.00000000   0.00011111    276.1   99.0      1.8     78390
2018  6 25  7    127.0    298.5   0.00000000   0.00016667    276.1  100.0      1.7     78410
2018  6 25  8    141.0    294.0   0.00000000   0.00008333    275.9   93.0      1.7     78410
2018  6 25  9    268.0    297.8   0.00000000   0.00002778    276.9   86.0      1.8     78470
2018  6 25 10    309.0    300.9   0.00000000   0.00002778    277.4   85.0      1.9     78510
2018  6 25 11    462.0    300.6   0.00000000   0.00005556    279.4   72.0      2.1     78610
2018  6 25 12    685.0    303.6   0.00000000   0.00000000    279.4   70.0      2.2     78630
2018  6 25 13    628.0    282.6   0.00000000   0.00000000    280.6   67.0      2.7     78710
2018  6 25 14    628.0    287.1   0.00000000   0.00002778    280.8   71.0      2.8     78730
2018  6 25 15    532.0    292.5   0.00000000   0.00002778    280.6   73.0      2.8     78750
2018  6 25 16    367.0    264.8   0.00000000   0.00000000    279.6   77.0      2.4     78720
2018  6 25 17    186.0    264.7   0.00000000   0.00000000    278.9   79.0      2.1     78680
2018  6 25 18    107.0    280.0   0.00000000   0.00000000    278.4   79.0      2.1     78670
2018  6 25 19     38.0    282.3   0.00000000   0.00000000    277.4   87.0      1.8     78630
2018  6 25 20      1.0    258.5   0.00000000   0.00000000    276.4   99.0      1.0     78610
2018  6 25 21      0.0    294.5   0.00000000   0.00000000    275.9   99.0      0.6     78590
2018  6 25 22      0.0    296.6   0.00000000   0.00000000    275.9   99.0      0.6     78590
2018  6 25 23      0.0    295.9   0.00000000   0.00000000    275.8   99.0      0.5     78590
2018  6 26  0      0.0    297.9   0.00000000   0.00000000    276.2   97.0      0.6     78620
2018  6 26  1      0.0    289.9   0.00000000   0.00000000    274.9  100.0      0.4     78500
2018  6 26  2      0.0    242.8   0.00000000   0.00000000    275.5   98.0      0.4     78520
2018  6 26  3      0.0    256.3   0.00000000   0.00000000    274.3   99.0      0.5     78440
2018  6 26  4      4.0    265.9   0.00000000   0.00000000    274.9   97.0      0.9     78510
2018  6 26  5     60.0    241.3   0.00000000   0.00000000    275.5   90.0      1.1     78580
2018  6 26  6    189.0    254.5   0.00000000   0.00000000    276.8   82.0      0.6     78620
2018  6 26  7    316.0    280.5   0.00000000   0.00000000    278.4   72.0      0.5     78680
2018  6 26  8    532.0    250.7   0.00000000   0.00000000    280.5   57.0      1.5     78760
2018  6 26  9    693.0    255.1   0.00000000   0.00000000    281.9   50.0      2.2     78820
2018  6 26 10    847.0    270.8   0.00000000   0.00000000    282.9   50.0      2.4     78890
2018  6 26 11    746.0    326.0   0.00000000   0.00000000    283.8   52.0      2.5     78910
2018  6 26 12    557.0    321.4   0.00000000   0.00000000    282.1   62.0      2.7     78860
2018  6 26 13    500.0    327.4   0.00000000   0.00000000    283.0   61.0      2.7     78890
2018  6 26 14    372.0    319.7   0.00000000   0.00002778    282.5   65.0      3.0     78860
2018  6 26 15    471.0    327.4   0.00000000   0.00005556    282.8   63.0      2.9     78890
2018  6 26 16    359.0    298.4   0.00000000   0.00008333    282.1   71.0      3.0     78850
2018  6 26 17    281.0    318.7   0.00000000   0.00008333    281.5   73.0      2.8     78830
2018  6 26 18    146.0    320.5   0.00000000   0.00011111    280.0   88.0      2.3     78780
2018  6 26 19     43.0    301.6   0.00000000   0.00008333    278.6   99.0      1.4     78710
2018  6 26 20      1.0    285.4   0.00000000   0.00008333    278.5   98.0      1.6     78730
2018  6 26 21      0.0    311.6   0.00000000   0.00005556    278.2  100.0      1.5     78710
2018  6 26 22      0.0    304.4   0.00000000   0.00002778    278.1  100.0      1.1     78690
2018  6 26 23      0.0    307.2   0.00000000   0.00000000    277.3  100.0      0.9     78600
2018  6 27  0      0.0    311.2   0.00000000   0.00000000    277.9   99.0      1.8     78590
2018  6 27  1      0.0    317.6   0.00000000   0.00005556    278.8  100.0      1.2     78610
2018  6 27  2      0.0    316.1   0.00000000   0.00005556    278.5  100.0      0.9     78560
2018  6 27  3      0.0    313.1   0.00000000   0.00002778    278.1  100.0      1.0     78540
2018  6 27  4      3.0    309.4   0.00000000   0.00002778    277.6  100.0      0.7     78530
2018  6 27  5     55.0    312.4   0.00000000   0.00000000    278.0  100.0      0.8     78570
2018  6 27  6    134.0    313.8   0.00000000   0.00000000    278.5   95.0      1.0     78630
2018  6 27  7    288.0    262.3   0.00000000   0.00000000    279.4   84.0      1.4     78690
2018  6 27  8    455.0    274.5   0.00000000   0.00000000    280.4   74.0      2.1     78720
2018  6 27  9    524.0    274.1   0.00000000   0.00000000    281.5   63.0      2.3     78750
2018  6 27 10    530.0    268.4   0.00000000   0.00000000    282.3   53.0      2.7     78750
2018  6 27 11    687.0    275.2   0.00000000   0.00000000    283.3   51.0      2.9     78770
2018  6 27 12    780.0    271.7   0.00000000   0.00000000    283.5   52.0      3.5     78750
2018  6 27 13    580.0    278.9   0.00000000   0.00000000    283.4   53.0      3.6     78760
2018  6 27 14    435.0    309.9   0.00000000   0.00000000    283.0   53.0      3.6     78700
2018  6 27 15    413.0    290.3   0.00000000   0.00000000    282.3   59.0      3.8     78660
2018  6 27 16    340.0    269.4   0.00000000   0.00002778    281.3   68.0      3.4     78620
2018  6 27 17    238.0    277.4   0.00000000   0.00005556    280.0   75.0      3.0     78570
2018  6 27 18    142.0    271.5   0.00000000   0.00002778    278.9   84.0      2.3     78530
2018  6 27 19     45.0    257.5   0.00000000   0.00002778    277.5   95.0      1.4     78450
2018  6 27 20      1.0    250.7   0.00000000   0.00005556    276.5   95.0      0.7     78400
2018  6 27 21      0.0    246.6   0.00000000   0.00000000    276.5   95.0      0.4     78380
2018  6 27 22      0.0    240.8   0.00000000   0.00000000    275.4   99.0      0.3     78300
2018  6 27 23      0.0    288.5   0.00000000   0.00000000    274.8  100.0      0.6     78230
2018  6 28  0      0.0    291.3   0.00000000   0.00000000    275.4   95.0      0.4     78270
2018  6 28  1      0.0    236.2   0.00000000   0.00000000    274.9   95.0      0.6     78180
2018  6 28  2      0.0    224.6   0.00000000   0.00000000    272.8   96.0      1.0     78000
2018  6 28  3      0.0    226.3   0.00000000   0.00000000    272.9   95.0      0.7     77970
2018  6 28  4      5.0    232.9   0.00000000   0.00000000    273.8   93.0      0.4     78020
2018  6 28  5     78.0    237.9   0.00000000   0.00000000    275.4   92.0      0.6     78120
2018  6 28  6    202.0    257.1   0.00000000   0.00000000    277.4   85.0      0.8     78270
2018  6 28  7    352.0    260.7   0.00000000   0.00000000    278.9   70.0      1.4     78340
2018  6 28  8    461.0    280.5   0.00000000   0.00000000    280.8   64.0      2.4     78400
2018  6 28  9    466.0    290.7   0.00000000   0.00000000    281.8   61.0      2.6     78420
2018  6 28 10    622.0    322.7   0.00000000   0.00000000    283.0   58.0      2.9     78480
2018  6 28 11    493.0    325.8   0.00000000   0.00000000    283.2   57.0      2.7     78460
2018  6 28 12    570.0    321.3   0.00000000   0.00000000    282.5   58.0      3.3     78410
2018  6 28 13    366.0    323.5   0.00000000   0.00005556    280.9   79.0      3.5     78360
2018  6 28 14    316.0    325.2   0.00000000   0.00005556    280.9   82.0      2.9     78380
2018  6 28 15    301.0    318.6   0.00000000   0.00000000    281.1   76.0      2.9     78360
2018  6 28 16    211.0    319.6   0.00000000   0.00002778    280.8   75.0      3.0     78330
2018  6 28 17    168.0    315.5   0.00000000   0.00005556    280.0   77.0      2.4     78330
2018  6 28 18     48.0    312.2   0.00000000   0.00005556    279.1   83.0      2.0     78290
2018  6 28 19     12.0    310.8   0.00000000   0.00005556    278.1   95.0      1.7     78230
2018  6 28 20      0.0    310.1   0.00000000   0.00005556    278.0   95.0      1.3     78230
2018  6 28 21      0.0    311.2   0.00000000   0.00002778    277.9   99.0      1.0     78200
2018  6 28 22      0.0    311.9   0.00000000   0.00005556    278.0   99.0      0.8     78210
2018  6 28 23      0.0    311.9   0.00000000   0.00002778    278.0   99.0      0.5     78170
2018  6 29  0      0.0    305.7   0.00000000   0.00000000    277.1  100.0      1.2     78110
2018  6 29  1      0.0    292.7   0.00000000   0.00000000    275.3  100.0      1.0     77940
2018  6 29  2      0.0    296.6   0.00000000   0.00000000    275.9   99.0      1.5     78000
2018  6 29  3      0.0    296.9   0.00000000   0.00000000    276.0   98.0      1.8     78000
2018  6 29  4      2.0    299.0   0.00000000   0.00000000    276.3   98.0      2.0     78010
2018  6 29  5     43.0    306.9   0.00000000   0.00000000    277.5   96.0      1.7     78090
2018  6 29  6    128.0    300.1   0.00000000   0.00000000    279.1   88.0      1.1     78190
2018  6 29  7    290.0    323.1   0.00000000   0.00000000    281.0   79.0      0.5     78320
2018  6 29  8    430.0    310.1   0.00000000   0.00000000    282.8   72.0      1.4     78410
2018  6 29  9    543.0    340.0   0.00000000   0.00000000    284.9   63.0      2.0     78490
2018  6 29 10    489.0    341.8   0.00000000   0.00000000    284.9   67.0      2.5     78520
2018  6 29 11    776.0    342.4   0.00000000   0.00002778    287.0   60.0      2.4     78580
2018  6 29 12    706.0    299.1   0.00000000   0.00002778    287.1   56.0      2.8     78580
2018  6 29 13    695.0    307.0   0.00000000   0.00002778    287.0   63.0      2.6     78580
2018  6 29 14    654.0    338.9   0.00000000   0.00005556    286.8   70.0      2.6     78600
2018  6 29 15    380.0    316.8   0.00000000   0.00050000    285.0   87.0      1.8     78540
2018  6 29 16    334.0    319.2   0.00000000   0.00025000    284.3   86.0      1.7     78500
2018  6 29 17    263.0    354.8   0.00000000   0.00000000    284.5   84.0      1.4     78500
2018  6 29 18    123.0    345.5   0.00000000   0.00000000    283.4   92.0      1.8     78490
2018  6 29 19     38.0    344.1   0.00000000   0.00002778    282.1  100.0      1.0     78440
2018  6 29 20      1.0    336.1   0.00000000   0.00002778    281.1  100.0      0.9     78420
2018  6 29 21      0.0    340.9   0.00000000   0.00000000    281.8  100.0      0.5     78460
2018  6 29 22      0.0    336.9   0.00000000   0.00000000    281.2  100.0      0.5     78410
2018  6 29 23      0.0    334.9   0.00000000   0.00000000    281.0   99.0      1.3     78370
2018  6 30  0      0.0    330.7   0.00000000   0.00000000    280.4  100.0      1.1     78320
2018  6 30  1      0.0    331.0   0.00000000   0.00002778    280.5   99.0      1.2     78330
2018  6 30  2      0.0    330.7   0.00000000   0.00002778    280.4  100.0      1.4     78280
2018  6 30  3      0.0    326.8   0.00000000   0.00000000    279.9  100.0      1.5     78250
2018  6 30  4      3.0    327.5   0.00000000   0.00000000    280.0  100.0      1.6     78260
2018  6 30  5     53.0    335.5   0.00000000   0.00000000    281.3   98.0      1.6     78340
2018  6 30  6    177.0    315.4   0.00000000   0.00000000    283.5   90.0      0.8     78500
2018  6 30  7    360.0    297.4   0.00000000   0.00000000    285.2   81.0      0.8     78610
2018  6 30  8    560.0    296.2   0.00000000   0.00000000    286.5   68.0      1.4     78670
2018  6 30  9    714.0    300.0   0.00000000   0.00000000    287.8   58.0      1.9     78730
2018  6 30 10    799.0    302.7   0.00000000   0.00000000    288.6   53.0      2.0     78760
2018  6 30 11    772.0    305.8   0.00000000   0.00000000    288.8   52.0      2.2     78760
2018  6 30 12    768.0    305.0   0.00000000   0.00000000    288.5   53.0      2.6     78700
2018  6 30 13    763.0    307.5   0.00000000   0.00000000    288.8   54.0      2.5     78720
2018  6 30 14    724.0    309.8   0.00000000   0.00000000    288.8   55.0      2.6     78710
2018  6 30 15    617.0    309.2   0.00000000   0.00002778    288.2   58.0      2.6     78670
2018  6 30 16    469.0    306.3   0.00000000   0.00002778    287.4   63.0      2.5     78670
2018  6 30 17    313.0    304.7   0.00000000   0.00002778    286.2   72.0      2.2     78630
2018  6 30 18    168.0    300.7   0.00000000   0.00002778    284.8   83.0      1.4     78580
2018  6 30 19     55.0    294.4   0.00000000   0.00000000    283.5   92.0      0.6     78520
2018  6 30 20      1.0    276.8   0.00000000   0.00000000    280.9   99.0      0.6     78340
2018  6 30 21      0.0    271.2   0.00000000   0.00000000    280.3  100.0      0.8     78300
2018  6 30 22      0.0    325.2   0.00000000   0.00000000    279.8  100.0      0.8     78230
2018  6 30 23      0.0    322.5   0.00000000   0.00000000    279.4   99.0      0.8     78200
2018  7  1  0      0.0    322.9   0.00000000   0.00000000    279.8   95.0      0.7     78210
2018  7  1  1      0.0    262.8   0.00000000   0.00000000    279.4   95.0      0.4     78190
2018  7  1  2      0.0    263.0   0.00000000   0.00000000    279.3   97.0      0.4     78160
2018  7  1  3      0.0    310.9   0.00000000   0.00000000    277.8  100.0      0.6     78020
2018  7  1  4      4.0    286.0   0.00000000   0.00000000    277.3   99.0      0.9     78010
2018  7  1  5     70.0    284.5   0.00000000   0.00000000    279.6   94.0      1.0     78180
2018  7  1  6    197.0    288.6   0.00000000   0.00000000    284.2   83.0      0.6     78490
2018  7  1  7    383.0    292.3   0.00000000   0.00000000    286.5   61.0      1.3     78650
2018  7  1  8    516.0    300.4   0.00000000   0.00000000    287.4   62.0      2.1     78680
2018  7  1  9    650.0    306.1   0.00000000   0.00002778    288.1   59.0      2.7     78730
2018  7  1 10    723.0    310.9   0.00000000   0.00005556    288.6   56.0      3.2     78750
2018  7  1 11    689.0    313.2   0.00000000   0.00008333    288.8   56.0      3.2     78750
2018  7  1 12    717.0    316.8   0.00000000   0.00008333    288.8   59.0      3.2     78760
2018  7  1 13    766.0    313.0   0.00000000   0.00002778    289.2   59.0      3.0     78770
2018  7  1 14    694.0    320.3   0.00000000   0.00011111    288.8   63.0      3.2     78760
2018  7  1 15    573.0    317.4   0.00000000   0.00011111    288.4   66.0      2.9     78740
2018  7  1 16    455.0    318.7   0.00000000   0.00011111    288.0   69.0      2.7     78710
2018  7  1 17    305.0    309.5   0.00000000   0.00002778    287.2   76.0      2.0     78650
2018  7  1 18    183.0    306.7   0.00000000   0.00000000    286.1   85.0      1.2     78620
2018  7  1 19     56.0    301.4   0.00000000   0.00000000    285.0   93.0      0.5     78560
2018  7  1 20      1.0    281.2   0.00000000   0.00000000    281.9   99.0      0.6     78360
2018  7  1 21      0.0    281.1   0.00000000   0.00000000    281.9   98.0      0.7     78370
2018  7  1 22      0.0    279.0   0.00000000   0.00000000    281.6   98.0      0.8     78330
2018  7  1 23      0.0    276.3   0.00000000   0.00000000    281.3   98.0      1.2     78310
2018  7  2  0      0.0    327.8   0.00000000   0.00000000    281.3   92.0      1.5     78290
2018  7  2  1      0.0    292.0   0.00000000   0.00000000    281.3   91.0      0.8     78280
2018  7  2  2      0.0    306.1   0.00000000   0.00000000    281.0   92.0      0.9     78230
2018  7  2  3      0.0    275.4   0.00000000   0.00000000    280.8   92.0      0.9     78190
2018  7  2  4      5.0    269.3   0.00000000   0.00000000    280.6   92.0      0.9     78180
2018  7  2  5     82.0    282.5   0.00000000   0.00000000    282.4   90.0      1.3     78320
2018  7  2  6    223.0    299.2   0.00000000   0.00000000    285.9   80.0      0.9     78570
2018  7  2  7    383.0    301.6   0.00000000   0.00000000    287.8   63.0      1.2     78680
2018  7  2  8    535.0    310.3   0.00000000   0.00005556    288.5   62.0      2.2     78720
2018  7  2  9    612.0    313.4   0.00000000   0.00000000    289.1   61.0      2.2     78770
2018  7  2 10    744.0    322.3   0.00000000   0.00008333    289.8   59.0      2.6     78810
2018  7  2 11    790.0    328.9   0.00000000   0.00005556    290.1   61.0      2.6     78840
2018  7  2 12    811.0    363.3   0.00000000   0.00022222    290.2   50.0      3.4     78870
2018  7  2 13    539.0    364.9   0.00000000   0.00005556    288.1   59.0      2.9     78830
2018  7  2 14    429.0    371.3   0.00000000   0.00000000    288.1   65.0      1.7     78820
2018  7  2 15    527.0    369.6   0.00000000   0.00008333    287.9   65.0      2.1     78820
2018  7  2 16    391.0    362.8   0.00000000   0.00019444    286.5   73.0      2.4     78820
2018  7  2 17    233.0    356.3   0.00000000   0.00000000    285.3   84.0      0.9     78750
2018  7  2 18     91.0    359.3   0.00000000   0.00000000    284.8   91.0      0.8     78670
2018  7  2 19     32.0    355.2   0.00000000   0.00000000    284.0   94.0      0.6     78630
2018  7  2 20      1.0    337.3   0.00000000   0.00000000    282.1   96.0      1.1     78580
2018  7  2 21      0.0    334.2   0.00000000   0.00000000    282.2   93.0      0.8     78560
2018  7  2 22      0.0    327.9   0.00000000   0.00000000    281.6   92.0      0.6     78510
2018  7  2 23      0.0    307.3   0.00000000   0.00000000    280.9   92.0      0.3     78450
2018  7  3  0      0.0    292.8   0.00000000   0.00000000    282.4   85.0      0.9     78540
2018  7  3  1      0.0    323.6   0.00000000   0.00000000    280.8   89.0      0.7     78450
2018  7  3  2      0.0    320.2   0.00000000   0.00000000    280.2   89.0      0.7     78390
2018  7  3  3      0.0    280.0   0.00000000   0.00000000    279.5   90.0      0.8     78340
2018  7  3  4      4.0    282.7   0.00000000   0.00000000    280.1   87.0      0.5     78380
2018  7  3  5     78.0    293.2   0.00000000   0.00000000    282.8   83.0      0.2     78570
2018  7  3  6    223.0    305.7   0.00000000   0.00000000    284.9   79.0      0.8     78780
2018  7  3  7    361.0    344.2   0.00000000   0.00000000    285.4   75.0      1.6     78850
2018  7  3  8    455.0    348.3   0.00000000   0.00000000    286.3   74.0      1.5     78880
2018  7  3  9    583.0    368.5   0.00000000   0.00002778    286.8   77.0      1.5     78910
2018  7  3 10    659.0    366.0   0.00000000   0.00025000    286.4   77.0      2.4     78910
2018  7  3 11    639.0    351.4   0.00000000   0.00030556    287.0   64.0      0.8     78940
2018  7  3 12    572.0    362.4   0.00000000   0.00000000    286.5   80.0      2.5     78940
2018  7  3 13    651.0    377.9   0.00000000   0.00019444    286.9   89.0      1.4     78950
2018  7  3 14    499.0    364.4   0.00000000   0.00025000    284.8   98.0      3.0     78900
2018  7  3 15    238.0    344.4   0.00000000   0.00022222    283.0   87.0      0.2     78830
2018  7  3 16    143.0    344.1   0.00000000   0.00005556    283.2   88.0      0.8     78790
2018  7  3 17    279.0    313.8   0.00000000   0.00000000    283.9   83.0      0.4     78790
2018  7  3 18    171.0    295.0   0.00000000   0.00000000    283.4   88.0      0.7     78760
2018  7  3 19     56.0    284.4   0.00000000   0.00000000    282.5   94.0      0.7     78700
2018  7  3 20      1.0    268.5   0.00000000   0.00000000    280.0   99.0      0.3     78540
2018  7  3 21      0.0    262.9   0.00000000   0.00000000    278.9   99.0      0.5     78460
2018  7  3 22      0.0    316.9   0.00000000   0.00000000    279.2  100.0      0.3     78500
2018  7  3 23      0.0    317.2   0.00000000   0.00000000    278.8   99.0      0.4     78460
2018  7  4  0      0.0    318.9   0.00000000   0.00000000    282.0   66.0      1.1     78720
2018  7  4  1      0.0    280.9   0.00000000   0.00000000    280.0   75.0      0.4     78550
2018  7  4  2      0.0    258.0   0.00000000   0.00000000    279.4   78.0      0.8     78510
2018  7  4  3      0.0    255.1   0.00000000   0.00000000    279.5   75.0      0.4     78490
2018  7  4  4      4.0    251.0   0.00000000   0.00000000    278.2   82.0      0.4     78410
2018  7  4  5     78.0    304.5   0.00000000   0.00000000    281.4   73.0      0.2     78650
2018  7  4  6    196.0    318.8   0.00000000   0.00000000    282.8   85.0      0.5     78750
2018  7  4  7    336.0    278.6   0.00000000   0.00000000    283.9   67.0      1.0     78850
2018  7  4  8    521.0    286.2   0.00000000   0.00000000    285.2   60.0      1.4     78910
2018  7  4  9    654.0    296.9   0.00000000   0.00000000    286.5   56.0      1.9     78960
2018  7  4 10    693.0    320.2   0.00000000   0.00000000    286.8   59.0      2.2     78990
2018  7  4 11    675.0    310.8   0.00000000   0.00002778    285.4   69.0      2.5     78930
2018  7  4 12    674.0    320.2   0.00000000   0.00002778    285.4   63.0      2.7     78900
2018  7  4 13    809.0    311.5   0.00000000   0.00013889    286.1   67.0      2.3     78970
2018  7  4 14    653.0    316.5   0.00000000   0.00011111    286.3   60.0      1.7     78940
2018  7  4 15    530.0    313.0   0.00000000   0.00005556    285.8   68.0      1.8     78900
2018  7  4 16    351.0    316.8   0.00000000   0.00000000    285.4   71.0      1.3     78860
2018  7  4 17    291.0    322.6   0.00000000   0.00000000    284.6   77.0      1.1     78820
2018  7  4 18    164.0    300.1   0.00000000   0.00000000    283.8   83.0      0.6     78820
2018  7  4 19     51.0    288.5   0.00000000   0.00000000    281.6   95.0      0.4     78680
2018  7  4 20      1.0    271.2   0.00000000   0.00000000    280.6   94.0      0.8     78610
2018  7  4 21      0.0    266.3   0.00000000   0.00000000    279.8   95.0      1.0     78510
2018  7  4 22      0.0    261.6   0.00000000   0.00000000    279.1   95.0      1.3     78430
2018  7  4 23      0.0    268.3   0.00000000   0.00000000    278.3   96.0      1.4     78340
2018  7  5  0      0.0    255.6   0.00000000   0.00000000    278.5   89.0      1.7     78290
2018  7  5  1      0.0    288.3   0.00000000   0.00000000    278.4   89.0      1.8     78270
2018  7  5  2      0.0    310.0   0.00000000   0.00000000    278.4   91.0      1.6     78250
2018  7  5  3      0.0    310.6   0.00000000   0.00000000    278.8   90.0      1.5     78280
2018  7  5  4      2.0    315.1   0.00000000   0.00000000    279.0   90.0      1.4     78290
2018  7  5  5     34.0    323.1   0.00000000   0.00000000    280.2   88.0      1.2     78360
2018  7  5  6     94.0    337.4   0.00000000   0.00000000    282.4   83.0      1.1     78510
2018  7  5  7    117.0    341.5   0.00000000   0.00002778    283.0   82.0      1.1     78550
2018  7  5  8    197.0    339.2   0.00000000   0.00008333    283.5   72.0      1.5     78550
2018  7  5  9    280.0    337.0   0.00000000   0.00011111    283.6   73.0      1.5     78560
2018  7  5 10    428.0    331.5   0.00000000   0.00002778    284.8   65.0      1.3     78580
2018  7  5 11    564.0    344.6   0.00000000   0.00002778    286.0   58.0      0.7     78590
2018  7  5 12    567.0    343.3   0.00000000   0.00022222    284.6   69.0      2.1     78560
2018  7  5 13    598.0    343.2   0.00000000   0.00033333    284.3   76.0      2.3     78530
2018  7  5 14    473.0    338.6   0.00000000   0.00069444    282.8   81.0      1.9     78510
2018  7  5 15    239.0    331.7   0.00000000   0.00050000    282.5   84.0      2.3     78520
2018  7  5 16    192.0    330.9   0.00000000   0.00041667    281.3   89.0      1.0     78480
2018  7  5 17    140.0    326.5   0.00000000   0.00008333    280.8   94.0      1.5     78430
2018  7  5 18    105.0    331.7   0.00000000   0.00008333    280.6   99.0      1.2     78450
2018  7  5 19     35.0    321.7   0.00000000   0.00005556    279.9   99.0      0.4     78390
2018  7  5 20      0.0    286.3   0.00000000   0.00002778    279.5  100.0      0.2     78370
2018  7  5 21      0.0    283.9   0.00000000   0.00000000    279.1   99.0      0.6     78350
2018  7  5 22      0.0    313.4   0.00000000   0.00000000    278.5   99.0      0.6     78350
2018  7  5 23      0.0    311.6   0.00000000   0.00000000    277.9  100.0      0.4     78300
2018  7  6  0      0.0    312.4   0.00000000   0.00000000    278.0  100.0      0.7     78360
2018  7  6  1      0.0    311.3   0.00000000   0.00002778    278.0  100.0      0.3     78320
2018  7  6  2      0.0    305.7   0.00000000   0.00000000    277.1  100.0      0.3     78240
2018  7  6  3      0.0    299.9   0.00000000   0.00000000    276.3  100.0      0.2     78190
2018  7  6  4      2.0    306.5   0.00000000   0.00002778    277.2  100.0      0.3     78290
2018  7  6  5     39.0    313.0   0.00000000   0.00002778    278.3   99.0      0.7     78410
2018  7  6  6     77.0    317.2   0.00000000   0.00008333    278.8   99.0      1.0     78460
2018  7  6  7     88.0    316.3   0.00000000   0.00011111    278.9   94.0      1.3     78490
2018  7  6  8    135.0    318.6   0.00000000   0.00013889    279.6   88.0      1.7     78520
2018  7  6  9    273.0    332.2   0.00000000   0.00011111    280.6  100.0      2.0     78610
2018  7  6 10    356.0    332.9   0.00000000   0.00027778    281.3   95.0      2.3     78680
2018  7  6 11    414.0    318.8   0.00000000   0.00030556    281.4   80.0      2.0     78720
2018  7  6 12    407.0    322.1   0.00000000   0.00025000    281.9   83.0      2.1     78720
2018  7  6 13    406.0    341.3   0.00000000   0.00108333    282.2   93.0      2.2     78790
2018  7  6 14    409.0    347.9   0.00000000   0.00033333    282.8   98.0      2.4     78850
2018  7  6 15    327.0    340.2   0.00000000   0.00041667    281.8   97.0      2.2     78820
2018  7  6 16    230.0    329.8   0.00000000   0.00013889    280.8   92.0      1.7     78780
2018  7  6 17    138.0    326.0   0.00000000   0.00005556    280.2   96.0      1.2     78760
2018  7  6 18     75.0    325.1   0.00000000   0.00002778    279.8   98.0      1.3     78770
2018  7  6 19     33.0    317.9   0.00000000   0.00002778    278.8   99.0      0.7     78740
2018  7  6 20      1.0    313.9   0.00000000   0.00000000    278.2  100.0      0.6     78710
2018  7  6 21      0.0    310.4   0.00000000   0.00000000    277.8   99.0      0.6     78710
2018  7  6 22      0.0    309.4   0.00000000   0.00000000    277.6  100.0      0.5     78700
2018  7  6 23      0.0    318.4   0.00000000   0.00002778    278.8  100.0      0.7     78790
2018  7  7  0      0.0    318.7   0.00000000   0.00000000    278.9   99.0      1.5     78830
2018  7  7  1      0.0    307.0   0.00000000   0.00002778    278.6  100.0      1.2     78810
2018  7  7  2      0.0    309.4   0.00000000   0.00000000    277.6  100.0      0.9     78730
2018  7  7  3      0.0    313.1   0.00000000   0.00000000    278.1  100.0      0.2     78740
2018  7  7  4      2.0    312.4   0.00000000   0.00000000    278.0  100.0      0.2     78770
2018  7  7  5     26.0    304.5   0.00000000   0.00000000    278.8   98.0      0.3     78800
2018  7  7  6     70.0    278.1   0.00000000   0.00000000    279.4   90.0      1.1     78850
2018  7  7  7    159.0    282.4   0.00000000   0.00000000    280.2   85.0      1.1     78900
2018  7  7  8    278.0    297.5   0.00000000   0.00000000    281.2   79.0      1.5     78940
2018  7  7  9    325.0    327.7   0.00000000   0.00000000    282.0   74.0      1.7     78980
2018  7  7 10    531.0    336.4   0.00000000   0.00005556    283.5   68.0      2.1     79040
2018  7  7 11    615.0    294.8   0.00000000   0.00008333    283.9   69.0      2.2     79070
2018  7  7 12    756.0    302.0   0.00000000   0.00011111    284.3   64.0      3.0     79080
2018  7  7 13    704.0    303.3   0.00000000   0.00002778    284.9   63.0      3.1     79110
2018  7  7 14    641.0    315.8   0.00000000   0.00000000    284.8   63.0      3.2     79130
2018  7  7 15    490.0    312.1   0.00000000   0.00000000    284.3   59.0      2.9     79100
2018  7  7 16    308.0    312.2   0.00000000   0.00000000    283.0   64.0      2.9     79060
2018  7  7 17    257.0    300.8   0.00000000   0.00000000    282.5   69.0      2.1     79020
2018  7  7 18    173.0    281.9   0.00000000   0.00000000    281.8   72.0      1.6     78970
2018  7  7 19     52.0    267.3   0.00000000   0.00000000    279.4   86.0      1.2     78860
2018  7  7 20      1.0    267.5   0.00000000   0.00000000    279.9   84.0      0.9     78930
2018  7  7 21      0.0    271.9   0.00000000   0.00000000    279.3   88.0      0.3     78900
2018  7  7 22      0.0    262.0   0.00000000   0.00000000    276.9   97.0      0.4     78730
2018  7  7 23      0.0    260.3   0.00000000   0.00000000    276.4   98.0      0.4     78670
2018  7  8  0      0.0    324.5   0.00000000   0.00000000    279.6  100.0      0.2     78850
2018  7  8  1      0.0    322.5   0.00000000   0.00000000    279.4   99.0      0.1     78830
2018  7  8  2      0.0    301.3   0.00000000   0.00000000    276.5  100.0      0.3     78610
2018  7  8  3      0.0    305.0   0.00000000   0.00000000    277.0  100.0      0.4     78620
2018  7  8  4      2.0    306.3   0.00000000   0.00000000    277.3   98.0      1.2     78640
2018  7  8  5     55.0    314.3   0.00000000   0.00000000    278.5   96.0      1.2     78730
2018  7  8  6    164.0    286.0   0.00000000   0.00000000    280.6   77.0      0.6     78890
2018  7  8  7    354.0    288.7   0.00000000   0.00000000    282.4   68.0      0.8     78980
2018  7  8  8    508.0    306.9   0.00000000   0.00000000    283.8   63.0      2.0     79040
2018  7  8  9    638.0    314.9   0.00000000   0.00000000    285.0   61.0      2.1     79120
2018  7  8 10    612.0    345.2   0.00000000   0.00000000    285.4   60.0      2.2     79120
2018  7  8 11    681.0    349.9   0.00000000   0.00002778    286.2   58.0      2.8     79150
2018  7  8 12    645.0    333.5   0.00000000   0.00008333    287.3   51.0      3.2     79140
2018  7  8 13    743.0    317.4   0.00000000   0.00000000    287.8   49.0      3.2     79160
2018  7  8 14    732.0    315.4   0.00000000   0.00000000    287.5   51.0      3.5     79150
2018  7  8 15    611.0    306.0   0.00000000   0.00000000    286.2   60.0      3.3     79120
2018  7  8 16    435.0    326.3   0.00000000   0.00002778    285.0   66.0      3.1     79070
2018  7  8 17    281.0    305.5   0.00000000   0.00005556    283.9   74.0      2.9     79010
2018  7  8 18    128.0    290.2   0.00000000   0.00005556    282.6   84.0      2.3     78980
2018  7  8 19     42.0    327.3   0.00000000   0.00002778    281.1   94.0      1.3     78890
2018  7  8 20      1.0    321.7   0.00000000   0.00005556    280.2   99.0      0.9     78880
2018  7  8 21      0.0    325.1   0.00000000   0.00000000    279.9   99.0      0.6     78860
2018  7  8 22      0.0    327.9   0.00000000   0.00000000    280.1   99.0      0.7     78880
2018  7  8 23      0.0    325.5   0.00000000   0.00000000    279.8   99.0      0.3     78850
2018  7  9  0      0.0    332.4   0.00000000   0.00000000    281.4   88.0      1.2     78890
2018  7  9  1      0.0    271.6   0.00000000   0.00000000    281.0   90.0      0.8     78860
2018  7  9  2      0.0    268.5   0.00000000   0.00000000    280.5   92.0      0.5     78790
2018  7  9  3      0.0    254.3   0.00000000   0.00000000    277.9   97.0      0.4     78580
2018  7  9  4      2.0    310.1   0.00000000   0.00000000    277.8  100.0      0.6     78560
2018  7  9  5     61.0    266.6   0.00000000   0.00000000    279.2   93.0      1.3     78690
2018  7  9  6    177.0    263.3   0.00000000   0.00000000    281.0   74.0      0.6     78800
2018  7  9  7    355.0    266.7   0.00000000   0.00000000    282.6   62.0      0.6     78880
2018  7  9  8    577.0    279.2   0.00000000   0.00000000    284.1   57.0      1.4     78940
2018  7  9  9    688.0    298.8   0.00000000   0.00000000    285.1   55.0      1.8     78960
2018  7  9 10    821.0    318.5   0.00000000   0.00000000    286.1   51.0      2.1     79010
2018  7  9 11    863.0    331.2   0.00000000   0.00000000    287.2   44.0      2.3     79050
2018  7  9 12    901.0    328.1   0.00000000   0.00000000    287.5   46.0      2.6     79020
2018  7  9 13    816.0    297.3   0.00000000   0.00005556    287.0   54.0      2.9     79000
2018  7  9 14    690.0    302.4   0.00000000   0.00005556    286.4   56.0      2.8     78980
2018  7  9 15    605.0    305.3   0.00000000   0.00005556    285.8   60.0      3.2     78950
2018  7  9 16    445.0    300.9   0.00000000   0.00008333    284.4   69.0      2.8     78910
2018  7  9 17    308.0    320.6   0.00000000   0.00002778    283.5   76.0      2.5     78840
2018  7  9 18    152.0    319.4   0.00000000   0.00002778    282.6   82.0      1.6     78800
2018  7  9 19     52.0    332.9   0.00000000   0.00000000    281.2   92.0      1.1     78730
2018  7  9 20      1.0    326.3   0.00000000   0.00000000    280.3   95.0      0.4     78690
2018  7  9 21      0.0    306.3   0.00000000   0.00000000    278.9   98.0      0.3     78580
2018  7  9 22      0.0    304.4   0.00000000   0.00000000    278.5   98.0      0.4     78520
2018  7  9 23      0.0    305.0   0.00000000   0.00000000    277.8   99.0      0.7     78450
2018  7 10  0      0.0    314.7   0.00000000   0.00000000    279.8   90.0      0.1     78520
2018  7 10  1      0.0    301.8   0.00000000   0.00000000    277.4   96.0      0.9     78320
2018  7 10  2      0.0    290.6   0.00000000   0.00000000    277.5   96.0      0.6     78290
2018  7 10  3      0.0    293.9   0.00000000   0.00000000    278.3   95.0      0.8     78310
2018  7 10  4      2.0    306.0   0.00000000   0.00000000    277.2   99.0      0.9     78220
2018  7 10  5     51.0    308.8   0.00000000   0.00000000    279.9   92.0      0.9     78400
2018  7 10  6    153.0    328.6   0.00000000   0.00000000    281.8   84.0      0.6     78550
2018  7 10  7    254.0    330.4   0.00000000   0.00000000    282.8   76.0      0.9     78560
2018  7 10  8    379.0    317.8   0.00000000   0.00000000    283.9   67.0      2.1     78590
2018  7 10  9    513.0    315.3   0.00000000   0.00000000    284.8   62.0      2.7     78600
2018  7 10 10    581.0    339.9   0.00000000   0.00005556    284.6   66.0      2.9     78610
2018  7 10 11    517.0    338.7   0.00000000   0.00008333    284.1   68.0      2.4     78570
2018  7 10 12    527.0    334.4   0.00000000   0.00022222    283.0   84.0      2.3     78530
2018  7 10 13    505.0    340.4   0.00000000   0.00013889    283.1   85.0      2.0     78530
2018  7 10 14    290.0    329.7   0.00000000   0.00016667    282.2   91.0      2.2     78470
2018  7 10 15    220.0    336.4   0.00000000   0.00013889    281.8   92.0      2.5     78460
2018  7 10 16     89.0    329.3   0.00000000   0.00011111    280.6   94.0      1.6     78410
2018  7 10 17     58.0    327.5   0.00000000   0.00013889    280.0  100.0      1.7     78370
2018  7 10 18     35.0    325.2   0.00000000   0.00013889    279.8  100.0      0.9     78370
2018  7 10 19     21.0    301.8   0.00000000   0.00002778    279.5  100.0      0.4     78330
2018  7 10 20      0.0    273.7   0.00000000   0.00002778    277.8  100.0      0.9     78200
2018  7 10 21      0.0    277.7   0.00000000   0.00000000    277.9  100.0      0.8     78190
2018  7 10 22      0.0    313.1   0.00000000   0.00000000    278.1  100.0      0.5     78190
2018  7 10 23      0.0    307.9   0.00000000   0.00000000    277.4  100.0      0.3     78120
2018  7 11  0      0.0    296.9   0.00000000   0.00000000    278.8   98.0      0.6     78170
2018  7 11  1      0.0    297.9   0.00000000   0.00000000    278.8  100.0      0.6     78130
2018  7 11  2      0.0    284.9   0.00000000   0.00000000    278.3  100.0      0.6     78090
2018  7 11  3      0.0    313.1   0.00000000   0.00002778    278.1  100.0      0.5     78090
2018  7 11  4      1.0    314.6   0.00000000   0.00002778    278.3  100.0      0.6     78100
2018  7 11  5     23.0    315.4   0.00000000   0.00002778    278.4  100.0      0.9     78110
2018  7 11  6     63.0    316.1   0.00000000   0.00005556    278.5  100.0      1.2     78140
2018  7 11  7     87.0    314.7   0.00000000   0.00005556    278.5   97.0      1.1     78150
2018  7 11  8    222.0    315.3   0.00000000   0.00005556    279.3   86.0      1.2     78180
2018  7 11  9    370.0    296.6   0.00000000   0.00002778    280.2   84.0      2.1     78240
2018  7 11 10    503.0    294.4   0.00000000   0.00005556    280.8   80.0      2.5     78280
2018  7 11 11    518.0    296.9   0.00000000   0.00005556    281.2   78.0      2.9     78310
2018  7 11 12    558.0    309.3   0.00000000   0.00005556    283.3   61.0      2.7     78390
2018  7 11 13    779.0    293.6   0.00000000   0.00000000    283.9   58.0      3.2     78420
2018  7 11 14    696.0    288.4   0.00000000   0.00000000    283.5   63.0      3.1     78420
2018  7 11 15    571.0    302.4   0.00000000   0.00000000    283.2   64.0      3.0     78430
2018  7 11 16    367.0    324.3   0.00000000   0.00000000    281.4   74.0      3.1     78370
2018  7 11 17    189.0    318.6   0.00000000   0.00002778    280.1   81.0      2.4     78360
2018  7 11 18     84.0    313.1   0.00000000   0.00002778    279.0   86.0      1.9     78340
2018  7 11 19     21.0    308.0   0.00000000   0.00002778    278.4   87.0      1.1     78330
2018  7 11 20      0.0    283.9   0.00000000   0.00000000    278.0   91.0      0.7     78320
2018  7 11 21      0.0    258.5   0.00000000   0.00000000    276.6   97.0      0.5     78210
2018  7 11 22      0.0    258.8   0.00000000   0.00000000    276.3   97.0      0.7     78200
2018  7 11 23      0.0    238.2   0.00000000   0.00000000    275.1   98.0      0.9     78060
2018  7 12  0      0.0    240.2   0.00000000   0.00000000    275.4   99.0      1.2     78120
2018  7 12  1      0.0    240.2   0.00000000   0.00000000    275.1   99.0      0.7     78070
2018  7 12  2      0.0    240.6   0.00000000   0.00000000    275.0   99.0      0.9     78030
2018  7 12  3      0.0    240.2   0.00000000   0.00000000    275.0   97.0      0.8     77990
2018  7 12  4      2.0    240.2   0.00000000   0.00000000    275.2   95.0      0.5     78010
2018  7 12  5     64.0    249.4   0.00000000   0.00000000    277.2   92.0      0.7     78210
2018  7 12  6    200.0    259.7   0.00000000   0.00000000    279.8   78.0      0.4     78410
2018  7 12  7    350.0    266.5   0.00000000   0.00000000    281.6   69.0      0.3     78490
2018  7 12  8    514.0    274.4   0.00000000   0.00000000    283.6   63.0      1.0     78560
2018  7 12  9    669.0    298.2   0.00000000   0.00000000    285.3   56.0      2.0     78620
2018  7 12 10    702.0    317.5   0.00000000   0.00000000    286.1   52.0      2.4     78670
2018  7 12 11    779.0    288.7   0.00000000   0.00002778    286.5   53.0      2.2     78710
2018  7 12 12    936.0    308.1   0.00000000   0.00005556    286.5   49.0      2.6     78730
2018  7 12 13    802.0    332.0   0.00000000   0.00000000    286.9   48.0      2.5     78760
2018  7 12 14    758.0    318.7   0.00000000   0.00008333    286.4   53.0      2.8     78770
2018  7 12 15    572.0    337.5   0.00000000   0.00002778    285.4   58.0      2.7     78740
2018  7 12 16    435.0    338.9   0.00000000   0.00002778    284.6   63.0      2.8     78710
2018  7 12 17    262.0    335.9   0.00000000   0.00000000    283.0   73.0      2.8     78680
2018  7 12 18    119.0    328.4   0.00000000   0.00000000    281.8   81.0      1.6     78660
2018  7 12 19     33.0    321.6   0.00000000   0.00000000    280.1   91.0      0.8     78600
2018  7 12 20      0.0    312.7   0.00000000   0.00000000    279.1   95.0      0.8     78580
2018  7 12 21      0.0    307.0   0.00000000   0.00000000    278.2   97.0      0.7     78510
2018  7 12 22      0.0    282.8   0.00000000   0.00000000    277.4   98.0      0.6     78450
2018  7 12 23      0.0    284.8   0.00000000   0.00000000    275.8   99.0      0.6     78330
2018  7 13  0      0.0    299.3   0.00000000   0.00000000    278.3   88.0      0.5     78530
2018  7 13  1      0.0    253.5   0.00000000   0.00000000    276.1   92.0      0.4     78350
2018  7 13  2      0.0    236.0   0.00000000   0.00000000    275.1   92.0      0.6     78270
2018  7 13  3      0.0    236.0   0.00000000   0.00000000    275.3   89.0      0.4     78300
2018  7 13  4      2.0    237.9   0.00000000   0.00000000    275.5   91.0      0.5     78330
2018  7 13  5     71.0    249.2   0.00000000   0.00000000    277.8   87.0      0.9     78490
2018  7 13  6    220.0    263.5   0.00000000   0.00000000    281.2   72.0      0.6     78740
2018  7 13  7    396.0    264.6   0.00000000   0.00000000    282.6   59.0      0.6     78840
2018  7 13  8    580.0    268.6   0.00000000   0.00000000    284.0   52.0      1.4     78900
2018  7 13  9    732.0    271.2   0.00000000   0.00000000    285.2   46.0      1.7     78980
2018  7 13 10    851.0    274.5   0.00000000   0.00000000    286.3   42.0      2.0     79030
2018  7 13 11    910.0    277.8   0.00000000   0.00000000    287.1   40.0      2.2     79070
2018  7 13 12    929.0    282.9   0.00000000   0.00000000    287.3   44.0      2.7     79070
2018  7 13 13    770.0    289.5   0.00000000   0.00000000    287.8   44.0      2.9     79070
2018  7 13 14    744.0    292.0   0.00000000   0.00008333    287.4   49.0      2.7     79080
2018  7 13 15    634.0    298.8   0.00000000   0.00005556    286.9   53.0      2.9     79060
2018  7 13 16    460.0    305.8   0.00000000   0.00002778    286.0   56.0      2.7     79040
2018  7 13 17    307.0    293.1   0.00000000   0.00000000    284.8   64.0      2.2     79000
2018  7 13 18    139.0    302.4   0.00000000   0.00000000    283.4   76.0      1.4     78970
2018  7 13 19     38.0    282.6   0.00000000   0.00000000    281.8   88.0      0.9     78880
2018  7 13 20      0.0    268.4   0.00000000   0.00000000    279.8   93.0      0.8     78750
2018  7 13 21      0.0    266.1   0.00000000   0.00000000    279.4   92.0      0.8     78710
2018  7 13 22      0.0    259.8   0.00000000   0.00000000    279.0   92.0      0.9     78670
2018  7 13 23      0.0    255.3   0.00000000   0.00000000    278.3   92.0      0.7     78600
2018  7 14  0      0.0    259.1   0.00000000   0.00000000    279.3   86.0      0.6     78670
2018  7 14  1      0.0    275.8   0.00000000   0.00022222    279.4   85.0      0.2     78680
2018  7 14  2      0.0    271.8   0.00000000   0.00000000    279.5   86.0      0.9     78680
2018  7 14  3      0.0    270.9   0.00000000   0.00000000    279.2   86.0      0.9     78690
2018  7 14  4      1.0    265.3   0.00000000   0.00000000    278.5   88.0      0.9     78650
2018  7 14  5     48.0    272.0   0.00000000   0.00000000    280.2   87.0      1.5     78740
2018  7 14  6    156.0    282.0   0.00000000   0.00000000    282.2   85.0      1.3     78890
2018  7 14  7    296.0    309.9   0.00000000   0.00000000    284.1   75.0      0.8     79010
2018  7 14  8    438.0    300.7   0.00000000   0.00002778    285.3   65.0      1.1     79060
2018  7 14  9    548.0    297.7   0.00000000   0.00002778    286.0   61.0      1.8     79080
2018  7 14 10    685.0    299.1   0.00000000   0.00011111    286.8   57.0      2.3     79120
2018  7 14 11    715.0    301.5   0.00000000   0.00005556    287.2   57.0      2.6     79110
2018  7 14 12    728.0    301.2   0.00000000   0.00000000    286.9   60.0      1.7     79080
2018  7 14 13    845.0    302.3   0.00000000   0.00008333    288.1   54.0      2.6     79090
2018  7 14 14    674.0    308.0   0.00000000   0.00013889    287.5   55.0      2.6     79050
2018  7 14 15    504.0    302.4   0.00000000   0.00005556    286.8   60.0      2.0     78990
2018  7 14 16    420.0    314.6   0.00000000   0.00002778    286.8   58.0      2.4     78970
2018  7 14 17    260.0    311.7   0.00000000   0.00019444    284.9   75.0      1.8     78920
2018  7 14 18    141.0    315.4   0.00000000   0.00005556    283.8   89.0      0.6     78850
2018  7 14 19     40.0    298.2   0.00000000   0.00038889    281.8   94.0      0.7     78760
2018  7 14 20      0.0    281.2   0.00000000   0.00000000    280.1   99.0      1.1     78630
2018  7 14 21      0.0    275.1   0.00000000   0.00000000    278.8   98.0      0.9     78510
2018  7 14 22      0.0    274.1   0.00000000   0.00000000    278.4   99.0      0.4     78480
2018  7 14 23      0.0    269.0   0.00000000   0.00000000    278.2   98.0      0.2     78480
2018  7 15  0      0.0    284.1   0.00000000   0.00000000    281.5   81.0      0.6     78710
2018  7 15  1      0.0    292.3   0.00000000   0.00000000    279.9   90.0      0.2     78550
2018  7 15  2      0.0    306.3   0.00000000   0.00000000    279.9   87.0      0.3     78540
2018  7 15  3      0.0    318.9   0.00000000   0.00000000    280.6   85.0      0.6     78590
2018  7 15  4      1.0    320.0   0.00000000   0.00002778    279.8   90.0      0.1     78540
2018  7 15  5     27.0    306.9   0.00000000   0.00002778    280.2   94.0      0.6     78580
2018  7 15  6     87.0    328.0   0.00000000   0.00002778    281.1   93.0      0.6     78650
2018  7 15  7    192.0    335.9   0.00000000   0.00002778    282.3   86.0      0.1     78710
2018  7 15  8    258.0    329.7   0.00000000   0.00002778    283.2   81.0      0.4     78760
2018  7 15  9    457.0    285.8   0.00000000   0.00002778    284.4   67.0      1.1     78790
2018  7 15 10    742.0    304.7   0.00000000   0.00000000    286.3   60.0      2.1     78890
2018  7 15 11    728.0    305.2   0.00000000   0.00000000    286.8   61.0      2.5     78870
2018  7 15 12    782.0    320.1   0.00000000   0.00036111    286.6   54.0      2.4     78830
2018  7 15 13    725.0    338.1   0.00000000   0.00000000    287.0   55.0      2.6     78830
2018  7 15 14    591.0    340.3   0.00000000   0.00011111    285.8   65.0      2.5     78780
2018  7 15 15    408.0    343.9   0.00000000   0.00002778    285.2   77.0      1.5     78730
2018  7 15 16    413.0    352.6   0.00000000   0.00005556    284.3   83.0      1.8     78710
2018  7 15 17    251.0    322.3   0.00000000   0.00002778    282.9   87.0      1.4     78660
2018  7 15 18    120.0    305.9   0.00000000   0.00002778    281.8   92.0      0.2     78610
2018  7 15 19     40.0    281.8   0.00000000   0.00002778    280.4   98.0      0.4     78500
2018  7 15 20      0.0    275.2   0.00000000   0.00002778    279.6   96.0      0.5     78480
2018  7 15 21      0.0    266.3   0.00000000   0.00000000    278.9   95.0      0.8     78420
2018  7 15 22      0.0    259.3   0.00000000   0.00000000    278.5   94.0      1.1     78370
2018  7 15 23      0.0    255.4   0.00000000   0.00000000    277.5   97.0      1.2     78240
2018  7 16  0      0.0    250.6   0.00000000   0.00000000    276.9   98.0      1.0     78180
2018  7 16  1      0.0    267.0   0.00000000   0.00000000    277.2   96.0      1.0     78170
2018  7 16  2      0.0    276.6   0.00000000   0.00000000    276.9   95.0      0.4     78110
2018  7 16  3      0.0    264.5   0.00000000   0.00000000    277.0   93.0      0.4     78130
2018  7 16  4      1.0    248.8   0.00000000   0.00008333    277.0   91.0      0.6     78140
2018  7 16  5     57.0    260.5   0.00000000   0.00000000    279.5   85.0      0.5     78340
2018  7 16  6    192.0    277.1   0.00000000   0.00000000    281.2   84.0      0.5     78460
2018  7 16  7    343.0    278.8   0.00000000   0.00002778    282.8   73.0      0.8     78520
2018  7 16  8    478.0    278.7   0.00000000   0.00000000    283.6   64.0      1.5     78520
2018  7 16  9    610.0    278.7   0.00000000   0.00000000    284.8   56.0      1.9     78580
2018  7 16 10    684.0    281.6   0.00000000   0.00000000    285.6   51.0      2.1     78600
2018  7 16 11    791.0    282.9   0.00000000   0.00000000    286.5   46.0      2.4     78590
2018  7 16 12    813.0    279.8   0.00000000   0.00000000    286.9   40.0      2.4     78570
2018  7 16 13    796.0    293.7   0.00000000   0.00002778    287.5   40.0      2.2     78540
2018  7 16 14    702.0    289.9   0.00000000   0.00022222    286.5   50.0      2.1     78500
2018  7 16 15    584.0    291.8   0.00000000   0.00016667    286.1   51.0      2.3     78450
2018  7 16 16    453.0    291.5   0.00000000   0.00008333    285.6   52.0      2.5     78410
2018  7 16 17    291.0    292.5   0.00000000   0.00002778    284.5   61.0      2.6     78370
2018  7 16 18    161.0    301.0   0.00000000   0.00000000    283.1   72.0      2.3     78350
2018  7 16 19     40.0    272.6   0.00000000   0.00000000    280.6   87.0      1.1     78250
2018  7 16 20      0.0    268.6   0.00000000   0.00002778    279.2   93.0      1.5     78190
2018  7 16 21      0.0    322.9   0.00000000   0.00008333    279.4  100.0      1.0     78260
2018  7 16 22      0.0    319.1   0.00000000   0.00002778    278.9  100.0      0.9     78240
2018  7 16 23      0.0    317.9   0.00000000   0.00002778    278.8   99.0      0.9     78240
2018  7 17  0      0.0    317.8   0.00000000   0.00002778    279.8   85.0      1.4     78300
2018  7 17  1      0.0    262.1   0.00000000   0.00000000    279.6   86.0      1.1     78320
2018  7 17  2      0.0    262.5   0.00000000   0.00000000    279.2   88.0      1.0     78300
2018  7 17  3      0.0    263.3   0.00000000   0.00000000    279.0   89.0      1.1     78300
2018  7 17  4      1.0    276.3   0.00000000   0.00000000    278.9   89.0      1.5     78340
2018  7 17  5     55.0    271.8   0.00000000   0.00002778    279.2   93.0      1.3     78400
2018  7 17  6    162.0    278.6   0.00000000   0.00002778    280.0   93.0      1.5     78500
2018  7 17  7    279.0    330.8   0.00000000   0.00002778    280.6   97.0      1.6     78570
2018  7 17  8    392.0    342.7   0.00000000   0.00002778    282.3   94.0      1.7     78660
2018  7 17  9    548.0    353.7   0.00000000   0.00005556    283.8   92.0      2.1     78750
2018  7 17 10    557.0    355.1   0.00000000   0.00008333    284.4   88.0      2.2     78790
2018  7 17 11    663.0    325.5   0.00000000   0.00008333    284.8   84.0      2.3     78810
2018  7 17 12    652.0    293.6   0.00000000   0.00005556    284.8   58.0      3.3     78790
2018  7 17 13    722.0    287.8   0.00000000   0.00008333    285.1   55.0      2.8     78810
2018  7 17 14    728.0    291.8   0.00000000   0.00002778    285.8   50.0      3.1     78820
2018  7 17 15    636.0    308.9   0.00000000   0.00000000    285.4   50.0      3.6     78830
2018  7 17 16    452.0    332.7   0.00000000   0.00000000    284.1   60.0      2.9     78790
2018  7 17 17    246.0    282.9   0.00000000   0.00000000    282.8   71.0      2.0     78740
2018  7 17 18    170.0    300.0   0.00000000   0.00000000    282.0   78.0      1.5     78720
2018  7 17 19     42.0    303.9   0.00000000   0.00000000    280.8   88.0      1.1     78660
2018  7 17 20      0.0    278.5   0.00000000   0.00000000    279.9   93.0      0.5     78650
2018  7 17 21      0.0    313.0   0.00000000   0.00002778    278.2   98.0      0.3     78540
2018  7 17 22      0.0    303.2   0.00000000   0.00000000    278.4   97.0      0.4     78580
2018  7 17 23      0.0    305.3   0.00000000   0.00000000    278.2   98.0      0.4     78540
2018  7 18  0      0.0    291.2   0.00000000   0.00000000    280.2   85.0      0.4     78710
2018  7 18  1      0.0    256.4   0.00000000   0.00000000    277.6   94.0      0.6     78510
2018  7 18  2      0.0    248.4   0.00000000   0.00000000    276.8   96.0      0.6     78430
2018  7 18  3      0.0    245.5   0.00000000   0.00000000    276.3   98.0      0.6     78390
2018  7 18  4      1.0    245.1   0.00000000   0.00000000    276.0   98.0      0.4     78370
2018  7 18  5     63.0    254.0   0.00000000   0.00000000    277.9   96.0      0.4     78500
2018  7 18  6    209.0    270.4   0.00000000   0.00000000    281.5   82.0      0.3     78750
2018  7 18  7    390.0    273.3   0.00000000   0.00000000    282.9   70.0      0.4     78830
2018  7 18  8    571.0    277.3   0.00000000   0.00000000    284.5   60.0      0.9     78880
2018  7 18  9    726.0    282.3   0.00000000   0.00000000    286.0   52.0      1.4     78930
2018  7 18 10    845.0    286.3   0.00000000   0.00000000    287.2   47.0      1.7     78980
2018  7 18 11    924.0    292.4   0.00000000   0.00000000    288.1   45.0      2.0     79020
2018  7 18 12    929.0    289.2   0.00000000   0.00000000    288.1   43.0      2.5     79010
2018  7 18 13    808.0    290.1   0.00000000   0.00000000    288.4   43.0      2.9     79000
2018  7 18 14    749.0    290.5   0.00000000   0.00000000    288.4   43.0      2.7     79010
2018  7 18 15    635.0    291.7   0.00000000   0.00000000    288.0   48.0      2.7     78980
2018  7 18 16    505.0    290.1   0.00000000   0.00000000    287.2   53.0      2.3     78930
2018  7 18 17    355.0    286.1   0.00000000   0.00000000    286.4   55.0      1.8     78890
2018  7 18 18    189.0    284.3   0.00000000   0.00000000    285.0   66.0      1.1     78830
2018  7 18 19     50.0    276.6   0.00000000   0.00000000    283.8   66.0      1.1     78780
2018  7 18 20      0.0    271.9   0.00000000   0.00000000    282.6   71.0      0.8     78720
2018  7 18 21      0.0    260.6   0.00000000   0.00000000    279.9   82.0      0.5     78540
2018  7 18 22      0.0    252.0   0.00000000   0.00000000    278.0   89.0      0.7     78390
2018  7 18 23      0.0    259.1   0.00000000   0.00000000    277.6   89.0      1.1     78350
2018  7 19  0      0.0    291.5   0.00000000   0.00000000    279.8   78.0      0.6     78490
2018  7 19  1      0.0    255.0   0.00000000   0.00000000    278.2   84.0      0.6     78370
2018  7 19  2      0.0    250.7   0.00000000   0.00000000    278.1   84.0      0.7     78350
2018  7 19  3      0.0    248.0   0.00000000   0.00000000    277.5   86.0      0.4     78290
2018  7 19  4      1.0    250.1   0.00000000   0.00000000    277.5   85.0      0.5     78270
2018  7 19  5     59.0    264.1   0.00000000   0.00000000    280.2   79.0      0.8     78450
2018  7 19  6    197.0    288.7   0.00000000   0.00000000    283.9   73.0      0.4     78710
2018  7 19  7    373.0    283.2   0.00000000   0.00000000    285.9   51.0      0.9     78840
2018  7 19  8    543.0    285.6   0.00000000   0.00000000    287.0   49.0      1.6     78890
2018  7 19  9    698.0    289.5   0.00000000   0.00000000    287.9   47.0      1.8     78940
2018  7 19 10    786.0    294.6   0.00000000   0.00000000    288.8   46.0      1.8     78990
2018  7 19 11    805.0    302.6   0.00000000   0.00000000    289.2   47.0      2.1     78990
2018  7 19 12    822.0    316.2   0.00000000   0.00008333    289.8   44.0      2.6     78990
2018  7 19 13    770.0    317.9   0.00000000   0.00000000    289.2   48.0      2.3     78980
2018  7 19 14    718.0    305.5   0.00000000   0.00000000    289.4   47.0      2.4     78990
2018  7 19 15    568.0    320.7   0.00000000   0.00005556    288.2   56.0      2.6     78940
2018  7 19 16    400.0    310.9   0.00000000   0.00002778    287.2   65.0      2.1     78910
2018  7 19 17    269.0    315.4   0.00000000   0.00011111    285.3   79.0      1.8     78870
2018  7 19 18    147.0    305.7   0.00000000   0.00000000    284.0   90.0      0.3     78800
2018  7 19 19     42.0    286.0   0.00000000   0.00000000    281.8   98.0      0.4     78630
2018  7 19 20      0.0    289.8   0.00000000   0.00000000    280.6  100.0      0.5     78540
2018  7 19 21      0.0    329.1   0.00000000   0.00000000    280.2  100.0      0.6     78500
2018  7 19 22      0.0    325.2   0.00000000   0.00000000    279.8  100.0      0.7     78470
2018  7 19 23      0.0    317.9   0.00000000   0.00000000    278.8   99.0      1.1     78390
2018  7 20  0      0.0    327.7   0.00000000   0.00000000    280.4   94.0      1.4     78500
2018  7 20  1      0.0    279.0   0.00000000   0.00019444    280.6   93.0      0.8     78490
2018  7 20  2      0.0    269.6   0.00000000   0.00000000    278.8   99.0      1.4     78320
2018  7 20  3      0.0    279.3   0.00000000   0.00000000    278.3   99.0      1.1     78260
2018  7 20  4     13.8    265.5   0.00000000   0.00000000    277.8  100.0      0.9     78180
2018  7 20  5     53.0    272.9   0.00000000   0.00000000    280.1   97.0      1.2     78350
2018  7 20  6    187.0    296.8   0.00000000   0.00000000    283.9   93.0      1.1     78600
2018  7 20  7    329.0    310.6   0.00000000   0.00000000    285.5   88.0      0.4     78730
2018  7 20  8    452.0    322.7   0.00000000   0.00002778    286.8   67.0      1.0     78790
2018  7 20  9    525.0    364.5   0.00000000   0.00002778    287.0   68.0      2.4     78810
2018  7 20 10    608.0    325.6   0.00000000   0.00105556    284.1   82.0      0.7     78770
2018  7 20 11    688.0    308.7   0.00000000   0.00002778    286.9   64.0      1.6     78830
2018  7 20 12    788.0    332.0   0.00000000   0.00005556    286.4   65.0      2.2     78800
2018  7 20 13    632.0    363.0   0.00000000   0.00000000    287.2   64.0      0.9     78780
2018  7 20 14    560.0    362.2   0.00000000   0.00005556    287.3   62.0      1.6     78750
2018  7 20 15    418.0    359.2   0.00000000   0.00000000    286.8   65.0      1.5     78720
2018  7 20 16    314.0    347.6   0.00000000   0.00000000    284.8   76.0      0.9     78640
2018  7 20 17    183.0    332.2   0.00000000   0.00000000    283.6   82.0      0.4     78590
2018  7 20 18     87.0    342.8   0.00000000   0.00002778    283.1   87.0      0.1     78560
2018  7 20 19     17.0    337.0   0.00000000   0.00013889    281.9   94.0      0.5     78480
2018  7 20 20      0.0    330.2   0.00000000   0.00011111    281.2   96.0      1.3     78390
2018  7 20 21      0.0    326.4   0.00000000   0.00000000    280.8   96.0      1.3     78320
2018  7 20 22      0.0    326.4   0.00000000   0.00000000    280.1   96.0      1.4     78220
2018  7 20 23      0.0    322.6   0.00000000   0.00000000    279.6   96.0      1.5     78150
2018  7 21  0      0.0    328.6   0.00000000   0.00000000    280.2   99.0      1.1     78240
2018  7 21  1      0.0    329.1   0.00000000   0.00002778    280.2  100.0      1.1     78190
2018  7 21  2      0.0    327.5   0.00000000   0.00005556    280.0  100.0      0.7     78160
2018  7 21  3      0.0    324.5   0.00000000   0.00033333    279.6  100.0      0.7     78120
2018  7 21  4      4.5    320.2   0.00000000   0.00027778    279.1   99.0      0.9     78120
2018  7 21  5     17.0    324.8   0.00000000   0.00005556    279.8   99.0      1.2     78150
2018  7 21  6     42.0    324.7   0.00000000   0.00005556    280.0   94.0      0.9     78180
2018  7 21  7     93.0    328.0   0.00000000   0.00000000    280.5   93.0      0.7     78200
2018  7 21  8    249.0    332.2   0.00000000   0.00000000    281.9   85.0      0.2     78270
2018  7 21  9    454.0    339.4   0.00000000   0.00002778    283.2   76.0      1.0     78330
2018  7 21 10    412.0    342.9   0.00000000   0.00000000    283.8   74.0      1.1     78360
2018  7 21 11    322.0    342.9   0.00000000   0.00002778    283.8   74.0      1.4     78340
2018  7 21 12    447.0    353.7   0.00000000   0.00002778    283.8   92.0      1.8     78410
2018  7 21 13    244.0    334.8   0.00000000   0.00030556    282.6   80.0      1.4     78370
2018  7 21 14    338.0    340.5   0.00000000   0.00005556    283.1   79.0      1.4     78350
2018  7 21 15    381.0    342.9   0.00000000   0.00011111    283.4   79.0      1.9     78370
2018  7 21 16    212.0    333.3   0.00000000   0.00011111    281.6   89.0      2.1     78310
2018  7 21 17    122.0    328.7   0.00000000   0.00016667    280.4   96.0      1.7     78270
2018  7 21 18     77.0    326.9   0.00000000   0.00008333    280.1   97.0      1.0     78250
2018  7 21 19     15.0    323.7   0.00000000   0.00005556    279.5  100.0      0.8     78210
2018  7 21 20      0.0    320.3   0.00000000   0.00002778    279.5  100.0      0.4     78240
2018  7 21 21      0.0    322.2   0.00000000   0.00002778    279.3  100.0      0.2     78220
2018  7 21 22      0.0    322.2   0.00000000   0.00002778    279.3  100.0      0.4     78220
2018  7 21 23      0.0    322.2   0.00000000   0.00000000    279.3  100.0      0.7     78190
2018  7 22  0      0.0    322.5   0.00000000   0.00002778    279.4   99.0      0.8     78250
2018  7 22  1      0.0    316.5   0.00000000   0.00005556    278.8  100.0      0.9     78190
2018  7 22  2      0.0    317.2   0.00000000   0.00002778    278.8   99.0      0.8     78180
2018  7 22  3      0.0    316.9   0.00000000   0.00000000    278.6  100.0      0.9     78180
2018  7 22  4      3.8    316.9   0.00000000   0.00002778    278.6  100.0      1.0     78160
2018  7 22  5     30.0    322.2   0.00000000   0.00008333    279.3  100.0      1.3     78220
2018  7 22  6     73.0    324.5   0.00000000   0.00013889    279.6  100.0      1.8     78260
2018  7 22  7    174.0    328.0   0.00000000   0.00011111    280.3   96.0      1.5     78320
2018  7 22  8    328.0    340.1   0.00000000   0.00008333    281.6  100.0      1.8     78380
2018  7 22  9    495.0    349.6   0.00000000   0.00013889    283.1   95.0      2.2     78470
2018  7 22 10    535.0    324.4   0.00000000   0.00025000    282.9   93.0      1.8     78500
2018  7 22 11    614.0    352.3   0.00000000   0.00005556    283.5   94.0      2.1     78520
2018  7 22 12    662.0    302.3   0.00000000   0.00002778    283.1   99.0      1.8     78520
2018  7 22 13    646.0    329.7   0.00000000   0.00011111    284.4   87.0      2.4     78560
2018  7 22 14    588.0    334.1   0.00000000   0.00005556    284.6   85.0      2.6     78560
2018  7 22 15    518.0    314.4   0.00000000   0.00005556    283.8   84.0      2.6     78510
2018  7 22 16    348.0    308.8   0.00000000   0.00027778    282.1   85.0      2.3     78440
2018  7 22 17    225.0    313.0   0.00000000   0.00005556    281.5   87.0      2.0     78430
2018  7 22 18    109.0    312.9   0.00000000   0.00002778    280.8   89.0      1.5     78400
2018  7 22 19     24.0    325.1   0.00000000   0.00000000    279.8   98.0      0.6     78350
2018  7 22 20      0.0    319.1   0.00000000   0.00000000    278.9  100.0      1.0     78310
2018  7 22 21      0.0    320.7   0.00000000   0.00000000    279.1  100.0      0.9     78340
2018  7 22 22      0.0    322.2   0.00000000   0.00000000    279.3  100.0      0.6     78370
2018  7 22 23      0.0    320.7   0.00000000   0.00002778    279.1  100.0      0.4     78370
2018  7 23  0      0.0    318.4   0.00000000   0.00002778    278.8  100.0      1.4     78320
2018  7 23  1      0.0    324.5   0.00000000   0.00002778    279.6  100.0      1.2     78380
2018  7 23  2      0.0    325.2   0.00000000   0.00005556    279.8  100.0      1.3     78370
2018  7 23  3      0.0    323.7   0.00000000   0.00002778    279.5  100.0      1.2     78350
2018  7 23  4      3.1    322.9   0.00000000   0.00005556    279.4  100.0      1.0     78370
2018  7 23  5     27.0    326.0   0.00000000   0.00008333    279.8  100.0      1.3     78420
2018  7 23  6     74.0    329.9   0.00000000   0.00011111    280.3  100.0      1.6     78450
2018  7 23  7    201.0    340.9   0.00000000   0.00019444    281.8  100.0      1.4     78540
2018  7 23  8    163.0    344.1   0.00000000   0.00058333    282.1  100.0      1.6     78580
2018  7 23  9    208.0    342.4   0.00000000   0.00033333    282.2  100.0      1.8     78620
2018  7 23 10    370.0    349.6   0.00000000   0.00008333    283.1   95.0      1.8     78700
2018  7 23 11    493.0    315.0   0.00000000   0.00005556    284.3   89.0      1.7     78760
2018  7 23 12    605.0    304.4   0.00000000   0.00002778    284.1   98.0      2.2     78780
2018  7 23 13    658.0    348.7   0.00000000   0.00011111    286.1   90.0      2.4     78870
2018  7 23 14    473.0    299.8   0.00000000   0.00022222    284.3   78.0      2.0     78810
2018  7 23 15    409.0    298.1   0.00000000   0.00000000    284.3   75.0      1.9     78800
2018  7 23 16    381.0    299.6   0.00000000   0.00002778    284.6   73.0      2.0     78810
2018  7 23 17    242.0    292.7   0.00000000   0.00000000    283.8   80.0      1.8     78780
2018  7 23 18    136.0    300.6   0.00000000   0.00000000    283.1   86.0      1.5     78770
2018  7 23 19     31.0    284.2   0.00000000   0.00000000    281.2   96.0      1.0     78680
2018  7 23 20      0.0    331.7   0.00000000   0.00000000    280.9   99.0      0.6     78670
2018  7 23 21      0.0    323.7   0.00000000   0.00000000    279.5  100.0      0.5     78560
2018  7 23 22      0.0    321.7   0.00000000   0.00000000    279.3   99.0      1.3     78520
2018  7 23 23      0.0    315.7   0.00000000   0.00000000    278.5   99.0      1.9     78450
2018  7 24  0      0.0    312.7   0.00000000   0.00000000    278.1   99.0      1.9     78410
2018  7 24  1      0.0    307.5   0.00000000   0.00000000    277.4   99.0      2.1     78300
2018  7 24  2      0.0    306.0   0.00000000   0.00000000    277.2   99.0      2.3     78260
2018  7 24  3      0.0    304.3   0.00000000   0.00000000    276.9  100.0      2.4     78220
2018  7 24  4      2.3    299.9   0.00000000   0.00000000    276.3  100.0      2.5     78120
2018  7 24  5     42.0    307.6   0.00000000   0.00000000    277.6   96.0      2.5     78200
2018  7 24  6    161.0    271.6   0.00000000   0.00000000    281.4   86.0      2.2     78460
2018  7 24  7    328.0    289.6   0.00000000   0.00000000    285.1   74.0      1.1     78730
2018  7 24  8    545.0    298.7   0.00000000   0.00000000    287.5   62.0      0.8     78830
2018  7 24  9    702.0    303.1   0.00000000   0.00000000    288.8   54.0      1.8     78880
2018  7 24 10    781.0    305.7   0.00000000   0.00000000    289.4   50.0      2.3     78900
2018  7 24 11    839.0    308.9   0.00000000   0.00000000    289.9   46.0      2.5     78920
2018  7 24 12    836.0    304.3   0.00000000   0.00000000    290.2   43.0      2.8     78880
2018  7 24 13    773.0    306.6   0.00000000   0.00000000    289.8   49.0      3.2     78870
2018  7 24 14    676.0    312.5   0.00000000   0.00000000    289.1   53.0      3.3     78860
2018  7 24 15    579.0    307.1   0.00000000   0.00000000    288.4   57.0      3.1     78850
2018  7 24 16    427.0    312.6   0.00000000   0.00000000    287.2   64.0      2.4     78810
2018  7 24 17    279.0    318.0   0.00000000   0.00000000    286.3   69.0      2.1     78760
2018  7 24 18    141.0    301.3   0.00000000   0.00000000    284.9   81.0      1.1     78730
2018  7 24 19     32.0    295.1   0.00000000   0.00000000    283.9   86.0      0.6     78670
2018  7 24 20      0.0    288.7   0.00000000   0.00000000    282.2   92.0      0.0     78590
2018  7 24 21      0.0    280.7   0.00000000   0.00000000    280.3   97.0      0.3     78470
2018  7 24 22      0.0    280.5   0.00000000   0.00000000    279.8   98.0      0.4     78450
2018  7 24 23      0.0    275.7   0.00000000   0.00000000    279.5   99.0      0.5     78410
2018  7 25  0      0.0    290.3   0.00000000   0.00002778    282.8   84.0      0.4     78610
2018  7 25  1      0.0    282.4   0.00000000   0.00000000    282.3   86.0      0.5     78570
2018  7 25  2      0.0    272.4   0.00000000   0.00000000    280.6   91.0      0.6     78470
2018  7 25  3      0.0    279.8   0.00000000   0.00000000    282.6   85.0      0.5     78610
2018  7 25  4      5.7    259.5   0.00000000   0.00000000    278.6   98.0      0.4     78340
2018  7 25  5     40.0    328.7   0.00000000   0.00000000    280.4   96.0      0.2     78480
2018  7 25  6    150.0    283.4   0.00000000   0.00000000    283.0   89.0      0.2     78700
2018  7 25  7    310.0    291.3   0.00000000   0.00000000    284.8   79.0      1.4     78810
2018  7 25  8    494.0    297.0   0.00000000   0.00000000    285.9   69.0      1.8     78890
2018  7 25  9    605.0    303.1   0.00000000   0.00000000    286.9   62.0      2.0     78940
2018  7 25 10    689.0    332.9   0.00000000   0.00000000    287.8   53.0      2.1     78950
2018  7 25 11    580.0    321.7   0.00000000   0.00000000    287.9   54.0      2.5     78940
2018  7 25 12    670.0    305.8   0.00000000   0.00002778    288.0   53.0      2.5     78930
2018  7 25 13    644.0    317.8   0.00000000   0.00002778    288.8   51.0      2.5     78920
2018  7 25 14    691.0    307.5   0.00000000   0.00000000    288.6   53.0      2.8     78930
2018  7 25 15    470.0    303.8   0.00000000   0.00000000    287.5   58.0      2.6     78890
2018  7 25 16    366.0    301.7   0.00000000   0.00000000    287.0   61.0      2.3     78890
2018  7 25 17    256.0    297.5   0.00000000   0.00000000    286.3   68.0      2.3     78860
2018  7 25 18    143.0    294.7   0.00000000   0.00000000    285.0   79.0      1.5     78810
2018  7 25 19     33.0    286.9   0.00000000   0.00000000    283.0   91.0      1.2     78730
2018  7 25 20      0.0    292.3   0.00000000   0.00000000    282.8   94.0      0.3     78740
2018  7 25 21      0.0    279.6   0.00000000   0.00000000    281.0   99.0      0.2     78620
2018  7 25 22      0.0    331.4   0.00000000   0.00000000    280.5  100.0      0.2     78590
2018  7 25 23      0.0    326.0   0.00000000   0.00000000    279.8  100.0      0.2     78520
2018  7 26  0      0.0    343.4   0.00000000   0.00000000    282.8   88.0      0.2     78690
2018  7 26  1      0.0    272.1   0.00000000   0.00000000    281.2   90.0      0.1     78560
2018  7 26  2      0.0    265.5   0.00000000   0.00000000    280.1   91.0      0.3     78470
2018  7 26  3      0.0    261.2   0.00000000   0.00000000    279.4   91.0      0.4     78410
2018  7 26  4      3.0    257.7   0.00000000   0.00000000    278.8   93.0      0.2     78360
2018  7 26  5     46.0    274.4   0.00000000   0.00000000    281.8   88.0      0.2     78570
2018  7 26  6    180.0    289.5   0.00000000   0.00000000    284.3   84.0      0.2     78770
2018  7 26  7    356.0    291.0   0.00000000   0.00000000    286.0   66.0      1.4     78870
2018  7 26  8    509.0    290.9   0.00000000   0.00000000    287.0   55.0      2.0     78900
2018  7 26  9    614.0    292.3   0.00000000   0.00000000    287.6   51.0      2.1     78920
2018  7 26 10    689.0    295.6   0.00000000   0.00000000    288.4   49.0      2.1     78940
2018  7 26 11    652.0    303.6   0.00000000   0.00000000    288.6   49.0      2.2     78930
2018  7 26 12    570.0    304.8   0.00000000   0.00000000    288.9   48.0      2.6     78880
2018  7 26 13    628.0    306.6   0.00000000   0.00005556    288.1   55.0      2.6     78840
2018  7 26 14    559.0    308.2   0.00000000   0.00000000    287.8   57.0      2.5     78830
2018  7 26 15    491.0    311.1   0.00000000   0.00000000    287.4   59.0      2.8     78810
2018  7 26 16    352.0    302.9   0.00000000   0.00000000    286.5   68.0      2.3     78780
2018  7 26 17    237.0    304.0   0.00000000   0.00005556    285.9   71.0      1.8     78760
2018  7 26 18    118.0    300.0   0.00000000   0.00002778    284.8   83.0      1.3     78700
2018  7 26 19     25.0    292.8   0.00000000   0.00000000    283.8   89.0      0.9     78680
2018  7 26 20      0.0    278.3   0.00000000   0.00000000    281.3   97.0      0.5     78550
2018  7 26 21      0.0    275.0   0.00000000   0.00000000    280.9   98.0      0.4     78520
2018  7 26 22      0.0    271.1   0.00000000   0.00000000    280.2   98.0      0.4     78440
2018  7 26 23      0.0    265.7   0.00000000   0.00000000    279.6   99.0      0.4     78380
2018  7 27  0      0.0    266.8   0.00000000   0.00000000    280.3   91.0      0.6     78410
2018  7 27  1      0.0    262.1   0.00000000   0.00000000    279.4   93.0      0.4     78340
2018  7 27  2      0.0    262.3   0.00000000   0.00000000    279.5   92.0      0.7     78330
2018  7 27  3      0.0    262.8   0.00000000   0.00000000    279.6   92.0      0.8     78290
2018  7 27  4      0.0    259.3   0.00000000   0.00000000    278.9   94.0      0.6     78240
2018  7 27  5     45.0    272.7   0.00000000   0.00000000    281.3   90.0      0.8     78400
2018  7 27  6    180.0    290.7   0.00000000   0.00000000    284.4   85.0      0.8     78630
2018  7 27  7    357.0    290.2   0.00000000   0.00000000    286.1   64.0      0.5     78730
2018  7 27  8    531.0    291.2   0.00000000   0.00000000    287.2   55.0      1.1     78790
2018  7 27  9    674.0    295.4   0.00000000   0.00000000    288.4   50.0      1.4     78810
2018  7 27 10    708.0    314.7   0.00000000   0.00000000    289.4   46.0      1.6     78840
2018  7 27 11    695.0    309.3   0.00000000   0.00002778    289.8   46.0      2.1     78820
2018  7 27 12    774.0    308.9   0.00000000   0.00002778    289.3   49.0      2.4     78790
2018  7 27 13    708.0    318.3   0.00000000   0.00005556    289.5   49.0      2.2     78790
2018  7 27 14    580.0    315.4   0.00000000   0.00002778    288.9   52.0      2.0     78750
2018  7 27 15    549.0    313.1   0.00000000   0.00002778    288.4   55.0      2.2     78740
2018  7 27 16    365.0    308.7   0.00000000   0.00000000    287.2   65.0      2.0     78720
2018  7 27 17    263.0    301.7   0.00000000   0.00000000    286.5   71.0      0.9     78660
2018  7 27 18    145.0    298.5   0.00000000   0.00000000    285.6   80.0      0.8     78620
2018  7 27 19     30.0    293.5   0.00000000   0.00000000    284.4   84.0      0.8     78540
2018  7 27 20      0.0    278.2   0.00000000   0.00000000    281.4   94.0      0.6     78340
2018  7 27 21      0.0    275.6   0.00000000   0.00000000    281.3   94.0      0.5     78350
2018  7 27 22      0.0    272.0   0.00000000   0.00000000    280.8   94.0      0.8     78290
2018  7 27 23      0.0    269.3   0.00000000   0.00000000    280.5   92.0      0.8     78240
2018  7 28  0      0.0    274.2   0.00000000   0.00000000    282.1   80.0      0.7     78340
2018  7 28  1      0.0    270.1   0.00000000   0.00000000    281.2   84.0      0.5     78270
2018  7 28  2      0.0    266.6   0.00000000   0.00000000    280.8   84.0      0.5     78210
2018  7 28  3      0.0    264.8   0.00000000   0.00000000    280.3   86.0      0.9     78140
2018  7 28  4      0.0    261.2   0.00000000   0.00000000    279.6   88.0      0.7     78100
2018  7 28  5     45.0    269.6   0.00000000   0.00000000    281.3   83.0      0.8     78220
2018  7 28  6    185.0    303.1   0.00000000   0.00000000    285.1   77.0      0.8     78490
2018  7 28  7    347.0    319.7   0.00000000   0.00000000    287.3   59.0      1.2     78640
2018  7 28  8    431.0    325.5   0.00000000   0.00000000    287.5   58.0      2.1     78700
2018  7 28  9    537.0    348.2   0.00000000   0.00000000    288.0   59.0      2.1     78740
2018  7 28 10    675.0    361.4   0.00000000   0.00000000    288.8   60.0      2.1     78810
2018  7 28 11    744.0    349.5   0.00000000   0.00013889    288.3   66.0      2.8     78780
2018  7 28 12    575.0    335.7   0.00000000   0.00052778    286.9   69.0      0.9     78740
2018  7 28 13    699.0    365.1   0.00000000   0.00000000    288.5   57.0      1.6     78820
2018  7 28 14    495.0    364.1   0.00000000   0.00000000    288.4   54.0      1.8     78780
2018  7 28 15    365.0    359.2   0.00000000   0.00000000    286.6   67.0      2.4     78740
2018  7 28 16    276.0    356.2   0.00000000   0.00002778    285.6   78.0      1.3     78740
2018  7 28 17    120.0    356.0   0.00000000   0.00005556    284.8   84.0      0.7     78680
2018  7 28 18     70.0    323.5   0.00000000   0.00005556    284.0   90.0      1.3     78670
2018  7 28 19     16.0    312.4   0.00000000   0.00005556    282.8   98.0      0.8     78620
2018  7 28 20      0.0    340.1   0.00000000   0.00000000    281.6  100.0      0.6     78570
2018  7 28 21      0.0    341.7   0.00000000   0.00000000    281.8  100.0      0.3     78610
2018  7 28 22      0.0    338.5   0.00000000   0.00000000    281.4  100.0      0.3     78580
2018  7 28 23      0.0    340.1   0.00000000   0.00000000    281.6  100.0      0.5     78640
2018  7 29  0      0.0    336.4   0.00000000   0.00000000    281.2   99.0      0.8     78590
2018  7 29  1      0.0    337.7   0.00000000   0.00000000    281.3  100.0      0.1     78590
2018  7 29  2      0.0    333.0   0.00000000   0.00000000    280.8  100.0      0.3     78570
2018  7 29  3      0.0    330.7   0.00000000   0.00000000    280.4  100.0      1.0     78550
2018  7 29  4      0.0    324.8   0.00000000   0.00000000    279.8   99.0      1.4     78510
2018  7 29  5     23.0    323.8   0.00000000   0.00000000    279.8   97.0      1.9     78490
2018  7 29  6    125.0    330.6   0.00000000   0.00000000    281.8   92.0      1.6     78620
2018  7 29  7    315.0    289.2   0.00000000   0.00000000    284.5   76.0      1.4     78780
2018  7 29  8    520.0    298.8   0.00000000   0.00000000    287.0   64.0      1.3     78890
2018  7 29  9    676.0    316.2   0.00000000   0.00000000    289.2   54.0      1.3     78970
2018  7 29 10    789.0    336.9   0.00000000   0.00000000    290.6   48.0      1.4     79010
2018  7 29 11    840.0    376.7   0.00000000   0.00000000    291.8   43.0      2.2     79030
2018  7 29 12    644.0    350.8   0.00000000   0.00002778    291.3   47.0      2.2     79000
2018  7 29 13    521.0    327.8   0.00000000   0.00016667    290.5   56.0      2.7     79000
2018  7 29 14    534.0    318.3   0.00000000   0.00005556    290.1   59.0      2.4     79000
2018  7 29 15    552.0    314.2   0.00000000   0.00000000    290.3   56.0      1.8     79010
2018  7 29 16    434.0    315.8   0.00000000   0.00000000    290.0   59.0      1.8     79000
2018  7 29 17    288.0    318.7   0.00000000   0.00000000    288.6   71.0      1.9     78950
2018  7 29 18    115.0    315.6   0.00000000   0.00000000    286.8   86.0      1.5     78930
2018  7 29 19     24.0    317.4   0.00000000   0.00000000    285.3   95.0      1.0     78900
2018  7 29 20      0.0    302.8   0.00000000   0.00000000    283.8   99.0      0.7     78830
2018  7 29 21      0.0    348.1   0.00000000   0.00000000    282.6  100.0      0.8     78740
2018  7 29 22      0.0    344.1   0.00000000   0.00000000    282.1  100.0      0.6     78730
2018  7 29 23      0.0    344.1   0.00000000   0.00000000    282.1  100.0      0.6     78730
2018  7 30  0      0.0    350.1   0.00000000   0.00000000    283.5   97.0      0.5     78820
2018  7 30  1      0.0    347.3   0.00000000   0.00000000    282.5  100.0      0.4     78750
2018  7 30  2      0.0    342.1   0.00000000   0.00000000    282.0  100.0      0.6     78700
2018  7 30  3      0.0    335.3   0.00000000   0.00000000    281.0  100.0      0.9     78650
2018  7 30  4      0.0    325.9   0.00000000   0.00000000    280.6   99.0      1.1     78680
2018  7 30  5     29.0    282.3   0.00000000   0.00000000    282.1   94.0      1.5     78770
2018  7 30  6    129.0    291.2   0.00000000   0.00000000    284.0   87.0      1.1     78910
2018  7 30  7    297.0    305.9   0.00000000   0.00000000    286.8   69.0      0.4     79120
2018  7 30  8    468.0    312.6   0.00000000   0.00000000    288.1   60.0      0.9     79190
2018  7 30  9    598.0    317.0   0.00000000   0.00000000    289.5   55.0      1.0     79230
2018  7 30 10    728.0    327.6   0.00000000   0.00000000    290.8   54.0      1.4     79280
2018  7 30 11    765.0    327.2   0.00000000   0.00000000    291.8   53.0      1.9     79300
2018  7 30 12    686.0    339.0   0.00000000   0.00022222    291.5   50.0      2.1     79280
2018  7 30 13    631.0    336.6   0.00000000   0.00000000    290.6   53.0      0.5     79270
2018  7 30 14    558.0    341.7   0.00000000   0.00000000    290.6   54.0      1.0     79250
2018  7 30 15    398.0    350.3   0.00000000   0.00002778    289.3   61.0      1.4     79240
2018  7 30 16    340.0    346.4   0.00000000   0.00000000    288.8   66.0      1.1     79210
2018  7 30 17    238.0    322.3   0.00000000   0.00000000    288.6   67.0      1.3     79200
2018  7 30 18    113.0    321.1   0.00000000   0.00000000    286.9   82.0      0.8     79130
2018  7 30 19     25.0    299.6   0.00000000   0.00000000    285.3   86.0      0.4     79050
2018  7 30 20      0.0    288.3   0.00000000   0.00000000    283.3   93.0      0.6     78920
2018  7 30 21      0.0    286.5   0.00000000   0.00000000    283.1   93.0      0.7     78900
2018  7 30 22      0.0    283.6   0.00000000   0.00000000    282.8   93.0      0.6     78860
2018  7 30 23      0.0    280.8   0.00000000   0.00000000    282.4   92.0      0.7     78810
2018  7 31  0      0.0    276.8   0.00000000   0.00000000    281.8   92.0      1.3     78790
2018  7 31  1      0.0    281.3   0.00000000   0.00000000    282.4   91.0      0.9     78810
2018  7 31  2      0.0    277.2   0.00000000   0.00000000    281.8   93.0      0.9     78750
2018  7 31  3      0.0    274.9   0.00000000   0.00000000    281.3   95.0      1.0     78690
2018  7 31  4      0.0    270.3   0.00000000   0.00000000    280.3   98.0      1.2     78610
2018  7 31  5     37.0    274.5   0.00000000   0.00000000    281.0   98.0      1.0     78680
2018  7 31  6    153.0    301.5   0.00000000   0.00000000    285.8   88.0      0.9     79030
2018  7 31  7    320.0    314.7   0.00000000   0.00000000    288.5   73.0      0.1     79240
2018  7 31  8    497.0    321.9   0.00000000   0.00000000    289.8   63.0      1.1     79320
2018  7 31  9    604.0    333.6   0.00000000   0.00005556    290.2   61.0      1.8     79350
2018  7 31 10    668.0    332.8   0.00000000   0.00005556    290.5   59.0      2.1     79390
2018  7 31 11    616.0    332.6   0.00000000   0.00008333    290.6   57.0      2.4     79390
2018  7 31 12    692.0    332.2   0.00000000   0.00011111    291.1   50.0      3.1     79380
2018  7 31 13    743.0    320.7   0.00000000   0.00000000    291.5   48.0      2.7     79380
2018  7 31 14    607.0    317.9   0.00000000   0.00000000    291.0   50.0      2.7     79380
2018  7 31 15    512.0    316.5   0.00000000   0.00000000    290.6   52.0      2.3     79370
2018  7 31 16    397.0    314.0   0.00000000   0.00000000    290.2   54.0      2.1     79370
2018  7 31 17    283.0    310.9   0.00000000   0.00000000    289.3   60.0      1.9     79320
2018  7 31 18    139.0    309.7   0.00000000   0.00000000    288.0   72.0      0.9     79260
2018  7 31 19     26.0    301.9   0.00000000   0.00000000    287.2   69.0      1.1     79260
2018  7 31 20      0.0    295.6   0.00000000   0.00000000    285.8   75.0      0.7     79190
2018  7 31 21      0.0    282.2   0.00000000   0.00000000    282.9   87.0      0.4     79000
2018  7 31 22      0.0    278.8   0.00000000   0.00000000    282.3   88.0      0.6     78950
2018  7 31 23      0.0    278.5   0.00000000   0.00000000    282.4   87.0      0.7     78930
