2017 10  1  4      0.0    315.0   0.00000000   0.00000000    272.9   99.9      4.0     73790
2017 10  1  5      0.0    313.0   0.00007500   0.00000833    272.8   99.4      3.7     73810
2017 10  1  6     15.0    314.0   0.00002778   0.00000000    272.4   99.7      2.3     73850
2017 10  1  7     67.0    310.0   0.00000000   0.00000000    272.5  100.0      3.5     73870
2017 10  1  8    177.0    312.0   0.00000000   0.00000000    272.9   99.6      3.1     73910
2017 10  1  9    205.0    313.0   0.00000000   0.00000000    273.4   97.1      2.1     73940
2017 10  1 10    363.0    306.0   0.00000000   0.00000000    273.9   92.6      2.5     73940
2017 10  1 11    294.0    301.0   0.00000000   0.00000000    274.8   90.2      1.6     73940
2017 10  1 12    206.0    318.0   0.00000000   0.00000000    275.3   91.5      1.0     73940
2017 10  1 13    338.0    319.0   0.00000000   0.00000000    275.8   90.9      1.9     73940
2017 10  1 14    517.0    311.0   0.00000000   0.00000000    277.0   87.9      1.8     73940
2017 10  1 15    256.0    311.0   0.00000000   0.00000000    276.1   92.9      1.9     73950
2017 10  1 16    114.0    273.0   0.00000000   0.00000000    275.8   87.1      1.6     73960
2017 10  1 17      1.0    228.0   0.00000000   0.00000000    275.1   86.4      0.9     73980
2017 10  1 18      0.0    227.0   0.00000000   0.00000000    274.8   85.5      1.5     74010
2017 10  1 19      0.0    225.0   0.00000000   0.00000000    274.4   87.8      1.3     74050
2017 10  1 20      0.0    223.0   0.00000000   0.00000000    274.3   87.7      1.5     74070
2017 10  1 21      0.0    217.0   0.00000000   0.00000000    274.6   79.6      1.8     74080
2017 10  1 22      0.0    230.0   0.00000000   0.00000000    274.8   57.0      2.1     74070
2017 10  1 23      0.0    256.0   0.00000000   0.00000000    274.8   47.9      2.3     74060
2017 10  2  0      0.0    250.0   0.00000000   0.00000000    274.5   40.5      2.2     74060
2017 10  2  1      0.0    228.0   0.00000000   0.00000000    274.5   41.4      2.9     74050
2017 10  2  2      0.0    224.0   0.00000000   0.00000000    274.6   38.3      3.9     74050
2017 10  2  3      0.0    224.0   0.00000000   0.00000000    274.9   38.5      2.7     74050
2017 10  2  4      0.0    260.0   0.00000000   0.00000000    275.2   47.1      2.2     74050
2017 10  2  5      7.0    292.0   0.00000000   0.00000000    275.9   63.3      4.0     74050
2017 10  2  6    137.0    272.0   0.00000000   0.00000000    276.1   64.7      2.8     74080
2017 10  2  7    261.0    287.0   0.00000000   0.00000000    276.3   61.6      1.7     74100
2017 10  2  8    407.0    266.0   0.00000000   0.00000000    277.5   56.4      0.9     74140
2017 10  2  9    432.0    310.0   0.00000000   0.00000000    278.2   55.5      1.4     74170
2017 10  2 10    369.0    311.0   0.00000000   0.00000000    278.1   57.2      2.5     74180
2017 10  2 11    335.0    318.0   0.00000000   0.00000000    278.4   61.4      3.0     74170
2017 10  2 12    256.0    325.0   0.00000000   0.00000000    278.2   64.0      2.1     74160
2017 10  2 13     91.0    329.0   0.00000000   0.00005556    277.1   72.8      3.1     74160
2017 10  2 14     60.0    330.0   0.00000000   0.00002778    276.6   87.9      3.4     74130
2017 10  2 15     55.0    329.0   0.00000000   0.00002778    276.2   97.0      4.1     74140
2017 10  2 16     22.0    328.0   0.00000000   0.00000000    276.6   93.0      4.1     74150
2017 10  2 17      1.0    330.0   0.00000000   0.00000000    277.3   86.3      4.7     74160
2017 10  2 18      0.0    326.0   0.00000000   0.00000000    277.4   86.5      5.2     74180
2017 10  2 19      0.0    326.0   0.00000000   0.00000000    277.3   89.1      4.4     74180
2017 10  2 20      0.0    333.0   0.00000000   0.00002778    277.6   91.5      4.9     74170
2017 10  2 21      0.0    331.0   0.00000000   0.00011111    277.6   94.2      4.3     74140
2017 10  2 22      0.0    334.0   0.00000000   0.00013889    277.5   96.9      4.6     74100
2017 10  2 23      0.0    333.0   0.00000000   0.00002778    277.6   96.8      4.7     74090
2017 10  3  0      0.0    326.0   0.00000000   0.00005556    277.8   94.2      5.6     74050
2017 10  3  1      0.0    327.0   0.00000000   0.00000000    277.8   92.8      4.5     74010
2017 10  3  2      0.0    323.0   0.00000000   0.00000000    277.8   91.3      3.7     73970
2017 10  3  3      0.0    319.0   0.00000000   0.00000000    277.4   94.5      4.9     73910
2017 10  3  4      0.0    304.0   0.00000000   0.00000000    277.8   88.5      4.5     73840
2017 10  3  5      1.0    309.0   0.00000000   0.00000000    277.8   86.1      3.3     73780
2017 10  3  6      9.0    324.0   0.00000000   0.00011111    277.1   91.5      3.9     73780
2017 10  3  7     17.0    333.0   0.00000000   0.00102778    276.3   98.4      6.0     73820
2017 10  3  8     72.0    323.0   0.00000000   0.00011111    276.5   97.6      5.7     73810
2017 10  3  9     64.0    331.0   0.00000000   0.00075000    276.0   94.4      9.2     73830
2017 10  3 10     50.0    317.0   0.00024444   0.00097778    273.4   98.0     11.8     73880
2017 10  3 11    210.0    308.0   0.00000000   0.00011111    273.8   95.2      5.8     73940
2017 10  3 12    262.0    303.0   0.00000000   0.00000000    273.3   96.0      5.5     73940
2017 10  3 13    274.0    299.0   0.00000000   0.00000000    273.8   95.3      3.9     73930
2017 10  3 14    301.0    289.0   0.00000000   0.00000000    273.0   95.0      6.0     73950
2017 10  3 15    250.0    259.0   0.00000000   0.00000000    272.8   93.3      5.8     73990
2017 10  3 16     66.0    298.0   0.00000000   0.00000000    272.3   98.0      4.4     74020
2017 10  3 17      4.0    276.0   0.00000000   0.00000000    271.9   98.2      2.9     74050
2017 10  3 18      0.0    305.0   0.00000000   0.00000000    271.6   97.7      4.5     74090
2017 10  3 19      0.0    291.0   0.00000000   0.00000000    271.4   94.0      5.9     74160
2017 10  3 20      0.0    260.0   0.00000000   0.00000000    271.4   85.4      4.0     74180
2017 10  3 21      0.0    215.0   0.00000000   0.00000000    271.0   88.1      2.0     74190
2017 10  3 22      0.0    198.0   0.00000000   0.00000000    270.8   91.5      1.8     74210
2017 10  3 23      0.0    193.0   0.00000000   0.00000000    271.0   87.3      3.9     74210
2017 10  4  0      0.0    191.0   0.00000000   0.00000000    271.5   70.3      5.0     74220
2017 10  4  1      0.0    195.0   0.00000000   0.00000000    272.5   46.5      4.0     74210
2017 10  4  2      0.0    205.0   0.00000000   0.00000000    273.8   33.1      4.5     74220
2017 10  4  3      0.0    203.0   0.00000000   0.00000000    275.2   20.0      6.2     74210
2017 10  4  4      0.0    242.0   0.00000000   0.00000000    276.0   15.1      6.5     74220
2017 10  4  5      1.0    242.0   0.00000000   0.00000000    276.2   14.5      6.3     74240
2017 10  4  6     66.0    230.0   0.00000000   0.00000000    276.8   12.4      5.6     74260
2017 10  4  7    281.0    226.0   0.00000000   0.00000000    277.8   12.0      4.2     74300
2017 10  4  8    376.0    271.0   0.00000000   0.00000000    278.1   16.5      1.9     74340
2017 10  4  9    391.0    271.0   0.00000000   0.00000000    278.4   16.5      1.7     74370
2017 10  4 10    633.0    255.0   0.00000000   0.00000000    279.5   16.5      2.4     74390
2017 10  4 11    461.0    295.0   0.00000000   0.00000000    279.8   17.6      3.7     74360
2017 10  4 12    415.0    306.0   0.00000000   0.00000000    279.6   23.1      2.7     74360
2017 10  4 13    305.0    300.0   0.00000000   0.00000000    278.9   21.3      2.9     74350
2017 10  4 14    262.0    288.0   0.00000000   0.00000000    279.0   21.9      2.9     74360
2017 10  4 15    216.0    255.0   0.00000000   0.00000000    278.9   22.9      1.8     74340
2017 10  4 16     56.0    245.0   0.00000000   0.00000000    278.1   21.6      5.2     74340
2017 10  4 17      0.0    246.0   0.00000000   0.00000000    277.8   22.7      4.4     74330
2017 10  4 18      0.0    248.0   0.00000000   0.00000000    277.6   24.4      3.7     74340
2017 10  4 19      0.0    244.0   0.00000000   0.00000000    277.5   23.9      3.6     74360
2017 10  4 20      0.0    239.0   0.00000000   0.00000000    277.4   23.3      6.5     74360
2017 10  4 21      0.0    249.0   0.00000000   0.00000000    277.1   24.4      5.1     74360
2017 10  4 22      0.0    246.0   0.00000000   0.00000000    277.0   25.7      3.9     74350
2017 10  4 23      0.0    246.0   0.00000000   0.00000000    277.2   22.3      3.5     74320
2017 10  5  0      0.0    266.0   0.00000000   0.00000000    277.8   20.0      4.8     74290
2017 10  5  1      0.0    271.0   0.00000000   0.00000000    277.5   20.6      5.0     74260
2017 10  5  2      0.0    251.0   0.00000000   0.00000000    277.5   22.4      4.1     74210
2017 10  5  3      0.0    239.0   0.00000000   0.00000000    277.8   23.5      4.2     74180
2017 10  5  4      0.0    238.0   0.00000000   0.00000000    278.2   27.8      4.6     74130
2017 10  5  5      1.0    242.0   0.00000000   0.00000000    278.0   22.6      6.2     74110
2017 10  5  6     95.0    306.0   0.00000000   0.00000000    278.5   29.0      7.0     74080
2017 10  5  7    185.0    284.0   0.00000000   0.00000000    278.9   38.1      4.2     74070
2017 10  5  8    457.0    246.0   0.00000000   0.00000000    279.8   40.1      3.9     74070
2017 10  5  9    584.0    245.0   0.00000000   0.00000000    280.6   39.8      4.0     74070
2017 10  5 10    668.0    243.0   0.00000000   0.00000000    280.8   39.1      4.8     74060
2017 10  5 11    694.0    244.0   0.00000000   0.00000000    280.5   39.9      6.5     74040
2017 10  5 12    666.0    243.0   0.00000000   0.00000000    280.8   41.4      6.3     73970
2017 10  5 13    581.0    242.0   0.00000000   0.00000000    280.5   41.6      7.4     73900
2017 10  5 14    449.0    242.0   0.00000000   0.00000000    280.2   42.7      5.3     73870
2017 10  5 15    278.0    238.0   0.00000000   0.00000000    279.2   44.7      6.9     73820
2017 10  5 16     86.0    234.0   0.00000000   0.00000000    278.2   45.1      6.7     73790
2017 10  5 17      0.0    258.0   0.00000000   0.00000000    277.3   40.6      7.3     73750
2017 10  5 18      0.0    278.0   0.00000000   0.00000000    276.6   42.2      8.4     73720
2017 10  5 19      0.0    298.0   0.00000000   0.00000000    276.4   46.0      7.8     73640
2017 10  5 20      0.0    305.0   0.00000000   0.00000000    274.8   56.0      6.8     73590
2017 10  5 21      0.0    304.0   0.00013889   0.00000000    271.6   92.7      6.9     73540
2017 10  5 22      0.0    306.0   0.00047222   0.00000000    271.5   97.5      5.2     73500
2017 10  5 23      0.0    308.0   0.00030556   0.00000000    271.8   99.6      2.3     73430
2017 10  6  0      0.0    308.0   0.00033333   0.00000000    271.6   99.0      3.5     73390
2017 10  6  1      0.0    305.0   0.00016667   0.00000000    271.3   97.9      5.9     73350
2017 10  6  2      0.0    302.0   0.00030556   0.00000000    270.8   98.3      5.2     73320
2017 10  6  3      0.0    298.0   0.00041667   0.00000000    269.9   99.6      8.9     73290
2017 10  6  4      0.0    293.0   0.00027778   0.00000000    268.9  100.0     12.2     73250
2017 10  6  5      0.0    268.0   0.00002778   0.00000000    267.2   88.0     17.1     73210
2017 10  6  6     91.0    207.0   0.00000000   0.00000000    266.8   80.6     15.0     73250
2017 10  6  7    323.0    205.0   0.00000000   0.00000000    266.4   84.7     13.7     73300
2017 10  6  8    434.0    250.0   0.00000000   0.00000000    266.3   90.7      8.9     73340
2017 10  6  9    528.0    265.0   0.00000000   0.00000000    266.6   93.2      8.8     73340
2017 10  6 10    614.0    252.0   0.00000000   0.00000000    266.3   84.2      9.8     73380
2017 10  6 11    711.0    205.0   0.00000000   0.00000000    266.5   70.5      8.6     73400
2017 10  6 12    271.0    274.0   0.00000000   0.00000000    266.3   84.9      4.7     73390
2017 10  6 13    151.0    280.0   0.00000000   0.00000000    266.2   93.0      6.2     73370
2017 10  6 14     73.0    283.0   0.00047222   0.00000000    266.6   98.6      6.9     73380
2017 10  6 15     57.0    279.0   0.00005556   0.00000000    266.3   97.0     10.9     73380
2017 10  6 16     24.0    279.0   0.00008333   0.00000000    266.2   98.3      8.0     73410
2017 10  6 17      0.0    280.0   0.00066667   0.00000000    266.8  100.0     11.9     73440
2017 10  6 18      0.0    281.0   0.00047222   0.00000000    267.4  100.0     10.4     73530
2017 10  6 19      0.0    280.0   0.00008333   0.00000000    267.0  100.0      8.6     73590
2017 10  6 20      0.0    281.0   0.00016667   0.00000000    266.6  100.0      9.7     73630
2017 10  6 21      0.0    282.0   0.00027778   0.00000000    266.9  100.0      7.9     73660
2017 10  6 22      0.0    283.0   0.00025000   0.00000000    267.2  100.0      8.9     73670
2017 10  6 23      0.0    281.0   0.00002778   0.00000000    266.9   99.7      8.1     73720
2017 10  7  0      0.0    257.0   0.00000000   0.00000000    266.1   97.3      7.8     73760
2017 10  7  1      0.0    252.0   0.00000000   0.00000000    265.8   97.4      8.8     73710
2017 10  7  2      0.0    264.0   0.00000000   0.00000000    265.5   97.4      9.0     73690
2017 10  7  3      0.0    264.0   0.00000000   0.00000000    265.3   95.9      5.5     73710
2017 10  7  4      0.0    269.0   0.00000000   0.00000000    265.2   96.8      3.7     73730
2017 10  7  5      0.0    229.0   0.00000000   0.00000000    264.8   95.0      4.2     73720
2017 10  7  6    119.0    183.0   0.00000000   0.00000000    265.5   89.7      5.2     73730
2017 10  7  7    326.0    185.0   0.00000000   0.00000000    266.2   80.6      5.3     73780
2017 10  7  8    497.0    191.0   0.00000000   0.00000000    267.0   67.5      4.8     73820
2017 10  7  9    621.0    194.0   0.00000000   0.00000000    268.0   54.2      5.4     73850
2017 10  7 10    689.0    197.0   0.00000000   0.00000000    268.3   48.0      4.4     73880
2017 10  7 11    704.0    202.0   0.00000000   0.00000000    269.3   58.9      2.2     73880
2017 10  7 12    588.0    210.0   0.00000000   0.00000000    270.5   58.3      2.8     73870
2017 10  7 13    548.0    213.0   0.00000000   0.00000000    270.9   65.6      3.5     73830
2017 10  7 14    261.0    262.0   0.00000000   0.00000000    271.2   53.2      4.2     73820
2017 10  7 15    166.0    265.0   0.00000000   0.00000000    271.3   47.2      4.1     73780
2017 10  7 16     43.0    244.0   0.00000000   0.00000000    271.8   34.4      5.3     73760
2017 10  7 17      0.0    266.0   0.00000000   0.00000000    272.5   24.4      6.0     73760
2017 10  7 18      0.0    285.0   0.00000000   0.00000000    272.6   24.0      5.8     73750
2017 10  7 19      0.0    292.0   0.00000000   0.00000000    272.5   27.9      4.8     73730
2017 10  7 20      0.0    300.0   0.00000000   0.00000000    272.6   32.6      5.5     73700
2017 10  7 21      0.0    280.0   0.00000000   0.00000000    272.8   37.8      5.7     73650
2017 10  7 22      0.0    276.0   0.00000000   0.00000000    273.0   31.3      6.4     73610
2017 10  7 23      0.0    296.0   0.00000000   0.00000000    272.0   44.2      4.8     73600
2017 10  8  0      0.0    294.0   0.00000000   0.00000000    270.8   57.1      5.2     73550
2017 10  8  1      0.0    285.0   0.00005556   0.00000000    268.8   79.8      4.8     73500
2017 10  8  2      0.0    290.0   0.00008333   0.00000000    268.4   87.8      4.9     73470
2017 10  8  3      0.0    295.0   0.00025000   0.00000000    268.8   95.6      5.0     73460
2017 10  8  4      0.0    298.0   0.00030556   0.00000000    270.2   94.4      7.1     73460
2017 10  8  5      0.0    296.0   0.00002778   0.00000000    270.9   91.5      8.0     73450
2017 10  8  6     23.0    298.0   0.00000000   0.00000000    270.4   94.8      7.2     73460
2017 10  8  7    113.0    300.0   0.00019444   0.00000000    270.5   97.8      9.1     73480
2017 10  8  8    184.0    300.0   0.00019444   0.00000000    270.5   98.2      9.2     73480
2017 10  8  9    337.0    300.0   0.00019444   0.00000000    270.5   98.7     11.8     73510
2017 10  8 10    301.0    301.0   0.00008333   0.00000000    270.8   96.4     12.2     73530
2017 10  8 11    276.0    301.0   0.00002778   0.00000000    270.8   96.3      9.8     73570
2017 10  8 12    302.0    302.0   0.00011111   0.00000000    270.9   96.1      6.9     73580
2017 10  8 13    285.0    301.0   0.00002778   0.00000000    270.6   96.7      5.9     73600
2017 10  8 14    217.0    295.0   0.00000000   0.00000000    270.8   95.3      7.2     73590
2017 10  8 15    220.0    287.0   0.00000000   0.00000000    270.6   96.8      4.2     73600
2017 10  8 16     25.0    279.0   0.00000000   0.00000000    270.4   97.3      5.1     73620
2017 10  8 17      0.0    298.0   0.00008333   0.00000000    270.4   97.7      6.9     73660
2017 10  8 18      0.0    293.0   0.00000000   0.00000000    270.1   96.8      8.8     73680
2017 10  8 19      0.0    294.0   0.00002778   0.00000000    269.9   96.2      8.7     73700
2017 10  8 20      0.0    287.0   0.00000000   0.00000000    269.8   92.8      6.4     73700
2017 10  8 21      0.0    297.0   0.00030556   0.00000000    269.8   97.8      4.2     73700
2017 10  8 22      0.0    287.0   0.00000000   0.00000000    269.5   94.8      7.8     73680
2017 10  8 23      0.0    284.0   0.00000000   0.00000000    269.6   90.4      6.9     73680
2017 10  9  0      0.0    287.0   0.00000000   0.00000000    269.6   86.5      4.9     73680
2017 10  9  1      0.0    287.0   0.00000000   0.00000000    269.8   83.1      4.1     73650
2017 10  9  2      0.0    286.0   0.00000000   0.00000000    269.8   84.9      3.0     73620
2017 10  9  3      0.0    288.0   0.00000000   0.00000000    269.6   85.4      2.3     73610
2017 10  9  4      0.0    293.0   0.00000000   0.00000000    269.4   91.3      2.4     73600
2017 10  9  5      0.0    295.0   0.00000000   0.00000000    269.4   97.6      3.5     73600
2017 10  9  6     29.0    296.0   0.00000000   0.00000000    269.6   98.0      5.1     73620
2017 10  9  7     99.0    296.0   0.00005556   0.00000000    269.6   97.5      3.1     73650
2017 10  9  8    203.0    296.0   0.00000000   0.00000000    269.5   98.1      2.4     73670
2017 10  9  9    352.0    293.0   0.00000000   0.00000000    269.8   94.2      1.8     73690
2017 10  9 10    435.0    291.0   0.00000000   0.00000000    270.1   92.7      1.8     73700
2017 10  9 11    430.0    289.0   0.00000000   0.00000000    270.8   89.1      2.5     73700
2017 10  9 12    485.0    275.0   0.00005556   0.00000000    271.3   90.9      2.2     73670
2017 10  9 13    533.0    272.0   0.00000000   0.00000000    271.6   90.6      2.5     73660
2017 10  9 14    176.0    302.0   0.00000000   0.00000000    270.8   98.8      2.8     73670
2017 10  9 15     89.0    284.0   0.00000000   0.00000000    270.6   94.0      4.9     73660
2017 10  9 16     28.0    279.0   0.00000000   0.00000000    270.3   92.1      4.4     73670
2017 10  9 17      0.0    284.0   0.00000000   0.00000000    270.0   94.9      5.1     73680
2017 10  9 18      0.0    283.0   0.00000000   0.00000000    270.0   95.2      6.1     73690
2017 10  9 19      0.0    286.0   0.00000000   0.00000000    269.9   94.2      4.6     73700
2017 10  9 20      0.0    295.0   0.00000000   0.00000000    269.9   98.3      4.3     73710
2017 10  9 21      0.0    290.0   0.00000000   0.00000000    269.8   91.0      2.8     73730
2017 10  9 22      0.0    291.0   0.00000000   0.00000000    269.8   92.9      3.5     73710
2017 10  9 23      0.0    295.0   0.00000000   0.00000000    269.8   97.5      3.9     73690
2017 10 10  0      0.0    236.0   0.00000000   0.00000000    269.8   89.0      3.3     73680
2017 10 10  1      0.0    267.0   0.00000000   0.00000000    269.3   89.4      1.9     73680
2017 10 10  2      0.0    216.0   0.00000000   0.00000000    268.9   94.5      1.4     73670
2017 10 10  3      0.0    209.0   0.00000000   0.00000000    269.5   86.9      2.6     73660
2017 10 10  4      0.0    213.0   0.00000000   0.00000000    269.9   76.3      2.5     73660
2017 10 10  5      0.0    213.0   0.00000000   0.00000000    270.5   71.2      4.4     73660
2017 10 10  6     95.0    223.0   0.00000000   0.00000000    271.3   66.2      3.9     73700
2017 10 10  7    244.0    238.0   0.00000000   0.00000000    272.4   60.1      3.6     73740
2017 10 10  8    312.0    262.0   0.00000000   0.00000000    272.5   59.8      2.8     73780
2017 10 10  9    495.0    262.0   0.00000000   0.00000000    272.9   65.7      2.7     73820
2017 10 10 10    455.0    269.0   0.00000000   0.00000000    273.2   63.6      3.4     73860
2017 10 10 11    640.0    251.0   0.00000000   0.00000000    274.1   59.6      2.9     73870
2017 10 10 12    498.0    256.0   0.00000000   0.00000000    274.5   64.1      3.0     73860
2017 10 10 13    303.0    254.0   0.00000000   0.00000000    274.4   67.6      3.6     73870
2017 10 10 14    440.0    237.0   0.00000000   0.00000000    274.2   68.7      3.3     73870
2017 10 10 15    234.0    235.0   0.00000000   0.00000000    274.4   68.9      2.7     73890
2017 10 10 16     61.0    260.0   0.00000000   0.00000000    274.0   72.9      1.9     73920
2017 10 10 17      0.0    244.0   0.00000000   0.00000000    273.6   73.2      1.8     73940
2017 10 10 18      0.0    228.0   0.00000000   0.00000000    273.4   73.8      0.7     73980
2017 10 10 19      0.0    225.0   0.00000000   0.00000000    273.3   75.3      1.7     74000
2017 10 10 20      0.0    225.0   0.00000000   0.00000000    273.2   76.0      2.9     74020
2017 10 10 21      0.0    225.0   0.00000000   0.00000000    273.3   73.0      3.7     74030
2017 10 10 22      0.0    226.0   0.00000000   0.00000000    273.4   72.6      3.7     74040
2017 10 10 23      0.0    229.0   0.00000000   0.00000000    273.5   70.2      3.6     74030
2017 10 11  0      0.0    227.0   0.00000000   0.00000000    273.8   67.2      4.0     74030
2017 10 11  1      0.0    225.0   0.00000000   0.00000000    273.8   65.1      4.8     74020
2017 10 11  2      0.0    224.0   0.00000000   0.00000000    274.1   61.4      4.5     74010
2017 10 11  3      0.0    225.0   0.00000000   0.00000000    274.6   56.8      4.9     74010
2017 10 11  4      0.0    226.0   0.00000000   0.00000000    274.5   57.1      5.0     74000
2017 10 11  5      0.0    229.0   0.00000000   0.00000000    274.6   54.5      4.6     74020
2017 10 11  6     51.0    229.0   0.00000000   0.00000000    274.8   53.2      4.3     74050
2017 10 11  7    203.0    230.0   0.00000000   0.00000000    275.4   49.3      3.5     74080
2017 10 11  8    415.0    230.0   0.00000000   0.00000000    276.2   49.7      2.6     74110
2017 10 11  9    523.0    233.0   0.00000000   0.00000000    277.0   53.2      2.3     74130
2017 10 11 10    636.0    233.0   0.00000000   0.00000000    278.0   45.1      3.0     74150
2017 10 11 11    660.0    236.0   0.00000000   0.00000000    278.8   40.7      3.4     74150
2017 10 11 12    629.0    236.0   0.00000000   0.00000000    279.3   37.9      3.4     74140
2017 10 11 13    542.0    238.0   0.00000000   0.00000000    279.4   37.6      3.3     74140
2017 10 11 14    407.0    239.0   0.00000000   0.00000000    279.2   37.0      3.3     74130
2017 10 11 15    238.0    239.0   0.00000000   0.00000000    279.0   41.2      2.5     74140
2017 10 11 16     60.0    235.0   0.00000000   0.00000000    278.3   47.6      2.1     74160
2017 10 11 17      0.0    230.0   0.00000000   0.00000000    278.1   43.5      1.8     74170
2017 10 11 18      0.0    229.0   0.00000000   0.00000000    277.8   46.9      2.0     74190
2017 10 11 19      0.0    228.0   0.00000000   0.00000000    276.6   54.8      3.4     74210
2017 10 11 20      0.0    225.0   0.00000000   0.00000000    275.9   54.6      3.2     74230
2017 10 11 21      0.0    224.0   0.00000000   0.00000000    275.0   60.8      4.3     74240
2017 10 11 22      0.0    222.0   0.00000000   0.00000000    275.2   62.1      5.5     74240
2017 10 11 23      0.0    218.0   0.00000000   0.00000000    275.0   62.1      4.5     74240
2017 10 12  0      0.0    212.0   0.00000000   0.00000000    276.0   42.9      3.6     74240
2017 10 12  1      0.0    218.0   0.00000000   0.00000000    275.1   52.0      3.0     74240
2017 10 12  2      0.0    257.0   0.00000000   0.00000000    275.0   50.1      4.7     74230
2017 10 12  3      0.0    217.0   0.00000000   0.00000000    274.4   55.5      4.0     74240
2017 10 12  4      0.0    218.0   0.00000000   0.00000000    274.8   45.1      5.8     74240
2017 10 12  5      0.0    221.0   0.00000000   0.00000000    274.6   46.4      3.4     74250
2017 10 12  6     71.0    220.0   0.00000000   0.00000000    275.0   48.3      5.2     74260
2017 10 12  7    246.0    226.0   0.00000000   0.00000000    275.4   49.0      4.9     74300
2017 10 12  8    416.0    226.0   0.00000000   0.00000000    275.8   48.4      3.9     74360
2017 10 12  9    550.0    228.0   0.00000000   0.00000000    276.3   48.1      4.2     74410
2017 10 12 10    609.0    246.0   0.00000000   0.00000000    276.0   54.0      4.3     74470
2017 10 12 11    661.0    232.0   0.00000000   0.00000000    277.5   51.6      4.4     74480
2017 10 12 12    607.0    235.0   0.00000000   0.00000000    278.3   48.3      4.4     74470
2017 10 12 13    538.0    234.0   0.00000000   0.00000000    278.4   50.5      2.9     74490
2017 10 12 14    405.0    233.0   0.00000000   0.00000000    278.8   51.9      3.3     74500
2017 10 12 15    238.0    231.0   0.00000000   0.00000000    278.1   55.9      2.7     74510
2017 10 12 16     60.0    230.0   0.00000000   0.00000000    277.4   62.5      2.2     74530
2017 10 12 17      0.0    227.0   0.00000000   0.00000000    276.8   63.5      1.7     74550
2017 10 12 18      0.0    223.0   0.00000000   0.00000000    276.8   62.9      2.5     74560
2017 10 12 19      0.0    220.0   0.00000000   0.00000000    276.4   63.6      2.7     74580
2017 10 12 20      0.0    219.0   0.00000000   0.00000000    276.4   63.7      3.2     74600
2017 10 12 21      0.0    219.0   0.00000000   0.00000000    276.3   64.3      3.6     74620
2017 10 12 22      0.0    217.0   0.00000000   0.00000000    276.1   65.6      3.7     74610
2017 10 12 23      0.0    215.0   0.00000000   0.00000000    276.4   53.5      2.4     74600
2017 10 13  0      0.0    214.0   0.00000000   0.00000000    276.9   45.4      5.5     74600
2017 10 13  1      0.0    215.0   0.00000000   0.00000000    277.1   40.5      5.0     74590
2017 10 13  2      0.0    217.0   0.00000000   0.00000000    277.0   37.7      3.3     74580
2017 10 13  3      0.0    217.0   0.00000000   0.00000000    276.9   34.8      3.4     74590
2017 10 13  4      0.0    220.0   0.00000000   0.00000000    277.1   33.8      5.3     74600
2017 10 13  5      0.0    219.0   0.00000000   0.00000000    277.2   38.8      5.5     74610
2017 10 13  6     44.0    219.0   0.00000000   0.00000000    276.6   45.9      4.8     74630
2017 10 13  7    245.0    221.0   0.00000000   0.00000000    277.0   42.3      1.9     74680
2017 10 13  8    404.0    223.0   0.00000000   0.00000000    277.9   32.8      1.6     74700
2017 10 13  9    551.0    229.0   0.00000000   0.00000000    279.3   41.5      1.0     74720
2017 10 13 10    629.0    236.0   0.00000000   0.00000000    280.4   38.5      1.3     74730
2017 10 13 11    655.0    239.0   0.00000000   0.00000000    280.8   42.7      2.1     74720
2017 10 13 12    622.0    240.0   0.00000000   0.00000000    280.2   41.8      1.7     74710
2017 10 13 13    532.0    242.0   0.00000000   0.00000000    281.1   41.1      2.6     74700
2017 10 13 14    409.0    243.0   0.00000000   0.00000000    280.9   45.2      2.4     74700
2017 10 13 15    238.0    242.0   0.00000000   0.00000000    280.5   49.4      2.6     74700
2017 10 13 16     62.0    241.0   0.00000000   0.00000000    279.1   52.7      1.6     74710
2017 10 13 17      0.0    236.0   0.00000000   0.00000000    277.8   62.5      2.9     74730
2017 10 13 18      0.0    234.0   0.00000000   0.00000000    277.8   57.6      3.9     74750
2017 10 13 19      0.0    236.0   0.00000000   0.00000000    278.0   58.8      5.4     74760
2017 10 13 20      0.0    235.0   0.00000000   0.00000000    277.8   66.1      5.3     74770
2017 10 13 21      0.0    235.0   0.00000000   0.00000000    277.4   63.9      4.9     74770
2017 10 13 22      0.0    235.0   0.00000000   0.00000000    277.3   65.8      3.5     74770
2017 10 13 23      0.0    236.0   0.00000000   0.00000000    277.8   66.5      2.1     74770
2017 10 14  0      0.0    237.0   0.00000000   0.00000000    278.0   67.0      3.1     74770
2017 10 14  1      0.0    237.0   0.00000000   0.00000000    277.8   68.4      3.4     74770
2017 10 14  2      0.0    237.0   0.00000000   0.00000000    277.9   67.9      3.0     74750
2017 10 14  3      0.0    238.0   0.00000000   0.00000000    278.1   65.4      2.8     74750
2017 10 14  4      0.0    239.0   0.00000000   0.00000000    278.2   62.3      2.6     74760
2017 10 14  5      0.0    240.0   0.00000000   0.00000000    278.0   63.6      2.4     74760
2017 10 14  6     66.0    242.0   0.00000000   0.00000000    278.6   59.1      2.0     74770
2017 10 14  7    239.0    245.0   0.00000000   0.00000000    280.1   55.0      1.1     74800
2017 10 14  8    404.0    248.0   0.00000000   0.00000000    280.9   55.9      1.1     74830
2017 10 14  9    534.0    250.0   0.00000000   0.00000000    281.6   55.4      2.1     74850
2017 10 14 10    614.0    253.0   0.00000000   0.00000000    282.8   51.3      2.4     74860
2017 10 14 11    638.0    256.0   0.00000000   0.00000000    283.4   49.6      2.5     74860
2017 10 14 12    609.0    257.0   0.00000000   0.00000000    283.2   51.7      2.6     74840
2017 10 14 13    525.0    257.0   0.00000000   0.00000000    283.4   52.4      2.6     74840
2017 10 14 14    389.0    255.0   0.00000000   0.00000000    283.1   52.1      2.7     74830
2017 10 14 15    220.0    253.0   0.00000000   0.00000000    282.2   54.0      2.6     74840
2017 10 14 16     47.0    250.0   0.00000000   0.00000000    281.8   52.1      1.8     74840
2017 10 14 17      0.0    248.0   0.00000000   0.00000000    281.3   50.9      1.6     74870
2017 10 14 18      0.0    247.0   0.00000000   0.00000000    281.0   51.6      2.1     74900
2017 10 14 19      0.0    246.0   0.00000000   0.00000000    280.9   52.3      2.3     74920
2017 10 14 20      0.0    244.0   0.00000000   0.00000000    280.8   56.0      1.7     74930
2017 10 14 21      0.0    242.0   0.00000000   0.00000000    280.6   52.9      1.9     74930
2017 10 14 22      0.0    239.0   0.00000000   0.00000000    280.6   46.6      2.9     74920
2017 10 14 23      0.0    237.0   0.00000000   0.00000000    280.8   43.7      3.3     74920
2017 10 15  0      0.0    236.0   0.00000000   0.00000000    280.8   44.5      3.6     74910
2017 10 15  1      0.0    235.0   0.00000000   0.00000000    280.8   39.7      3.8     74890
2017 10 15  2      0.0    235.0   0.00000000   0.00000000    280.8   32.9      3.9     74860
2017 10 15  3      0.0    235.0   0.00000000   0.00000000    280.6   32.4      2.8     74860
2017 10 15  4      0.0    234.0   0.00000000   0.00000000    280.8   32.4      3.3     74870
2017 10 15  5      0.0    233.0   0.00000000   0.00000000    280.9   31.7      2.3     74880
2017 10 15  6     65.0    233.0   0.00000000   0.00000000    280.8   31.1      2.5     74890
2017 10 15  7    240.0    234.0   0.00000000   0.00000000    281.3   31.2      2.6     74920
2017 10 15  8    408.0    237.0   0.00000000   0.00000000    282.2   35.8      1.7     74940
2017 10 15  9    538.0    240.0   0.00000000   0.00000000    282.9   36.2      2.3     74970
2017 10 15 10    618.0    245.0   0.00000000   0.00000000    284.1   30.8      3.3     74960
2017 10 15 11    644.0    245.0   0.00000000   0.00000000    285.3   26.3      3.7     74950
2017 10 15 12    608.0    249.0   0.00000000   0.00000000    285.4   26.3      3.5     74920
2017 10 15 13    520.0    251.0   0.00000000   0.00000000    284.5   30.8      2.7     74900
2017 10 15 14    385.0    250.0   0.00000000   0.00000000    284.3   32.9      3.1     74880
2017 10 15 15    216.0    249.0   0.00000000   0.00000000    283.6   35.9      2.7     74880
2017 10 15 16     44.0    246.0   0.00000000   0.00000000    282.8   40.7      1.8     74880
2017 10 15 17      0.0    243.0   0.00000000   0.00000000    281.8   42.7      1.9     74900
2017 10 15 18      0.0    240.0   0.00000000   0.00000000    281.4   45.0      2.4     74920
2017 10 15 19      0.0    239.0   0.00000000   0.00000000    281.2   45.4      1.7     74910
2017 10 15 20      0.0    238.0   0.00000000   0.00000000    281.2   44.6      1.3     74920
2017 10 15 21      0.0    236.0   0.00000000   0.00000000    280.9   44.3      1.2     74930
2017 10 15 22      0.0    231.0   0.00000000   0.00000000    280.3   47.3      1.1     74930
2017 10 15 23      0.0    228.0   0.00000000   0.00000000    280.3   45.5      0.7     74920
2017 10 16  0      0.0    226.0   0.00000000   0.00000000    280.2   42.4      1.0     74920
2017 10 16  1      0.0    225.0   0.00000000   0.00000000    279.9   40.4      1.0     74900
2017 10 16  2      0.0    224.0   0.00000000   0.00000000    279.3   47.9      1.0     74870
2017 10 16  3      0.0    221.0   0.00000000   0.00000000    279.2   50.0      0.8     74850
2017 10 16  4      0.0    219.0   0.00000000   0.00000000    279.2   45.4      1.3     74840
2017 10 16  5      0.0    214.0   0.00000000   0.00000000    279.5   38.7      1.6     74810
2017 10 16  6     64.0    213.0   0.00000000   0.00000000    279.9   30.2      2.2     74820
2017 10 16  7    241.0    213.0   0.00000000   0.00000000    280.4   30.9      1.7     74840
2017 10 16  8    411.0    217.0   0.00000000   0.00000000    281.3   37.6      2.5     74870
2017 10 16  9    543.0    221.0   0.00000000   0.00000000    282.4   31.9      3.2     74890
2017 10 16 10    623.0    226.0   0.00000000   0.00000000    283.3   32.8      3.6     74900
2017 10 16 11    645.0    233.0   0.00000000   0.00000000    283.9   32.4      3.2     74890
2017 10 16 12    611.0    236.0   0.00000000   0.00000000    284.5   26.9      3.5     74870
2017 10 16 13    521.0    239.0   0.00000000   0.00000000    284.3   27.7      3.0     74860
2017 10 16 14    386.0    235.0   0.00000000   0.00000000    284.3   29.0      3.2     74850
2017 10 16 15    214.0    237.0   0.00000000   0.00000000    283.8   31.8      2.2     74850
2017 10 16 16     41.0    236.0   0.00000000   0.00000000    282.4   36.5      1.5     74850
2017 10 16 17      0.0    233.0   0.00000000   0.00000000    281.5   35.2      1.9     74870
2017 10 16 18      0.0    230.0   0.00000000   0.00000000    281.3   32.7      1.6     74880
2017 10 16 19      0.0    225.0   0.00000000   0.00000000    281.1   36.1      1.6     74860
2017 10 16 20      0.0    219.0   0.00000000   0.00000000    281.1   32.4      1.6     74860
2017 10 16 21      0.0    214.0   0.00000000   0.00000000    280.8   34.4      2.3     74850
2017 10 16 22      0.0    213.0   0.00000000   0.00000000    280.9   27.7      2.5     74830
2017 10 16 23      0.0    214.0   0.00000000   0.00000000    281.4   20.7      1.5     74810
2017 10 17  0      0.0    215.0   0.00000000   0.00000000    281.2   19.5      0.9     74810
2017 10 17  1      0.0    216.0   0.00000000   0.00000000    281.3   15.4      2.3     74770
2017 10 17  2      0.0    215.0   0.00000000   0.00000000    280.6   18.3      3.1     74740
2017 10 17  3      0.0    213.0   0.00000000   0.00000000    280.1   22.2      3.7     74700
2017 10 17  4      0.0    211.0   0.00000000   0.00000000    279.5   26.3      3.8     74670
2017 10 17  5      0.0    211.0   0.00000000   0.00000000    279.6   23.0      3.1     74660
2017 10 17  6     59.0    211.0   0.00000000   0.00000000    280.3   18.2      3.5     74650
2017 10 17  7    233.0    212.0   0.00000000   0.00000000    280.6   17.6      3.4     74670
2017 10 17  8    400.0    215.0   0.00000000   0.00000000    281.4   18.5      2.9     74660
2017 10 17  9    520.0    219.0   0.00000000   0.00000000    282.3   17.2      3.7     74640
2017 10 17 10    624.0    226.0   0.00000000   0.00000000    283.8   18.8      3.5     74630
2017 10 17 11    617.0    233.0   0.00000000   0.00000000    284.6   21.2      3.4     74590
2017 10 17 12    511.0    240.0   0.00000000   0.00000000    284.3   22.5      4.3     74530
2017 10 17 13    470.0    245.0   0.00000000   0.00000000    283.9   23.6      3.6     74480
2017 10 17 14    316.0    256.0   0.00000000   0.00000000    283.8   26.0      2.7     74450
2017 10 17 15    137.0    255.0   0.00000000   0.00000000    282.5   24.9      4.0     74420
2017 10 17 16     21.0    254.0   0.00000000   0.00000000    281.3   26.5      3.5     74400
2017 10 17 17      0.0    241.0   0.00000000   0.00000000    280.5   21.8      4.2     74380
2017 10 17 18      0.0    237.0   0.00000000   0.00000000    279.8   26.5      3.9     74370
2017 10 17 19      0.0    241.0   0.00000000   0.00000000    279.5   26.8      5.0     74330
2017 10 17 20      0.0    221.0   0.00000000   0.00000000    279.2   23.0      4.2     74310
2017 10 17 21      0.0    214.0   0.00000000   0.00000000    278.6   25.4      5.3     74280
2017 10 17 22      0.0    212.0   0.00000000   0.00000000    278.4   22.9      4.9     74240
2017 10 17 23      0.0    210.0   0.00000000   0.00000000    278.0   23.3      4.8     74190
2017 10 18  0      0.0    210.0   0.00000000   0.00000000    277.8   21.9      4.8     74160
2017 10 18  1      0.0    210.0   0.00000000   0.00000000    277.5   21.5      4.5     74130
2017 10 18  2      0.0    212.0   0.00000000   0.00000000    277.1   22.1      4.2     74090
2017 10 18  3      0.0    213.0   0.00000000   0.00000000    276.9   23.2      3.9     74050
2017 10 18  4      0.0    214.0   0.00000000   0.00000000    276.5   26.0      4.6     74010
2017 10 18  5      0.0    213.0   0.00000000   0.00000000    276.3   28.5      4.5     73970
2017 10 18  6     56.0    214.0   0.00000000   0.00000000    276.4   31.5      3.9     73960
2017 10 18  7    242.0    219.0   0.00000000   0.00000000    277.3   34.0      2.9     73960
2017 10 18  8    403.0    221.0   0.00000000   0.00000000    278.2   35.7      3.3     73940
2017 10 18  9    528.0    222.0   0.00000000   0.00000000    279.5   31.4      3.6     73920
2017 10 18 10    603.0    225.0   0.00000000   0.00000000    280.5   28.1      4.1     73920
2017 10 18 11    626.0    228.0   0.00000000   0.00000000    280.8   27.0      4.9     73900
2017 10 18 12    591.0    229.0   0.00000000   0.00000000    281.0   25.5      4.7     73860
2017 10 18 13    504.0    229.0   0.00000000   0.00000000    281.2   27.7      4.4     73830
2017 10 18 14    370.0    226.0   0.00000000   0.00000000    279.8   31.0      3.6     73810
2017 10 18 15    200.0    223.0   0.00000000   0.00000000    279.4   34.0      3.5     73810
2017 10 18 16     34.0    219.0   0.00000000   0.00000000    278.3   32.9      2.9     73800
2017 10 18 17      0.0    217.0   0.00000000   0.00000000    277.2   41.3      2.0     73820
2017 10 18 18      0.0    212.0   0.00000000   0.00000000    276.6   35.7      2.6     73820
2017 10 18 19      0.0    210.0   0.00000000   0.00000000    276.1   34.6      4.4     73820
2017 10 18 20      0.0    207.0   0.00000000   0.00000000    275.9   36.2      5.2     73810
2017 10 18 21      0.0    205.0   0.00000000   0.00000000    275.8   33.4      4.7     73810
2017 10 18 22      0.0    203.0   0.00000000   0.00000000    275.6   29.6      5.1     73810
2017 10 18 23      0.0    201.0   0.00000000   0.00000000    275.6   25.2      4.7     73810
2017 10 19  0      0.0    202.0   0.00000000   0.00000000    275.6   25.6      3.1     73800
2017 10 19  1      0.0    203.0   0.00000000   0.00000000    275.8   22.8      3.4     73790
2017 10 19  2      0.0    204.0   0.00000000   0.00000000    275.9   23.4      2.6     73770
2017 10 19  3      0.0    206.0   0.00000000   0.00000000    276.1   27.1      2.3     73760
2017 10 19  4      0.0    212.0   0.00000000   0.00000000    275.9   28.5      3.2     73760
2017 10 19  5      0.0    217.0   0.00000000   0.00000000    275.8   31.6      2.8     73740
2017 10 19  6     51.0    220.0   0.00000000   0.00000000    276.0   32.6      3.3     73750
2017 10 19  7    214.0    228.0   0.00000000   0.00000000    277.4   31.1      2.2     73800
2017 10 19  8    371.0    236.0   0.00000000   0.00000000    278.5   32.0      1.2     73830
2017 10 19  9    501.0    238.0   0.00000000   0.00000000    279.8   31.7      2.4     73840
2017 10 19 10    584.0    243.0   0.00000000   0.00000000    279.4   43.5      2.6     73860
2017 10 19 11    605.0    246.0   0.00000000   0.00000000    278.5   50.2      3.6     73850
2017 10 19 12    579.0    245.0   0.00000000   0.00000000    278.8   52.3      3.5     73800
2017 10 19 13    487.0    249.0   0.00000000   0.00000000    280.4   46.8      2.4     73760
2017 10 19 14    346.0    246.0   0.00000000   0.00000000    281.2   39.7      3.1     73750
2017 10 19 15    102.0    243.0   0.00000000   0.00000000    280.1   43.0      2.3     73730
2017 10 19 16     10.0    257.0   0.00000000   0.00000000    278.8   47.3      3.0     73750
2017 10 19 17      0.0    250.0   0.00000000   0.00000000    278.2   41.9      4.3     73770
2017 10 19 18      0.0    243.0   0.00000000   0.00000000    277.6   40.4      5.1     73780
2017 10 19 19      0.0    250.0   0.00000000   0.00000000    277.1   40.5      7.7     73760
2017 10 19 20      0.0    238.0   0.00000000   0.00000000    276.5   49.1      5.6     73780
2017 10 19 21      0.0    240.0   0.00000000   0.00000000    276.2   67.5      6.6     73790
2017 10 19 22      0.0    271.0   0.00000000   0.00000000    276.4   69.6      7.1     73780
2017 10 19 23      0.0    260.0   0.00000000   0.00000000    276.2   71.2      6.2     73770
2017 10 20  0      0.0    244.0   0.00000000   0.00000000    276.1   71.4      5.0     73780
2017 10 20  1      0.0    230.0   0.00000000   0.00000000    275.6   73.4      5.8     73780
2017 10 20  2      0.0    241.0   0.00000000   0.00000000    275.3   74.1      6.1     73810
2017 10 20  3      0.0    245.0   0.00000000   0.00000000    275.2   68.8      6.2     73790
2017 10 20  4      0.0    238.0   0.00000000   0.00000000    275.4   55.2      5.3     73790
2017 10 20  5      0.0    223.0   0.00000000   0.00000000    275.5   39.7      6.5     73790
2017 10 20  6     31.0    222.0   0.00000000   0.00000000    275.5   33.7      6.6     73800
2017 10 20  7    190.0    223.0   0.00000000   0.00000000    276.2   29.0      4.9     73830
2017 10 20  8    370.0    229.0   0.00000000   0.00000000    277.4   32.3      3.8     73870
2017 10 20  9    498.0    233.0   0.00000000   0.00000000    278.8   33.4      2.5     73900
2017 10 20 10    575.0    237.0   0.00000000   0.00000000    279.8   34.1      2.9     73930
2017 10 20 11    600.0    236.0   0.00000000   0.00000000    281.0   28.8      4.4     73910
2017 10 20 12    568.0    237.0   0.00000000   0.00000000    280.1   27.3      3.1     73900
2017 10 20 13    480.0    237.0   0.00000000   0.00000000    280.1   27.2      3.4     73900
2017 10 20 14    351.0    236.0   0.00000000   0.00000000    279.6   28.7      3.7     73900
2017 10 20 15    111.0    235.0   0.00000000   0.00000000    278.5   34.2      3.8     73930
2017 10 20 16     15.0    238.0   0.00000000   0.00000000    277.8   36.0      3.6     73930
2017 10 20 17      0.0    250.0   0.00000000   0.00000000    277.4   37.7      2.2     73950
2017 10 20 18      0.0    233.0   0.00000000   0.00000000    276.8   40.3      2.3     73970
2017 10 20 19      0.0    264.0   0.00000000   0.00000000    276.5   41.5      2.2     73970
2017 10 20 20      0.0    294.0   0.00000000   0.00000000    276.8   40.4      3.9     73960
2017 10 20 21      0.0    284.0   0.00000000   0.00000000    276.6   40.4      4.1     73960
2017 10 20 22      0.0    251.0   0.00000000   0.00000000    276.8   41.8      3.6     73940
2017 10 20 23      0.0    286.0   0.00000000   0.00000000    277.1   43.6      3.4     73930
2017 10 21  0      0.0    299.0   0.00000000   0.00000000    276.5   45.5      2.9     73930
2017 10 21  1      0.0    302.0   0.00000000   0.00000000    275.6   48.9      2.3     73920
2017 10 21  2      0.0    305.0   0.00000000   0.00000000    275.8   49.3      2.5     73910
2017 10 21  3      0.0    310.0   0.00000000   0.00000000    275.9   51.3      2.2     73900
2017 10 21  4      0.0    314.0   0.00000000   0.00000000    275.9   52.4      2.8     73910
2017 10 21  5      0.0    313.0   0.00000000   0.00000000    275.6   52.6      2.4     73900
2017 10 21  6     19.0    309.0   0.00000000   0.00000000    276.5   56.1      3.1     73930
2017 10 21  7    103.0    313.0   0.00000000   0.00000000    277.0   56.8      3.3     73980
2017 10 21  8    322.0    287.0   0.00000000   0.00000000    277.8   55.0      2.4     73990
2017 10 21  9    422.0    257.0   0.00000000   0.00000000    278.8   54.9      2.7     74000
2017 10 21 10    433.0    256.0   0.00000000   0.00000000    279.1   53.9      2.5     74010
2017 10 21 11    546.0    258.0   0.00000000   0.00000000    280.2   51.1      2.3     73980
2017 10 21 12    469.0    260.0   0.00000000   0.00000000    277.3   59.7      4.9     73950
2017 10 21 13    421.0    254.0   0.00000000   0.00000000    277.2   62.1      2.8     73910
2017 10 21 14    208.0    271.0   0.00000000   0.00000000    277.6   61.0      1.5     73880
2017 10 21 15     92.0    272.0   0.00000000   0.00000000    278.2   60.7      1.6     73870
2017 10 21 16     12.0    272.0   0.00000000   0.00000000    277.5   63.6      1.3     73830
2017 10 21 17      0.0    267.0   0.00000000   0.00000000    277.1   65.5      1.9     73830
2017 10 21 18      0.0    261.0   0.00000000   0.00000000    276.5   69.1      2.2     73820
2017 10 21 19      0.0    245.0   0.00000000   0.00000000    276.1   72.6      3.0     73790
2017 10 21 20      0.0    241.0   0.00000000   0.00000000    276.0   71.9      2.3     73750
2017 10 21 21      0.0    255.0   0.00000000   0.00000000    275.5   76.3      2.5     73720
2017 10 21 22      0.0    309.0   0.00000000   0.00000000    273.8   99.3      3.2     73720
2017 10 21 23      0.0    316.0   0.00000000   0.00000000    273.9   99.1      2.4     73670
2017 10 22  0      0.0    315.0   0.00000000   0.00000000    273.3   99.7      2.0     73600
2017 10 22  1      0.0    304.0   0.00055556   0.00000000    271.1   99.5      8.9     73520
2017 10 22  2      0.0    297.0   0.00055556   0.00000000    270.0  100.0     11.2     73490
2017 10 22  3      0.0    294.0   0.00022222   0.00000000    269.5  100.0      9.5     73470
2017 10 22  4      0.0    294.0   0.00002778   0.00000000    269.2  100.0      8.1     73430
2017 10 22  5      0.0    293.0   0.00011111   0.00000000    269.1  100.0      6.5     73400
2017 10 22  6     16.0    292.0   0.00027778   0.00000000    268.9  100.0      6.5     73390
2017 10 22  7     75.0    289.0   0.00008333   0.00000000    268.8   98.2      6.0     73400
2017 10 22  8    168.0    288.0   0.00008333   0.00000000    268.1  100.0     10.7     73350
2017 10 22  9    208.0    286.0   0.00008333   0.00000000    267.4  100.0     11.0     73330
2017 10 22 10    181.0    284.0   0.00008333   0.00000000    267.2  100.0     12.3     73300
2017 10 22 11    214.0    284.0   0.00022222   0.00000000    267.1  100.0     10.6     73270
2017 10 22 12    229.0    284.0   0.00025000   0.00000000    267.0  100.0     10.7     73220
2017 10 22 13    149.0    280.0   0.00016667   0.00000000    266.6  100.0     12.4     73180
2017 10 22 14    193.0    276.0   0.00000000   0.00000000    265.8   97.7     11.0     73190
2017 10 22 15     87.0    274.0   0.00000000   0.00000000    265.6   95.7      9.4     73190
2017 10 22 16      1.0    276.0   0.00000000   0.00000000    265.6   96.0     10.5     73180
2017 10 22 17      0.0    276.0   0.00002778   0.00000000    265.6   96.8     12.1     73170
2017 10 22 18      0.0    277.0   0.00025000   0.00000000    265.8  100.0     12.3     73190
2017 10 22 19      0.0    278.0   0.00030556   0.00000000    266.1  100.0     12.3     73190
2017 10 22 20      0.0    278.0   0.00069444   0.00000000    266.0  100.0     12.6     73180
2017 10 22 21      0.0    278.0   0.00044444   0.00000000    266.1  100.0     11.6     73180
2017 10 22 22      0.0    278.0   0.00066667   0.00000000    266.0  100.0     11.3     73200
2017 10 22 23      0.0    277.0   0.00061111   0.00000000    265.9  100.0     12.1     73180
2017 10 23  0      0.0    277.0   0.00025000   0.00000000    265.8  100.0     13.5     73170
2017 10 23  1      0.0    276.0   0.00036111   0.00000000    265.5  100.0     12.8     73190
2017 10 23  2      0.0    275.0   0.00044444   0.00000000    265.6  100.0     13.6     73180
2017 10 23  3      0.0    273.0   0.00022222   0.00000000    265.1  100.0     13.5     73210
2017 10 23  4      0.0    274.0   0.00055556   0.00000000    265.5  100.0     12.2     73240
2017 10 23  5      0.0    276.0   0.00050000   0.00000000    265.8  100.0     11.7     73240
2017 10 23  6      3.0    276.0   0.00016667   0.00000000    265.8  100.0     12.7     73270
2017 10 23  7     38.0    277.0   0.00011111   0.00000000    265.5  100.0     10.5     73320
2017 10 23  8     92.0    277.0   0.00016667   0.00000000    265.6   99.7     12.0     73340
2017 10 23  9    157.0    277.0   0.00019444   0.00000000    265.8   99.8     11.1     73390
2017 10 23 10    185.0    279.0   0.00016667   0.00000000    265.8   99.7     10.7     73430
2017 10 23 11    272.0    279.0   0.00022222   0.00000000    266.1   99.8     11.3     73450
2017 10 23 12    185.0    280.0   0.00030556   0.00000000    266.1  100.0     10.7     73460
2017 10 23 13    127.0    281.0   0.00033333   0.00000000    266.8  100.0     10.3     73480
2017 10 23 14     85.0    282.0   0.00047222   0.00000000    267.6  100.0     12.4     73500
2017 10 23 15     43.0    283.0   0.00044444   0.00000000    267.2  100.0     10.2     73540
2017 10 23 16      2.0    282.0   0.00030556   0.00000000    267.1  100.0     10.2     73580
2017 10 23 17      0.0    281.0   0.00011111   0.00000000    266.9  100.0     10.4     73630
2017 10 23 18      0.0    282.0   0.00013889   0.00000000    266.4  100.0      8.9     73680
2017 10 23 19      0.0    281.0   0.00005556   0.00000000    266.8   99.8     12.0     73700
2017 10 23 20      0.0    282.0   0.00005556   0.00000000    266.4   96.3      9.1     73760
2017 10 23 21      0.0    283.0   0.00011111   0.00000000    266.9   97.5      9.3     73790
2017 10 23 22      0.0    285.0   0.00025000   0.00000000    267.3  100.0      9.2     73820
2017 10 23 23      0.0    285.0   0.00005556   0.00000000    267.5   99.2      9.7     73840
2017 10 24  0      0.0    283.0   0.00002778   0.00000000    267.5   97.2     12.0     73850
2017 10 24  1      0.0    286.0   0.00002778   0.00000000    267.5   97.6      9.2     73870
2017 10 24  2      0.0    287.0   0.00005556   0.00000000    267.8   98.3      9.8     73890
2017 10 24  3      0.0    286.0   0.00002778   0.00000000    267.6   95.4      9.8     73910
2017 10 24  4      0.0    254.0   0.00000000   0.00000000    267.5   92.1     11.6     73930
2017 10 24  5      0.0    268.0   0.00000000   0.00000000    267.4   94.1     10.1     73960
2017 10 24  6     33.0    261.0   0.00000000   0.00000000    267.2   94.9      9.5     74000
2017 10 24  7     94.0    265.0   0.00000000   0.00000000    267.4   93.1      6.1     74060
2017 10 24  8    365.0    232.0   0.00000000   0.00000000    267.9   93.0      5.9     74090
2017 10 24  9    560.0    204.0   0.00000000   0.00000000    268.4   92.3      6.3     74120
2017 10 24 10    493.0    265.0   0.00000000   0.00000000    269.0   95.6      6.8     74160
2017 10 24 11    560.0    230.0   0.00000000   0.00000000    269.2   94.4      5.2     74170
2017 10 24 12    507.0    212.0   0.00000000   0.00000000    270.1   81.6      5.5     74170
2017 10 24 13    374.0    220.0   0.00000000   0.00000000    270.6   77.4      6.5     74160
2017 10 24 14    252.0    223.0   0.00000000   0.00000000    270.9   72.1      6.5     74190
2017 10 24 15    153.0    223.0   0.00000000   0.00000000    271.6   58.5      7.7     74200
2017 10 24 16     13.0    222.0   0.00000000   0.00000000    271.8   57.0      9.2     74220
2017 10 24 17      0.0    221.0   0.00000000   0.00000000    271.5   67.6     10.2     74260
2017 10 24 18      0.0    222.0   0.00000000   0.00000000    271.8   77.8      9.1     74300
2017 10 24 19      0.0    225.0   0.00000000   0.00000000    272.2   88.8      7.6     74320
2017 10 24 20      0.0    228.0   0.00000000   0.00000000    272.5   93.6      5.8     74350
2017 10 24 21      0.0    234.0   0.00000000   0.00000000    273.1   91.8      4.7     74360
2017 10 24 22      0.0    238.0   0.00000000   0.00000000    273.5   82.1      4.0     74360
2017 10 24 23      0.0    245.0   0.00000000   0.00000000    273.8   77.2      4.4     74370
2017 10 25  0      0.0    253.0   0.00000000   0.00000000    273.9   79.3      3.5     74390
2017 10 25  1      0.0    262.0   0.00000000   0.00000000    274.4   72.9      2.8     74390
2017 10 25  2      0.0    248.0   0.00000000   0.00000000    275.8   74.6      3.8     74360
2017 10 25  3      0.0    253.0   0.00000000   0.00000000    276.6   65.9      4.5     74360
2017 10 25  4      0.0    245.0   0.00000000   0.00000000    276.9   51.6      5.4     74370
2017 10 25  5      0.0    243.0   0.00000000   0.00000000    276.5   71.4      6.0     74380
2017 10 25  6     22.0    247.0   0.00000000   0.00000000    276.3   78.7      7.1     74420
2017 10 25  7    107.0    244.0   0.00000000   0.00000000    276.4   82.3      6.8     74470
2017 10 25  8    214.0    253.0   0.00000000   0.00005556    276.5   88.3      5.8     74500
2017 10 25  9    423.0    241.0   0.00000000   0.00000000    277.0   81.2      6.2     74520
2017 10 25 10    521.0    242.0   0.00000000   0.00000000    277.4   77.7      6.9     74550
2017 10 25 11    561.0    242.0   0.00000000   0.00000000    277.2   80.6      6.3     74580
2017 10 25 12    503.0    241.0   0.00000000   0.00000000    277.8   64.9      5.1     74580
2017 10 25 13    444.0    239.0   0.00000000   0.00000000    278.6   42.1      6.8     74570
2017 10 25 14    318.0    237.0   0.00000000   0.00000000    278.8   31.4      5.3     74580
2017 10 25 15    120.0    236.0   0.00000000   0.00000000    278.6   31.3      5.9     74590
2017 10 25 16     19.0    259.0   0.00000000   0.00000000    278.9   25.3      4.6     74610
2017 10 25 17      0.0    248.0   0.00000000   0.00000000    278.6   31.3      4.1     74660
2017 10 25 18      0.0    252.0   0.00000000   0.00000000    278.8   32.1      4.2     74670
2017 10 25 19      0.0    258.0   0.00000000   0.00000000    279.1   31.1      4.9     74680
2017 10 25 20      0.0    260.0   0.00000000   0.00000000    279.0   32.1      4.8     74670
2017 10 25 21      0.0    269.0   0.00000000   0.00000000    278.9   33.6      4.9     74700
2017 10 25 22      0.0    255.0   0.00000000   0.00000000    278.6   34.9      5.6     74690
2017 10 25 23      0.0    245.0   0.00000000   0.00000000    278.3   35.5      5.4     74680
2017 10 26  0      0.0    255.0   0.00000000   0.00000000    278.5   35.4      5.3     74690
2017 10 26  1      0.0    245.0   0.00000000   0.00000000    278.8   34.2      5.8     74680
2017 10 26  2      0.0    245.0   0.00000000   0.00000000    279.1   30.0      5.5     74660
2017 10 26  3      0.0    245.0   0.00000000   0.00000000    278.8   33.4      4.8     74660
2017 10 26  4      0.0    247.0   0.00000000   0.00000000    278.8   32.6      3.8     74670
2017 10 26  5      0.0    248.0   0.00000000   0.00000000    279.4   28.3      4.3     74660
2017 10 26  6     24.0    247.0   0.00000000   0.00000000    279.4   28.7      3.3     74670
2017 10 26  7    140.0    245.0   0.00000000   0.00000000    279.8   26.5      3.7     74690
2017 10 26  8    271.0    249.0   0.00000000   0.00000000    279.6   27.1      4.3     74700
2017 10 26  9    457.0    247.0   0.00000000   0.00000000    279.8   29.3      2.4     74710
2017 10 26 10    519.0    251.0   0.00000000   0.00000000    280.1   29.1      2.7     74710
2017 10 26 11    515.0    262.0   0.00000000   0.00000000    280.3   29.3      2.8     74700
2017 10 26 12    411.0    256.0   0.00000000   0.00000000    280.3   29.0      2.7     74650
2017 10 26 13    406.0    236.0   0.00000000   0.00000000    280.4   28.4      2.9     74620
2017 10 26 14    319.0    233.0   0.00000000   0.00000000    279.9   29.1      3.5     74610
2017 10 26 15    151.0    233.0   0.00000000   0.00000000    279.4   30.0      2.6     74590
2017 10 26 16     11.0    235.0   0.00000000   0.00000000    278.1   35.5      4.8     74580
2017 10 26 17      0.0    237.0   0.00000000   0.00000000    277.8   40.3      5.6     74590
2017 10 26 18      0.0    232.0   0.00000000   0.00000000    277.2   45.9      6.6     74580
2017 10 26 19      0.0    234.0   0.00000000   0.00000000    276.9   48.3      6.8     74550
2017 10 26 20      0.0    241.0   0.00000000   0.00000000    276.5   50.4      5.3     74540
2017 10 26 21      0.0    243.0   0.00000000   0.00000000    276.8   48.5      3.3     74510
2017 10 26 22      0.0    235.0   0.00000000   0.00000000    276.8   49.1      6.0     74470
2017 10 26 23      0.0    235.0   0.00000000   0.00000000    276.0   55.9      5.0     74440
2017 10 27  0      0.0    239.0   0.00000000   0.00000000    275.8   58.0      5.5     74400
2017 10 27  1      0.0    239.0   0.00000000   0.00000000    275.4   65.3      6.2     74350
2017 10 27  2      0.0    246.0   0.00000000   0.00000000    275.3   68.1      6.2     74260
2017 10 27  3      0.0    247.0   0.00000000   0.00000000    275.8   65.2      8.0     74190
2017 10 27  4      0.0    240.0   0.00000000   0.00000000    275.3   66.8      6.2     74140
2017 10 27  5      0.0    284.0   0.00000000   0.00000000    273.9   88.0      8.7     74080
2017 10 27  6      4.0    297.0   0.00000000   0.00000000    273.9   84.5      6.3     74030
2017 10 27  7     19.0    314.0   0.00003333   0.00007778    273.3   98.9      6.6     73990
2017 10 27  8     19.0    313.0   0.00012500   0.00012500    273.1   99.2     12.4     73920
2017 10 27  9     73.0    309.0   0.00091667   0.00000000    272.5   99.1     14.3     73910
2017 10 27 10     73.0    306.0   0.00025000   0.00000000    272.1   98.0     13.0     73920
2017 10 27 11     91.0    303.0   0.00077778   0.00000000    271.4   99.4     13.8     73900
2017 10 27 12    164.0    304.0   0.00102778   0.00000000    271.6   99.3     13.3     73860
2017 10 27 13    151.0    300.0   0.00150000   0.00000000    270.8  100.0     12.8     73860
2017 10 27 14    134.0    294.0   0.00041667   0.00000000    269.5  100.0     12.2     73910
2017 10 27 15     29.0    291.0   0.00047222   0.00000000    268.8  100.0     12.5     73940
2017 10 27 16      1.0    283.0   0.00005556   0.00000000    267.8  100.0     15.7     73970
2017 10 27 17      0.0    276.0   0.00002778   0.00000000    267.8  100.0      9.4     74070
2017 10 27 18      0.0    256.0   0.00000000   0.00000000    266.8   92.1      9.7     74100
2017 10 27 19      0.0    280.0   0.00000000   0.00000000    266.9   96.8     10.1     74080
2017 10 27 20      0.0    286.0   0.00000000   0.00000000    267.3   99.8     11.1     74060
2017 10 27 21      0.0    284.0   0.00000000   0.00000000    267.0   99.7     12.4     74020
2017 10 27 22      0.0    280.0   0.00000000   0.00000000    266.8   97.7     11.6     74020
2017 10 27 23      0.0    279.0   0.00000000   0.00000000    266.4   97.9     11.4     74060
2017 10 28  0      0.0    251.0   0.00000000   0.00000000    265.8   94.8      3.9     74040
2017 10 28  1      0.0    199.0   0.00000000   0.00000000    265.8   78.4      3.8     73990
2017 10 28  2      0.0    197.0   0.00000000   0.00000000    266.1   68.5      8.1     73910
2017 10 28  3      0.0    192.0   0.00000000   0.00000000    266.0   73.9      9.6     73900
2017 10 28  4      0.0    192.0   0.00000000   0.00000000    266.2   59.5      9.1     73880
2017 10 28  5      0.0    193.0   0.00000000   0.00000000    266.3   56.1      9.7     73870
2017 10 28  6     19.0    188.0   0.00000000   0.00000000    266.4   50.1      8.9     73860
2017 10 28  7    169.0    195.0   0.00000000   0.00000000    267.2   39.2      9.4     73900
2017 10 28  8    349.0    203.0   0.00000000   0.00000000    267.8   34.2      9.5     73910
2017 10 28  9    474.0    200.0   0.00000000   0.00000000    268.0   32.5      7.9     73910
2017 10 28 10    577.0    192.0   0.00000000   0.00000000    268.8   28.6      7.8     73900
2017 10 28 11    558.0    215.0   0.00000000   0.00000000    269.3   26.7      8.2     73860
2017 10 28 12    466.0    201.0   0.00000000   0.00000000    270.2   23.8      7.7     73810
2017 10 28 13    428.0    210.0   0.00000000   0.00000000    269.4   36.4      6.5     73770
2017 10 28 14    314.0    198.0   0.00000000   0.00000000    268.8   49.8      8.4     73740
2017 10 28 15    150.0    219.0   0.00000000   0.00000000    268.1   57.6      6.1     73710
2017 10 28 16      8.0    224.0   0.00000000   0.00000000    267.5   68.2     10.4     73680
2017 10 28 17      0.0    245.0   0.00000000   0.00000000    267.2   62.8     11.5     73680
2017 10 28 18      0.0    248.0   0.00000000   0.00000000    267.2   48.4     12.7     73670
2017 10 28 19      0.0    250.0   0.00000000   0.00000000    267.8   37.9     13.7     73660
2017 10 28 20      0.0    252.0   0.00000000   0.00000000    267.9   30.9     13.7     73650
2017 10 28 21      0.0    273.0   0.00000000   0.00000000    268.3   24.3     13.3     73620
2017 10 28 22      0.0    286.0   0.00000000   0.00000000    267.8   46.2     11.0     73590
2017 10 28 23      0.0    291.0   0.00000000   0.00000000    268.5   57.1      6.4     73550
2017 10 29  0      0.0    293.0   0.00002778   0.00000000    268.5   84.6      5.6     73490
2017 10 29  1      0.0    294.0   0.00008333   0.00000000    268.8   95.6      4.8     73470
2017 10 29  2      0.0    297.0   0.00019444   0.00000000    269.9   91.3      7.2     73410
2017 10 29  3      0.0    301.0   0.00036111   0.00000000    270.8   96.6      9.8     73370
2017 10 29  4      0.0    302.0   0.00055556   0.00000000    270.9   98.6     11.3     73310
2017 10 29  5      0.0    310.0   0.00038889   0.00000000    271.5   98.6     12.4     73270
2017 10 29  6      1.0    308.0   0.00019444   0.00000000    272.1   97.8     10.2     73220
2017 10 29  7     24.0    309.0   0.00019444   0.00000000    272.3   97.8     12.6     73210
2017 10 29  8     78.0    310.0   0.00030556   0.00000000    272.6   98.8     13.4     73180
2017 10 29  9    242.0    310.0   0.00037500   0.00004167    272.8   99.9     17.6     73150
2017 10 29 10    296.0    308.0   0.00019444   0.00000000    272.1   98.7     13.7     73160
2017 10 29 11    111.0    307.0   0.00050000   0.00000000    271.8   99.2     13.9     73140
2017 10 29 12    175.0    306.0   0.00033333   0.00000000    272.3   96.3     11.7     73100
2017 10 29 13    141.0    303.0   0.00083333   0.00000000    271.6   99.6     16.3     73070
2017 10 29 14     83.0    301.0   0.00041667   0.00000000    271.2  100.0     17.7     73060
2017 10 29 15     31.0    300.0   0.00058333   0.00000000    271.0   99.6     18.5     73030
2017 10 29 16      0.6    297.0   0.00055556   0.00000000    270.4   99.9     20.2     73010
2017 10 29 17      0.0    296.0   0.00044444   0.00000000    270.0  100.0     16.6     73080
2017 10 29 18      0.0    294.0   0.00050000   0.00000000    269.6  100.0     11.6     73170
2017 10 29 19      0.0    291.0   0.00013889   0.00000000    269.4  100.0     16.1     73150
2017 10 29 20      0.0    288.0   0.00008333   0.00000000    269.2   99.6     17.9     73140
2017 10 29 21      0.0    288.0   0.00008333   0.00000000    268.3   99.9     13.1     73200
2017 10 29 22      0.0    284.0   0.00011111   0.00000000    267.2  100.0     10.5     73210
2017 10 29 23      0.0    282.0   0.00000000   0.00000000    266.6   99.5      9.4     73200
2017 10 30  0      0.0    281.0   0.00000000   0.00000000    266.5   99.0     10.5     73190
2017 10 30  1      0.0    279.0   0.00000000   0.00000000    266.2   97.7     12.2     73220
2017 10 30  2      0.0    278.0   0.00000000   0.00000000    265.8   96.4      9.6     73250
2017 10 30  3      0.0    273.0   0.00000000   0.00000000    265.1   94.6      9.1     73270
2017 10 30  4      0.0    272.0   0.00000000   0.00000000    264.8   95.9     10.1     73280
2017 10 30  5      0.0    263.0   0.00000000   0.00000000    263.8   94.0      7.2     73310
2017 10 30  6     36.0    225.0   0.00000000   0.00000000    263.4   93.4      5.4     73330
2017 10 30  7    164.0    232.0   0.00000000   0.00000000    263.5   96.2      5.1     73380
2017 10 30  8    404.0    179.0   0.00000000   0.00000000    263.9   78.1      2.8     73400
2017 10 30  9    537.0    183.0   0.00000000   0.00000000    264.8   85.4      1.1     73430
2017 10 30 10    610.0    186.0   0.00000000   0.00000000    265.4   81.9      1.6     73460
2017 10 30 11    635.0    186.0   0.00000000   0.00000000    265.5   75.4      1.5     73470
2017 10 30 12    579.0    190.0   0.00000000   0.00000000    265.8   83.4      1.1     73490
2017 10 30 13    490.0    188.0   0.00000000   0.00000000    266.3   75.1      1.7     73510
2017 10 30 14    340.0    190.0   0.00000000   0.00000000    266.1   58.1      1.8     73530
2017 10 30 15    157.0    190.0   0.00000000   0.00000000    266.2   50.4      1.5     73560
2017 10 30 16     12.0    188.0   0.00000000   0.00000000    265.8   52.3      2.5     73600
2017 10 30 17      0.0    186.0   0.00000000   0.00000000    266.0   30.2      4.7     73630
2017 10 30 18      0.0    183.0   0.00000000   0.00000000    266.1   27.7      6.1     73660
2017 10 30 19      0.0    184.0   0.00000000   0.00000000    266.1   26.0      4.8     73700
2017 10 30 20      0.0    185.0   0.00000000   0.00000000    266.6   23.2      2.9     73750
2017 10 30 21      0.0    189.0   0.00000000   0.00000000    267.8   21.8      4.3     73770
2017 10 30 22      0.0    191.0   0.00000000   0.00000000    267.8   23.8      3.6     73770
2017 10 30 23      0.0    194.0   0.00000000   0.00000000    268.4   28.4      2.6     73780
2017 10 31  0      0.0    198.0   0.00000000   0.00000000    269.2   45.6      4.4     73790
2017 10 31  1      0.0    202.0   0.00000000   0.00000000    269.8   53.8      4.2     73790
2017 10 31  2      0.0    204.0   0.00000000   0.00000000    269.8   55.7      4.3     73780
2017 10 31  3      0.0    206.0   0.00000000   0.00000000    269.4   56.2      6.5     73780
2017 10 31  4      0.0    207.0   0.00000000   0.00000000    269.2   56.8      6.1     73810
2017 10 31  5      0.0    206.0   0.00000000   0.00000000    269.2   57.6      4.1     73820
2017 10 31  6     20.0    206.0   0.00000000   0.00000000    269.8   56.2      4.6     73850
2017 10 31  7    159.0    207.0   0.00000000   0.00000000    270.4   56.4      4.1     73890
2017 10 31  8    322.0    210.0   0.00000000   0.00000000    270.9   55.4      3.3     73910
2017 10 31  9    450.0    211.0   0.00000000   0.00000000    271.3   55.7      2.5     73940
2017 10 31 10    530.0    213.0   0.00000000   0.00000000    271.8   56.5      1.6     73960
2017 10 31 11    550.0    212.0   0.00000000   0.00000000    271.1   59.5      2.3     73950
2017 10 31 12    514.0    213.0   0.00000000   0.00000000    271.5   57.1      1.4     73930
2017 10 31 13    424.0    214.0   0.00000000   0.00000000    272.3   54.6      3.1     73930
2017 10 31 14    289.0    214.0   0.00000000   0.00000000    272.1   55.2      3.6     73940
2017 10 31 15    126.0    213.0   0.00000000   0.00000000    271.6   52.9      4.5     73930
2017 10 31 16      9.0    211.0   0.00000000   0.00000000    270.8   57.9      3.9     73950
2017 10 31 17      0.0    218.0   0.00000000   0.00000000    270.5   58.8      4.6     73980
2017 10 31 18      0.0    272.0   0.00000000   0.00000000    270.6   57.9      5.2     74000
2017 10 31 19      0.0    284.0   0.00000000   0.00000000    270.6   58.5      5.1     74000
2017 10 31 20      0.0    267.0   0.00000000   0.00000000    270.8   55.7      4.2     74000
2017 10 31 21      0.0    214.0   0.00000000   0.00000000    270.8   54.5      4.3     73990
2017 10 31 22      0.0    216.0   0.00000000   0.00000000    270.6   53.3      4.3     73990
2017 10 31 23      0.0    214.0   0.00000000   0.00000000    270.5   55.3      4.9     73980
2017 11  1  0      0.0    216.0   0.00000000   0.00000000    270.9   59.9      5.4     73980
2017 11  1  1      0.0    219.0   0.00000000   0.00000000    271.2   63.5      7.2     73980
2017 11  1  2      0.0    221.0   0.00000000   0.00000000    271.2   69.7      7.8     73970
2017 11  1  3      0.0    235.0   0.00000000   0.00000000    271.1   72.5      7.1     73980
2017 11  1  4      0.0    257.0   0.00000000   0.00000000    271.4   76.0      7.4     73980
2017 11  1  5      0.0    266.0   0.00000000   0.00000000    271.0   70.7      7.1     73970
2017 11  1  6     10.0    289.0   0.00000000   0.00000000    271.2   79.5      6.3     73990
2017 11  1  7     50.0    284.0   0.00000000   0.00000000    271.4   83.8      4.6     74040
2017 11  1  8    149.0    293.0   0.00000000   0.00000000    271.8   86.8      4.2     74060
2017 11  1  9    219.0    299.0   0.00000000   0.00000000    272.1   88.1      4.6     74090
2017 11  1 10    252.0    301.0   0.00000000   0.00000000    272.4   90.5      3.7     74110
2017 11  1 11    424.0    269.0   0.00000000   0.00000000    272.8   87.7      2.4     74080
2017 11  1 12    471.0    228.0   0.00000000   0.00000000    273.5   78.7      2.0     74050
2017 11  1 13    201.0    249.0   0.00000000   0.00000000    273.4   80.1      2.3     74030
2017 11  1 14    236.0    227.0   0.00000000   0.00000000    273.8   77.9      2.6     74010
2017 11  1 15    117.0    224.0   0.00000000   0.00000000    273.8   78.0      2.5     73990
2017 11  1 16      5.0    222.0   0.00000000   0.00000000    273.4   78.9      3.2     73990
2017 11  1 17      0.0    222.0   0.00000000   0.00000000    273.3   73.6      4.4     73990
2017 11  1 18      0.0    223.0   0.00000000   0.00000000    273.4   73.0      4.7     73990
2017 11  1 19      0.0    226.0   0.00000000   0.00000000    273.6   70.2      4.4     73990
2017 11  1 20      0.0    226.0   0.00000000   0.00000000    273.5   70.7      4.1     73990
2017 11  1 21      0.0    228.0   0.00000000   0.00000000    273.8   65.6      4.6     73980
2017 11  1 22      0.0    226.0   0.00000000   0.00000000    274.2   60.8      4.9     73950
2017 11  1 23      0.0    228.0   0.00000000   0.00000000    274.0   61.0      4.3     73920
2017 11  2  0      0.0    230.0   0.00000000   0.00000000    274.1   59.1      5.0     73880
2017 11  2  1      0.0    237.0   0.00000000   0.00000000    274.0   59.1      5.5     73850
2017 11  2  2      0.0    236.0   0.00000000   0.00000000    274.1   60.3      5.1     73810
2017 11  2  3      0.0    247.0   0.00000000   0.00000000    274.2   57.2      4.3     73780
2017 11  2  4      0.0    252.0   0.00000000   0.00000000    274.0   53.3      3.4     73750
2017 11  2  5      0.0    249.0   0.00000000   0.00000000    273.8   46.1      4.3     73710
2017 11  2  6      6.0    256.0   0.00000000   0.00000000    273.3   47.1      5.0     73680
2017 11  2  7     57.0    261.0   0.00000000   0.00000000    273.8   43.4      6.0     73700
2017 11  2  8    174.0    243.0   0.00000000   0.00000000    273.9   44.7      4.8     73690
2017 11  2  9    311.0    239.0   0.00000000   0.00000000    274.3   43.8      4.0     73680
2017 11  2 10    424.0    240.0   0.00000000   0.00000000    274.8   43.3      3.9     73670
2017 11  2 11    410.0    243.0   0.00000000   0.00000000    274.3   49.7      3.7     73640
2017 11  2 12    370.0    254.0   0.00000000   0.00000000    274.2   61.2      2.1     73600
2017 11  2 13    202.0    259.0   0.00000000   0.00000000    273.8   57.8      2.2     73570
2017 11  2 14    125.0    264.0   0.00000000   0.00000000    272.8   54.5      4.2     73560
2017 11  2 15     44.0    264.0   0.00000000   0.00000000    271.9   58.3      2.9     73550
2017 11  2 16      2.0    268.0   0.00000000   0.00000000    271.4   60.5      3.8     73540
2017 11  2 17      0.0    261.0   0.00000000   0.00000000    271.0   66.3      7.2     73550
2017 11  2 18      0.0    267.0   0.00000000   0.00000000    270.3   79.5      7.1     73550
2017 11  2 19      0.0    255.0   0.00000000   0.00000000    270.0   87.5      5.8     73550
2017 11  2 20      0.0    262.0   0.00000000   0.00000000    269.8   92.7      5.8     73570
2017 11  2 21      0.0    269.0   0.00000000   0.00000000    269.8   95.8      4.9     73580
2017 11  2 22      0.0    257.0   0.00000000   0.00000000    269.8   96.7      6.2     73560
2017 11  2 23      0.0    245.0   0.00000000   0.00000000    269.8   93.6      5.7     73550
2017 11  3  0      0.0    225.0   0.00000000   0.00000000    269.9   91.4      5.4     73540
2017 11  3  1      0.0    214.0   0.00000000   0.00000000    269.9   88.3      5.8     73510
2017 11  3  2      0.0    268.0   0.00000000   0.00000000    269.8   95.1      4.3     73490
2017 11  3  3      0.0    290.0   0.00000000   0.00000000    269.6   92.9      4.3     73470
2017 11  3  4      0.0    286.0   0.00000000   0.00000000    269.8   92.0      6.2     73480
2017 11  3  5      0.0    294.0   0.00000000   0.00000000    269.4   98.7      4.5     73490
2017 11  3  6     10.0    229.0   0.00000000   0.00000000    269.3   94.1      4.7     73490
2017 11  3  7    145.0    201.0   0.00000000   0.00000000    269.5   89.6      4.2     73500
2017 11  3  8    309.0    202.0   0.00000000   0.00000000    270.2   83.1      1.4     73510
2017 11  3  9    438.0    204.0   0.00000000   0.00000000    271.0   79.1      1.5     73530
2017 11  3 10    517.0    205.0   0.00000000   0.00000000    272.6   51.7      2.9     73550
2017 11  3 11    541.0    206.0   0.00000000   0.00000000    273.5   49.5      2.0     73530
2017 11  3 12    506.0    207.0   0.00000000   0.00000000    274.0   62.0      2.6     73530
2017 11  3 13    419.0    206.0   0.00000000   0.00000000    274.4   58.2      2.8     73510
2017 11  3 14    284.0    204.0   0.00000000   0.00000000    274.8   53.3      3.1     73520
2017 11  3 15    119.0    200.0   0.00000000   0.00000000    274.6   50.2      2.9     73520
2017 11  3 16      4.0    199.0   0.00000000   0.00000000    274.0   50.1      4.6     73520
2017 11  3 17      0.0    198.0   0.00000000   0.00000000    274.3   41.9      4.5     73530
2017 11  3 18      0.0    198.0   0.00000000   0.00000000    274.5   39.6      5.2     73540
2017 11  3 19      0.0    201.0   0.00000000   0.00000000    274.8   37.1      6.0     73540
2017 11  3 20      0.0    204.0   0.00000000   0.00000000    274.5   38.0      7.1     73550
2017 11  3 21      0.0    210.0   0.00000000   0.00000000    274.2   38.0      7.6     73550
2017 11  3 22      0.0    213.0   0.00000000   0.00000000    274.0   39.3      6.7     73540
2017 11  3 23      0.0    214.0   0.00000000   0.00000000    273.6   43.0      6.6     73540
2017 11  4  0      0.0    217.0   0.00000000   0.00000000    273.5   44.5      7.7     73530
2017 11  4  1      0.0    232.0   0.00000000   0.00000000    273.5   44.1      7.4     73500
2017 11  4  2      0.0    239.0   0.00000000   0.00000000    273.6   43.6      8.0     73480
2017 11  4  3      0.0    247.0   0.00000000   0.00000000    273.6   41.5      7.4     73460
2017 11  4  4      0.0    259.0   0.00000000   0.00000000    273.8   39.6      6.8     73440
2017 11  4  5      0.0    240.0   0.00000000   0.00000000    273.6   43.0      4.9     73420
2017 11  4  6      5.0    234.0   0.00000000   0.00000000    273.6   42.7      6.1     73410
2017 11  4  7     94.0    242.0   0.00000000   0.00000000    273.5   43.1      4.8     73430
2017 11  4  8    209.0    253.0   0.00000000   0.00000000    273.8   41.2      3.7     73440
2017 11  4  9    350.0    264.0   0.00000000   0.00000000    273.8   48.2      4.5     73440
2017 11  4 10    454.0    232.0   0.00000000   0.00000000    274.1   48.9      4.8     73440
2017 11  4 11    477.0    232.0   0.00000000   0.00000000    274.3   54.1      4.6     73410
2017 11  4 12    406.0    229.0   0.00000000   0.00000000    273.9   63.2      5.4     73390
2017 11  4 13    323.0    230.0   0.00000000   0.00000000    273.1   71.8      5.6     73390
2017 11  4 14    234.0    233.0   0.00000000   0.00000000    272.9   75.7      5.7     73390
2017 11  4 15    101.0    230.0   0.00000000   0.00000000    272.4   79.5      7.5     73380
2017 11  4 16      4.0    230.0   0.00000000   0.00000000    272.2   81.3      7.2     73380
2017 11  4 17      0.0    236.0   0.00000000   0.00000000    272.4   81.3      6.7     73390
2017 11  4 18      0.0    271.0   0.00000000   0.00000000    271.9   85.8      4.4     73390
2017 11  4 19      0.0    289.0   0.00000000   0.00000000    271.9   86.5      5.3     73370
2017 11  4 20      0.0    276.0   0.00000000   0.00000000    272.3   81.4      6.0     73350
2017 11  4 21      0.0    292.0   0.00000000   0.00000000    272.5   80.9      7.4     73320
2017 11  4 22      0.0    283.0   0.00000000   0.00000000    272.5   81.8      8.1     73270
2017 11  4 23      0.0    268.0   0.00000000   0.00000000    272.6   82.2      8.2     73240
2017 11  5  0      0.0    277.0   0.00000000   0.00000000    273.2   80.8      9.3     73190
2017 11  5  1      0.0    271.0   0.00000000   0.00000000    273.4   78.8      9.0     73130
2017 11  5  2      0.0    273.0   0.00000000   0.00000000    273.3   81.8      8.9     73080
2017 11  5  3      0.0    297.0   0.00000000   0.00000000    272.8   87.4      7.1     73030
2017 11  5  4      0.0    307.0   0.00005556   0.00000000    272.2   96.4      7.2     72990
2017 11  5  5      0.0    300.0   0.00000000   0.00000000    272.2   92.6      4.9     72950
2017 11  5  6      6.0    300.0   0.00000000   0.00000000    272.1   89.8      4.8     72890
2017 11  5  7     29.0    299.0   0.00000000   0.00000000    271.8   93.0      5.6     72860
2017 11  5  8     78.0    300.0   0.00000000   0.00000000    272.0   92.8      5.5     72810
2017 11  5  9     73.0    302.0   0.00000000   0.00000000    272.2   88.9      7.2     72770
2017 11  5 10    123.0    303.0   0.00008333   0.00000000    271.8   95.1      3.8     72730
2017 11  5 11    127.0    302.0   0.00030556   0.00000000    270.8   96.0      3.8     72680
2017 11  5 12     93.0    304.0   0.00094444   0.00000000    270.4   95.3      4.1     72690
2017 11  5 13     99.0    295.0   0.00038889   0.00000000    268.8   96.4      8.2     72660
2017 11  5 14     46.0    286.0   0.00141667   0.00000000    267.4   99.9     15.5     72640
2017 11  5 15     21.0    282.0   0.00080556   0.00000000    267.0  100.0     13.5     72660
2017 11  5 16      0.0    279.0   0.00038889   0.00000000    266.5  100.0     11.1     72680
2017 11  5 17      0.0    277.0   0.00075000   0.00000000    265.5  100.0     10.3     72710
2017 11  5 18      0.0    274.0   0.00058333   0.00000000    264.8   98.3     10.1     72720
2017 11  5 19      0.0    272.0   0.00063889   0.00000000    264.2   92.4      9.1     72700
2017 11  5 20      0.0    271.0   0.00061111   0.00000000    263.8   94.1      9.9     72680
2017 11  5 21      0.0    268.0   0.00050000   0.00000000    263.1   95.0     12.3     72650
2017 11  5 22      0.0    267.0   0.00038889   0.00000000    262.8   95.0      9.7     72620
2017 11  5 23      0.0    265.0   0.00011111   0.00000000    262.8   93.3      8.1     72620
2017 11  6  0      0.0    266.0   0.00025000   0.00000000    262.8   94.7      7.4     72620
2017 11  6  1      0.0    266.0   0.00022222   0.00000000    262.8   92.7      7.8     72660
2017 11  6  2      0.0    263.0   0.00005556   0.00000000    262.6   90.7      8.6     72630
2017 11  6  3      0.0    263.0   0.00000000   0.00000000    262.5   93.3      8.6     72630
2017 11  6  4      0.0    264.0   0.00011111   0.00000000    262.8   88.7      8.8     72650
2017 11  6  5      0.0    263.0   0.00008333   0.00000000    262.8   93.4      8.7     72660
2017 11  6  6      3.0    263.0   0.00002778   0.00000000    262.8   89.5      8.9     72690
2017 11  6  7     64.0    260.0   0.00000000   0.00000000    262.6   94.6      8.9     72740
2017 11  6  8    176.0    242.0   0.00000000   0.00000000    262.9   88.3      7.7     72790
2017 11  6  9    269.0    254.0   0.00000000   0.00000000    263.0   92.1      7.6     72830
2017 11  6 10    299.0    259.0   0.00000000   0.00000000    263.2   92.5      5.5     72870
2017 11  6 11    404.0    268.0   0.00000000   0.00000000    263.5   95.2      6.2     72870
2017 11  6 12    326.0    266.0   0.00000000   0.00000000    263.8   90.0      4.8     72890
2017 11  6 13    306.0    265.0   0.00000000   0.00000000    263.9   88.4      4.3     72890
2017 11  6 14    136.0    270.0   0.00000000   0.00000000    263.6   91.2      5.5     72890
2017 11  6 15     45.0    270.0   0.00000000   0.00000000    263.6   89.6      4.8     72940
2017 11  6 16      2.0    269.0   0.00000000   0.00000000    263.6   92.8      4.2     72980
2017 11  6 17      0.0    271.0   0.00002778   0.00000000    263.8   92.4      5.0     73020
2017 11  6 18      0.0    263.0   0.00000000   0.00000000    263.8   94.7      4.6     73050
2017 11  6 19      0.0    258.0   0.00002778   0.00000000    263.8   92.0      3.3     73060
2017 11  6 20      0.0    260.0   0.00002778   0.00000000    263.8   92.7      3.5     73050
2017 11  6 21      0.0    253.0   0.00002778   0.00000000    263.6   95.4      3.4     73040
2017 11  6 22      0.0    254.0   0.00005556   0.00000000    263.9   92.8      3.6     73020
2017 11  6 23      0.0    254.0   0.00002778   0.00000000    263.9   93.3      2.9     73000
2017 11  7  0      0.0    253.0   0.00005556   0.00000000    263.8   95.3      2.5     72990
2017 11  7  1      0.0    223.0   0.00002778   0.00000000    263.3   95.3      2.6     72970
2017 11  7  2      0.0    236.0   0.00016667   0.00000000    263.4   93.3      3.3     72940
2017 11  7  3      0.0    228.0   0.00000000   0.00000000    264.0   98.3      2.9     72930
2017 11  7  4      0.0    219.0   0.00000000   0.00000000    266.8   87.5      4.4     72910
2017 11  7  5      0.0    220.0   0.00000000   0.00000000    267.5   86.4      4.9     72910
2017 11  7  6      9.0    210.0   0.00000000   0.00000000    268.2   84.4      5.1     72940
2017 11  7  7    151.0    209.0   0.00000000   0.00000000    269.3   77.8      4.5     72960
2017 11  7  8    173.0    208.0   0.00000000   0.00000000    269.2   78.7      4.3     72970
2017 11  7  9    369.0    210.0   0.00000000   0.00000000    270.8   70.6      4.7     72970
2017 11  7 10    243.0    211.0   0.00011111   0.00000000    271.0   72.0      7.4     72960
2017 11  7 11    509.0    215.0   0.00000000   0.00000000    271.8   70.6      6.8     72930
2017 11  7 12    463.0    221.0   0.00000000   0.00000000    272.1   69.2      5.1     72890
2017 11  7 13    413.0    230.0   0.00000000   0.00000000    272.3   69.3      3.7     72870
2017 11  7 14    181.0    233.0   0.00000000   0.00000000    271.6   74.7      4.7     72880
2017 11  7 15     49.0    261.0   0.00000000   0.00000000    270.8   82.9      4.0     72880
2017 11  7 16      1.0    281.0   0.00000000   0.00000000    270.8   81.3      4.4     72880
2017 11  7 17      0.0    280.0   0.00000000   0.00000000    270.3   84.6      3.9     72880
2017 11  7 18      0.0    276.0   0.00000000   0.00000000    270.1   84.7      2.7     72880
2017 11  7 19      0.0    280.0   0.00000000   0.00000000    269.8   87.3      2.7     72870
2017 11  7 20      0.0    275.0   0.00002778   0.00000000    269.3   90.3      3.6     72850
2017 11  7 21      0.0    280.0   0.00000000   0.00000000    268.6   91.3      3.5     72840
2017 11  7 22      0.0    288.0   0.00011111   0.00000000    268.3   94.5      4.3     72830
2017 11  7 23      0.0    289.0   0.00027778   0.00000000    268.2   93.5      4.3     72820
2017 11  8  0      0.0    288.0   0.00013889   0.00000000    268.8   89.2      5.7     72840
2017 11  8  1      0.0    285.0   0.00002778   0.00000000    268.2   90.0      6.1     72850
2017 11  8  2      0.0    283.0   0.00002778   0.00000000    267.8   91.8      6.2     72840
2017 11  8  3      0.0    281.0   0.00005556   0.00000000    267.8   91.9      5.3     72840
2017 11  8  4      0.0    268.0   0.00000000   0.00000000    267.5   91.3      4.5     72840
2017 11  8  5      0.0    273.0   0.00000000   0.00000000    267.4   93.0      3.9     72860
2017 11  8  6      3.0    246.0   0.00000000   0.00000000    267.3   90.9      4.9     72890
2017 11  8  7     77.0    235.0   0.00000000   0.00000000    267.3   90.7      5.4     72930
2017 11  8  8    255.0    217.0   0.00000000   0.00000000    267.6   86.8      5.1     72960
2017 11  8  9    414.0    202.0   0.00000000   0.00000000    267.8   84.0      4.9     72980
2017 11  8 10    486.0    214.0   0.00000000   0.00000000    268.1   85.0      4.2     73000
2017 11  8 11    510.0    205.0   0.00000000   0.00000000    268.3   83.4      4.1     72980
2017 11  8 12    469.0    217.0   0.00000000   0.00000000    268.4   85.7      2.9     72990
2017 11  8 13    337.0    236.0   0.00000000   0.00000000    267.8   87.5      2.5     73010
2017 11  8 14    132.0    266.0   0.00000000   0.00000000    267.3   87.6      2.6     73030
2017 11  8 15     38.0    267.0   0.00000000   0.00000000    267.0   88.9      3.7     73040
2017 11  8 16      0.0    261.0   0.00000000   0.00000000    266.9   87.5      3.4     73050
2017 11  8 17      0.0    254.0   0.00000000   0.00000000    266.9   88.0      3.0     73060
2017 11  8 18      0.0    252.0   0.00000000   0.00000000    266.9   88.7      2.7     73080
2017 11  8 19      0.0    267.0   0.00000000   0.00000000    266.8   90.6      2.5     73100
2017 11  8 20      0.0    263.0   0.00002778   0.00000000    266.6   93.0      2.7     73130
2017 11  8 21      0.0    274.0   0.00002778   0.00000000    267.0   90.8      3.1     73150
2017 11  8 22      0.0    268.0   0.00002778   0.00000000    266.8   92.3      2.4     73160
2017 11  8 23      0.0    260.0   0.00000000   0.00000000    266.8   90.6      2.7     73180
2017 11  9  0      0.0    245.0   0.00000000   0.00000000    266.8   91.5      2.4     73190
2017 11  9  1      0.0    248.0   0.00000000   0.00000000    267.0   87.1      2.4     73200
2017 11  9  2      0.0    212.0   0.00000000   0.00000000    267.0   86.8      3.3     73200
2017 11  9  3      0.0    198.0   0.00000000   0.00000000    266.8   85.3      3.6     73210
2017 11  9  4      0.0    195.0   0.00000000   0.00000000    266.8   82.7      3.9     73210
2017 11  9  5      0.0    194.0   0.00000000   0.00000000    266.8   79.4      3.4     73230
2017 11  9  6      2.0    194.0   0.00000000   0.00000000    267.1   76.4      3.8     73270
2017 11  9  7    100.0    195.0   0.00000000   0.00000000    267.1   77.7      2.5     73350
2017 11  9  8    247.0    199.0   0.00000000   0.00000000    267.6   74.0      2.0     73390
2017 11  9  9    401.0    206.0   0.00000000   0.00000000    268.0   75.3      1.0     73420
2017 11  9 10    486.0    201.0   0.00000000   0.00000000    268.5   73.5      2.1     73430
2017 11  9 11    510.0    200.0   0.00000000   0.00000000    268.4   75.5      2.5     73420
2017 11  9 12    476.0    200.0   0.00000000   0.00000000    268.1   80.6      1.2     73410
2017 11  9 13    383.0    200.0   0.00000000   0.00000000    268.8   78.2      1.5     73430
2017 11  9 14    251.0    198.0   0.00000000   0.00000000    268.8   72.0      2.2     73440
2017 11  9 15     92.0    197.0   0.00000000   0.00000000    268.4   73.2      2.0     73460
2017 11  9 16      2.0    195.0   0.00000000   0.00000000    267.9   73.7      1.4     73500
2017 11  9 17      0.0    195.0   0.00000000   0.00000000    267.8   73.8      0.8     73540
2017 11  9 18      0.0    194.0   0.00000000   0.00000000    267.8   75.0      2.0     73570
2017 11  9 19      0.0    193.0   0.00000000   0.00000000    267.8   73.9      1.5     73570
2017 11  9 20      0.0    192.0   0.00000000   0.00000000    267.8   71.3      1.3     73590
2017 11  9 21      0.0    191.0   0.00000000   0.00000000    267.5   72.9      1.7     73610
2017 11  9 22      0.0    190.0   0.00000000   0.00000000    268.4   57.8      0.9     73620
2017 11  9 23      0.0    188.0   0.00000000   0.00000000    268.2   61.3      2.0     73610
2017 11 10  0      0.0    186.0   0.00000000   0.00000000    267.9   63.1      3.0     73600
2017 11 10  1      0.0    186.0   0.00000000   0.00000000    268.5   56.0      2.3     73600
2017 11 10  2      0.0    186.0   0.00000000   0.00000000    268.5   54.9      1.2     73590
2017 11 10  3      0.0    184.0   0.00000000   0.00000000    268.1   59.7      2.8     73550
2017 11 10  4      0.0    182.0   0.00000000   0.00000000    268.2   56.8      2.8     73510
2017 11 10  5      0.0    185.0   0.00000000   0.00000000    268.4   51.9      3.5     73490
2017 11 10  6      7.0    183.0   0.00000000   0.00000000    268.8   45.8      2.2     73480
2017 11 10  7    104.0    198.0   0.00000000   0.00000000    268.0   53.9      5.2     73520
2017 11 10  8    231.0    204.0   0.00000000   0.00000000    268.8   41.7      4.0     73540
2017 11 10  9    346.0    215.0   0.00000000   0.00000000    268.6   49.0      2.0     73520
2017 11 10 10    340.0    238.0   0.00000000   0.00000000    269.1   50.0      2.4     73520
2017 11 10 11    285.0    256.0   0.00000000   0.00000000    269.2   40.1      5.1     73470
2017 11 10 12    206.0    268.0   0.00000000   0.00000000    268.8   44.7      5.5     73440
2017 11 10 13    117.0    281.0   0.00005556   0.00000000    267.5   65.6      4.6     73400
2017 11 10 14     86.0    280.0   0.00008333   0.00000000    266.3   90.0      4.1     73360
2017 11 10 15     33.0    278.0   0.00011111   0.00000000    266.2   94.4      4.3     73340
2017 11 10 16      0.0    279.0   0.00002778   0.00000000    267.6   87.1      5.9     73330
2017 11 10 17      0.0    283.0   0.00000000   0.00000000    267.4   92.6      6.0     73350
2017 11 10 18      0.0    279.0   0.00008333   0.00000000    267.6   90.6      4.7     73360
2017 11 10 19      0.0    280.0   0.00002778   0.00000000    267.6   91.1      3.8     73360
2017 11 10 20      0.0    286.0   0.00011111   0.00000000    267.6   95.4      3.7     73340
2017 11 10 21      0.0    287.0   0.00005556   0.00000000    267.8   95.1      6.5     73330
2017 11 10 22      0.0    287.0   0.00005556   0.00000000    267.8   96.8      8.8     73290
2017 11 10 23      0.0    286.0   0.00005556   0.00000000    267.5   97.9      7.5     73280
2017 11 11  0      0.0    286.0   0.00005556   0.00000000    267.5   97.1     10.1     73250
2017 11 11  1      0.0    285.0   0.00008333   0.00000000    267.2   97.7      9.2     73250
2017 11 11  2      0.0    282.0   0.00005556   0.00000000    266.8   98.7     10.0     73240
2017 11 11  3      0.0    283.0   0.00008333   0.00000000    266.5   98.1      6.9     73230
2017 11 11  4      0.0    281.0   0.00000000   0.00000000    266.5   97.6      7.0     73190
2017 11 11  5      0.0    283.0   0.00002778   0.00000000    266.5   98.3      4.0     73180
2017 11 11  6      3.0    282.0   0.00011111   0.00000000    266.4   97.3      5.2     73190
2017 11 11  7     90.0    274.0   0.00000000   0.00000000    266.2   96.7      4.6     73190
2017 11 11  8    217.0    255.0   0.00000000   0.00000000    266.1   90.6      6.1     73200
2017 11 11  9    366.0    235.0   0.00000000   0.00000000    266.0   87.1      5.3     73180
2017 11 11 10    333.0    256.0   0.00000000   0.00000000    266.8   88.7      4.4     73170
2017 11 11 11    286.0    278.0   0.00011111   0.00000000    267.1   92.4      5.3     73130
2017 11 11 12    250.0    284.0   0.00008333   0.00000000    268.1   90.0      6.2     73070
2017 11 11 13    214.0    290.0   0.00005556   0.00000000    268.6   90.8      7.0     73030
2017 11 11 14     99.0    292.0   0.00011111   0.00000000    268.8   97.0      5.1     73010
2017 11 11 15     27.0    293.0   0.00016667   0.00000000    269.0   96.8      3.7     72990
2017 11 11 16      0.0    294.0   0.00044444   0.00000000    269.2   97.5      4.1     72980
2017 11 11 17      0.0    294.0   0.00030556   0.00000000    269.3   97.5      4.5     72960
2017 11 11 18      0.0    294.0   0.00047222   0.00000000    269.2   99.5      6.0     72960
2017 11 11 19      0.0    294.0   0.00041667   0.00000000    269.3   97.1      4.8     72960
2017 11 11 20      0.0    294.0   0.00030556   0.00000000    269.3   97.4      4.6     72950
2017 11 11 21      0.0    294.0   0.00033333   0.00000000    269.4   98.7      6.1     72950
2017 11 11 22      0.0    294.0   0.00022222   0.00000000    269.8   97.7      6.8     72930
2017 11 11 23      0.0    295.0   0.00025000   0.00000000    270.0   94.1      5.3     72910
2017 11 12  0      0.0    294.0   0.00016667   0.00000000    269.8   94.5      4.0     72880
2017 11 12  1      0.0    293.0   0.00016667   0.00000000    269.4   98.4      2.8     72850
2017 11 12  2      0.0    295.0   0.00022222   0.00000000    270.0   93.0      3.7     72810
2017 11 12  3      0.0    293.0   0.00022222   0.00000000    270.2   93.0      2.2     72780
2017 11 12  4      0.0    295.0   0.00027778   0.00000000    270.4   94.1      4.8     72770
2017 11 12  5      0.0    296.0   0.00027778   0.00000000    270.8   93.8      6.2     72760
2017 11 12  6      0.0    297.0   0.00030556   0.00000000    270.4   98.3      6.8     72710
2017 11 12  7     26.0    299.0   0.00016667   0.00000000    270.4   97.1      5.8     72680
2017 11 12  8     94.0    290.0   0.00000000   0.00000000    270.6   89.7      4.2     72640
2017 11 12  9    116.0    293.0   0.00000000   0.00000000    270.8   83.8      4.4     72570
2017 11 12 10    172.0    294.0   0.00011111   0.00000000    270.6   85.7      7.2     72480
2017 11 12 11    218.0    291.0   0.00008333   0.00000000    270.8   82.9      7.9     72400
2017 11 12 12    262.0    288.0   0.00000000   0.00000000    270.9   74.7      8.4     72290
2017 11 12 13    170.0    289.0   0.00000000   0.00000000    270.3   74.4      8.2     72210
2017 11 12 14    110.0    281.0   0.00000000   0.00000000    269.8   76.8      8.5     72100
2017 11 12 15     30.0    287.0   0.00000000   0.00000000    269.6   78.3      9.3     71970
2017 11 12 16      0.0    284.0   0.00000000   0.00000000    269.0   85.6      7.8     71870
2017 11 12 17      0.0    273.0   0.00125000   0.00000000    264.3   96.5     18.5     71800
2017 11 12 18      0.0    270.0   0.00136111   0.00000000    263.8  100.0     18.3     71850
2017 11 12 19      0.0    267.0   0.00063889   0.00000000    263.6  100.0     14.9     71890
2017 11 12 20      0.0    264.0   0.00036111   0.00000000    263.3  100.0     11.7     71890
2017 11 12 21      0.0    261.0   0.00013889   0.00000000    262.8  100.0     11.1     71870
2017 11 12 22      0.0    260.0   0.00011111   0.00000000    262.6  100.0     10.0     71860
2017 11 12 23      0.0    260.0   0.00027778   0.00000000    261.8  100.0     11.4     71810
2017 11 13  0      0.0    258.0   0.00036111   0.00000000    261.0  100.0     13.3     71800
2017 11 13  1      0.0    254.0   0.00027778   0.00000000    259.8  100.0     15.6     71800
2017 11 13  2      0.0    251.0   0.00000000   0.00000000    259.4  100.0     13.7     71790
2017 11 13  3      0.0    252.0   0.00008333   0.00000000    259.6  100.0     14.7     71790
2017 11 13  4      0.0    253.0   0.00008333   0.00000000    259.8  100.0     16.0     71820
2017 11 13  5      0.0    253.0   0.00027778   0.00000000    259.8  100.0     17.0     71870
2017 11 13  6      0.0    253.0   0.00008333   0.00000000    260.0  100.0     16.3     71940
2017 11 13  7     19.0    253.0   0.00008333   0.00000000    260.0  100.0     17.6     71980
2017 11 13  8     57.0    254.0   0.00005556   0.00000000    260.0  100.0     17.4     72010
2017 11 13  9    124.0    254.0   0.00005556   0.00000000    260.2  100.0     18.6     72050
2017 11 13 10    191.0    255.0   0.00008333   0.00000000    260.8  100.0     17.6     72100
2017 11 13 11    231.0    252.0   0.00000000   0.00000000    260.6  100.0     19.2     72160
2017 11 13 12    227.0    252.0   0.00000000   0.00000000    260.8  100.0     19.3     72200
2017 11 13 13    118.0    255.0   0.00002778   0.00000000    261.1  100.0     17.3     72250
2017 11 13 14     92.0    254.0   0.00011111   0.00000000    261.0  100.0     14.7     72360
2017 11 13 15     24.0    252.0   0.00005556   0.00000000    260.8  100.0     14.8     72410
2017 11 13 16      0.0    253.0   0.00000000   0.00000000    260.8  100.0     16.4     72470
2017 11 13 17      0.0    253.0   0.00002778   0.00000000    260.8  100.0     16.6     72530
2017 11 13 18      0.0    250.0   0.00005556   0.00000000    260.3  100.0     16.6     72600
2017 11 13 19      0.0    248.0   0.00000000   0.00000000    260.2  100.0     15.9     72650
2017 11 13 20      0.0    244.0   0.00000000   0.00000000    259.8  100.0     14.7     72710
2017 11 13 21      0.0    241.0   0.00000000   0.00000000    260.5  100.0     11.6     72770
2017 11 13 22      0.0    227.0   0.00002778   0.00000000    260.3   99.8     10.4     72820
2017 11 13 23      0.0    244.0   0.00000000   0.00000000    259.8  100.0     10.0     72830
2017 11 14  0      0.0    203.0   0.00000000   0.00000000    259.4  100.0      9.5     72840
2017 11 14  1      0.0    217.0   0.00002778   0.00000000    259.4  100.0     10.5     72870
2017 11 14  2      0.0    157.0   0.00000000   0.00000000    258.8   89.8      9.2     72880
2017 11 14  3      0.0    155.0   0.00000000   0.00000000    258.8   78.6      8.3     72910
2017 11 14  4      0.0    159.0   0.00000000   0.00000000    259.2   69.8      8.1     72940
2017 11 14  5      0.0    165.0   0.00000000   0.00000000    259.6   67.8      7.7     72990
2017 11 14  6      0.0    168.0   0.00000000   0.00000000    259.2   74.4      7.0     73040
2017 11 14  7    144.0    175.0   0.00000000   0.00000000    260.4   58.2      6.5     73120
2017 11 14  8    329.0    183.0   0.00000000   0.00000000    261.8   50.2      4.3     73190
2017 11 14  9    453.0    191.0   0.00000000   0.00000000    263.2   39.1      3.7     73230
2017 11 14 10    523.0    194.0   0.00000000   0.00000000    264.9   32.6      2.6     73270
2017 11 14 11    533.0    198.0   0.00000000   0.00000000    267.8   28.8      2.1     73270
2017 11 14 12    486.0    201.0   0.00000000   0.00000000    268.5   38.9      1.9     73300
2017 11 14 13    383.0    203.0   0.00000000   0.00000000    269.6   45.9      3.3     73320
2017 11 14 14    240.0    203.0   0.00000000   0.00000000    270.2   52.0      4.5     73350
2017 11 14 15     78.0    201.0   0.00000000   0.00000000    269.4   45.7      5.2     73370
2017 11 14 16      0.0    211.0   0.00000000   0.00000000    268.4   39.1      6.7     73400
2017 11 14 17      0.0    240.0   0.00000000   0.00000000    267.6   30.5      7.4     73440
2017 11 14 18      0.0    225.0   0.00000000   0.00000000    267.2   23.4      6.4     73490
2017 11 14 19      0.0    217.0   0.00000000   0.00000000    266.8   21.0      6.7     73500
2017 11 14 20      0.0    199.0   0.00000000   0.00000000    267.0   20.3      5.0     73540
2017 11 14 21      0.0    198.0   0.00000000   0.00000000    267.2   22.5      5.9     73560
2017 11 14 22      0.0    199.0   0.00000000   0.00000000    267.2   22.5      7.4     73550
2017 11 14 23      0.0    200.0   0.00000000   0.00000000    267.6   26.3      7.2     73530
2017 11 15  0      0.0    200.0   0.00000000   0.00000000    268.0   33.4      7.2     73510
2017 11 15  1      0.0    199.0   0.00000000   0.00000000    268.1   36.9      5.3     73520
2017 11 15  2      0.0    199.0   0.00000000   0.00000000    268.6   34.7      3.6     73520
2017 11 15  3      0.0    199.0   0.00000000   0.00000000    269.4   33.9      2.5     73510
2017 11 15  4      0.0    198.0   0.00000000   0.00000000    270.5   31.1      2.4     73510
2017 11 15  5      0.0    196.0   0.00000000   0.00000000    270.9   29.2      1.6     73530
2017 11 15  6      3.0    196.0   0.00000000   0.00000000    271.3   28.2      1.5     73560
2017 11 15  7     96.0    194.0   0.00000000   0.00000000    271.3   30.2      3.9     73600
2017 11 15  8    256.0    194.0   0.00000000   0.00000000    272.2   26.2      4.5     73630
2017 11 15  9    385.0    197.0   0.00000000   0.00000000    272.8   24.5      3.3     73640
2017 11 15 10    457.0    199.0   0.00000000   0.00000000    273.0   24.9      3.7     73650
2017 11 15 11    484.0    202.0   0.00000000   0.00000000    273.6   23.5      2.5     73630
2017 11 15 12    437.0    202.0   0.00000000   0.00000000    273.6   24.2      1.7     73600
2017 11 15 13    365.0    201.0   0.00000000   0.00000000    274.1   21.8      1.5     73580
2017 11 15 14    231.0    201.0   0.00000000   0.00000000    274.0   21.4      1.1     73580
2017 11 15 15     75.0    200.0   0.00000000   0.00000000    273.8   22.2      1.9     73570
2017 11 15 16      0.0    199.0   0.00000000   0.00000000    273.5   22.2      1.9     73580
2017 11 15 17      0.0    197.0   0.00000000   0.00000000    272.9   27.7      3.3     73590
2017 11 15 18      0.0    197.0   0.00000000   0.00000000    272.6   35.8      3.0     73600
2017 11 15 19      0.0    196.0   0.00000000   0.00000000    272.9   35.5      3.3     73600
2017 11 15 20      0.0    202.0   0.00000000   0.00000000    272.9   43.0      4.0     73620
2017 11 15 21      0.0    204.0   0.00000000   0.00000000    272.5   45.8      4.4     73610
2017 11 15 22      0.0    204.0   0.00000000   0.00000000    272.1   49.6      4.4     73600
2017 11 15 23      0.0    206.0   0.00000000   0.00000000    271.8   49.9      5.0     73610
2017 11 16  0      0.0    208.0   0.00000000   0.00000000    271.6   55.1      5.5     73590
2017 11 16  1      0.0    210.0   0.00000000   0.00000000    272.3   56.7      4.8     73590
2017 11 16  2      0.0    209.0   0.00000000   0.00000000    272.6   54.7      4.8     73560
2017 11 16  3      0.0    208.0   0.00000000   0.00000000    272.2   54.2      2.3     73550
2017 11 16  4      0.0    207.0   0.00000000   0.00000000    272.6   46.5      1.6     73550
2017 11 16  5      0.0    209.0   0.00000000   0.00000000    271.9   52.5      3.4     73570
2017 11 16  6      2.0    209.0   0.00000000   0.00000000    272.1   55.5      3.7     73570
2017 11 16  7     91.0    210.0   0.00000000   0.00000000    273.3   52.5      0.9     73580
2017 11 16  8    244.0    212.0   0.00000000   0.00000000    273.5   52.9      0.7     73610
2017 11 16  9    370.0    213.0   0.00000000   0.00000000    273.2   54.0      1.3     73620
2017 11 16 10    449.0    214.0   0.00000000   0.00000000    273.3   53.6      1.3     73630
2017 11 16 11    474.0    214.0   0.00000000   0.00000000    273.6   54.0      1.3     73620
2017 11 16 12    443.0    213.0   0.00000000   0.00000000    273.6   53.0      0.9     73600
2017 11 16 13    355.0    213.0   0.00000000   0.00000000    272.8   50.2      2.2     73590
2017 11 16 14    174.0    212.0   0.00000000   0.00000000    272.2   44.9      4.2     73580
2017 11 16 15     63.0    205.0   0.00000000   0.00000000    271.2   45.5      5.4     73580
2017 11 16 16      0.0    199.0   0.00000000   0.00000000    270.5   50.9      4.8     73590
2017 11 16 17      0.0    193.0   0.00000000   0.00000000    270.1   45.7      7.6     73600
2017 11 16 18      0.0    193.0   0.00000000   0.00000000    269.4   44.3      7.3     73620
2017 11 16 19      0.0    197.0   0.00000000   0.00000000    269.4   36.5      8.3     73630
2017 11 16 20      0.0    192.0   0.00000000   0.00000000    269.2   35.4      8.6     73650
2017 11 16 21      0.0    186.0   0.00000000   0.00000000    268.9   39.3      8.0     73650
2017 11 16 22      0.0    184.0   0.00000000   0.00000000    268.9   35.2      7.9     73640
2017 11 16 23      0.0    190.0   0.00000000   0.00000000    268.8   36.7      8.0     73630
2017 11 17  0      0.0    191.0   0.00000000   0.00000000    268.6   36.3      8.5     73600
2017 11 17  1      0.0    201.0   0.00000000   0.00000000    268.2   41.7      9.1     73590
2017 11 17  2      0.0    192.0   0.00000000   0.00000000    267.9   44.5      7.3     73590
2017 11 17  3      0.0    196.0   0.00000000   0.00000000    267.9   44.1      5.8     73580
2017 11 17  4      0.0    196.0   0.00000000   0.00000000    267.9   42.4      5.2     73570
2017 11 17  5      0.0    199.0   0.00000000   0.00000000    267.6   46.3      6.0     73560
2017 11 17  6      2.0    202.0   0.00000000   0.00000000    267.3   51.3      6.4     73570
2017 11 17  7     74.0    204.0   0.00000000   0.00000000    267.9   46.5      4.3     73610
2017 11 17  8    221.0    211.0   0.00000000   0.00000000    268.6   45.7      4.1     73620
2017 11 17  9    325.0    210.0   0.00000000   0.00000000    269.0   51.7      4.3     73610
2017 11 17 10    427.0    206.0   0.00000000   0.00000000    269.1   47.0      5.9     73590
2017 11 17 11    455.0    208.0   0.00000000   0.00000000    268.8   45.2      6.2     73560
2017 11 17 12    400.0    207.0   0.00000000   0.00000000    268.4   55.4      3.7     73550
2017 11 17 13    351.0    231.0   0.00000000   0.00000000    268.3   63.7      4.5     73540
2017 11 17 14    126.0    252.0   0.00000000   0.00000000    268.2   66.6      3.5     73530
2017 11 17 15     68.0    204.0   0.00000000   0.00000000    267.8   75.9      3.1     73530
2017 11 17 16      0.0    201.0   0.00000000   0.00000000    266.8   78.3      1.5     73510
2017 11 17 17      0.0    211.0   0.00000000   0.00000000    266.9   76.0      3.0     73490
2017 11 17 18      0.0    252.0   0.00000000   0.00000000    267.1   76.6      3.2     73490
2017 11 17 19      0.0    231.0   0.00000000   0.00000000    266.6   84.6      3.6     73490
2017 11 17 20      0.0    193.0   0.00000000   0.00000000    266.2   93.1      3.1     73480
2017 11 17 21      0.0    191.0   0.00000000   0.00000000    267.2   78.4      1.9     73460
2017 11 17 22      0.0    187.0   0.00000000   0.00000000    266.4   86.7      4.3     73440
2017 11 17 23      0.0    184.0   0.00000000   0.00000000    266.1   90.3      6.3     73440
2017 11 18  0      0.0    184.0   0.00000000   0.00000000    266.4   87.6      4.9     73420
2017 11 18  1      0.0    177.0   0.00000000   0.00000000    266.6   75.0      4.1     73380
2017 11 18  2      0.0    174.0   0.00000000   0.00000000    266.4   74.5      4.2     73350
2017 11 18  3      0.0    175.0   0.00000000   0.00000000    266.4   80.2      5.7     73330
2017 11 18  4      0.0    174.0   0.00000000   0.00000000    266.5   77.5      7.0     73330
2017 11 18  5      0.0    172.0   0.00000000   0.00000000    265.9   81.5      5.5     73330
2017 11 18  6      1.0    171.0   0.00000000   0.00000000    265.2   86.4      4.2     73340
2017 11 18  7     84.0    165.0   0.00000000   0.00000000    265.5   68.0      4.6     73350
2017 11 18  8    243.0    161.0   0.00000000   0.00000000    266.1   40.7      6.0     73350
2017 11 18  9    371.0    161.0   0.00000000   0.00000000    266.1   51.3      8.0     73360
2017 11 18 10    454.0    159.0   0.00000000   0.00000000    266.1   48.6      7.6     73370
2017 11 18 11    479.0    159.0   0.00000000   0.00000000    266.6   27.2      5.6     73370
2017 11 18 12    445.0    159.0   0.00000000   0.00000000    266.8   20.6      6.3     73350
2017 11 18 13    355.0    160.0   0.00000000   0.00000000    266.5   29.4      7.6     73330
2017 11 18 14    220.0    160.0   0.00000000   0.00000000    266.9   21.3      6.6     73320
2017 11 18 15     63.0    167.0   0.00000000   0.00000000    266.5   21.1      6.6     73310
2017 11 18 16      0.0    175.0   0.00000000   0.00000000    265.8   28.5      6.5     73320
2017 11 18 17      0.0    175.0   0.00000000   0.00000000    265.5   31.3      6.4     73310
2017 11 18 18      0.0    169.0   0.00000000   0.00000000    264.8   38.4      5.8     73310
2017 11 18 19      0.0    184.0   0.00000000   0.00000000    264.8   29.4      5.4     73290
2017 11 18 20      0.0    177.0   0.00000000   0.00000000    264.8   28.7      7.9     73290
2017 11 18 21      0.0    180.0   0.00000000   0.00000000    264.9   27.0      7.1     73260
2017 11 18 22      0.0    179.0   0.00000000   0.00000000    264.8   26.6      5.9     73230
2017 11 18 23      0.0    198.0   0.00000000   0.00000000    264.8   25.2      6.5     73190
2017 11 19  0      0.0    218.0   0.00000000   0.00000000    265.1   35.2      5.8     73140
2017 11 19  1      0.0    231.0   0.00000000   0.00000000    264.3   33.4      5.6     73080
2017 11 19  2      0.0    265.0   0.00002778   0.00000000    263.1   63.5      6.9     73020
2017 11 19  3      0.0    270.0   0.00027778   0.00000000    262.9   88.9      6.1     72960
2017 11 19  4      0.0    273.0   0.00041667   0.00000000    264.6   96.8      7.9     72920
2017 11 19  5      0.0    276.0   0.00055556   0.00000000    264.9   90.4      6.7     72880
2017 11 19  6      0.0    276.0   0.00058333   0.00000000    265.1   92.4      7.2     72870
2017 11 19  7     16.0    273.0   0.00038889   0.00000000    264.8   98.5      8.8     72890
2017 11 19  8     53.0    273.0   0.00047222   0.00000000    264.4   88.8     11.7     72910
2017 11 19  9    154.0    272.0   0.00013889   0.00000000    264.5   93.8     13.0     72900
2017 11 19 10    245.0    271.0   0.00013889   0.00000000    264.1   92.7     10.5     72920
2017 11 19 11    328.0    270.0   0.00005556   0.00000000    263.6   85.8      9.0     72920
2017 11 19 12    286.0    268.0   0.00008333   0.00000000    263.3   92.3      7.6     72930
2017 11 19 13    197.0    268.0   0.00013889   0.00000000    263.1   97.8      7.7     72910
2017 11 19 14    128.0    266.0   0.00016667   0.00000000    262.8   97.4      9.1     72920
2017 11 19 15     26.0    264.0   0.00016667   0.00000000    262.5   95.3     11.4     72930
2017 11 19 16      0.0    263.0   0.00016667   0.00000000    262.4   98.0     11.2     72980
2017 11 19 17      0.0    262.0   0.00022222   0.00000000    262.1   98.8      8.4     73050
2017 11 19 18      0.0    262.0   0.00011111   0.00000000    261.9  100.0      9.6     73090
2017 11 19 19      0.0    261.0   0.00005556   0.00000000    261.8  100.0      6.9     73140
2017 11 19 20      0.0    260.0   0.00002778   0.00000000    261.6   99.2      7.2     73210
2017 11 19 21      0.0    257.0   0.00000000   0.00000000    261.4   97.5      6.7     73250
2017 11 19 22      0.0    258.0   0.00000000   0.00000000    261.4   97.8      5.9     73270
2017 11 19 23      0.0    258.0   0.00000000   0.00000000    261.5   94.7      7.0     73270
2017 11 20  0      0.0    242.0   0.00000000   0.00000000    261.2   97.5      3.3     73270
2017 11 20  1      0.0    175.0   0.00000000   0.00000000    261.3   79.1      6.3     73250
2017 11 20  2      0.0    164.0   0.00000000   0.00000000    261.8   65.1      7.4     73240
2017 11 20  3      0.0    164.0   0.00000000   0.00000000    262.6   48.3      7.5     73240
2017 11 20  4      0.0    175.0   0.00000000   0.00000000    263.0   43.9      7.9     73260
2017 11 20  5      0.0    246.0   0.00000000   0.00000000    263.3   41.2      7.8     73300
2017 11 20  6      1.0    247.0   0.00000000   0.00000000    263.9   35.1      6.5     73330
2017 11 20  7     74.0    244.0   0.00000000   0.00000000    264.3   30.5      5.8     73360
2017 11 20  8    156.0    242.0   0.00000000   0.00000000    264.8   28.3      5.5     73400
2017 11 20  9    266.0    256.0   0.00000000   0.00000000    265.4   27.1      5.5     73430
2017 11 20 10    327.0    263.0   0.00000000   0.00000000    265.8   28.5      6.1     73440
2017 11 20 11    299.0    270.0   0.00000000   0.00000000    265.2   42.3      6.1     73430
2017 11 20 12    324.0    271.0   0.00000000   0.00000000    265.5   46.4      5.6     73400
2017 11 20 13    183.0    272.0   0.00000000   0.00000000    264.3   61.5      8.0     73400
2017 11 20 14    103.0    276.0   0.00000000   0.00000000    266.1   77.1      4.9     73370
2017 11 20 15     39.0    268.0   0.00000000   0.00000000    266.3   78.6      6.1     73360
2017 11 20 16      0.0    273.0   0.00005556   0.00000000    265.9   85.1      3.8     73380
2017 11 20 17      0.0    278.0   0.00002778   0.00000000    266.8   85.8      4.9     73390
2017 11 20 18      0.0    283.0   0.00008333   0.00000000    266.9   90.5      5.9     73400
2017 11 20 19      0.0    283.0   0.00000000   0.00000000    267.4   87.8      8.0     73410
2017 11 20 20      0.0    269.0   0.00000000   0.00000000    267.8   85.5      5.8     73410
2017 11 20 21      0.0    264.0   0.00000000   0.00000000    268.3   78.6      5.1     73430
2017 11 20 22      0.0    272.0   0.00002778   0.00000000    268.3   70.9      6.5     73440
2017 11 20 23      0.0    266.0   0.00000000   0.00000000    268.5   70.8      6.7     73450
2017 11 21  0      0.0    238.0   0.00000000   0.00000000    269.1   67.1      6.9     73420
2017 11 21  1      0.0    284.0   0.00000000   0.00000000    269.1   73.0      7.8     73370
2017 11 21  2      0.0    288.0   0.00013889   0.00000000    268.8   83.7      7.5     73380
2017 11 21  3      0.0    285.0   0.00011111   0.00000000    268.3   89.6      7.3     73410
2017 11 21  4      0.0    271.0   0.00000000   0.00000000    268.3   79.4      5.8     73420
2017 11 21  5      0.0    288.0   0.00016667   0.00000000    268.3   82.1      6.8     73410
2017 11 21  6      0.0    290.0   0.00011111   0.00000000    268.8   85.8      6.7     73420
2017 11 21  7     31.0    291.0   0.00002778   0.00000000    268.6   91.0      5.4     73480
2017 11 21  8    117.0    288.0   0.00000000   0.00000000    268.3   81.7      5.4     73530
2017 11 21  9    160.0    289.0   0.00000000   0.00000000    268.5   79.1      5.2     73560
2017 11 21 10    242.0    291.0   0.00000000   0.00000000    269.9   84.4      5.1     73570
2017 11 21 11    249.0    295.0   0.00000000   0.00000000    270.0   85.0      5.0     73540
2017 11 21 12    204.0    295.0   0.00008333   0.00000000    269.8   89.9      5.3     73550
2017 11 21 13    158.0    301.0   0.00011111   0.00000000    270.8   92.9      6.4     73540
2017 11 21 14     79.0    302.0   0.00013889   0.00000000    271.0   97.2      7.5     73550
2017 11 21 15     23.0    301.0   0.00002778   0.00000000    270.9   96.2      5.4     73570
2017 11 21 16      0.0    299.0   0.00000000   0.00000000    271.3   93.3      3.8     73580
2017 11 21 17      0.0    260.0   0.00000000   0.00000000    271.8   84.8      4.7     73600
2017 11 21 18      0.0    265.0   0.00000000   0.00000000    271.8   86.2      5.4     73610
2017 11 21 19      0.0    212.0   0.00000000   0.00000000    271.6   81.7      6.0     73600
2017 11 21 20      0.0    212.0   0.00000000   0.00000000    271.9   65.1      4.9     73590
2017 11 21 21      0.0    204.0   0.00000000   0.00000000    271.6   62.8      5.2     73600
2017 11 21 22      0.0    204.0   0.00000000   0.00000000    271.6   59.2      4.8     73600
2017 11 21 23      0.0    202.0   0.00000000   0.00000000    272.2   47.8      6.0     73600
2017 11 22  0      0.0    200.0   0.00000000   0.00000000    272.1   46.4      4.7     73580
2017 11 22  1      0.0    201.0   0.00000000   0.00000000    272.2   40.7      4.8     73560
2017 11 22  2      0.0    202.0   0.00000000   0.00000000    272.8   37.1      5.2     73540
2017 11 22  3      0.0    203.0   0.00000000   0.00000000    272.8   35.4      4.3     73530
2017 11 22  4      0.0    205.0   0.00000000   0.00000000    273.0   33.7      5.1     73530
2017 11 22  5      0.0    203.0   0.00000000   0.00000000    273.3   31.6      4.8     73520
2017 11 22  6      1.0    206.0   0.00000000   0.00000000    273.5   29.6      3.1     73520
2017 11 22  7     58.0    204.0   0.00000000   0.00000000    273.6   29.7      2.9     73540
2017 11 22  8    172.0    205.0   0.00000000   0.00000000    274.3   25.8      3.5     73560
2017 11 22  9    351.0    201.0   0.00000000   0.00000000    275.0   21.8      2.9     73580
2017 11 22 10    436.0    200.0   0.00000000   0.00000000    275.5   19.6      4.3     73570
2017 11 22 11    468.0    201.0   0.00000000   0.00000000    275.8   18.6      4.8     73540
2017 11 22 12    403.0    202.0   0.00000000   0.00000000    276.0   17.2      4.3     73520
2017 11 22 13    345.0    197.0   0.00000000   0.00000000    276.3   18.8      4.0     73500
2017 11 22 14    209.0    195.0   0.00000000   0.00000000    276.4   18.8      3.6     73490
2017 11 22 15     53.0    195.0   0.00000000   0.00000000    276.1   17.9      3.8     73470
2017 11 22 16      0.0    194.0   0.00000000   0.00000000    275.9   16.9      5.1     73470
2017 11 22 17      0.0    195.0   0.00000000   0.00000000    276.0   16.9      5.7     73450
2017 11 22 18      0.0    196.0   0.00000000   0.00000000    275.2   20.9      6.5     73450
2017 11 22 19      0.0    198.0   0.00000000   0.00000000    275.0   20.7      6.8     73420
2017 11 22 20      0.0    199.0   0.00000000   0.00000000    274.9   22.2      6.3     73410
2017 11 22 21      0.0    199.0   0.00000000   0.00000000    274.8   21.7      8.5     73410
2017 11 22 22      0.0    203.0   0.00000000   0.00000000    274.4   21.8      8.3     73390
2017 11 22 23      0.0    208.0   0.00000000   0.00000000    274.3   25.4      6.5     73370
2017 11 23  0      0.0    216.0   0.00000000   0.00000000    274.5   23.3      7.5     73330
2017 11 23  1      0.0    211.0   0.00000000   0.00000000    274.9   19.6      8.6     73310
2017 11 23  2      0.0    201.0   0.00000000   0.00000000    274.8   20.2      7.8     73310
2017 11 23  3      0.0    198.0   0.00000000   0.00000000    274.4   22.8      6.5     73290
2017 11 23  4      0.0    199.0   0.00000000   0.00000000    274.8   21.0      5.2     73270
2017 11 23  5      0.0    201.0   0.00000000   0.00000000    274.8   20.6      4.0     73260
2017 11 23  6      1.0    201.0   0.00000000   0.00000000    274.2   22.2      3.3     73270
2017 11 23  7     61.0    202.0   0.00000000   0.00000000    274.4   22.2      3.0     73320
2017 11 23  8    192.0    200.0   0.00000000   0.00000000    273.2   28.9      3.5     73370
2017 11 23  9    336.0    202.0   0.00000000   0.00000000    273.8   27.9      5.2     73410
2017 11 23 10    405.0    220.0   0.00000833   0.00007500    273.5   31.1      4.4     73440
2017 11 23 11    336.0    233.0   0.00000000   0.00000000    272.5   38.1      2.6     73440
2017 11 23 12    396.0    211.0   0.00000000   0.00000000    272.9   34.4      2.1     73430
2017 11 23 13    212.0    237.0   0.00000000   0.00000000    272.5   40.0      3.5     73440
2017 11 23 14    128.0    230.0   0.00000000   0.00000000    272.2   45.8      2.6     73480
2017 11 23 15     29.0    218.0   0.00000000   0.00000000    272.0   51.6      3.6     73500
2017 11 23 16      0.0    222.0   0.00000000   0.00000000    272.0   47.6      2.8     73540
2017 11 23 17      0.0    223.0   0.00000000   0.00000000    272.5   51.8      3.3     73540
2017 11 23 18      0.0    217.0   0.00000000   0.00000000    272.2   53.0      3.3     73550
2017 11 23 19      0.0    220.0   0.00000000   0.00000000    272.1   54.7      4.6     73570
2017 11 23 20      0.0    222.0   0.00000000   0.00000000    272.8   53.5      3.1     73590
2017 11 23 21      0.0    221.0   0.00000000   0.00000000    272.8   51.9      4.0     73590
2017 11 23 22      0.0    221.0   0.00000000   0.00000000    272.8   51.5      4.8     73600
2017 11 23 23      0.0    214.0   0.00000000   0.00000000    272.9   49.2      4.4     73590
2017 11 24  0      0.0    219.0   0.00000000   0.00000000    272.8   50.9      3.7     73570
2017 11 24  1      0.0    217.0   0.00000000   0.00000000    272.5   54.1      3.4     73570
2017 11 24  2      0.0    210.0   0.00000000   0.00000000    272.2   50.4      4.0     73560
2017 11 24  3      0.0    206.0   0.00000000   0.00000000    271.8   50.9      4.9     73540
2017 11 24  4      0.0    218.0   0.00000000   0.00000000    271.4   54.7      5.0     73530
2017 11 24  5      0.0    206.0   0.00000000   0.00000000    271.3   58.6      5.5     73530
2017 11 24  6      0.0    205.0   0.00000000   0.00000000    271.4   58.0      5.4     73560
2017 11 24  7     51.0    203.0   0.00000000   0.00000000    271.5   57.8      7.1     73560
2017 11 24  8    190.0    207.0   0.00000000   0.00000000    272.1   55.9      6.0     73580
2017 11 24  9    244.0    215.0   0.00000000   0.00000000    272.8   51.6      6.0     73590
2017 11 24 10    307.0    230.0   0.00000000   0.00000000    273.0   49.2      5.3     73590
2017 11 24 11    259.0    239.0   0.00000000   0.00000000    273.0   48.5      4.9     73560
2017 11 24 12    300.0    230.0   0.00000000   0.00000000    273.3   45.7      3.6     73530
2017 11 24 13    202.0    224.0   0.00000000   0.00000000    272.9   47.8      2.4     73500
2017 11 24 14     96.0    221.0   0.00000000   0.00000000    272.3   52.9      3.2     73500
2017 11 24 15     18.0    238.0   0.00000000   0.00000000    271.6   58.0      4.1     73470
2017 11 24 16      0.0    256.0   0.00000000   0.00000000    271.5   54.4      5.2     73430
2017 11 24 17      0.0    261.0   0.00000000   0.00000000    271.8   53.3      3.8     73410
2017 11 24 18      0.0    276.0   0.00000000   0.00000000    271.5   55.6      5.1     73400
2017 11 24 19      0.0    276.0   0.00000000   0.00000000    271.3   56.8      3.7     73420
2017 11 24 20      0.0    276.0   0.00000000   0.00000000    271.3   57.4      4.9     73410
2017 11 24 21      0.0    257.0   0.00000000   0.00000000    270.9   59.7      4.7     73370
2017 11 24 22      0.0    267.0   0.00000000   0.00000000    271.2   59.1      7.1     73340
2017 11 24 23      0.0    235.0   0.00000000   0.00000000    270.1   70.0      5.9     73300
2017 11 25  0      0.0    248.0   0.00000000   0.00000000    269.5   77.9      8.4     73250
2017 11 25  1      0.0    217.0   0.00000000   0.00000000    269.8   79.7      8.3     73170
2017 11 25  2      0.0    243.0   0.00000000   0.00000000    269.8   83.0      7.6     73160
2017 11 25  3      0.0    287.0   0.00000000   0.00000000    269.9   86.0      6.7     73100
2017 11 25  4      0.0    244.0   0.00000000   0.00000000    269.9   84.0      6.7     73020
2017 11 25  5      0.0    239.0   0.00000000   0.00000000    269.8   83.6      6.8     72950
2017 11 25  6      0.0    258.0   0.00000000   0.00000000    270.2   81.7      7.2     72880
2017 11 25  7     21.0    250.0   0.00000000   0.00000000    270.9   79.5      9.0     72840
2017 11 25  8     70.0    270.0   0.00000000   0.00000000    270.8   84.8     11.4     72810
2017 11 25  9    108.0    298.0   0.00000000   0.00000000    270.9   91.1      8.6     72790
2017 11 25 10    132.0    299.0   0.00000000   0.00000000    271.0   91.9      5.6     72740
2017 11 25 11    130.0    298.0   0.00033333   0.00000000    269.5   97.5      4.2     72710
2017 11 25 12     99.0    288.0   0.00113889   0.00000000    267.3   90.9     11.4     72700
2017 11 25 13    119.0    284.0   0.00022222   0.00000000    266.8   97.1      8.8     72730
2017 11 25 14     70.0    282.0   0.00011111   0.00000000    266.6   97.5      9.1     72740
2017 11 25 15     14.0    278.0   0.00022222   0.00000000    265.6   96.5     11.5     72730
2017 11 25 16      0.0    275.0   0.00041667   0.00000000    265.0   98.6     11.3     72760
2017 11 25 17      0.0    273.0   0.00025000   0.00000000    264.8   99.9     11.3     72770
2017 11 25 18      0.0    270.0   0.00013889   0.00000000    263.8   91.6     11.5     72790
2017 11 25 19      0.0    267.0   0.00008333   0.00000000    263.6   98.4     13.9     72790
2017 11 25 20      0.0    263.0   0.00000000   0.00000000    262.8   93.9     14.5     72810
2017 11 25 21      0.0    261.0   0.00000000   0.00000000    262.5   92.7     12.4     72820
2017 11 25 22      0.0    259.0   0.00000000   0.00000000    262.3   94.8     13.1     72840
2017 11 25 23      0.0    251.0   0.00000000   0.00000000    261.5   97.5     13.2     72840
2017 11 26  0      0.0    257.0   0.00005556   0.00000000    261.5   99.7     13.3     72830
2017 11 26  1      0.0    256.0   0.00025000   0.00000000    261.2  100.0     11.8     72870
2017 11 26  2      0.0    255.0   0.00030556   0.00000000    260.4  100.0     12.3     72880
2017 11 26  3      0.0    252.0   0.00008333   0.00000000    260.1  100.0     11.9     72890
2017 11 26  4      0.0    241.0   0.00002778   0.00000000    259.3  100.0     11.8     72910
2017 11 26  5      0.0    248.0   0.00016667   0.00000000    258.5  100.0     11.5     72940
2017 11 26  6      0.0    246.0   0.00000000   0.00000000    257.9  100.0      8.4     72990
2017 11 26  7     35.0    244.0   0.00000000   0.00000000    257.3  100.0      7.6     73020
2017 11 26  8    116.0    241.0   0.00000000   0.00000000    256.9  100.0      9.7     73040
2017 11 26  9    219.0    242.0   0.00000000   0.00000000    256.6  100.0      8.8     73090
2017 11 26 10    294.0    231.0   0.00000000   0.00000000    256.6  100.0      8.4     73110
2017 11 26 11    202.0    241.0   0.00000000   0.00000000    256.9  100.0      8.2     73110
2017 11 26 12    192.0    241.0   0.00000000   0.00000000    257.2   97.6      8.8     73120
2017 11 26 13    120.0    241.0   0.00000000   0.00000000    257.3   90.8      8.7     73120
2017 11 26 14     66.0    245.0   0.00000000   0.00000000    257.6   93.3      9.8     73130
2017 11 26 15     10.0    243.0   0.00000000   0.00000000    257.5   97.2     11.1     73150
2017 11 26 16      0.0    245.0   0.00000000   0.00000000    257.8   97.9     12.7     73170
2017 11 26 17      0.0    247.0   0.00000000   0.00000000    257.9  100.0     11.7     73230
2017 11 26 18      0.0    241.0   0.00002778   0.00000000    257.6   99.4     10.1     73270
2017 11 26 19      0.0    242.0   0.00000000   0.00000000    257.6   96.6      9.9     73270
2017 11 26 20      0.0    246.0   0.00008333   0.00000000    257.8   99.3      7.5     73290
2017 11 26 21      0.0    247.0   0.00005556   0.00000000    257.9   98.5      8.3     73290
2017 11 26 22      0.0    246.0   0.00000000   0.00000000    257.9   99.2      7.2     73290
2017 11 26 23      0.0    247.0   0.00016667   0.00000000    257.9   99.6      9.1     73280
2017 11 27  0      0.0    244.0   0.00005556   0.00000000    257.8  100.0     11.9     73260
2017 11 27  1      0.0    244.0   0.00000000   0.00000000    257.4   98.7     12.1     73270
2017 11 27  2      0.0    244.0   0.00002778   0.00000000    257.5   98.7      9.9     73310
2017 11 27  3      0.0    244.0   0.00002778   0.00000000    257.8   95.5      9.9     73320
2017 11 27  4      0.0    244.0   0.00000000   0.00000000    257.8   92.9     10.4     73300
2017 11 27  5      0.0    242.0   0.00000000   0.00000000    257.8   92.2     11.1     73310
2017 11 27  6      0.0    245.0   0.00000000   0.00000000    257.9   91.8      9.9     73320
2017 11 27  7     17.0    243.0   0.00000000   0.00000000    257.9   91.1      9.2     73350
2017 11 27  8    109.0    241.0   0.00000000   0.00000000    257.9   87.6      8.5     73380
2017 11 27  9    171.0    246.0   0.00000000   0.00000000    258.4   90.8      9.3     73390
2017 11 27 10    250.0    248.0   0.00000000   0.00000000    258.8   90.3      7.6     73380
2017 11 27 11    372.0    231.0   0.00000000   0.00000000    259.0   89.2      5.9     73350
2017 11 27 12    457.0    181.0   0.00000000   0.00000000    260.1   81.3      3.5     73320
2017 11 27 13    351.0    183.0   0.00000000   0.00000000    261.2   64.7      5.1     73300
2017 11 27 14    222.0    192.0   0.00000000   0.00000000    262.8   67.4      7.6     73280
2017 11 27 15     45.0    206.0   0.00000000   0.00000000    263.1   71.7      8.3     73280
2017 11 27 16      0.0    198.0   0.00000000   0.00000000    263.8   76.4      7.9     73280
2017 11 27 17      0.0    232.0   0.00000000   0.00000000    264.4   73.1      6.1     73290
2017 11 27 18      0.0    235.0   0.00000000   0.00000000    264.4   75.2      4.1     73280
2017 11 27 19      0.0    250.0   0.00000000   0.00000000    265.2   74.1      7.4     73260
2017 11 27 20      0.0    268.0   0.00000000   0.00000000    265.9   76.5      5.5     73230
2017 11 27 21      0.0    274.0   0.00000000   0.00000000    266.5   80.9      5.2     73210
2017 11 27 22      0.0    276.0   0.00000000   0.00000000    267.3   83.0      5.5     73190
2017 11 27 23      0.0    273.0   0.00000000   0.00000000    267.8   85.2      5.1     73140
2017 11 28  0      0.0    256.0   0.00000000   0.00000000    267.9   82.2      4.7     73090
2017 11 28  1      0.0    265.0   0.00000000   0.00000000    268.3   78.0      4.8     73030
2017 11 28  2      0.0    265.0   0.00000000   0.00000000    268.5   73.2      5.5     72960
2017 11 28  3      0.0    259.0   0.00000000   0.00000000    268.4   72.0      5.5     72890
2017 11 28  4      0.0    223.0   0.00000000   0.00000000    268.0   72.1      4.4     72850
2017 11 28  5      0.0    206.0   0.00000000   0.00000000    267.9   65.1      4.6     72810
2017 11 28  6      0.0    208.0   0.00000000   0.00000000    267.9   65.1      4.8     72770
2017 11 28  7     32.0    208.0   0.00000000   0.00000000    267.6   64.7      3.7     72750
2017 11 28  8     96.0    206.0   0.00000000   0.00000000    267.3   64.0      3.3     72730
2017 11 28  9    162.0    214.0   0.00000000   0.00000000    266.9   63.6      3.4     72710
2017 11 28 10    255.0    228.0   0.00000000   0.00000000    267.1   59.3      3.2     72660
2017 11 28 11    319.0    227.0   0.00000000   0.00000000    266.9   62.5      3.4     72600
2017 11 28 12    191.0    230.0   0.00011111   0.00000000    266.0   71.6      4.4     72520
2017 11 28 13    148.0    226.0   0.00000000   0.00000000    265.3   78.5      3.8     72450
2017 11 28 14     73.0    257.0   0.00000000   0.00000000    264.8   81.4      3.1     72410
2017 11 28 15     18.0    249.0   0.00000000   0.00000000    264.8   82.9      3.9     72380
2017 11 28 16      0.0    259.0   0.00000000   0.00000000    264.8   82.6      4.6     72340
2017 11 28 17      0.0    260.0   0.00000000   0.00000000    264.9   80.0      6.4     72290
2017 11 28 18      0.0    248.0   0.00000000   0.00000000    264.6   81.2      6.3     72260
2017 11 28 19      0.0    216.0   0.00000000   0.00000000    264.5   81.6      6.4     72230
2017 11 28 20      0.0    230.0   0.00000000   0.00000000    264.4   81.2      6.3     72190
2017 11 28 21      0.0    246.0   0.00000000   0.00000000    264.2   83.2      5.1     72170
2017 11 28 22      0.0    243.0   0.00000000   0.00000000    263.8   90.0      4.5     72150
2017 11 28 23      0.0    256.0   0.00002778   0.00000000    263.8   91.8      4.3     72130
2017 11 29  0      0.0    262.0   0.00000000   0.00000000    263.6   92.6      3.7     72110
2017 11 29  1      0.0    258.0   0.00000000   0.00000000    263.5   90.9      3.7     72070
2017 11 29  2      0.0    251.0   0.00000000   0.00000000    263.6   94.2      3.5     72050
2017 11 29  3      0.0    249.0   0.00000000   0.00000000    263.4   90.7      3.4     72000
2017 11 29  4      0.0    250.0   0.00000000   0.00000000    263.3   94.6      3.3     71990
2017 11 29  5      0.0    251.0   0.00000000   0.00000000    262.9   97.1      2.2     71970
2017 11 29  6      0.0    255.0   0.00000000   0.00000000    262.6   99.4      2.4     71970
2017 11 29  7     20.0    256.0   0.00000000   0.00000000    263.0   92.5      3.4     71970
2017 11 29  8     81.0    255.0   0.00000000   0.00000000    263.4   90.5      4.3     71960
2017 11 29  9    156.0    253.0   0.00000000   0.00000000    263.4   89.9      3.4     71950
2017 11 29 10    237.0    262.0   0.00000000   0.00000000    263.4   91.0      2.7     71930
2017 11 29 11    274.0    261.0   0.00000000   0.00000000    263.2   92.7      1.9     71880
2017 11 29 12    202.0    262.0   0.00002778   0.00000000    262.8   95.9      0.8     71850
2017 11 29 13    149.0    266.0   0.00011111   0.00000000    262.8   95.6      2.3     71820
2017 11 29 14     74.0    264.0   0.00011111   0.00000000    262.2   92.5      3.7     71800
2017 11 29 15      6.0    262.0   0.00075000   0.00000000    261.5   98.9      9.0     71790
2017 11 29 16      0.0    257.0   0.00036111   0.00000000    261.2  100.0     11.8     71780
2017 11 29 17      0.0    248.0   0.00008333   0.00000000    261.1   91.6      8.1     71790
2017 11 29 18      0.0    242.0   0.00002778   0.00000000    260.2   92.0      4.1     71790
2017 11 29 19      0.0    244.0   0.00002778   0.00000000    259.9   94.4      3.0     71790
2017 11 29 20      0.0    247.0   0.00002778   0.00000000    260.0   93.9      4.1     71770
2017 11 29 21      0.0    247.0   0.00002778   0.00000000    259.9   92.9      5.5     71740
2017 11 29 22      0.0    250.0   0.00005556   0.00000000    260.0   98.3      5.8     71710
2017 11 29 23      0.0    253.0   0.00011111   0.00000000    260.2   97.7      8.8     71680
2017 11 30  0      0.0    254.0   0.00022222   0.00000000    260.4   99.5      9.6     71640
2017 11 30  1      0.0    251.0   0.00022222   0.00000000    259.8  100.0     11.4     71610
2017 11 30  2      0.0    247.0   0.00016667   0.00000000    258.5   98.8     12.3     71620
2017 11 30  3      0.0    243.0   0.00008333   0.00000000    258.3  100.0     12.9     71620
2017 11 30  4      0.0    239.0   0.00000000   0.00000000    257.8   95.8     11.0     71630
2017 11 30  5      0.0    244.0   0.00000000   0.00000000    257.8   93.6     10.2     71630
2017 11 30  6      0.0    245.0   0.00005556   0.00000000    257.9   96.7      8.9     71640
2017 11 30  7     14.0    244.0   0.00000000   0.00000000    257.8   91.6      8.6     71660
2017 11 30  8     72.0    244.0   0.00002778   0.00000000    257.4   92.9      8.3     71700
2017 11 30  9    134.0    243.0   0.00002778   0.00000000    257.2   90.1      8.4     71730
2017 11 30 10    200.0    243.0   0.00000000   0.00000000    257.4   89.2      8.9     71730
2017 11 30 11    241.0    244.0   0.00000000   0.00000000    257.6   89.7      7.9     71730
2017 11 30 12    221.0    240.0   0.00000000   0.00000000    258.1   86.2      9.1     71730
2017 11 30 13    146.0    243.0   0.00002778   0.00000000    257.9   89.9      5.9     71750
2017 11 30 14     86.0    233.0   0.00002778   0.00000000    257.8   86.4      5.5     71770
2017 11 30 15     26.0    222.0   0.00000000   0.00000000    257.6   86.5      4.1     71810
2017 11 30 16      0.0    222.0   0.00000000   0.00000000    257.3   90.3      4.0     71820
2017 11 30 17      0.0    218.0   0.00000000   0.00000000    257.2   90.6      2.7     71850
2017 11 30 18      0.0    184.0   0.00000000   0.00000000    257.6   81.7      3.6     71860
2017 11 30 19      0.0    187.0   0.00000000   0.00000000    257.8   82.0      3.7     71870
2017 11 30 20      0.0    178.0   0.00000000   0.00000000    257.6   83.7      3.5     71880
2017 11 30 21      0.0    172.0   0.00000000   0.00000000    257.9   81.7      2.9     71890
2017 11 30 22      0.0    158.0   0.00000000   0.00000000    257.8   82.8      3.3     71890
2017 11 30 23      0.0    161.0   0.00000000   0.00000000    257.8   80.6      2.7     71870
2017 12  1  0      0.0    163.0   0.00000000   0.00000000    257.9   76.8      2.6     71850
2017 12  1  1      0.0    198.0   0.00000000   0.00000000    257.9   74.1      3.9     71840
2017 12  1  2      0.0    222.0   0.00000000   0.00000000    257.9   72.1      3.5     71840
2017 12  1  3      0.0    211.0   0.00000000   0.00000000    258.3   67.8      4.9     71830
2017 12  1  4      0.0    169.0   0.00000000   0.00000000    258.1   61.3      4.8     71820
2017 12  1  5      0.0    167.0   0.00000000   0.00000000    257.8   62.4      2.8     71850
2017 12  1  6      0.0    214.0   0.00000000   0.00000000    257.8   64.4      2.1     71880
2017 12  1  7     27.0    227.0   0.00000000   0.00000000    257.8   69.3      3.3     71930
2017 12  1  8    113.0    218.0   0.00000000   0.00000000    257.8   75.9      2.9     71960
2017 12  1  9    277.0    168.0   0.00000000   0.00000000    258.2   71.3      4.2     71990
2017 12  1 10    398.0    154.0   0.00000000   0.00000000    259.1   67.9      4.9     72020
2017 12  1 11    405.0    155.0   0.00000000   0.00000000    259.1   67.6      3.8     72020
2017 12  1 12    316.0    175.0   0.00000000   0.00000000    258.8   78.7      2.9     72050
2017 12  1 13    295.0    162.0   0.00000000   0.00000000    258.8   69.7      3.1     72070
2017 12  1 14    116.0    159.0   0.00000000   0.00000000    258.1   73.8      3.0     72100
2017 12  1 15     24.0    164.0   0.00000000   0.00000000    257.9   71.1      4.1     72160
2017 12  1 16      0.0    185.0   0.00000000   0.00000000    257.8   70.5      4.6     72170
2017 12  1 17      0.0    174.0   0.00000000   0.00000000    257.6   71.7      4.2     72210
2017 12  1 18      0.0    156.0   0.00000000   0.00000000    257.5   70.2      4.8     72230
2017 12  1 19      0.0    146.0   0.00000000   0.00000000    257.6   65.6      4.2     72250
2017 12  1 20      0.0    146.0   0.00000000   0.00000000    257.4   68.0      4.1     72280
2017 12  1 21      0.0    159.0   0.00000000   0.00000000    257.5   64.4      4.4     72320
2017 12  1 22      0.0    180.0   0.00000000   0.00000000    257.6   62.7      4.2     72340
2017 12  1 23      0.0    188.0   0.00000000   0.00000000    257.6   67.0      4.4     72350
2017 12  2  0      0.0    180.0   0.00000000   0.00000000    257.6   69.7      4.1     72350
2017 12  2  1      0.0    174.0   0.00000000   0.00000000    257.6   68.8      4.0     72370
2017 12  2  2      0.0    181.0   0.00000000   0.00000000    257.8   68.9      3.5     72410
2017 12  2  3      0.0    184.0   0.00000000   0.00000000    258.0   67.6      4.3     72440
2017 12  2  4      0.0    196.0   0.00000000   0.00000000    258.3   66.5      4.0     72470
2017 12  2  5      0.0    213.0   0.00000000   0.00000000    258.6   64.3      3.9     72510
2017 12  2  6      0.0    218.0   0.00000000   0.00000000    259.0   61.4      4.3     72550
2017 12  2  7     25.0    180.0   0.00000000   0.00000000    259.4   58.0      4.1     72600
2017 12  2  8    127.0    188.0   0.00000000   0.00000000    259.8   54.9      3.7     72630
2017 12  2  9    230.0    172.0   0.00000000   0.00000000    260.0   52.8      2.3     72680
2017 12  2 10    329.0    175.0   0.00000000   0.00000000    261.6   42.5      2.7     72700
2017 12  2 11    351.0    176.0   0.00000000   0.00000000    262.5   39.6      2.3     72680
2017 12  2 12    402.0    176.0   0.00000000   0.00000000    262.6   42.4      2.5     72700
2017 12  2 13    280.0    167.0   0.00000000   0.00000000    262.9   41.6      2.4     72710
2017 12  2 14    186.0    167.0   0.00000000   0.00000000    262.8   41.3      3.0     72720
2017 12  2 15     36.0    164.0   0.00000000   0.00000000    261.6   42.3      4.3     72750
2017 12  2 16      0.0    162.0   0.00000000   0.00000000    261.8   41.8      2.8     72780
2017 12  2 17      0.0    161.0   0.00000000   0.00000000    262.1   37.1      3.6     72800
2017 12  2 18      0.0    160.0   0.00000000   0.00000000    262.2   35.4      3.3     72820
2017 12  2 19      0.0    159.0   0.00000000   0.00000000    262.6   32.0      3.0     72830
2017 12  2 20      0.0    159.0   0.00000000   0.00000000    262.6   31.1      2.6     72830
2017 12  2 21      0.0    157.0   0.00000000   0.00000000    261.9   35.5      4.5     72840
2017 12  2 22      0.0    157.0   0.00000000   0.00000000    261.5   35.4      7.1     72830
2017 12  2 23      0.0    156.0   0.00000000   0.00000000    261.5   32.5      6.1     72830
2017 12  3  0      0.0    159.0   0.00000000   0.00000000    261.3   32.6      4.5     72810
2017 12  3  1      0.0    159.0   0.00000000   0.00000000    262.0   27.5      3.0     72790
2017 12  3  2      0.0    154.0   0.00000000   0.00000000    260.4   38.8      4.2     72780
2017 12  3  3      0.0    147.0   0.00000000   0.00000000    259.3   43.2      6.8     72760
2017 12  3  4      0.0    145.0   0.00000000   0.00000000    259.1   49.8      6.3     72780
2017 12  3  5      0.0    145.0   0.00000000   0.00000000    258.6   56.6      6.5     72780
2017 12  3  6      0.0    143.0   0.00000000   0.00000000    258.2   62.7      7.6     72820
2017 12  3  7     38.0    143.0   0.00000000   0.00000000    258.1   62.8      8.5     72850
2017 12  3  8    178.0    144.0   0.00000000   0.00000000    258.8   49.9      6.7     72910
2017 12  3  9    307.0    146.0   0.00000000   0.00000000    258.9   40.9      5.3     72940
2017 12  3 10    391.0    146.0   0.00000000   0.00000000    259.2   37.5      4.9     72960
2017 12  3 11    420.0    145.0   0.00000000   0.00000000    258.9   37.4      7.3     72960
2017 12  3 12    393.0    143.0   0.00000000   0.00000000    258.8   37.5      7.1     72960
2017 12  3 13    312.0    143.0   0.00000000   0.00000000    257.8   48.1      7.9     72970
2017 12  3 14    175.0    170.0   0.00000000   0.00000000    257.8   45.2      8.7     73010
2017 12  3 15     41.0    159.0   0.00000000   0.00000000    257.8   45.1      8.0     73040
2017 12  3 16      0.0    199.0   0.00000000   0.00000000    257.2   49.9      7.9     73080
2017 12  3 17      0.0    227.0   0.00000000   0.00000000    257.5   46.5      7.6     73130
2017 12  3 18      0.0    239.0   0.00000000   0.00000000    257.4   58.3      7.7     73150
2017 12  3 19      0.0    235.0   0.00002778   0.00000000    256.9   83.6      3.8     73180
2017 12  3 20      0.0    239.0   0.00008333   0.00000000    257.2   86.9      3.2     73200
2017 12  3 21      0.0    238.0   0.00008333   0.00000000    258.4   86.4      6.9     73230
2017 12  3 22      0.0    234.0   0.00005556   0.00000000    259.1   88.0     10.1     73250
2017 12  3 23      0.0    247.0   0.00005556   0.00000000    259.3   91.9      9.1     73300
2017 12  4  0      0.0    253.0   0.00002778   0.00000000    259.9   94.5      9.9     73320
2017 12  4  1      0.0    256.0   0.00008333   0.00000000    260.4   94.0      9.2     73360
2017 12  4  2      0.0    257.0   0.00005556   0.00000000    260.6   95.8      8.2     73390
2017 12  4  3      0.0    258.0   0.00013889   0.00000000    261.2   97.6      9.7     73400
2017 12  4  4      0.0    259.0   0.00011111   0.00000000    261.3   95.1     10.1     73440
2017 12  4  5      0.0    260.0   0.00008333   0.00000000    261.8   95.4     10.5     73480
2017 12  4  6      0.0    262.0   0.00002778   0.00000000    261.9   96.4     10.4     73530
2017 12  4  7     15.0    263.0   0.00005556   0.00000000    262.1   94.7     10.5     73610
2017 12  4  8     79.0    264.0   0.00002778   0.00000000    262.4   94.7      9.9     73670
2017 12  4  9    116.0    266.0   0.00008333   0.00000000    262.5   93.8      7.4     73740
2017 12  4 10    227.0    267.0   0.00016667   0.00000000    263.1   97.6     10.7     73760
2017 12  4 11    224.0    267.0   0.00019444   0.00000000    262.9   99.6     12.1     73740
2017 12  4 12    182.0    267.0   0.00013889   0.00000000    263.1  100.0     12.9     73730
2017 12  4 13    126.0    267.0   0.00013889   0.00000000    262.9   99.3     10.8     73740
2017 12  4 14     69.0    266.0   0.00013889   0.00000000    262.8   95.8     13.5     73750
2017 12  4 15     10.0    264.0   0.00016667   0.00000000    262.8  100.0     13.3     73780
2017 12  4 16      0.0    263.0   0.00013889   0.00000000    262.4   99.2     14.3     73820
2017 12  4 17      0.0    264.0   0.00008333   0.00000000    262.5   96.1     10.2     73890
2017 12  4 18      0.0    264.0   0.00019444   0.00000000    262.8   93.0      9.1     73920
2017 12  4 19      0.0    265.0   0.00025000   0.00000000    262.8   99.4     10.9     73940
2017 12  4 20      0.0    266.0   0.00022222   0.00000000    262.8   93.8     11.7     73970
2017 12  4 21      0.0    266.0   0.00013889   0.00000000    262.8   94.7      9.3     74010
2017 12  4 22      0.0    266.0   0.00011111   0.00000000    262.8   96.6      8.4     74050
2017 12  4 23      0.0    264.0   0.00002778   0.00000000    262.4   93.4     10.4     74070
2017 12  5  0      0.0    262.0   0.00000000   0.00000000    262.4   97.2      9.4     74090
2017 12  5  1      0.0    260.0   0.00000000   0.00000000    262.1   95.2      7.9     74120
2017 12  5  2      0.0    257.0   0.00000000   0.00000000    261.6   99.6      7.2     74120
2017 12  5  3      0.0    238.0   0.00000000   0.00000000    261.3  100.0      7.0     74130
2017 12  5  4      0.0    186.0   0.00000000   0.00000000    260.8   93.2      3.6     74140
2017 12  5  5      0.0    187.0   0.00000000   0.00000000    262.8   55.5      7.7     74140
2017 12  5  6      0.0    189.0   0.00000000   0.00000000    263.2   53.1      4.9     74170
2017 12  5  7     43.0    190.0   0.00000000   0.00000000    263.4   64.8      4.4     74220
2017 12  5  8    188.0    192.0   0.00000000   0.00000000    264.1   72.4      6.1     74280
2017 12  5  9    311.0    195.0   0.00000000   0.00000000    265.3   72.8      6.9     74320
2017 12  5 10    377.0    198.0   0.00000000   0.00000000    265.8   73.1      5.5     74330
2017 12  5 11    407.0    200.0   0.00000000   0.00000000    265.6   68.4      4.3     74330
2017 12  5 12    355.0    270.0   0.00000000   0.00000000    265.4   57.7      4.6     74340
2017 12  5 13    157.0    277.0   0.00000000   0.00000000    265.3   61.0      5.0     74360
2017 12  5 14    110.0    254.0   0.00000000   0.00000000    265.9   65.0      3.6     74370
2017 12  5 15     25.0    205.0   0.00000000   0.00000000    266.2   64.7      5.8     74380
2017 12  5 16      0.0    194.0   0.00000000   0.00000000    266.1   63.8      6.1     74400
2017 12  5 17      0.0    194.0   0.00000000   0.00000000    266.1   62.5      5.7     74410
2017 12  5 18      0.0    195.0   0.00000000   0.00000000    266.1   61.9      5.7     74420
2017 12  5 19      0.0    196.0   0.00000000   0.00000000    266.9   60.0      8.1     74410
2017 12  5 20      0.0    195.0   0.00000000   0.00000000    267.2   60.4      7.0     74420
2017 12  5 21      0.0    194.0   0.00000000   0.00000000    267.3   62.6      7.7     74420
2017 12  5 22      0.0    193.0   0.00000000   0.00000000    267.1   65.9      6.7     74430
2017 12  5 23      0.0    191.0   0.00000000   0.00000000    266.9   69.0      5.5     74430
2017 12  6  0      0.0    191.0   0.00000000   0.00000000    267.9   80.1      3.3     74420
2017 12  6  1      0.0    192.0   0.00000000   0.00000000    267.9   76.8      4.2     74410
2017 12  6  2      0.0    191.0   0.00000000   0.00000000    268.1   70.7      3.6     74410
2017 12  6  3      0.0    193.0   0.00000000   0.00000000    269.2   38.3      1.8     74380
2017 12  6  4      0.0    193.0   0.00000000   0.00000000    269.6   36.7      1.3     74370
2017 12  6  5      0.0    193.0   0.00000000   0.00000000    268.3   50.5      4.9     74370
2017 12  6  6      0.0    193.0   0.00000000   0.00000000    268.3   52.3      4.7     74360
2017 12  6  7     32.0    191.0   0.00000000   0.00000000    268.5   49.8      4.1     74380
2017 12  6  8    166.0    192.0   0.00000000   0.00000000    270.2   45.7      2.3     74390
2017 12  6  9    292.0    194.0   0.00000000   0.00000000    270.9   45.9      1.6     74400
2017 12  6 10    374.0    195.0   0.00000000   0.00000000    271.2   40.7      1.2     74410
2017 12  6 11    405.0    195.0   0.00000000   0.00000000    271.9   31.4      0.8     74380
2017 12  6 12    379.0    194.0   0.00000000   0.00000000    271.8   29.6      0.8     74360
2017 12  6 13    300.0    192.0   0.00000000   0.00000000    272.0   30.1      1.1     74330
2017 12  6 14    176.0    190.0   0.00000000   0.00000000    272.3   31.1      1.4     74300
2017 12  6 15     41.0    189.0   0.00000000   0.00000000    271.8   26.8      0.8     74290
2017 12  6 16      0.0    188.0   0.00000000   0.00000000    271.6   21.5      0.9     74280
2017 12  6 17      0.0    189.0   0.00000000   0.00000000    272.0   10.2      1.0     74260
2017 12  6 18      0.0    188.0   0.00000000   0.00000000    271.8    9.0      1.9     74260
2017 12  6 19      0.0    188.0   0.00000000   0.00000000    271.8    8.4      2.9     74240
2017 12  6 20      0.0    187.0   0.00000000   0.00000000    271.8   11.2      3.4     74230
2017 12  6 21      0.0    190.0   0.00000000   0.00000000    271.6   13.7      3.6     74200
2017 12  6 22      0.0    186.0   0.00000000   0.00000000    271.0   17.8      4.8     74180
2017 12  6 23      0.0    184.0   0.00000000   0.00000000    270.8   21.7      5.6     74150
2017 12  7  0      0.0    182.0   0.00000000   0.00000000    270.3   24.9      5.9     74100
2017 12  7  1      0.0    180.0   0.00000000   0.00000000    269.9   29.2      5.3     74070
2017 12  7  2      0.0    180.0   0.00000000   0.00000000    269.4   32.3      5.5     74050
2017 12  7  3      0.0    180.0   0.00000000   0.00000000    269.1   35.0      4.5     74000
2017 12  7  4      0.0    179.0   0.00000000   0.00000000    268.9   36.3      3.8     73980
2017 12  7  5      0.0    179.0   0.00000000   0.00000000    268.9   37.1      4.9     73970
2017 12  7  6      0.0    179.0   0.00000000   0.00000000    268.6   38.3      4.9     73960
2017 12  7  7     31.0    180.0   0.00000000   0.00000000    268.8   37.2      4.5     73950
2017 12  7  8    165.0    182.0   0.00000000   0.00000000    268.9   36.7      4.9     73930
2017 12  7  9    291.0    184.0   0.00000000   0.00000000    269.3   35.9      5.4     73930
2017 12  7 10    373.0    185.0   0.00000000   0.00000000    269.8   37.9      5.2     73900
2017 12  7 11    403.0    185.0   0.00000000   0.00000000    269.8   40.9      6.0     73830
2017 12  7 12    377.0    186.0   0.00000000   0.00000000    269.8   43.1      5.7     73780
2017 12  7 13    298.0    187.0   0.00000000   0.00000000    269.6   44.5      4.8     73740
2017 12  7 14    176.0    181.0   0.00000000   0.00000000    269.4   39.8      5.3     73700
2017 12  7 15     39.0    178.0   0.00000000   0.00000000    268.8   39.7      7.0     73660
2017 12  7 16      0.0    176.0   0.00000000   0.00000000    268.3   39.0      6.4     73630
2017 12  7 17      0.0    176.0   0.00000000   0.00000000    268.6   33.1      6.0     73600
2017 12  7 18      0.0    176.0   0.00000000   0.00000000    268.5   30.4      6.2     73560
2017 12  7 19      0.0    176.0   0.00000000   0.00000000    268.2   30.7      7.1     73500
2017 12  7 20      0.0    175.0   0.00000000   0.00000000    268.1   30.3      7.6     73460
2017 12  7 21      0.0    176.0   0.00000000   0.00000000    268.4   29.4      8.8     73390
2017 12  7 22      0.0    206.0   0.00000000   0.00000000    268.1   31.1      8.3     73320
2017 12  7 23      0.0    260.0   0.00000000   0.00000000    267.4   38.8      7.7     73270
2017 12  8  0      0.0    252.0   0.00000000   0.00000000    266.9   44.5      9.7     73200
2017 12  8  1      0.0    268.0   0.00000000   0.00000000    266.8   51.9      9.9     73130
2017 12  8  2      0.0    267.0   0.00000000   0.00000000    266.5   61.6      8.9     73050
2017 12  8  3      0.0    261.0   0.00000000   0.00000000    266.8   63.6      7.8     72960
2017 12  8  4      0.0    273.0   0.00000000   0.00000000    266.4   68.0      6.3     72910
2017 12  8  5      0.0    277.0   0.00002778   0.00000000    266.3   79.0      7.1     72860
2017 12  8  6      0.0    275.0   0.00002778   0.00000000    265.8   86.1      7.7     72830
2017 12  8  7     11.0    269.0   0.00000000   0.00000000    265.5   90.1      6.3     72810
2017 12  8  8    119.0    255.0   0.00000000   0.00000000    266.0   87.1      7.5     72750
2017 12  8  9    121.0    272.0   0.00000000   0.00000000    266.1   90.3      4.6     72740
2017 12  8 10    183.0    270.0   0.00000000   0.00000000    266.5   87.4      6.1     72670
2017 12  8 11    163.0    277.0   0.00000000   0.00000000    265.5   98.2      3.7     72590
2017 12  8 12    132.0    278.0   0.00005556   0.00000000    265.2   98.2      3.2     72520
2017 12  8 13    109.0    265.0   0.00005556   0.00000000    262.9   95.3      9.8     72450
2017 12  8 14     43.0    259.0   0.00030556   0.00000000    261.9  100.0     14.0     72390
2017 12  8 15      4.0    256.0   0.00027778   0.00000000    261.2  100.0     13.5     72400
2017 12  8 16      0.0    256.0   0.00008333   0.00000000    261.1  100.0      8.6     72410
2017 12  8 17      0.0    252.0   0.00013889   0.00000000    260.0   98.4     13.1     72360
2017 12  8 18      0.0    248.0   0.00005556   0.00000000    259.3  100.0     11.7     72380
2017 12  8 19      0.0    247.0   0.00000000   0.00000000    259.0  100.0      6.4     72380
2017 12  8 20      0.0    244.0   0.00011111   0.00000000    259.0  100.0      6.7     72340
2017 12  8 21      0.0    240.0   0.00002778   0.00000000    258.3   95.1      3.6     72300
2017 12  8 22      0.0    235.0   0.00016667   0.00000000    258.1   81.6      3.7     72270
2017 12  8 23      0.0    240.0   0.00013889   0.00000000    257.8   89.3      4.1     72200
2017 12  9  0      0.0    244.0   0.00033333   0.00000000    258.2   96.9     11.7     72110
2017 12  9  1      0.0    240.0   0.00022222   0.00000000    257.9  100.0     12.8     72090
2017 12  9  2      0.0    230.0   0.00000000   0.00000000    257.2  100.0     12.9     72090
2017 12  9  3      0.0    233.0   0.00002778   0.00000000    256.9  100.0     11.3     72090
2017 12  9  4      0.0    233.0   0.00013889   0.00000000    256.8  100.0     10.0     72100
2017 12  9  5      0.0    237.0   0.00038889   0.00000000    256.8  100.0      9.4     72120
2017 12  9  6      0.0    215.0   0.00002778   0.00000000    255.2  100.0     15.1     72110
2017 12  9  7     10.0    229.0   0.00013889   0.00000000    255.1   99.7     13.8     72160
2017 12  9  8     63.0    230.0   0.00005556   0.00000000    255.6  100.0      9.5     72250
2017 12  9  9    187.0    232.0   0.00008333   0.00000000    255.6  100.0     11.7     72290
2017 12  9 10    268.0    223.0   0.00000000   0.00000000    255.8  100.0      9.7     72320
2017 12  9 11    261.0    231.0   0.00000000   0.00000000    255.9  100.0     11.0     72330
2017 12  9 12    190.0    233.0   0.00000000   0.00000000    255.3   92.3      7.6     72360
2017 12  9 13    236.0    224.0   0.00000000   0.00000000    255.2   89.7      8.3     72380
2017 12  9 14    163.0    224.0   0.00000000   0.00000000    254.9   90.4      7.6     72380
2017 12  9 15     36.0    175.0   0.00000000   0.00000000    254.8   84.3      6.6     72400
2017 12  9 16      0.0    151.0   0.00000000   0.00000000    254.9   83.2      7.6     72400
2017 12  9 17      0.0    167.0   0.00000000   0.00000000    254.7   87.0      5.5     72410
2017 12  9 18      0.0    164.0   0.00000000   0.00000000    254.5   85.2      2.3     72420
2017 12  9 19      0.0    135.0   0.00000000   0.00000000    254.3   91.9      2.8     72400
2017 12  9 20      0.0    133.0   0.00000000   0.00000000    254.1   83.3      1.8     72360
2017 12  9 21      0.0    142.0   0.00000000   0.00000000    254.4   77.8      4.6     72320
2017 12  9 22      0.0    148.0   0.00000000   0.00000000    255.5   46.0      6.3     72290
2017 12  9 23      0.0    166.0   0.00000000   0.00000000    257.4   16.9      6.2     72240
2017 12 10  0      0.0    191.0   0.00000000   0.00000000    257.6   17.4      6.1     72190
2017 12 10  1      0.0    223.0   0.00000000   0.00000000    258.4   18.9      7.3     72160
2017 12 10  2      0.0    226.0   0.00000000   0.00000000    258.9   28.2     10.9     72100
2017 12 10  3      0.0    229.0   0.00000000   0.00000000    259.8   27.4     11.6     72030
2017 12 10  4      0.0    237.0   0.00000000   0.00000000    260.5   24.4     11.3     71970
2017 12 10  5      0.0    215.0   0.00000000   0.00000000    260.8   29.3      9.8     71940
2017 12 10  6      0.0    210.0   0.00000000   0.00000000    260.6   35.3     10.3     71900
2017 12 10  7      6.0    257.0   0.00000000   0.00000000    259.9   63.8     11.6     71870
2017 12 10  8     60.0    256.0   0.00000000   0.00000000    259.8   83.1     10.9     71810
2017 12 10  9     92.0    259.0   0.00008333   0.00000000    260.9   85.2     12.4     71740
2017 12 10 10    113.0    263.0   0.00002778   0.00000000    261.8   85.4     12.6     71670
2017 12 10 11    127.0    263.0   0.00002778   0.00000000    262.2   84.4     12.0     71610
2017 12 10 12    106.0    266.0   0.00005556   0.00000000    262.8   87.5     12.0     71550
2017 12 10 13     84.0    269.0   0.00008333   0.00000000    263.4   88.0     12.2     71480
2017 12 10 14     39.0    270.0   0.00022222   0.00000000    264.1   91.9     12.5     71480
2017 12 10 15      5.0    274.0   0.00025000   0.00000000    264.9   92.1     11.1     71520
2017 12 10 16      0.0    275.0   0.00019444   0.00000000    265.3   89.5     11.6     71510
2017 12 10 17      0.0    274.0   0.00008333   0.00000000    265.5   89.9     11.9     71470
2017 12 10 18      0.0    274.0   0.00000000   0.00000000    265.9   89.6     12.1     71460
2017 12 10 19      0.0    278.0   0.00005556   0.00000000    266.4   90.5     10.9     71460
2017 12 10 20      0.0    280.0   0.00005556   0.00000000    266.8   92.3     10.8     71470
2017 12 10 21      0.0    283.0   0.00008333   0.00000000    267.4   93.2     11.3     71460
2017 12 10 22      0.0    284.0   0.00008333   0.00000000    268.1   93.1     12.3     71440
2017 12 10 23      0.0    285.0   0.00008333   0.00000000    268.8   92.8     12.5     71420
2017 12 11  0      0.0    287.0   0.00002778   0.00000000    269.0   92.9     11.8     71400
2017 12 11  1      0.0    290.0   0.00005556   0.00000000    269.3   90.7     11.5     71430
2017 12 11  2      0.0    288.0   0.00005556   0.00000000    269.3   88.1     11.6     71410
2017 12 11  3      0.0    287.0   0.00005556   0.00000000    269.0   90.0     11.0     71380
2017 12 11  4      0.0    292.0   0.00016667   0.00000000    269.1   95.1      9.7     71340
2017 12 11  5      0.0    293.0   0.00011111   0.00000000    269.2   97.1     10.9     71280
2017 12 11  6      0.0    295.0   0.00025000   0.00000000    269.5   98.3     10.4     71240
2017 12 11  7      1.0    296.0   0.00013889   0.00000000    270.0   96.7     10.9     71220
2017 12 11  8     25.0    296.0   0.00008333   0.00000000    270.6   93.5     11.8     71200
2017 12 11  9     72.0    298.0   0.00011111   0.00000000    270.8   95.5     13.1     71150
2017 12 11 10    101.0    298.0   0.00008333   0.00000000    270.8   96.7     14.4     71110
2017 12 11 11    131.0    298.0   0.00019444   0.00000000    270.6   98.0     16.3     71060
2017 12 11 12    123.0    297.0   0.00022222   0.00000000    270.2  100.0     16.5     71050
2017 12 11 13     90.0    296.0   0.00022222   0.00000000    270.0   97.4     16.9     71040
2017 12 11 14     46.0    297.0   0.00000000   0.00000000    270.2  100.0     15.3     71050
2017 12 11 15      6.0    297.0   0.00005556   0.00000000    270.2   98.0     14.0     71110
2017 12 11 16      0.0    296.0   0.00002778   0.00000000    270.1   97.8     12.7     71130
2017 12 11 17      0.0    294.0   0.00033333   0.00000000    269.6   99.9     11.8     71150
2017 12 11 18      0.0    295.0   0.00036111   0.00000000    269.9   97.7     12.3     71150
2017 12 11 19      0.0    297.0   0.00038889   0.00000000    270.4   80.9     10.4     71160
2017 12 11 20      0.0    299.0   0.00050000   0.00000000    270.9   82.2      9.0     71170
2017 12 11 21      0.0    300.0   0.00069444   0.00000000    271.1   84.2      8.6     71190
2017 12 11 22      0.0    302.0   0.00083333   0.00000000    271.2   92.8      7.9     71240
2017 12 11 23      0.0    301.0   0.00058333   0.00000000    271.0   96.6      8.0     71290
2017 12 12  0      0.0    299.0   0.00058333   0.00000000    270.2   98.4      7.7     71360
2017 12 12  1      0.0    293.0   0.00022222   0.00000000    269.4   96.7      8.1     71430
2017 12 12  2      0.0    289.0   0.00022222   0.00000000    268.5   97.5      9.3     71550
2017 12 12  3      0.0    284.0   0.00036111   0.00000000    267.8   97.1      8.1     71660
2017 12 12  4      0.0    257.0   0.00000000   0.00000000    267.1   90.3      6.8     71780
2017 12 12  5      0.0    217.0   0.00000000   0.00000000    266.6   80.7      5.8     71870
2017 12 12  6      0.0    206.0   0.00000000   0.00000000    266.2   80.3      5.7     71960
2017 12 12  7      3.0    201.0   0.00000000   0.00000000    265.4   85.4      4.7     72040
2017 12 12  8     56.0    186.0   0.00000000   0.00000000    265.8   79.3      4.9     72120
2017 12 12  9    140.0    210.0   0.00000000   0.00000000    265.8   82.2      4.0     72210
2017 12 12 10    246.0    222.0   0.00000000   0.00000000    265.2   90.6      4.5     72260
2017 12 12 11    204.0    231.0   0.00000000   0.00000000    264.8   91.5      5.1     72270
2017 12 12 12    180.0    207.0   0.00000000   0.00000000    264.3   89.2      4.5     72300
2017 12 12 13    180.0    248.0   0.00002778   0.00000000    262.8   92.7      4.2     72320
2017 12 12 14     81.0    262.0   0.00000000   0.00000000    261.5   91.7      5.5     72370
2017 12 12 15     12.0    261.0   0.00000000   0.00000000    261.5   90.7      5.9     72430
2017 12 12 16      0.0    259.0   0.00000000   0.00000000    261.6   91.2      7.4     72480
2017 12 12 17      0.0    259.0   0.00041667   0.00000000    261.9   94.5      5.8     72540
2017 12 12 18      0.0    258.0   0.00027778   0.00000000    261.5   85.6      5.7     72600
2017 12 12 19      0.0    255.0   0.00019444   0.00000000    261.3   91.7      5.3     72650
2017 12 12 20      0.0    254.0   0.00008333   0.00000000    261.6   96.0      6.3     72690
2017 12 12 21      0.0    254.0   0.00005556   0.00000000    260.9   94.0      5.9     72710
2017 12 12 22      0.0    248.0   0.00002778   0.00000000    260.4   95.7      3.5     72750
2017 12 12 23      0.0    225.0   0.00000000   0.00000000    260.3   96.9      2.8     72750
2017 12 13  0      0.0    183.0   0.00000000   0.00000000    259.5   89.6      4.1     72740
2017 12 13  1      0.0    159.0   0.00000000   0.00000000    259.3   83.3      3.8     72760
2017 12 13  2      0.0    137.0   0.00000000   0.00000000    259.4   66.2      3.9     72750
2017 12 13  3      0.0    140.0   0.00000000   0.00000000    259.0   63.6      2.6     72750
2017 12 13  4      0.0    138.0   0.00000000   0.00000000    258.9   53.0      2.2     72750
2017 12 13  5      0.0    142.0   0.00000000   0.00000000    259.2   46.8      2.9     72760
2017 12 13  6      0.0    162.0   0.00000000   0.00000000    259.4   38.2      4.7     72780
2017 12 13  7     17.0    151.0   0.00000000   0.00000000    259.6   35.3      5.2     72780
2017 12 13  8    160.0    151.0   0.00000000   0.00000000    260.9   27.0      5.0     72780
2017 12 13  9    290.0    154.0   0.00000000   0.00000000    261.9   20.2      5.0     72790
2017 12 13 10    375.0    156.0   0.00000000   0.00000000    262.8   19.0      5.9     72760
2017 12 13 11    407.0    164.0   0.00000000   0.00000000    263.4   15.9      6.2     72720
2017 12 13 12    345.0    176.0   0.00000000   0.00000000    263.8   17.5      7.2     72670
2017 12 13 13    199.0    204.0   0.00000000   0.00000000    263.6   18.5      7.2     72610
2017 12 13 14     97.0    223.0   0.00000000   0.00000000    264.2   20.4      8.2     72560
2017 12 13 15     29.0    217.0   0.00000000   0.00000000    264.3   25.4      7.7     72540
2017 12 13 16      0.0    233.0   0.00000000   0.00000000    264.3   32.7      8.3     72510
2017 12 13 17      0.0    214.0   0.00000000   0.00000000    264.2   39.0      8.2     72500
2017 12 13 18      0.0    229.0   0.00000000   0.00000000    264.5   46.9      7.2     72470
2017 12 13 19      0.0    209.0   0.00000000   0.00000000    265.0   49.1     11.0     72400
2017 12 13 20      0.0    205.0   0.00000000   0.00000000    264.8   54.3     12.5     72300
2017 12 13 21      0.0    255.0   0.00000000   0.00000000    264.8   63.0     10.5     72230
2017 12 13 22      0.0    249.0   0.00002778   0.00000000    263.9   79.5     13.3     72190
2017 12 13 23      0.0    237.0   0.00002778   0.00000000    264.6   77.2     13.0     72180
2017 12 14  0      0.0    234.0   0.00000000   0.00000000    264.9   79.7     11.8     72180
2017 12 14  1      0.0    217.0   0.00000000   0.00000000    265.2   80.6      9.5     72140
2017 12 14  2      0.0    201.0   0.00000000   0.00000000    265.5   75.1      9.0     72100
2017 12 14  3      0.0    198.0   0.00000000   0.00000000    266.3   64.9      7.6     72090
2017 12 14  4      0.0    224.0   0.00000000   0.00000000    266.8   59.4      8.7     72050
2017 12 14  5      0.0    244.0   0.00002778   0.00000000    266.6   68.2     10.3     72050
2017 12 14  6      0.0    233.0   0.00000000   0.00000000    266.3   74.3     10.2     72060
2017 12 14  7     11.0    272.0   0.00011111   0.00000000    265.4   88.9      7.5     72080
2017 12 14  8    121.0    270.0   0.00000000   0.00000000    267.8   74.1      8.6     72060
2017 12 14  9    123.0    275.0   0.00008333   0.00000000    266.4   84.9      7.2     72090
2017 12 14 10    164.0    269.0   0.00013889   0.00000000    265.3   86.9      6.2     72080
2017 12 14 11    139.0    270.0   0.00008333   0.00000000    264.8   90.5      6.2     72030
2017 12 14 12    111.0    274.0   0.00047222   0.00000000    264.8   95.6      6.9     72020
2017 12 14 13    109.0    274.0   0.00019444   0.00000000    264.4   95.8      4.8     71980
2017 12 14 14     45.0    273.0   0.00030556   0.00000000    264.3   93.4      4.2     71960
2017 12 14 15      6.0    272.0   0.00019444   0.00000000    264.3   90.2      4.2     71900
2017 12 14 16      0.0    269.0   0.00005556   0.00000000    264.4   90.5      5.9     71870
2017 12 14 17      0.0    260.0   0.00002778   0.00000000    264.6   78.9      7.8     71800
2017 12 14 18      0.0    261.0   0.00000000   0.00000000    265.0   74.6     10.0     71700
2017 12 14 19      0.0    262.0   0.00000000   0.00000000    265.1   77.5     10.4     71640
2017 12 14 20      0.0    267.0   0.00002778   0.00000000    265.1   83.2     10.1     71560
2017 12 14 21      0.0    272.0   0.00011111   0.00000000    264.8   88.3      8.2     71580
2017 12 14 22      0.0    270.0   0.00005556   0.00000000    265.0   87.7      9.4     71530
2017 12 14 23      0.0    263.0   0.00000000   0.00000000    265.3   83.0      8.6     71510
2017 12 15  0      0.0    267.0   0.00002778   0.00000000    265.2   84.1      8.5     71450
2017 12 15  1      0.0    269.0   0.00002778   0.00000000    265.1   84.1      9.0     71400
2017 12 15  2      0.0    272.0   0.00058333   0.00000000    264.2   89.8      7.2     71460
2017 12 15  3      0.0    270.0   0.00113889   0.00000000    265.2   93.7     11.3     71520
2017 12 15  4      0.0    266.0   0.00016667   0.00000000    264.3   86.6      7.7     71550
2017 12 15  5      0.0    263.0   0.00016667   0.00000000    263.4   88.7      7.0     71550
2017 12 15  6      0.0    255.0   0.00002778   0.00000000    263.4   89.7      4.1     71550
2017 12 15  7      7.0    252.0   0.00000000   0.00000000    262.5   90.3      3.2     71540
2017 12 15  8     58.0    259.0   0.00025000   0.00000000    262.5   91.3      4.1     71560
2017 12 15  9     80.0    260.0   0.00000000   0.00000000    262.4   95.0      3.2     71610
2017 12 15 10    236.0    201.0   0.00000000   0.00000000    262.4   89.6      4.5     71610
2017 12 15 11    263.0    198.0   0.00000000   0.00000000    262.2   82.3      3.4     71610
2017 12 15 12    358.0    169.0   0.00000000   0.00000000    262.4   79.5      2.0     71600
2017 12 15 13    297.0    164.0   0.00000000   0.00000000    262.2   71.2      2.1     71570
2017 12 15 14    173.0    161.0   0.00000000   0.00000000    261.6   73.4      4.0     71560
2017 12 15 15     37.0    153.0   0.00000000   0.00000000    260.8   66.9      5.1     71560
2017 12 15 16      0.0    177.0   0.00000000   0.00000000    260.1   85.0      3.9     71580
2017 12 15 17      0.0    191.0   0.00000000   0.00000000    259.8   95.3      6.2     71560
2017 12 15 18      0.0    203.0   0.00000000   0.00000000    259.8   87.7      5.0     71580
2017 12 15 19      0.0    234.0   0.00000000   0.00000000    259.9   73.4      5.2     71590
2017 12 15 20      0.0    219.0   0.00000000   0.00000000    260.0   72.3      6.5     71600
2017 12 15 21      0.0    231.0   0.00000000   0.00000000    259.5   79.9      4.0     71610
2017 12 15 22      0.0    237.0   0.00000000   0.00000000    259.6   85.4      5.4     71620
2017 12 15 23      0.0    227.0   0.00000000   0.00000000    259.2   94.0      4.2     71620
2017 12 16  0      0.0    231.0   0.00000000   0.00000000    259.2   86.4      3.4     71610
2017 12 16  1      0.0    216.0   0.00000000   0.00000000    259.3   88.6      3.7     71620
2017 12 16  2      0.0    233.0   0.00000000   0.00000000    259.8   83.1      5.1     71650
2017 12 16  3      0.0    245.0   0.00000000   0.00000000    259.6   81.9      3.3     71680
2017 12 16  4      0.0    242.0   0.00000000   0.00000000    259.8   80.1      5.6     71710
2017 12 16  5      0.0    234.0   0.00000000   0.00000000    259.4   86.3      3.9     71750
2017 12 16  6      0.0    244.0   0.00000000   0.00000000    259.3   89.9      4.5     71810
2017 12 16  7      6.0    250.0   0.00000000   0.00000000    259.5   92.6      4.0     71870
2017 12 16  8     51.0    254.0   0.00005556   0.00000000    260.5   92.7      7.5     71930
2017 12 16  9    122.0    253.0   0.00005556   0.00000000    260.1   93.2      7.6     72020
2017 12 16 10    264.0    250.0   0.00002778   0.00000000    260.4   94.4      9.1     72070
2017 12 16 11    274.0    250.0   0.00000000   0.00000000    260.1   93.6      8.8     72110
2017 12 16 12    213.0    253.0   0.00005556   0.00000000    260.1   90.5      6.4     72150
2017 12 16 13    139.0    257.0   0.00022222   0.00000000    260.9   99.6     10.3     72160
2017 12 16 14     52.0    257.0   0.00027778   0.00000000    261.5  100.0     11.5     72210
2017 12 16 15      9.0    256.0   0.00019444   0.00000000    261.5   95.3     10.7     72290
2017 12 16 16      0.0    253.0   0.00013889   0.00000000    260.8   98.5      9.7     72330
2017 12 16 17      0.0    253.0   0.00016667   0.00000000    260.5   98.9      9.7     72380
2017 12 16 18      0.0    255.0   0.00036111   0.00000000    260.4   99.3      9.3     72440
2017 12 16 19      0.0    252.0   0.00019444   0.00000000    259.9   95.4     10.3     72490
2017 12 16 20      0.0    248.0   0.00011111   0.00000000    259.6   95.4     11.5     72540
2017 12 16 21      0.0    245.0   0.00005556   0.00000000    259.2   92.7      9.4     72570
2017 12 16 22      0.0    242.0   0.00013889   0.00000000    258.9   96.3      7.9     72600
2017 12 16 23      0.0    244.0   0.00013889   0.00000000    258.8   90.4      8.0     72610
2017 12 17  0      0.0    249.0   0.00033333   0.00000000    258.8   91.5      7.4     72610
2017 12 17  1      0.0    248.0   0.00011111   0.00000000    259.0   95.1      8.3     72630
2017 12 17  2      0.0    249.0   0.00013889   0.00000000    258.8   95.5      8.3     72650
2017 12 17  3      0.0    248.0   0.00008333   0.00000000    259.0   98.3     11.5     72640
2017 12 17  4      0.0    250.0   0.00044444   0.00000000    259.1   99.3      8.8     72670
2017 12 17  5      0.0    248.0   0.00041667   0.00000000    258.8  100.0      9.8     72700
2017 12 17  6      0.0    244.0   0.00008333   0.00000000    258.3   97.9      9.8     72730
2017 12 17  7      4.0    245.0   0.00002778   0.00000000    258.0   93.8      8.2     72780
2017 12 17  8     75.0    238.0   0.00002778   0.00000000    258.1   89.4      5.9     72820
2017 12 17  9    103.0    242.0   0.00011111   0.00000000    257.8   90.3      6.2     72880
2017 12 17 10    142.0    245.0   0.00005556   0.00000000    257.8   92.1      4.8     72920
2017 12 17 11    224.0    244.0   0.00005556   0.00000000    257.4   90.8      5.3     72920
2017 12 17 12    365.0    243.0   0.00002778   0.00000000    257.1   89.8      5.7     72910
2017 12 17 13    192.0    244.0   0.00000000   0.00000000    257.0   93.1      6.4     72900
2017 12 17 14     75.0    242.0   0.00000000   0.00000000    256.8   93.8      8.3     72930
2017 12 17 15      7.0    240.0   0.00000000   0.00000000    256.8   92.0      8.4     72970
2017 12 17 16      0.0    240.0   0.00000000   0.00000000    257.1   91.6      9.9     73020
2017 12 17 17      0.0    240.0   0.00002778   0.00000000    256.8   92.0      7.9     73080
2017 12 17 18      0.0    240.0   0.00000000   0.00000000    256.8   93.2      8.7     73120
2017 12 17 19      0.0    239.0   0.00000000   0.00000000    256.8   91.3      8.2     73140
2017 12 17 20      0.0    239.0   0.00000000   0.00000000    256.8   90.8      7.0     73160
2017 12 17 21      0.0    239.0   0.00000000   0.00000000    256.8   92.2      7.2     73150
2017 12 17 22      0.0    234.0   0.00000000   0.00000000    256.5   88.3      7.2     73170
2017 12 17 23      0.0    222.0   0.00000000   0.00000000    256.1   91.7      4.9     73150
2017 12 18  0      0.0    181.0   0.00000000   0.00000000    256.1   87.3      5.4     73120
2017 12 18  1      0.0    152.0   0.00000000   0.00000000    257.0   70.5      7.2     73100
2017 12 18  2      0.0    173.0   0.00000000   0.00000000    257.4   66.2      9.0     73060
2017 12 18  3      0.0    191.0   0.00000000   0.00000000    257.8   58.4      7.4     73030
2017 12 18  4      0.0    220.0   0.00000000   0.00000000    257.8   56.3      6.0     73000
2017 12 18  5      0.0    237.0   0.00000000   0.00000000    258.6   49.6      4.7     72960
2017 12 18  6      0.0    251.0   0.00008333   0.00000000    259.1   76.6      4.1     72950
2017 12 18  7     11.0    262.0   0.00027778   0.00000000    261.8   86.6      6.3     72920
2017 12 18  8     80.0    260.0   0.00008333   0.00000000    263.1   87.0     10.0     72920
2017 12 18  9    132.0    263.0   0.00016667   0.00000000    262.6   89.0      7.9     72950
2017 12 18 10    182.0    255.0   0.00008333   0.00000000    262.5   90.8      7.0     72960
2017 12 18 11    251.0    261.0   0.00013889   0.00000000    262.5   91.5      9.5     72960
2017 12 18 12    294.0    255.0   0.00005556   0.00000000    262.8   91.2      9.6     72950
2017 12 18 13    197.0    262.0   0.00000000   0.00000000    261.9   94.4      9.7     72960
2017 12 18 14     64.0    262.0   0.00002778   0.00000000    261.8   95.6      9.5     73010
2017 12 18 15      7.0    262.0   0.00000000   0.00000000    262.0   96.4      6.7     73070
2017 12 18 16      0.0    262.0   0.00000000   0.00000000    261.6   97.4      4.9     73120
2017 12 18 17      0.0    262.0   0.00002778   0.00000000    261.8   96.2      6.9     73170
2017 12 18 18      0.0    262.0   0.00002778   0.00000000    261.9   94.1     10.0     73210
2017 12 18 19      0.0    263.0   0.00000000   0.00000000    262.2   95.2      8.8     73270
2017 12 18 20      0.0    263.0   0.00000000   0.00000000    262.1   94.1      8.2     73310
2017 12 18 21      0.0    262.0   0.00000000   0.00000000    262.2   92.7      9.7     73350
2017 12 18 22      0.0    261.0   0.00000000   0.00000000    261.9   94.8      9.3     73380
2017 12 18 23      0.0    262.0   0.00000000   0.00000000    262.0   96.2      7.8     73410
2017 12 19  0      0.0    260.0   0.00000000   0.00000000    261.8   95.4      7.5     73430
2017 12 19  1      0.0    259.0   0.00000000   0.00000000    261.5   93.2      7.9     73460
2017 12 19  2      0.0    260.0   0.00000000   0.00000000    261.4   96.9      7.2     73500
2017 12 19  3      0.0    260.0   0.00000000   0.00000000    261.8   94.1      8.2     73510
2017 12 19  4      0.0    260.0   0.00000000   0.00000000    262.3   92.1      9.2     73510
2017 12 19  5      0.0    262.0   0.00000000   0.00000000    262.6   92.8     10.7     73530
2017 12 19  6      0.0    263.0   0.00000000   0.00000000    262.4   94.2      8.8     73580
2017 12 19  7      7.0    263.0   0.00000000   0.00000000    262.2   93.8      9.2     73650
2017 12 19  8     67.0    263.0   0.00002778   0.00000000    262.1   96.2      8.4     73710
2017 12 19  9    145.0    262.0   0.00000000   0.00000000    262.1   97.2      7.4     73770
2017 12 19 10    219.0    260.0   0.00000000   0.00000000    261.9   93.7      6.0     73800
2017 12 19 11    265.0    258.0   0.00000000   0.00000000    261.9   91.9      4.0     73800
2017 12 19 12    230.0    243.0   0.00000000   0.00000000    261.9   91.5      4.2     73780
2017 12 19 13    253.0    237.0   0.00000000   0.00000000    261.8   90.8      6.5     73800
2017 12 19 14    181.0    174.0   0.00000000   0.00000000    262.8   78.5      5.7     73790
2017 12 19 15     40.0    173.0   0.00000000   0.00000000    262.1   85.3     10.3     73780
2017 12 19 16      0.0    174.0   0.00000000   0.00000000    261.8   86.6     10.7     73800
2017 12 19 17      0.0    177.0   0.00000000   0.00000000    261.6   87.0      9.7     73820
2017 12 19 18      0.0    205.0   0.00000000   0.00000000    261.6   90.5      8.4     73830
2017 12 19 19      0.0    255.0   0.00000000   0.00000000    261.9   91.9      9.6     73820
2017 12 19 20      0.0    263.0   0.00000000   0.00000000    262.2   92.4      9.9     73850
2017 12 19 21      0.0    267.0   0.00005556   0.00000000    262.4   93.6      9.7     73830
2017 12 19 22      0.0    265.0   0.00005556   0.00000000    262.6   91.7     11.4     73820
2017 12 19 23      0.0    263.0   0.00002778   0.00000000    262.8   90.4     13.1     73790
2017 12 20  0      0.0    263.0   0.00000000   0.00000000    263.0   89.6     12.7     73780
2017 12 20  1      0.0    262.0   0.00002778   0.00000000    262.6   90.4     12.0     73770
2017 12 20  2      0.0    262.0   0.00002778   0.00000000    262.3   91.8     11.2     73770
2017 12 20  3      0.0    261.0   0.00000000   0.00000000    261.8   92.8     10.2     73740
2017 12 20  4      0.0    260.0   0.00000000   0.00000000    261.8   96.0      9.7     73730
2017 12 20  5      0.0    260.0   0.00008333   0.00000000    261.6   93.6     11.2     73750
2017 12 20  6      0.0    260.0   0.00002778   0.00000000    261.8   93.7     10.0     73780
2017 12 20  7      1.0    259.0   0.00000000   0.00000000    261.9   92.3      7.9     73810
2017 12 20  8     43.0    255.0   0.00000000   0.00000000    262.1   89.9      5.4     73840
2017 12 20  9    125.0    246.0   0.00000000   0.00000000    261.8   87.4      3.5     73880
2017 12 20 10    387.0    203.0   0.00000000   0.00000000    261.8   86.9      1.9     73900
2017 12 20 11    507.0    161.0   0.00000000   0.00000000    261.9   78.8      4.1     73870
2017 12 20 12    472.0    162.0   0.00000000   0.00000000    262.2   76.0      2.8     73860
2017 12 20 13    379.0    161.0   0.00000000   0.00000000    262.2   80.9      2.0     73840
2017 12 20 14    232.0    160.0   0.00000000   0.00000000    261.5   82.9      3.8     73870
2017 12 20 15     55.0    159.0   0.00000000   0.00000000    261.4   80.2      5.7     73900
2017 12 20 16      0.0    160.0   0.00000000   0.00000000    261.3   77.8      6.4     73920
2017 12 20 17      0.0    161.0   0.00000000   0.00000000    261.3   85.7      7.1     73960
2017 12 20 18      0.0    163.0   0.00000000   0.00000000    261.5   84.6      7.5     74000
2017 12 20 19      0.0    165.0   0.00000000   0.00000000    261.8   64.6      6.3     74030
2017 12 20 20      0.0    168.0   0.00000000   0.00000000    261.9   55.2      5.8     74060
2017 12 20 21      0.0    172.0   0.00000000   0.00000000    262.5   50.6      7.1     74070
2017 12 20 22      0.0    175.0   0.00000000   0.00000000    263.0   41.5      7.0     74100
2017 12 20 23      0.0    178.0   0.00000000   0.00000000    263.5   37.4      7.4     74140
2017 12 21  0      0.0    204.0   0.00000000   0.00000000    264.0   37.6      7.0     74160
2017 12 21  1      0.0    262.0   0.00000000   0.00000000    264.3   38.9      7.4     74170
2017 12 21  2      0.0    259.0   0.00000000   0.00000000    264.5   36.2      7.7     74200
2017 12 21  3      0.0    272.0   0.00000000   0.00000000    264.6   47.3      8.8     74200
2017 12 21  4      0.0    279.0   0.00000000   0.00000000    264.4   45.1      8.3     74230
2017 12 21  5      0.0    279.0   0.00000000   0.00000000    264.6   75.5      6.1     74270
2017 12 21  6      0.0    283.0   0.00000000   0.00000000    265.8   94.4      7.0     74300
2017 12 21  7      9.0    285.0   0.00000000   0.00000000    266.8   97.4      7.5     74350
2017 12 21  8     78.0    272.0   0.00008333   0.00000000    267.3   98.0      8.3     74390
2017 12 21  9    166.0    275.0   0.00002778   0.00000000    267.6   98.4      8.8     74420
2017 12 21 10    292.0    240.0   0.00000000   0.00000000    267.8   97.0      8.2     74450
2017 12 21 11    376.0    211.0   0.00000000   0.00000000    268.5   85.1      6.7     74450
2017 12 21 12    365.0    207.0   0.00000000   0.00000000    268.8   73.3      7.7     74420
2017 12 21 13    254.0    217.0   0.00000000   0.00000000    268.3   83.8      9.4     74400
2017 12 21 14    133.0    257.0   0.00000000   0.00000000    268.1   95.4      8.4     74400
2017 12 21 15     39.0    248.0   0.00000000   0.00000000    267.5   94.3      9.1     74410
2017 12 21 16      0.0    277.0   0.00002778   0.00000000    267.9   96.3      9.7     74400
2017 12 21 17      0.0    290.0   0.00022222   0.00000000    268.4  100.0      9.8     74390
2017 12 21 18      0.0    290.0   0.00038889   0.00000000    268.8  100.0     13.2     74380
2017 12 21 19      0.0    289.0   0.00025000   0.00000000    268.4  100.0     11.8     74400
2017 12 21 20      0.0    287.0   0.00019444   0.00000000    268.3  100.0     12.9     74400
2017 12 21 21      0.0    286.0   0.00011111   0.00000000    268.1   99.7     11.1     74420
2017 12 21 22      0.0    282.0   0.00016667   0.00000000    266.8   99.4     12.3     74430
2017 12 21 23      0.0    280.0   0.00002778   0.00000000    266.4   98.0      9.7     74420
2017 12 22  0      0.0    282.0   0.00000000   0.00000000    266.5   98.6     11.0     74390
2017 12 22  1      0.0    281.0   0.00000000   0.00000000    266.8   98.0     10.3     74370
2017 12 22  2      0.0    281.0   0.00000000   0.00000000    266.8   98.4     10.6     74350
2017 12 22  3      0.0    282.0   0.00000000   0.00000000    266.6   97.6      9.7     74330
2017 12 22  4      0.0    285.0   0.00002778   0.00000000    266.6   95.7      8.4     74330
2017 12 22  5      0.0    282.0   0.00002778   0.00000000    266.8   95.6      7.4     74350
2017 12 22  6      0.0    283.0   0.00002778   0.00000000    266.9   95.9      7.0     74370
2017 12 22  7      1.0    284.0   0.00000000   0.00000000    267.1   96.0      9.3     74370
2017 12 22  8     49.0    285.0   0.00005556   0.00000000    267.9   96.3      9.5     74390
2017 12 22  9    170.0    285.0   0.00005556   0.00000000    268.2   95.2      8.7     74400
2017 12 22 10    240.0    290.0   0.00011111   0.00000000    268.6   95.2      9.4     74370
2017 12 22 11    223.0    290.0   0.00016667   0.00000000    268.6   97.8     10.6     74340
2017 12 22 12    173.0    290.0   0.00030556   0.00000000    268.5   98.2     10.7     74310
2017 12 22 13    128.0    290.0   0.00025000   0.00000000    268.4   99.9      9.7     74290
2017 12 22 14     49.0    289.0   0.00016667   0.00000000    268.2   99.5      9.1     74290
2017 12 22 15      9.0    289.0   0.00008333   0.00000000    268.1   99.2      9.5     74300
2017 12 22 16      0.0    288.0   0.00005556   0.00000000    268.1   99.6     11.2     74290
2017 12 22 17      0.0    283.0   0.00002778   0.00000000    268.1   97.5     12.1     74300
2017 12 22 18      0.0    283.0   0.00005556   0.00000000    267.8   98.9     11.6     74320
2017 12 22 19      0.0    285.0   0.00008333   0.00000000    267.8   98.9     11.4     74350
2017 12 22 20      0.0    272.0   0.00002778   0.00000000    267.4   97.8     14.1     74350
2017 12 22 21      0.0    275.0   0.00000000   0.00000000    267.4   97.9     12.1     74390
2017 12 22 22      0.0    270.0   0.00000000   0.00000000    267.1   97.3      8.4     74400
2017 12 22 23      0.0    283.0   0.00002778   0.00000000    267.0   98.0      9.3     74410
2017 12 23  0      0.0    280.0   0.00000000   0.00000000    266.8   96.8      8.5     74410
2017 12 23  1      0.0    280.0   0.00000000   0.00000000    266.8   97.6      7.2     74410
2017 12 23  2      0.0    231.0   0.00000000   0.00000000    266.4   94.7      8.1     74370
2017 12 23  3      0.0    204.0   0.00000000   0.00000000    266.1   92.1      7.7     74350
2017 12 23  4      0.0    199.0   0.00000000   0.00000000    265.9   84.1      6.7     74340
2017 12 23  5      0.0    198.0   0.00000000   0.00000000    265.9   72.7      6.0     74350
2017 12 23  6      0.0    201.0   0.00000000   0.00000000    265.8   69.8      5.6     74360
2017 12 23  7      6.0    201.0   0.00000000   0.00000000    265.8   70.5      6.1     74390
2017 12 23  8    111.0    202.0   0.00000000   0.00000000    266.6   67.2      6.8     74430
2017 12 23  9    233.0    204.0   0.00000000   0.00000000    267.2   65.9      5.4     74470
2017 12 23 10    365.0    205.0   0.00000000   0.00000000    268.0   66.8      5.1     74510
2017 12 23 11    418.0    205.0   0.00000000   0.00000000    268.3   60.4      6.7     74500
2017 12 23 12    399.0    202.0   0.00000000   0.00000000    268.1   58.5      6.2     74500
2017 12 23 13    321.0    198.0   0.00000000   0.00000000    267.1   56.9      8.4     74490
2017 12 23 14    203.0    196.0   0.00000000   0.00000000    266.9   54.8      8.5     74520
2017 12 23 15     23.0    193.0   0.00000000   0.00000000    266.8   49.9      8.9     74530
2017 12 23 16      0.0    193.0   0.00000000   0.00000000    267.8   39.7      9.4     74540
2017 12 23 17      0.0    192.0   0.00000000   0.00000000    268.6   37.0      9.8     74540
2017 12 23 18      0.0    192.0   0.00000000   0.00000000    269.1   36.9      9.6     74560
2017 12 23 19      0.0    192.0   0.00000000   0.00000000    269.4   35.7      8.3     74570
2017 12 23 20      0.0    192.0   0.00000000   0.00000000    269.6   36.2      7.4     74570
2017 12 23 21      0.0    192.0   0.00000000   0.00000000    269.4   39.3      6.4     74570
2017 12 23 22      0.0    193.0   0.00000000   0.00000000    269.8   39.9      6.8     74570
2017 12 23 23      0.0    193.0   0.00000000   0.00000000    269.8   39.9      6.0     74560
2017 12 24  0      0.0    194.0   0.00000000   0.00000000    270.3   34.9      5.8     74550
2017 12 24  1      0.0    193.0   0.00000000   0.00000000    271.2   26.9      8.0     74540
2017 12 24  2      0.0    194.0   0.00000000   0.00000000    271.9   24.7      9.0     74530
2017 12 24  3      0.0    194.0   0.00000000   0.00000000    272.1   28.0      8.6     74500
2017 12 24  4      0.0    194.0   0.00000000   0.00000000    272.4   28.8      8.6     74470
2017 12 24  5      0.0    194.0   0.00000000   0.00000000    272.4   29.2      8.1     74450
2017 12 24  6      0.0    193.0   0.00000000   0.00000000    272.5   27.0      8.2     74450
2017 12 24  7     14.0    192.0   0.00000000   0.00000000    272.9   25.2      7.9     74440
2017 12 24  8    132.0    193.0   0.00000000   0.00000000    273.5   24.6      7.0     74450
2017 12 24  9    263.0    195.0   0.00000000   0.00000000    274.3   23.2      6.7     74460
2017 12 24 10    355.0    195.0   0.00000000   0.00000000    274.8   22.9      5.5     74460
2017 12 24 11    392.0    197.0   0.00000000   0.00000000    275.0   21.6      6.1     74420
2017 12 24 12    373.0    197.0   0.00000000   0.00000000    274.8   21.2      6.4     74370
2017 12 24 13    300.0    197.0   0.00000000   0.00000000    275.0   19.8      6.9     74350
2017 12 24 14    181.0    197.0   0.00000000   0.00000000    274.6   22.9      6.8     74320
2017 12 24 15     45.0    196.0   0.00000000   0.00000000    274.3   23.8      6.8     74300
2017 12 24 16      0.0    196.0   0.00000000   0.00000000    274.1   24.6      7.1     74290
2017 12 24 17      0.0    197.0   0.00000000   0.00000000    274.1   24.0      5.8     74290
2017 12 24 18      0.0    198.0   0.00000000   0.00000000    273.9   27.6      5.6     74300
2017 12 24 19      0.0    198.0   0.00000000   0.00000000    274.4   26.8      4.8     74290
2017 12 24 20      0.0    197.0   0.00000000   0.00000000    274.3   29.0      5.1     74270
2017 12 24 21      0.0    197.0   0.00000000   0.00000000    274.5   27.5      3.3     74260
2017 12 24 22      0.0    195.0   0.00000000   0.00000000    274.3   26.5      3.7     74240
2017 12 24 23      0.0    196.0   0.00000000   0.00000000    274.4   26.6      4.7     74220
2017 12 25  0      0.0    198.0   0.00000000   0.00000000    274.9   24.0      5.8     74190
2017 12 25  1      0.0    198.0   0.00000000   0.00000000    275.6   21.0      5.4     74170
2017 12 25  2      0.0    197.0   0.00000000   0.00000000    275.8   20.6      5.7     74140
2017 12 25  3      0.0    197.0   0.00000000   0.00000000    275.9   19.8      5.1     74110
2017 12 25  4      0.0    199.0   0.00000000   0.00000000    275.9   18.4      4.8     74080
2017 12 25  5      0.0    198.0   0.00000000   0.00000000    276.0   17.4      4.4     74050
2017 12 25  6      0.0    197.0   0.00000000   0.00000000    275.9   17.4      4.1     74030
2017 12 25  7     15.0    195.0   0.00000000   0.00000000    276.0   17.0      2.3     74010
2017 12 25  8    133.0    195.0   0.00000000   0.00000000    276.0   16.9      3.2     74000
2017 12 25  9    264.0    198.0   0.00000000   0.00000000    276.3   16.9      4.3     73990
2017 12 25 10    354.0    201.0   0.00000000   0.00000000    276.9   16.4      5.1     73970
2017 12 25 11    394.0    201.0   0.00000000   0.00000000    277.0   16.2      3.8     73890
2017 12 25 12    375.0    200.0   0.00000000   0.00000000    276.9   16.5      3.8     73810
2017 12 25 13    305.0    197.0   0.00000000   0.00000000    276.4   17.6      4.3     73750
2017 12 25 14    186.0    195.0   0.00000000   0.00000000    275.9   18.4      4.4     73700
2017 12 25 15     44.0    192.0   0.00000000   0.00000000    274.9   22.9      4.1     73660
2017 12 25 16      0.0    190.0   0.00000000   0.00000000    274.0   24.9      4.4     73620
2017 12 25 17      0.0    191.0   0.00000000   0.00000000    273.8   24.3      5.4     73570
2017 12 25 18      0.0    190.0   0.00000000   0.00000000    273.5   23.9      4.9     73530
2017 12 25 19      0.0    189.0   0.00000000   0.00000000    272.8   23.8      6.5     73480
2017 12 25 20      0.0    190.0   0.00000000   0.00000000    272.1   25.4      6.4     73430
2017 12 25 21      0.0    190.0   0.00000000   0.00000000    271.4   27.9      6.1     73390
2017 12 25 22      0.0    193.0   0.00000000   0.00000000    271.1   29.2      6.4     73340
2017 12 25 23      0.0    195.0   0.00000000   0.00000000    270.8   30.7      5.6     73280
2017 12 26  0      0.0    194.0   0.00000000   0.00000000    270.2   35.2      6.1     73210
2017 12 26  1      0.0    189.0   0.00000000   0.00000000    268.2   49.2      7.4     73140
2017 12 26  2      0.0    188.0   0.00000000   0.00000000    266.8   63.9      7.9     73080
2017 12 26  3      0.0    189.0   0.00000000   0.00000000    266.6   69.4      7.8     73010
2017 12 26  4      0.0    190.0   0.00000000   0.00000000    266.5   72.1      7.8     72950
2017 12 26  5      0.0    190.0   0.00000000   0.00000000    266.3   74.4      5.6     72900
2017 12 26  6      0.0    193.0   0.00000000   0.00000000    266.5   75.3      6.3     72880
2017 12 26  7      7.0    187.0   0.00000000   0.00000000    266.5   75.4      7.6     72840
2017 12 26  8    125.0    189.0   0.00000000   0.00000000    266.8   73.6      8.9     72810
2017 12 26  9    133.0    210.0   0.00000000   0.00000000    266.6   75.1      8.8     72810
2017 12 26 10    201.0    207.0   0.00000000   0.00000000    266.8   77.1      7.9     72770
2017 12 26 11    394.0    194.0   0.00000000   0.00000000    267.0   76.9      7.3     72720
2017 12 26 12    445.0    216.0   0.00000000   0.00000000    267.4   75.2      6.1     72650
2017 12 26 13    381.0    263.0   0.00000000   0.00000000    267.8   75.2      4.5     72610
2017 12 26 14    187.0    259.0   0.00000000   0.00000000    267.0   75.5      5.7     72560
2017 12 26 15     40.0    263.0   0.00000000   0.00000000    266.1   79.3      5.1     72530
2017 12 26 16      0.0    266.0   0.00000000   0.00000000    265.8   79.7      5.6     72500
2017 12 26 17      0.0    247.0   0.00000000   0.00000000    265.6   82.2      6.0     72440
2017 12 26 18      0.0    247.0   0.00000000   0.00000000    265.6   88.4      6.5     72380
2017 12 26 19      0.0    268.0   0.00005556   0.00000000    265.8   95.2      8.0     72280
2017 12 26 20      0.0    260.0   0.00000000   0.00000000    266.0   88.4      6.2     72200
2017 12 26 21      0.0    253.0   0.00000000   0.00000000    266.1   86.4      7.5     72120
2017 12 26 22      0.0    246.0   0.00000000   0.00000000    266.0   87.5      8.0     72050
2017 12 26 23      0.0    248.0   0.00000000   0.00000000    266.0   89.2      7.9     71950
2017 12 27  0      0.0    241.0   0.00000000   0.00000000    266.0   86.5      8.9     71850
2017 12 27  1      0.0    230.0   0.00000000   0.00000000    265.9   83.7     10.6     71760
2017 12 27  2      0.0    254.0   0.00000000   0.00000000    265.8   84.0      8.2     71660
2017 12 27  3      0.0    274.0   0.00000000   0.00000000    265.8   89.3      7.0     71550
2017 12 27  4      0.0    276.0   0.00002778   0.00000000    265.8   91.4      7.9     71450
2017 12 27  5      0.0    271.0   0.00000000   0.00000000    265.5   92.6      8.4     71390
2017 12 27  6      0.0    269.0   0.00000000   0.00000000    265.6   79.9      8.5     71350
2017 12 27  7      5.0    268.0   0.00000000   0.00000000    265.2   84.6      6.7     71320
2017 12 27  8     59.0    254.0   0.00000000   0.00000000    265.3   80.8      5.9     71250
2017 12 27  9    165.0    264.0   0.00000000   0.00000000    265.6   83.9      6.1     71210
2017 12 27 10    239.0    230.0   0.00000000   0.00000000    265.6   88.4      7.6     71110
2017 12 27 11    168.0    251.0   0.00000000   0.00000000    265.9   84.6     10.4     70970
2017 12 27 12    135.0    273.0   0.00000000   0.00000000    266.0   91.0      9.1     70900
2017 12 27 13    109.0    275.0   0.00005556   0.00000000    265.9   95.0      7.7     70840
2017 12 27 14     48.0    274.0   0.00008333   0.00000000    265.8   95.7      5.8     70790
2017 12 27 15     11.0    276.0   0.00013889   0.00000000    265.6   96.1      5.6     70750
2017 12 27 16      0.0    276.0   0.00025000   0.00000000    265.2   98.0      2.8     70710
2017 12 27 17      0.0    277.0   0.00036111   0.00000000    264.8   96.8      1.5     70720
2017 12 27 18      0.0    274.0   0.00036111   0.00000000    264.0   94.7      4.7     70730
2017 12 27 19      0.0    270.0   0.00061111   0.00000000    263.4   94.9     12.0     70710
2017 12 27 20      0.0    263.0   0.00080556   0.00000000    262.4   98.2     16.1     70690
2017 12 27 21      0.0    259.0   0.00033333   0.00000000    261.8   96.4     16.6     70710
2017 12 27 22      0.0    258.0   0.00038889   0.00000000    261.3  100.0     13.8     70750
2017 12 27 23      0.0    256.0   0.00036111   0.00000000    260.9   99.5     13.5     70780
2017 12 28  0      0.0    254.0   0.00025000   0.00000000    260.8  100.0     11.0     70790
2017 12 28  1      0.0    254.0   0.00027778   0.00000000    260.8   98.1     12.0     70820
2017 12 28  2      0.0    253.0   0.00019444   0.00000000    260.2   96.7     11.6     70860
2017 12 28  3      0.0    253.0   0.00022222   0.00000000    260.5  100.0     10.9     70900
2017 12 28  4      0.0    252.0   0.00022222   0.00000000    260.1   99.6     12.1     70920
2017 12 28  5      0.0    252.0   0.00022222   0.00000000    260.1  100.0     12.7     70960
2017 12 28  6      0.0    251.0   0.00027778   0.00000000    259.8  100.0     14.5     71000
2017 12 28  7      1.0    250.0   0.00019444   0.00000000    259.9  100.0     15.8     71060
2017 12 28  8     39.0    250.0   0.00019444   0.00000000    259.8  100.0     16.9     71110
2017 12 28  9     98.0    250.0   0.00022222   0.00000000    259.8  100.0     14.4     71200
2017 12 28 10    150.0    250.0   0.00022222   0.00000000    259.8  100.0     14.0     71230
2017 12 28 11    227.0    249.0   0.00022222   0.00000000    259.6  100.0     13.5     71250
2017 12 28 12    223.0    247.0   0.00019444   0.00000000    259.1  100.0     14.3     71250
2017 12 28 13    136.0    245.0   0.00016667   0.00000000    258.5  100.0     13.7     71290
2017 12 28 14     62.0    243.0   0.00016667   0.00000000    258.0   96.9     14.0     71370
2017 12 28 15     16.0    242.0   0.00008333   0.00000000    257.8   98.8     12.4     71440
2017 12 28 16      0.0    240.0   0.00005556   0.00000000    257.0   94.4     11.3     71500
2017 12 28 17      0.0    239.0   0.00005556   0.00000000    256.9   95.3     11.3     71540
2017 12 28 18      0.0    235.0   0.00008333   0.00000000    256.6   91.8     10.2     71600
2017 12 28 19      0.0    236.0   0.00011111   0.00000000    256.1   95.8      8.4     71660
2017 12 28 20      0.0    237.0   0.00002778   0.00000000    255.8   95.7      9.7     71720
2017 12 28 21      0.0    236.0   0.00002778   0.00000000    255.6   95.0      9.8     71760
2017 12 28 22      0.0    235.0   0.00002778   0.00000000    255.7   92.7     10.7     71810
2017 12 28 23      0.0    232.0   0.00005556   0.00000000    255.6   90.6     10.2     71860
2017 12 29  0      0.0    236.0   0.00002778   0.00000000    255.8   94.0      9.4     71900
2017 12 29  1      0.0    237.0   0.00000000   0.00000000    255.6   95.8      8.0     71960
2017 12 29  2      0.0    237.0   0.00000000   0.00000000    255.7   95.4      8.3     72000
2017 12 29  3      0.0    235.0   0.00002778   0.00000000    255.4   96.7      8.2     72030
2017 12 29  4      0.0    219.0   0.00000000   0.00000000    255.0   89.6      7.9     72050
2017 12 29  5      0.0    217.0   0.00000000   0.00000000    254.4   95.1      4.9     72080
2017 12 29  6      0.0    197.0   0.00000000   0.00000000    254.1   89.3      4.6     72110
2017 12 29  7     27.0    131.0   0.00000000   0.00000000    254.4   78.5      3.6     72120
2017 12 29  8    195.0    131.0   0.00000000   0.00000000    256.3   45.3      3.7     72150
2017 12 29  9    330.0    133.0   0.00000000   0.00000000    257.1   36.1      2.8     72170
2017 12 29 10    395.0    136.0   0.00000000   0.00000000    258.3   26.0      2.9     72180
2017 12 29 11    417.0    137.0   0.00000000   0.00000000    259.3   19.3      5.2     72150
2017 12 29 12    389.0    151.0   0.00000000   0.00000000    259.1   23.5      4.3     72160
2017 12 29 13    258.0    171.0   0.00000000   0.00000000    258.8   25.5      4.6     72180
2017 12 29 14    114.0    202.0   0.00000000   0.00000000    260.6   28.0      6.4     72200
2017 12 29 15     23.0    233.0   0.00000000   0.00000000    260.6   36.5      4.6     72220
2017 12 29 16      0.0    251.0   0.00000000   0.00000000    261.1   40.5      4.2     72210
2017 12 29 17      0.0    251.0   0.00000000   0.00000000    261.8   57.8      5.3     72240
2017 12 29 18      0.0    252.0   0.00000000   0.00000000    261.9   74.9      6.1     72220
2017 12 29 19      0.0    261.0   0.00011111   0.00000000    262.0   88.9      5.6     72180
2017 12 29 20      0.0    265.0   0.00013889   0.00000000    262.9   91.5      6.4     72150
2017 12 29 21      0.0    269.0   0.00097222   0.00000000    262.8   91.3      5.8     72150
2017 12 29 22      0.0    262.0   0.00075000   0.00000000    261.8   98.7     12.0     72280
2017 12 29 23      0.0    259.0   0.00041667   0.00000000    261.6   98.9     15.5     72300
2017 12 30  0      0.0    258.0   0.00016667   0.00000000    261.8  100.0     14.4     72340
2017 12 30  1      0.0    253.0   0.00002778   0.00000000    261.9  100.0      6.4     72450
2017 12 30  2      0.0    250.0   0.00000000   0.00000000    261.3  100.0      5.3     72490
2017 12 30  3      0.0    244.0   0.00000000   0.00000000    261.2   74.4      4.8     72460
2017 12 30  4      0.0    260.0   0.00033333   0.00000000    261.8   86.9      7.6     72470
2017 12 30  5      0.0    265.0   0.00036111   0.00000000    262.5   85.9      4.6     72490
2017 12 30  6      0.0    268.0   0.00036111   0.00000000    262.1   90.9      5.8     72510
2017 12 30  7      1.0    274.0   0.00058333   0.00000000    264.1   92.2      7.6     72550
2017 12 30  8     35.0    278.0   0.00030556   0.00000000    265.5   94.0      6.4     72560
2017 12 30  9     91.0    282.0   0.00038889   0.00000000    265.8   97.3      5.9     72580
2017 12 30 10    128.0    286.0   0.00041667   0.00000000    267.3   96.0      7.3     72640
2017 12 30 11    144.0    293.0   0.00033333   0.00000000    269.0   93.9     10.1     72700
2017 12 30 12    123.0    296.0   0.00027778   0.00000000    270.0   93.6      9.0     72760
2017 12 30 13     87.0    297.0   0.00016667   0.00000000    270.2   92.4      8.7     72830
2017 12 30 14     40.0    297.0   0.00016667   0.00000000    270.3   92.2      9.2     72930
2017 12 30 15      4.0    295.0   0.00008333   0.00000000    269.9   92.5      7.2     73030
2017 12 30 16      0.0    295.0   0.00002778   0.00000000    269.8   95.5      6.3     73100
2017 12 30 17      0.0    294.0   0.00005556   0.00000000    269.9   90.3      8.0     73160
2017 12 30 18      0.0    297.0   0.00038889   0.00000000    270.2   92.3      6.2     73200
2017 12 30 19      0.0    297.0   0.00030556   0.00000000    270.1   96.8      5.4     73210
2017 12 30 20      0.0    298.0   0.00036111   0.00000000    270.1   98.3      5.2     73250
2017 12 30 21      0.0    302.0   0.00050000   0.00000000    271.0   97.7      8.1     73300
2017 12 30 22      0.0    303.0   0.00013889   0.00000000    271.5   93.5      9.0     73340
2017 12 30 23      0.0    288.0   0.00008333   0.00000000    271.6   92.8      7.1     73350
2017 12 31  0      0.0    279.0   0.00000000   0.00000000    271.5   89.4      5.8     73360
2017 12 31  1      0.0    239.0   0.00000000   0.00000000    270.3   95.5      3.7     73360
2017 12 31  2      0.0    242.0   0.00000000   0.00000000    270.1   95.4      3.1     73370
2017 12 31  3      0.0    262.0   0.00000000   0.00000000    269.0   99.0      5.5     73380
2017 12 31  4      0.0    211.0   0.00000000   0.00000000    268.8   88.3      1.8     73370
2017 12 31  5      0.0    190.0   0.00000000   0.00000000    268.9   89.6      3.3     73400
2017 12 31  6      0.0    194.0   0.00000000   0.00000000    270.2   65.1      4.5     73400
2017 12 31  7     13.0    195.0   0.00000000   0.00000000    271.3   46.7      5.4     73420
2017 12 31  8    131.0    196.0   0.00000000   0.00000000    272.8   32.3      5.4     73430
2017 12 31  9    264.0    198.0   0.00000000   0.00000000    273.9   25.9      4.0     73450
2017 12 31 10    361.0    202.0   0.00000000   0.00000000    274.6   24.5      4.6     73430
2017 12 31 11    399.0    205.0   0.00000000   0.00000000    275.2   21.6      5.6     73390
2017 12 31 12    404.0    212.0   0.00000000   0.00000000    275.4   21.4      8.1     73340
2017 12 31 13    329.0    209.0   0.00000000   0.00000000    275.5   21.6      7.0     73290
2017 12 31 14    135.0    207.0   0.00000000   0.00000000    275.4   20.9      7.3     73230
2017 12 31 15     37.0    208.0   0.00000000   0.00000000    275.1   23.9      7.2     73180
2017 12 31 16      0.0    207.0   0.00000000   0.00000000    274.8   26.6      7.0     73130
2017 12 31 17      0.0    217.0   0.00000000   0.00000000    274.6   28.0      8.3     73080
2017 12 31 18      0.0    235.0   0.00000000   0.00000000    274.9   24.7      7.3     73040
2017 12 31 19      0.0    226.0   0.00000000   0.00000000    274.5   27.5      5.9     73030
2017 12 31 20      0.0    218.0   0.00000000   0.00000000    274.2   28.0      6.2     72980
2017 12 31 21      0.0    207.0   0.00000000   0.00000000    273.5   30.9      7.1     72920
2017 12 31 22      0.0    205.0   0.00000000   0.00000000    271.5   41.4      3.6     72890
2017 12 31 23      0.0    205.0   0.00000000   0.00000000    269.3   55.4      2.4     72850
2018  1  1  0      0.0    197.0   0.00000000   0.00000000    268.2   64.6      3.1     72830
2018  1  1  1      0.0    196.0   0.00000000   0.00000000    267.0   79.4      3.8     72770
2018  1  1  2      0.0    205.0   0.00000000   0.00000000    266.5   84.7      4.9     72770
2018  1  1  3      0.0    275.0   0.00000000   0.00000000    266.8   87.4      5.3     72770
2018  1  1  4      0.0    281.0   0.00002778   0.00000000    267.1   87.3      5.6     72730
2018  1  1  5      0.0    279.0   0.00013889   0.00000000    265.8   95.2      7.7     72700
2018  1  1  6      0.0    271.0   0.00061111   0.00000000    264.4  100.0     13.3     72670
2018  1  1  7      0.0    269.0   0.00022222   0.00000000    264.1  100.0     10.0     72730
2018  1  1  8      3.0    261.0   0.00008333   0.00000000    264.8   92.5      6.3     72790
2018  1  1  9     61.0    247.0   0.00000000   0.00000000    263.8   79.1      5.8     72790
2018  1  1 10    138.0    262.0   0.00000000   0.00000000    263.3   93.2      5.8     72810
2018  1  1 11    157.0    265.0   0.00000000   0.00000000    263.1   96.6      4.7     72750
2018  1  1 12    241.0    209.0   0.00000000   0.00000000    262.8   91.4      4.9     72660
2018  1  1 13    378.0    168.0   0.00000000   0.00000000    263.1   83.3      1.7     72600
2018  1  1 14    282.0    164.0   0.00000000   0.00000000    263.9   71.5      4.3     72530
2018  1  1 15    136.0    167.0   0.00000000   0.00000000    264.0   60.6      6.2     72450
2018  1  1 16     11.0    179.0   0.00000000   0.00000000    264.8   42.1      6.7     72400
2018  1  1 17      0.0    193.0   0.00000000   0.00000000    266.1   40.3      6.6     72330
2018  1  1 18      0.0    225.0   0.00000000   0.00000000    266.6   36.7      5.7     72290
2018  1  1 19      0.0    225.0   0.00000000   0.00000000    267.1   44.5      7.2     72260
2018  1  1 20      0.0    250.0   0.00000000   0.00000000    266.6   49.7      5.9     72260
2018  1  1 21      0.0    260.0   0.00000000   0.00000000    265.8   54.6      8.5     72320
2018  1  1 22      0.0    252.0   0.00000000   0.00000000    265.2   64.3      6.0     72340
2018  1  1 23      0.0    273.0   0.00033333   0.00000000    264.6   87.2      4.6     72360
2018  1  2  0      0.0    273.0   0.00091667   0.00000000    264.3   91.8      7.2     72390
2018  1  2  1      0.0    266.0   0.00038889   0.00000000    263.4   98.3     16.8     72390
2018  1  2  2      0.0    251.0   0.00000000   0.00000000    262.6   93.6     15.5     72420
2018  1  2  3      0.0    260.0   0.00016667   0.00000000    262.5   99.5     12.8     72430
2018  1  2  4      0.0    259.0   0.00011111   0.00000000    262.6   96.7     10.1     72490
2018  1  2  5      0.0    261.0   0.00025000   0.00000000    262.2   99.8     12.9     72520
2018  1  2  6      0.0    260.0   0.00016667   0.00000000    262.4  100.0     11.0     72560
2018  1  2  7      0.0    261.0   0.00011111   0.00000000    262.1   97.0     13.9     72560
2018  1  2  8      8.0    261.0   0.00013889   0.00000000    262.6  100.0     14.9     72600
2018  1  2  9     94.0    259.0   0.00002778   0.00000000    262.5   98.3     13.0     72660
2018  1  2 10    163.0    261.0   0.00019444   0.00000000    262.5  100.0     14.4     72730
2018  1  2 11    195.0    259.0   0.00005556   0.00000000    262.6   98.1      8.2     72830
2018  1  2 12    164.0    260.0   0.00011111   0.00000000    261.4   93.5      7.9     72830
2018  1  2 13    214.0    256.0   0.00000000   0.00000000    261.1   93.3      7.8     72830
2018  1  2 14    164.0    252.0   0.00002778   0.00000000    261.1   88.9      8.1     72850
2018  1  2 15     71.0    230.0   0.00000000   0.00000000    260.8   82.2      7.3     72890
2018  1  2 16      5.0    240.0   0.00000000   0.00000000    260.6   87.1      6.5     72930
2018  1  2 17      0.0    206.0   0.00000000   0.00000000    260.3   87.2      3.9     72950
2018  1  2 18      0.0    194.0   0.00000000   0.00000000    260.5   82.4      5.4     72930
2018  1  2 19      0.0    237.0   0.00000000   0.00000000    261.9   55.2      6.1     72960
2018  1  2 20      0.0    256.0   0.00000000   0.00000000    261.8   64.7      6.5     72990
2018  1  2 21      0.0    266.0   0.00008333   0.00000000    262.2   77.4      4.2     72960
2018  1  2 22      0.0    279.0   0.00019444   0.00000000    265.9   86.4      5.3     72920
2018  1  2 23      0.0    288.0   0.00050000   0.00000000    267.9   89.5      6.9     72900
2018  1  3  0      0.0    289.0   0.00063889   0.00000000    268.3   92.7      7.8     72910
2018  1  3  1      0.0    292.0   0.00047222   0.00000000    269.2   97.0      7.8     72900
2018  1  3  2      0.0    293.0   0.00038889   0.00000000    269.2   99.6      7.2     72900
2018  1  3  3      0.0    293.0   0.00022222   0.00000000    269.1   98.2      6.4     72870
2018  1  3  4      0.0    284.0   0.00002778   0.00000000    269.4   88.3      7.4     72840
2018  1  3  5      0.0    288.0   0.00002778   0.00000000    269.9   82.9      7.9     72760
2018  1  3  6      0.0    276.0   0.00000000   0.00000000    270.2   82.5      7.4     72690
2018  1  3  7      0.0    266.0   0.00000000   0.00000000    270.6   81.6      9.5     72570
2018  1  3  8     10.0    279.0   0.00000000   0.00000000    271.3   74.8      8.8     72470
2018  1  3  9     56.0    287.0   0.00000000   0.00000000    271.3   80.6     10.5     72330
2018  1  3 10     91.0    292.0   0.00002778   0.00000000    271.6   80.2     12.1     72200
2018  1  3 11     80.0    294.0   0.00019444   0.00000000    270.6   88.8     12.6     72090
2018  1  3 12     77.0    296.0   0.00077778   0.00000000    270.3   98.2     12.6     72080
2018  1  3 13     70.0    281.0   0.00191667   0.00000000    266.1  100.0     19.0     72050
2018  1  3 14     67.0    268.0   0.00105556   0.00000000    263.6  100.0     17.7     72170
2018  1  3 15     27.0    267.0   0.00086111   0.00000000    263.9  100.0     15.0     72250
2018  1  3 16      4.0    266.0   0.00036111   0.00000000    263.8  100.0     15.4     72260
2018  1  3 17      0.0    263.0   0.00008333   0.00000000    263.9  100.0     11.3     72340
2018  1  3 18      0.0    264.0   0.00011111   0.00000000    265.0  100.0      9.5     72310
2018  1  3 19      0.0    267.0   0.00033333   0.00000000    265.9  100.0      9.0     72300
2018  1  3 20      0.0    268.0   0.00044444   0.00000000    266.4  100.0      7.8     72340
2018  1  3 21      0.0    267.0   0.00055556   0.00000000    266.2  100.0      7.9     72410
2018  1  3 22      0.0    264.0   0.00022222   0.00000000    265.5   98.5      9.0     72400
2018  1  3 23      0.0    267.0   0.00036111   0.00000000    264.9   96.5     10.2     72340
2018  1  4  0      0.0    267.0   0.00033333   0.00000000    264.8   95.4      7.1     72370
2018  1  4  1      0.0    266.0   0.00008333   0.00000000    263.4   91.3      8.2     72340
2018  1  4  2      0.0    268.0   0.00036111   0.00000000    263.3   95.9      9.0     72340
2018  1  4  3      0.0    267.0   0.00011111   0.00000000    263.1   96.5      9.3     72300
2018  1  4  4      0.0    268.0   0.00013889   0.00000000    263.2   96.5      4.2     72300
2018  1  4  5      0.0    275.0   0.00036111   0.00000000    265.0   94.8      8.0     72320
2018  1  4  6      0.0    278.0   0.00033333   0.00000000    266.0   91.9      7.9     72320
2018  1  4  7      0.0    281.0   0.00038889   0.00000000    266.8   92.8      8.0     72340
2018  1  4  8     45.2    284.0   0.00036111   0.00000000    267.4   90.3      6.5     72350
2018  1  4  9     27.0    287.0   0.00047222   0.00000000    267.9   91.0      5.6     72380
2018  1  4 10     65.0    292.0   0.00066667   0.00000000    268.8   92.3      8.1     72400
2018  1  4 11     88.0    296.0   0.00072222   0.00000000    269.9   99.8     10.5     72390
2018  1  4 12    109.0    301.0   0.00127778   0.00000000    270.9   99.2     12.2     72390
2018  1  4 13     95.0    303.0   0.00133333   0.00000000    271.2   97.2     11.8     72400
2018  1  4 14     81.0    303.0   0.00144444   0.00000000    271.4   97.7     13.6     72430
2018  1  4 15     40.0    303.0   0.00147222   0.00000000    271.5   97.3     12.6     72490
2018  1  4 16      4.0    306.0   0.00130556   0.00000000    271.8   97.6     12.4     72500
2018  1  4 17      0.0    304.0   0.00102778   0.00000000    271.8   96.8     12.5     72500
2018  1  4 18      0.0    303.0   0.00088889   0.00000000    271.8   96.2     11.9     72500
2018  1  4 19      0.0    303.0   0.00052778   0.00000000    271.4   96.5     10.4     72490
2018  1  4 20      0.0    294.0   0.00016667   0.00000000    271.8   90.8     10.1     72480
2018  1  4 21      0.0    293.0   0.00000000   0.00000000    271.8   82.6     10.8     72460
2018  1  4 22      0.0    296.0   0.00002778   0.00000000    271.5   85.7      9.2     72510
2018  1  4 23      0.0    296.0   0.00000000   0.00000000    271.3   85.7      6.9     72520
2018  1  5  0      0.0    297.0   0.00002778   0.00000000    271.2   87.1     10.0     72510
2018  1  5  1      0.0    296.0   0.00000000   0.00000000    271.1   89.9     11.1     72530
2018  1  5  2      0.0    282.0   0.00000000   0.00000000    271.1   88.8      7.4     72540
2018  1  5  3      0.0    265.0   0.00000000   0.00000000    270.3   93.9      7.7     72550
2018  1  5  4      0.0    239.0   0.00000000   0.00000000    270.3   83.5      6.9     72540
2018  1  5  5      0.0    231.0   0.00000000   0.00000000    270.0   83.2      4.6     72550
2018  1  5  6      0.0    214.0   0.00000000   0.00000000    269.6   84.9      4.0     72550
2018  1  5  7      0.0    209.0   0.00000000   0.00000000    269.6   81.4      2.9     72570
2018  1  5  8     40.0    207.0   0.00000000   0.00000000    269.6   82.5      4.6     72560
2018  1  5  9    175.0    210.0   0.00000000   0.00000000    270.8   67.3      5.7     72570
2018  1  5 10    205.0    229.0   0.00000000   0.00000000    271.5   57.2      8.0     72590
2018  1  5 11    214.0    238.0   0.00000000   0.00000000    272.1   54.6      9.2     72550
2018  1  5 12    383.0    221.0   0.00000000   0.00000000    273.0   49.9      9.1     72510
2018  1  5 13    222.0    249.0   0.00000000   0.00000000    272.6   53.4      9.0     72520
2018  1  5 14    153.0    260.0   0.00000000   0.00000000    272.2   60.5      8.7     72530
2018  1  5 15    104.0    267.0   0.00000000   0.00000000    272.0   63.9      7.7     72540
2018  1  5 16     24.0    257.0   0.00000000   0.00000000    271.8   67.4      7.1     72540
2018  1  5 17      0.0    237.0   0.00000000   0.00000000    271.8   68.5      7.6     72520
2018  1  5 18      0.0    212.0   0.00000000   0.00000000    271.2   70.2      5.0     72510
2018  1  5 19      0.0    211.0   0.00000000   0.00000000    271.6   68.7      7.7     72520
2018  1  5 20      0.0    216.0   0.00000000   0.00000000    271.2   70.5      5.9     72530
2018  1  5 21      0.0    211.0   0.00000000   0.00000000    270.8   74.3      6.7     72530
2018  1  5 22      0.0    212.0   0.00000000   0.00000000    270.2   76.4      6.5     72550
2018  1  5 23      0.0    223.0   0.00000000   0.00000000    270.0   79.2      8.3     72550
2018  1  6  0      0.0    254.0   0.00000000   0.00000000    269.8   83.0      8.1     72550
2018  1  6  1      0.0    243.0   0.00000000   0.00000000    269.5   83.5      8.8     72530
2018  1  6  2      0.0    210.0   0.00000000   0.00000000    269.6   81.5      9.5     72530
2018  1  6  3      0.0    205.0   0.00000000   0.00000000    269.4   78.2      7.7     72520
2018  1  6  4      0.0    206.0   0.00000000   0.00000000    269.0   76.5      5.0     72500
2018  1  6  5      0.0    206.0   0.00000000   0.00000000    268.8   77.5      5.9     72510
2018  1  6  6      0.0    211.0   0.00000000   0.00000000    268.4   77.2      7.3     72520
2018  1  6  7      0.0    195.0   0.00000000   0.00000000    268.5   74.7      8.9     72510
2018  1  6  8     33.0    194.0   0.00000000   0.00000000    268.8   71.1     11.0     72530
2018  1  6  9    183.0    198.0   0.00000000   0.00000000    269.2   70.7     11.1     72590
2018  1  6 10    213.0    203.0   0.00000000   0.00000000    269.3   72.4     10.9     72630
2018  1  6 11    245.0    201.0   0.00000000   0.00000000    269.4   73.8     10.0     72650
2018  1  6 12    205.0    213.0   0.00000000   0.00000000    269.1   76.8      8.9     72680
2018  1  6 13    152.0    217.0   0.00000000   0.00000000    268.9   73.5      8.2     72690
2018  1  6 14    102.0    242.0   0.00000000   0.00000000    268.9   75.0      7.6     72710
2018  1  6 15     85.0    225.0   0.00000000   0.00000000    268.9   76.4      7.4     72750
2018  1  6 16     23.0    226.0   0.00000000   0.00000000    268.8   76.7      7.1     72790
2018  1  6 17      0.0    209.0   0.00000000   0.00000000    268.8   72.3      7.6     72810
2018  1  6 18      0.0    211.0   0.00000000   0.00000000    268.8   74.7      5.8     72850
2018  1  6 19      0.0    244.0   0.00000000   0.00000000    268.8   77.1      3.9     72900
2018  1  6 20      0.0    217.0   0.00000000   0.00000000    268.8   78.4      5.9     72940
2018  1  6 21      0.0    216.0   0.00000000   0.00000000    269.1   73.8      5.8     72980
2018  1  6 22      0.0    213.0   0.00000000   0.00000000    268.8   74.2      5.9     73020
2018  1  6 23      0.0    217.0   0.00000000   0.00000000    268.8   72.9      5.8     73060
2018  1  7  0      0.0    241.0   0.00000000   0.00000000    268.9   70.8      5.1     73080
2018  1  7  1      0.0    240.0   0.00000000   0.00000000    268.8   73.2      5.0     73070
2018  1  7  2      0.0    233.0   0.00000000   0.00000000    268.8   74.1      7.0     73080
2018  1  7  3      0.0    254.0   0.00000000   0.00000000    268.5   79.1      5.5     73110
2018  1  7  4      0.0    268.0   0.00000000   0.00000000    268.5   83.1      3.8     73130
2018  1  7  5      0.0    242.0   0.00000000   0.00000000    268.4   81.6      5.6     73140
2018  1  7  6      0.0    232.0   0.00000000   0.00000000    268.3   79.9      7.7     73140
2018  1  7  7      0.0    230.0   0.00000000   0.00000000    268.1   77.7      7.0     73180
2018  1  7  8     24.0    221.0   0.00000000   0.00000000    268.6   72.8      6.9     73240
2018  1  7  9    150.0    215.0   0.00000000   0.00000000    269.0   74.1      8.7     73290
2018  1  7 10    154.0    253.0   0.00000000   0.00000000    269.3   78.0      8.3     73350
2018  1  7 11    205.0    237.0   0.00000000   0.00000000    269.1   85.1      6.6     73340
2018  1  7 12    188.0    246.0   0.00000000   0.00000000    269.5   86.3      7.0     73310
2018  1  7 13    217.0    269.0   0.00000000   0.00000000    269.8   82.6      7.9     73300
2018  1  7 14    231.0    280.0   0.00000000   0.00000000    269.6   79.9      7.8     73310
2018  1  7 15    153.0    249.0   0.00000000   0.00000000    269.2   77.3      7.3     73340
2018  1  7 16     29.0    241.0   0.00000000   0.00000000    268.8   77.5      5.5     73360
2018  1  7 17      0.0    251.0   0.00000000   0.00000000    269.0   75.2      7.6     73380
2018  1  7 18      0.0    208.0   0.00000000   0.00000000    268.9   74.1      7.1     73430
2018  1  7 19      0.0    201.0   0.00000000   0.00000000    268.8   72.5      7.5     73460
2018  1  7 20      0.0    198.0   0.00000000   0.00000000    268.2   68.1      8.4     73490
2018  1  7 21      0.0    200.0   0.00000000   0.00000000    267.9   69.5      6.9     73510
2018  1  7 22      0.0    200.0   0.00000000   0.00000000    267.8   70.5      5.0     73550
2018  1  7 23      0.0    221.0   0.00000000   0.00000000    268.1   68.5      3.7     73590
2018  1  8  0      0.0    256.0   0.00000000   0.00000000    268.1   73.1      3.7     73600
2018  1  8  1      0.0    271.0   0.00000000   0.00000000    268.4   73.5      3.5     73610
2018  1  8  2      0.0    275.0   0.00000000   0.00000000    268.2   78.8      4.7     73620
2018  1  8  3      0.0    236.0   0.00000000   0.00000000    267.9   81.7      5.0     73620
2018  1  8  4      0.0    225.0   0.00000000   0.00000000    267.8   84.5      5.6     73640
2018  1  8  5      0.0    226.0   0.00000000   0.00000000    267.6   85.3      5.4     73640
2018  1  8  6      0.0    242.0   0.00000000   0.00000000    267.9   82.9      4.7     73620
2018  1  8  7      0.0    207.0   0.00000000   0.00000000    267.9   77.8      6.0     73620
2018  1  8  8     26.0    199.0   0.00000000   0.00000000    267.8   75.1      8.0     73600
2018  1  8  9    178.0    200.0   0.00000000   0.00000000    268.8   72.2     12.3     73560
2018  1  8 10    298.0    202.0   0.00000000   0.00000000    269.5   70.1     13.6     73550
2018  1  8 11    374.0    203.0   0.00000000   0.00000000    269.8   73.4     12.5     73550
2018  1  8 12    410.0    208.0   0.00000000   0.00000000    270.5   69.5      9.8     73550
2018  1  8 13    360.0    207.0   0.00000000   0.00000000    270.4   69.7      9.5     73510
2018  1  8 14    244.0    210.0   0.00000000   0.00000000    270.0   71.6      8.8     73480
2018  1  8 15     65.0    222.0   0.00000000   0.00000000    269.3   76.0     10.3     73470
2018  1  8 16     11.0    218.0   0.00000000   0.00000000    269.4   76.3     10.2     73500
2018  1  8 17      0.0    236.0   0.00000000   0.00000000    269.4   75.1     11.7     73510
2018  1  8 18      0.0    244.0   0.00000000   0.00000000    269.5   71.8     11.1     73510
2018  1  8 19      0.0    248.0   0.00000000   0.00000000    269.5   70.2     12.9     73490
2018  1  8 20      0.0    244.0   0.00000000   0.00000000    269.6   67.9     12.3     73490
2018  1  8 21      0.0    234.0   0.00000000   0.00000000    269.6   69.2     12.7     73470
2018  1  8 22      0.0    234.0   0.00000000   0.00000000    269.9   66.1     14.6     73420
2018  1  8 23      0.0    238.0   0.00000000   0.00000000    270.1   66.5     16.0     73390
2018  1  9  0      0.0    240.0   0.00000000   0.00000000    269.8   72.8     13.4     73310
2018  1  9  1      0.0    252.0   0.00000000   0.00000000    270.1   72.6     11.7     73250
2018  1  9  2      0.0    267.0   0.00000000   0.00000000    269.5   83.3     12.0     73190
2018  1  9  3      0.0    292.0   0.00005556   0.00000000    269.1   95.7     11.0     73140
2018  1  9  4      0.0    294.0   0.00133333   0.00000000    269.1   97.5      6.1     73150
2018  1  9  5      0.0    293.0   0.00188889   0.00000000    268.8   97.5      7.0     73130
2018  1  9  6      0.0    282.0   0.00000000   0.00000000    268.4   97.9      7.3     73090
2018  1  9  7      0.0    286.0   0.00025000   0.00000000    267.8   97.9      7.9     73080
2018  1  9  8     17.0    231.0   0.00000000   0.00000000    267.3   89.0      9.6     73060
2018  1  9  9    168.0    230.0   0.00000000   0.00000000    267.3   81.0      9.0     73120
2018  1  9 10    226.0    224.0   0.00002778   0.00000000    267.1   78.7     14.9     73080
2018  1  9 11    411.0    196.0   0.00000000   0.00000000    267.5   73.7     14.5     73040
2018  1  9 12    403.0    190.0   0.00000000   0.00000000    267.3   73.0     13.0     73020
2018  1  9 13    359.0    192.0   0.00000000   0.00000000    267.4   71.2     10.9     72990
2018  1  9 14    270.0    192.0   0.00000000   0.00000000    267.3   66.5      8.8     72970
2018  1  9 15    163.0    198.0   0.00000000   0.00000000    267.0   68.4      7.4     72940
2018  1  9 16     16.0    252.0   0.00000000   0.00000000    266.2   78.8      6.8     72960
2018  1  9 17      0.0    207.0   0.00000000   0.00000000    265.9   81.6      7.0     72970
2018  1  9 18      0.0    203.0   0.00000000   0.00000000    265.8   75.7      7.5     72990
2018  1  9 19      0.0    203.0   0.00000000   0.00000000    266.0   70.0      8.5     72990
2018  1  9 20      0.0    200.0   0.00000000   0.00000000    265.5   76.1      7.5     73000
2018  1  9 21      0.0    212.0   0.00000000   0.00000000    265.6   80.9      7.1     73000
2018  1  9 22      0.0    233.0   0.00000000   0.00000000    265.9   80.0      6.6     73010
2018  1  9 23      0.0    213.0   0.00000000   0.00000000    265.8   81.4      6.9     73000
2018  1 10  0      0.0    211.0   0.00000000   0.00000000    265.5   80.1      6.7     72980
2018  1 10  1      0.0    209.0   0.00000000   0.00000000    265.5   78.7      7.0     72950
2018  1 10  2      0.0    187.0   0.00000000   0.00000000    265.4   80.3      6.2     72930
2018  1 10  3      0.0    188.0   0.00000000   0.00000000    265.4   86.3      6.7     72910
2018  1 10  4      0.0    187.0   0.00000000   0.00000000    265.3   87.7      6.7     72880
2018  1 10  5      0.0    182.0   0.00000000   0.00000000    264.9   82.7      6.5     72860
2018  1 10  6      0.0    180.0   0.00000000   0.00000000    264.8   78.9      4.8     72850
2018  1 10  7      0.0    179.0   0.00000000   0.00000000    264.6   75.8      4.0     72840
2018  1 10  8     51.0    180.0   0.00000000   0.00000000    264.8   76.3      3.6     72840
2018  1 10  9    184.0    178.0   0.00000000   0.00000000    264.8   75.9      3.4     72830
2018  1 10 10    301.0    178.0   0.00000000   0.00000000    265.5   59.6      4.8     72810
2018  1 10 11    337.0    183.0   0.00000000   0.00000000    265.2   62.7      5.1     72770
2018  1 10 12    368.0    193.0   0.00000000   0.00000000    264.9   72.8      5.6     72710
2018  1 10 13    304.0    201.0   0.00000000   0.00000000    264.8   78.5      4.9     72670
2018  1 10 14    253.0    190.0   0.00000000   0.00000000    264.9   78.8      6.6     72650
2018  1 10 15    155.0    193.0   0.00000000   0.00000000    264.6   81.0      5.2     72670
2018  1 10 16     26.0    191.0   0.00000000   0.00000000    264.1   83.8      5.7     72670
2018  1 10 17      0.0    207.0   0.00000000   0.00000000    263.6   84.1      5.0     72660
2018  1 10 18      0.0    222.0   0.00000000   0.00000000    263.8   77.6      1.5     72670
2018  1 10 19      0.0    240.0   0.00000000   0.00000000    263.5   79.8      0.8     72690
2018  1 10 20      0.0    253.0   0.00000000   0.00000000    264.4   64.8      1.4     72680
2018  1 10 21      0.0    254.0   0.00000000   0.00000000    264.5   68.2      3.4     72680
2018  1 10 22      0.0    236.0   0.00000000   0.00000000    263.6   81.3      2.7     72670
2018  1 10 23      0.0    192.0   0.00000000   0.00000000    263.4   77.7      2.2     72650
2018  1 11  0      0.0    197.0   0.00000000   0.00000000    263.4   79.3      2.9     72630
2018  1 11  1      0.0    223.0   0.00000000   0.00000000    263.4   81.1      3.2     72610
2018  1 11  2      0.0    217.0   0.00000000   0.00000000    263.3   85.9      4.3     72600
2018  1 11  3      0.0    211.0   0.00000000   0.00000000    263.1   90.3      5.6     72570
2018  1 11  4      0.0    233.0   0.00000000   0.00000000    263.5   90.6      5.8     72570
2018  1 11  5      0.0    227.0   0.00000000   0.00000000    263.1   94.9      4.4     72570
2018  1 11  6      0.0    233.0   0.00002778   0.00000000    263.1   90.4      4.7     72580
2018  1 11  7      0.0    233.0   0.00000000   0.00000000    263.1   90.1      5.1     72600
2018  1 11  8     17.0    229.0   0.00000000   0.00000000    262.8   90.5      4.9     72610
2018  1 11  9     92.0    224.0   0.00000000   0.00000000    263.0   88.4      5.3     72650
2018  1 11 10    294.0    189.0   0.00000000   0.00000000    263.1   87.7      4.2     72670
2018  1 11 11    388.0    184.0   0.00000000   0.00000000    263.6   86.4      3.5     72670
2018  1 11 12    455.0    200.0   0.00000000   0.00000000    263.8   89.1      3.6     72680
2018  1 11 13    341.0    253.0   0.00000000   0.00000000    263.5   91.0      3.7     72680
2018  1 11 14    213.0    250.0   0.00000000   0.00000000    263.3   86.8      4.5     72710
2018  1 11 15    163.0    218.0   0.00000000   0.00000000    263.0   87.4      4.7     72740
2018  1 11 16     31.0    195.0   0.00000000   0.00000000    262.4   91.0      5.5     72770
2018  1 11 17      0.0    202.0   0.00000000   0.00000000    262.2   90.1      4.9     72810
2018  1 11 18      0.0    237.0   0.00000000   0.00000000    262.2   95.5      4.3     72840
2018  1 11 19      0.0    233.0   0.00000000   0.00000000    262.3   93.8      5.0     72880
2018  1 11 20      0.0    193.0   0.00000000   0.00000000    262.4   94.2      5.8     72910
2018  1 11 21      0.0    223.0   0.00000000   0.00000000    262.3   95.6      5.8     72930
2018  1 11 22      0.0    242.0   0.00000000   0.00000000    262.4   94.0      5.0     72950
2018  1 11 23      0.0    264.0   0.00000000   0.00000000    262.8   91.3      4.4     72990
2018  1 12  0      0.0    269.0   0.00000000   0.00000000    263.0   93.9      3.4     73000
2018  1 12  1      0.0    269.0   0.00000000   0.00000000    263.2   99.2      3.2     73010
2018  1 12  2      0.0    270.0   0.00000000   0.00000000    263.3   99.8      3.1     73040
2018  1 12  3      0.0    269.0   0.00000000   0.00000000    263.2   98.1      3.2     73060
2018  1 12  4      0.0    270.0   0.00000000   0.00000000    263.2   98.8      3.1     73060
2018  1 12  5      0.0    270.0   0.00000000   0.00000000    263.2   99.0      3.3     73060
2018  1 12  6      0.0    269.0   0.00000000   0.00000000    263.0   98.0      3.3     73090
2018  1 12  7      0.0    268.0   0.00000000   0.00000000    262.8   98.7      3.1     73130
2018  1 12  8     17.0    268.0   0.00000000   0.00000000    263.0   98.1      2.7     73150
2018  1 12  9     99.0    267.0   0.00000000   0.00000000    262.9   99.1      1.6     73180
2018  1 12 10    205.0    252.0   0.00000000   0.00000000    262.8   96.5      1.8     73220
2018  1 12 11    286.0    245.0   0.00000000   0.00000000    263.0   95.2      2.6     73230
2018  1 12 12    270.0    263.0   0.00000000   0.00000000    263.3   96.0      2.6     73210
2018  1 12 13    264.0    251.0   0.00000000   0.00000000    263.3   96.3      2.6     73200
2018  1 12 14    284.0    200.0   0.00000000   0.00000000    264.2   83.1      2.3     73200
2018  1 12 15    151.0    189.0   0.00000000   0.00000000    265.2   66.6      2.3     73230
2018  1 12 16     13.0    209.0   0.00000000   0.00000000    264.9   66.0      3.5     73260
2018  1 12 17      0.0    222.0   0.00000000   0.00000000    265.5   58.5      3.1     73280
2018  1 12 18      0.0    183.0   0.00000000   0.00000000    265.4   54.7      2.9     73280
2018  1 12 19      0.0    181.0   0.00000000   0.00000000    266.1   46.6      2.8     73300
2018  1 12 20      0.0    181.0   0.00000000   0.00000000    266.3   44.9      3.0     73320
2018  1 12 21      0.0    181.0   0.00000000   0.00000000    266.4   38.6      3.6     73330
2018  1 12 22      0.0    181.0   0.00000000   0.00000000    266.8   34.9      3.3     73340
2018  1 12 23      0.0    181.0   0.00000000   0.00000000    267.0   31.7      2.8     73340
2018  1 13  0      0.0    180.0   0.00000000   0.00000000    267.2   29.9      2.2     73320
2018  1 13  1      0.0    180.0   0.00000000   0.00000000    267.6   28.6      1.1     73320
2018  1 13  2      0.0    180.0   0.00000000   0.00000000    267.8   27.7      0.9     73330
2018  1 13  3      0.0    179.0   0.00000000   0.00000000    267.3   28.7      0.7     73320
2018  1 13  4      0.0    178.0   0.00000000   0.00000000    266.5   32.0      2.8     73290
2018  1 13  5      0.0    176.0   0.00000000   0.00000000    266.2   36.4      2.0     73280
2018  1 13  6      0.0    176.0   0.00000000   0.00000000    266.2   34.6      1.7     73280
2018  1 13  7      0.0    177.0   0.00000000   0.00000000    266.2   33.5      3.0     73280
2018  1 13  8     48.0    178.0   0.00000000   0.00000000    266.1   33.9      2.2     73280
2018  1 13  9    192.0    180.0   0.00000000   0.00000000    266.8   33.2      2.1     73290
2018  1 13 10    319.0    183.0   0.00000000   0.00000000    267.2   33.3      2.2     73310
2018  1 13 11    401.0    186.0   0.00000000   0.00000000    267.2   40.3      1.9     73300
2018  1 13 12    427.0    187.0   0.00000000   0.00000000    267.4   37.2      1.0     73270
2018  1 13 13    399.0    187.0   0.00000000   0.00000000    267.3   39.8      0.6     73240
2018  1 13 14    316.0    186.0   0.00000000   0.00000000    267.6   35.8      1.5     73220
2018  1 13 15    189.0    184.0   0.00000000   0.00000000    266.8   33.7      2.5     73220
2018  1 13 16     47.0    182.0   0.00000000   0.00000000    266.0   36.0      2.9     73220
2018  1 13 17      0.0    180.0   0.00000000   0.00000000    264.8   41.9      3.3     73210
2018  1 13 18      0.0    180.0   0.00000000   0.00000000    264.9   41.8      4.0     73200
2018  1 13 19      0.0    181.0   0.00000000   0.00000000    265.2   38.9      3.3     73180
2018  1 13 20      0.0    182.0   0.00000000   0.00000000    265.8   36.2      3.0     73170
2018  1 13 21      0.0    181.0   0.00000000   0.00000000    265.8   40.4      3.2     73160
2018  1 13 22      0.0    181.0   0.00000000   0.00000000    265.6   40.4      3.5     73150
2018  1 13 23      0.0    180.0   0.00000000   0.00000000    265.4   43.1      4.5     73140
2018  1 14  0      0.0    179.0   0.00000000   0.00000000    265.5   44.0      3.8     73100
2018  1 14  1      0.0    179.0   0.00000000   0.00000000    265.6   37.1      3.9     73080
2018  1 14  2      0.0    179.0   0.00000000   0.00000000    265.5   39.8      3.2     73060
2018  1 14  3      0.0    179.0   0.00000000   0.00000000    265.5   46.5      3.6     73040
2018  1 14  4      0.0    177.0   0.00000000   0.00000000    265.3   49.9      2.8     73020
2018  1 14  5      0.0    176.0   0.00000000   0.00000000    265.1   45.0      4.0     72990
2018  1 14  6      0.0    175.0   0.00000000   0.00000000    264.2   51.6      2.9     73000
2018  1 14  7      0.0    175.0   0.00000000   0.00000000    264.0   60.4      2.7     73010
2018  1 14  8     48.0    175.0   0.00000000   0.00000000    264.4   46.3      2.2     73030
2018  1 14  9    191.0    177.0   0.00000000   0.00000000    264.6   49.5      0.7     73040
2018  1 14 10    322.0    178.0   0.00000000   0.00000000    265.2   46.0      0.4     73070
2018  1 14 11    407.0    178.0   0.00000000   0.00000000    265.8   42.0      0.7     73060
2018  1 14 12    435.0    177.0   0.00000000   0.00000000    266.3   40.0      0.8     73040
2018  1 14 13    406.0    176.0   0.00000000   0.00000000    265.1   54.3      0.7     73010
2018  1 14 14    323.0    175.0   0.00000000   0.00000000    265.2   43.9      0.8     73010
2018  1 14 15    195.0    174.0   0.00000000   0.00000000    264.9   49.2      1.2     73020
2018  1 14 16     49.0    171.0   0.00000000   0.00000000    264.2   52.8      1.3     73040
2018  1 14 17      0.0    168.0   0.00000000   0.00000000    264.2   40.8      3.6     73060
2018  1 14 18      0.0    167.0   0.00000000   0.00000000    263.3   47.1      4.4     73080
2018  1 14 19      0.0    166.0   0.00000000   0.00000000    262.3   61.7      5.3     73100
2018  1 14 20      0.0    165.0   0.00000000   0.00000000    262.1   67.9      5.1     73130
2018  1 14 21      0.0    164.0   0.00000000   0.00000000    262.4   70.7      4.1     73150
2018  1 14 22      0.0    164.0   0.00000000   0.00000000    262.2   71.6      2.8     73170
2018  1 14 23      0.0    163.0   0.00000000   0.00000000    262.2   67.8      3.1     73180
2018  1 15  0      0.0    162.0   0.00000000   0.00000000    262.3   67.5      3.2     73170
2018  1 15  1      0.0    162.0   0.00000000   0.00000000    262.8   61.3      3.2     73150
2018  1 15  2      0.0    163.0   0.00000000   0.00000000    262.4   55.0      5.1     73140
2018  1 15  3      0.0    162.0   0.00000000   0.00000000    262.3   55.0      4.8     73120
2018  1 15  4      0.0    162.0   0.00000000   0.00000000    262.3   58.3      6.3     73110
2018  1 15  5      0.0    160.0   0.00000000   0.00000000    261.6   66.6      7.6     73090
2018  1 15  6      0.0    162.0   0.00000000   0.00000000    261.9   63.2      5.2     73100
2018  1 15  7      0.0    162.0   0.00000000   0.00000000    262.3   59.0      4.9     73100
2018  1 15  8     49.0    160.0   0.00000000   0.00000000    262.3   56.6      4.7     73110
2018  1 15  9    196.0    160.0   0.00000000   0.00000000    263.3   50.2      4.8     73120
2018  1 15 10    330.0    161.0   0.00000000   0.00000000    263.4   52.6      3.9     73120
2018  1 15 11    416.0    163.0   0.00000000   0.00000000    264.2   47.5      4.7     73080
2018  1 15 12    444.0    166.0   0.00000000   0.00000000    264.9   42.7      4.9     73010
2018  1 15 13    419.0    172.0   0.00000000   0.00000000    265.1   42.6      6.7     72930
2018  1 15 14    332.0    216.0   0.00000000   0.00000000    265.5   39.6      6.4     72870
2018  1 15 15     91.0    238.0   0.00000000   0.00000000    264.8   41.9      6.1     72850
2018  1 15 16     15.0    240.0   0.00000000   0.00000000    264.4   41.1      6.4     72780
2018  1 15 17      0.0    248.0   0.00000000   0.00000000    264.8   35.6      7.0     72690
2018  1 15 18      0.0    246.0   0.00000000   0.00000000    265.3   33.2      7.9     72610
2018  1 15 19      0.0    251.0   0.00000000   0.00000000    264.8   43.3      7.6     72570
2018  1 15 20      0.0    262.0   0.00000000   0.00000000    264.3   48.4      9.5     72560
2018  1 15 21      0.0    266.0   0.00000000   0.00000000    263.3   76.6     10.9     72530
2018  1 15 22      0.0    267.0   0.00002778   0.00000000    263.5   88.8     10.6     72480
2018  1 15 23      0.0    251.0   0.00002778   0.00000000    264.1   84.0     10.3     72460
2018  1 16  0      0.0    236.0   0.00000000   0.00000000    264.1   81.5     10.8     72440
2018  1 16  1      0.0    191.0   0.00000000   0.00000000    264.2   79.0     11.0     72370
2018  1 16  2      0.0    199.0   0.00000000   0.00000000    264.3   77.9     10.8     72330
2018  1 16  3      0.0    195.0   0.00000000   0.00000000    264.3   78.8      9.1     72300
2018  1 16  4      0.0    236.0   0.00000000   0.00000000    264.4   79.3      7.1     72250
2018  1 16  5      0.0    254.0   0.00000000   0.00000000    265.1   78.4      7.1     72200
2018  1 16  6      0.0    267.0   0.00002778   0.00000000    264.6   87.3      5.5     72190
2018  1 16  7      0.0    266.0   0.00000000   0.00000000    265.4   82.3      7.9     72140
2018  1 16  8     14.0    274.0   0.00008333   0.00000000    265.1   91.6      5.9     72170
2018  1 16  9     68.0    277.0   0.00027778   0.00000000    265.5   93.4      6.6     72170
2018  1 16 10    128.0    280.0   0.00058333   0.00000000    266.0   93.9      7.0     72150
2018  1 16 11    212.0    280.0   0.00044444   0.00000000    266.2   91.2      6.2     72130
2018  1 16 12    259.0    282.0   0.00019444   0.00000000    266.4   91.7      7.5     72080
2018  1 16 13    164.0    277.0   0.00025000   0.00000000    266.4   93.2      9.0     72070
2018  1 16 14    193.0    268.0   0.00005556   0.00000000    266.2   88.4     14.7     72020
2018  1 16 15    102.0    273.0   0.00011111   0.00000000    266.3   89.9     12.6     72030
2018  1 16 16     12.0    279.0   0.00025000   0.00000000    266.0   93.7     13.0     72050
2018  1 16 17      0.0    277.0   0.00022222   0.00000000    265.8   94.4      9.5     72030
2018  1 16 18      0.0    272.0   0.00025000   0.00000000    265.9   92.8      9.4     72010
2018  1 16 19      0.0    280.0   0.00077778   0.00000000    265.8   94.5      5.6     71950
2018  1 16 20      0.0    276.0   0.00055556   0.00000000    266.3   92.7      8.6     72000
2018  1 16 21      0.0    278.0   0.00050000   0.00000000    265.8   92.9      7.1     71940
2018  1 16 22      0.0    279.0   0.00075000   0.00000000    265.9   98.1      7.7     71950
2018  1 16 23      0.0    274.0   0.00038889   0.00000000    265.6   93.3      8.0     71890
2018  1 17  0      0.0    276.0   0.00036111   0.00000000    265.8   93.8      6.8     71800
2018  1 17  1      0.0    276.0   0.00083333   0.00000000    265.0   91.9      4.8     71700
2018  1 17  2      0.0    273.0   0.00063889   0.00000000    264.8   87.2     11.3     71690
2018  1 17  3      0.0    268.0   0.00013889   0.00000000    263.9   85.6     12.5     71670
2018  1 17  4      0.0    266.0   0.00030556   0.00000000    263.8   87.2     11.7     71630
2018  1 17  5      0.0    264.0   0.00094444   0.00000000    262.9   99.3     14.4     71530
2018  1 17  6      0.0    260.0   0.00119444   0.00000000    261.8  100.0     18.4     71540
2018  1 17  7      0.0    256.0   0.00030556   0.00000000    261.1  100.0     15.0     71590
2018  1 17  8      5.0    254.0   0.00050000   0.00000000    260.8  100.0     16.3     71610
2018  1 17  9     49.0    253.0   0.00063889   0.00000000    260.2  100.0     17.4     71630
2018  1 17 10    100.0    252.0   0.00066667   0.00000000    260.1  100.0     16.6     71670
2018  1 17 11    133.0    250.0   0.00047222   0.00000000    259.8  100.0     16.4     71730
2018  1 17 12    227.0    248.0   0.00016667   0.00000000    259.5  100.0     16.9     71730
2018  1 17 13    135.0    248.0   0.00075000   0.00000000    258.8  100.0     22.0     71750
2018  1 17 14    201.0    247.0   0.00030556   0.00000000    258.8  100.0     17.7     71880
2018  1 17 15    127.0    246.0   0.00016667   0.00000000    258.9  100.0     13.9     71980
2018  1 17 16     18.0    244.0   0.00019444   0.00000000    258.2   95.2     17.0     72020
2018  1 17 17      0.0    247.0   0.00025000   0.00000000    259.1  100.0     15.0     72100
2018  1 17 18      0.0    247.0   0.00016667   0.00000000    259.1  100.0     16.3     72140
2018  1 17 19      0.0    248.0   0.00016667   0.00000000    259.5  100.0     14.3     72220
2018  1 17 20      0.0    248.0   0.00016667   0.00000000    259.4  100.0     15.8     72300
2018  1 17 21      0.0    248.0   0.00011111   0.00000000    259.4  100.0     13.5     72380
2018  1 17 22      0.0    248.0   0.00011111   0.00000000    259.6  100.0     13.6     72420
2018  1 17 23      0.0    248.0   0.00002778   0.00000000    259.4  100.0     11.2     72480
2018  1 18  0      0.0    249.0   0.00002778   0.00000000    259.9  100.0      8.7     72510
2018  1 18  1      0.0    251.0   0.00011111   0.00000000    259.8  100.0      6.4     72540
2018  1 18  2      0.0    250.0   0.00008333   0.00000000    259.9   99.3      6.2     72580
2018  1 18  3      0.0    252.0   0.00019444   0.00000000    260.2   99.3      6.0     72610
2018  1 18  4      0.0    253.0   0.00019444   0.00000000    260.9  100.0      7.8     72570
2018  1 18  5      0.0    248.0   0.00008333   0.00000000    260.8   99.3      7.1     72550
2018  1 18  6      0.0    256.0   0.00008333   0.00000000    260.9   98.0      6.0     72540
2018  1 18  7      0.0    262.0   0.00022222   0.00000000    262.4   95.2      8.6     72550
2018  1 18  8     22.0    268.0   0.00025000   0.00000000    264.2   92.3     11.3     72570
2018  1 18  9     92.0    276.0   0.00052778   0.00000000    266.0  100.0     13.0     72590
2018  1 18 10    159.0    279.0   0.00036111   0.00000000    266.6   98.6     11.0     72630
2018  1 18 11    267.0    280.0   0.00027778   0.00000000    267.2   89.7     11.6     72630
2018  1 18 12    308.0    285.0   0.00025000   0.00000000    267.8   95.2     10.6     72610
2018  1 18 13    221.0    284.0   0.00025000   0.00000000    267.8   90.5      9.3     72610
2018  1 18 14    178.0    281.0   0.00016667   0.00000000    267.6   91.9      8.8     72590
2018  1 18 15    103.0    272.0   0.00002778   0.00000000    267.3   89.7      7.0     72580
2018  1 18 16     26.0    234.0   0.00000000   0.00000000    267.8   79.8     10.1     72540
2018  1 18 17      0.0    260.0   0.00002778   0.00000000    267.4   83.1     11.9     72530
2018  1 18 18      0.0    284.0   0.00030556   0.00000000    267.2   96.1     12.7     72530
2018  1 18 19      0.0    279.0   0.00000000   0.00000000    267.3   92.2     10.3     72520
2018  1 18 20      0.0    272.0   0.00002778   0.00000000    267.6   86.5     13.3     72520
2018  1 18 21      0.0    220.0   0.00002778   0.00000000    267.9   79.0     11.3     72480
2018  1 18 22      0.0    218.0   0.00000000   0.00000000    267.6   81.5     13.0     72470
2018  1 18 23      0.0    204.0   0.00000000   0.00000000    267.4   79.4     11.8     72450
2018  1 19  0      0.0    262.0   0.00000000   0.00000000    267.3   83.2     13.9     72400
2018  1 19  1      0.0    281.0   0.00008333   0.00000000    267.2   92.3     15.0     72390
2018  1 19  2      0.0    242.0   0.00000000   0.00000000    267.3   83.5     14.1     72370
2018  1 19  3      0.0    249.0   0.00002778   0.00000000    266.8   82.8     13.4     72380
2018  1 19  4      0.0    252.0   0.00000000   0.00000000    266.4   78.0     12.4     72360
2018  1 19  5      0.0    261.0   0.00000000   0.00000000    265.8   79.1     11.3     72340
2018  1 19  6      0.0    275.0   0.00033333   0.00000000    264.8   97.4      6.9     72330
2018  1 19  7      0.0    274.0   0.00050000   0.00000000    264.4   90.9      6.4     72350
2018  1 19  8      9.0    269.0   0.00038889   0.00000000    263.4   94.4     11.4     72370
2018  1 19  9     55.0    265.0   0.00044444   0.00000000    262.9  100.0     12.5     72400
2018  1 19 10    141.0    262.0   0.00033333   0.00000000    262.3  100.0     14.0     72440
2018  1 19 11    308.0    261.0   0.00036111   0.00000000    262.4  100.0     11.3     72490
2018  1 19 12    494.0    240.0   0.00000000   0.00000000    262.3   97.9      6.4     72490
2018  1 19 13    292.0    262.0   0.00013889   0.00000000    261.5   94.7      3.8     72480
2018  1 19 14    145.0    258.0   0.00016667   0.00000000    261.1   99.1      6.1     72450
2018  1 19 15    126.0    255.0   0.00013889   0.00000000    261.5   93.2      7.3     72450
2018  1 19 16     29.0    257.0   0.00005556   0.00000000    260.8   97.7      5.6     72450
2018  1 19 17      0.0    254.0   0.00013889   0.00000000    260.6   88.1      3.0     72450
2018  1 19 18      0.0    242.0   0.00005556   0.00000000    260.8   83.6      2.0     72450
2018  1 19 19      0.0    253.0   0.00008333   0.00000000    261.0   88.3      4.1     72460
2018  1 19 20      0.0    252.0   0.00016667   0.00000000    260.9   89.2      4.6     72460
2018  1 19 21      0.0    252.0   0.00005556   0.00000000    261.2   90.0      5.4     72480
2018  1 19 22      0.0    259.0   0.00038889   0.00000000    261.3   92.8      4.5     72480
2018  1 19 23      0.0    258.0   0.00086111   0.00000000    261.0   98.4     11.6     72480
2018  1 20  0      0.0    256.0   0.00041667   0.00000000    261.5  100.0      9.9     72510
2018  1 20  1      0.0    253.0   0.00011111   0.00000000    260.3  100.0      7.1     72520
2018  1 20  2      0.0    255.0   0.00077778   0.00000000    260.3  100.0      9.0     72520
2018  1 20  3      0.0    242.0   0.00077778   0.00000000    260.0   99.9      4.5     72530
2018  1 20  4      0.0    225.0   0.00000000   0.00000000    259.4   91.0      5.8     72530
2018  1 20  5      0.0    179.0   0.00000000   0.00000000    259.0   80.0      7.0     72510
2018  1 20  6      0.0    223.0   0.00000000   0.00000000    258.8   80.0      5.4     72490
2018  1 20  7      0.0    215.0   0.00000000   0.00000000    259.1   74.9      7.6     72490
2018  1 20  8     26.0    238.0   0.00000000   0.00000000    259.1   77.1      4.9     72480
2018  1 20  9    111.0    236.0   0.00000000   0.00000000    259.6   78.4      5.3     72460
2018  1 20 10    222.0    228.0   0.00000000   0.00000000    259.9   80.1      5.0     72440
2018  1 20 11    370.0    206.0   0.00000000   0.00000000    260.8   72.5      5.7     72410
2018  1 20 12    311.0    219.0   0.00000000   0.00000000    261.2   67.0      6.7     72330
2018  1 20 13    275.0    245.0   0.00000000   0.00000000    261.8   63.0      6.7     72220
2018  1 20 14    193.0    243.0   0.00000000   0.00000000    262.4   66.0      7.3     72120
2018  1 20 15     92.0    259.0   0.00000000   0.00000000    262.6   76.2      9.8     72040
2018  1 20 16     17.0    262.0   0.00002778   0.00000000    262.3   86.4     11.4     71960
2018  1 20 17      0.0    263.0   0.00008333   0.00000000    262.6   88.2     11.0     71890
2018  1 20 18      0.0    263.0   0.00019444   0.00000000    262.6   90.3     11.0     71820
2018  1 20 19      0.0    266.0   0.00033333   0.00000000    263.0   91.9     11.6     71770
2018  1 20 20      0.0    268.0   0.00052778   0.00000000    263.4   87.4      9.3     71760
2018  1 20 21      0.0    271.0   0.00094444   0.00000000    264.6   84.0      6.8     71780
2018  1 20 22      0.0    277.0   0.00094444   0.00000000    267.8   77.9      6.6     71720
2018  1 20 23      0.0    280.0   0.00175000   0.00000000    267.5   96.5      7.9     71710
2018  1 21  0      0.0    279.0   0.00097222   0.00000000    266.5  100.0     12.9     71720
2018  1 21  1      0.0    278.0   0.00100000   0.00000000    266.4  100.0     16.8     71710
2018  1 21  2      0.0    278.0   0.00094444   0.00000000    266.8  100.0     14.8     71790
2018  1 21  3      0.0    277.0   0.00069444   0.00000000    266.8  100.0     14.1     71820
2018  1 21  4      0.0    277.0   0.00127778   0.00000000    266.5  100.0     16.7     71860
2018  1 21  5      0.0    273.0   0.00105556   0.00000000    265.2  100.0     19.4     71920
2018  1 21  6      0.0    270.0   0.00080556   0.00000000    264.8  100.0     19.5     71990
2018  1 21  7      0.0    269.0   0.00061111   0.00000000    264.6  100.0     17.6     72080
2018  1 21  8     13.0    267.0   0.00088889   0.00000000    263.8  100.0     18.9     72110
2018  1 21  9     56.0    266.0   0.00069444   0.00000000    263.8  100.0     16.8     72220
2018  1 21 10    115.0    264.0   0.00050000   0.00000000    263.3  100.0     17.0     72300
2018  1 21 11    144.0    262.0   0.00072222   0.00000000    262.8  100.0     15.4     72400
2018  1 21 12    141.0    260.0   0.00027778   0.00000000    262.3  100.0     13.9     72470
2018  1 21 13    105.0    258.0   0.00025000   0.00000000    261.8  100.0     15.8     72510
2018  1 21 14     91.0    257.0   0.00036111   0.00000000    261.8  100.0     13.4     72580
2018  1 21 15     53.0    256.0   0.00036111   0.00000000    261.3  100.0     13.1     72650
2018  1 21 16      9.0    256.0   0.00027778   0.00000000    261.1  100.0     12.9     72700
2018  1 21 17      0.0    256.0   0.00022222   0.00000000    261.2  100.0     10.5     72760
2018  1 21 18      0.0    258.0   0.00041667   0.00000000    261.3  100.0      5.8     72810
2018  1 21 19      0.0    258.0   0.00033333   0.00000000    260.9   97.5      3.5     72810
2018  1 21 20      0.0    259.0   0.00016667   0.00000000    262.1   76.9      4.5     72820
2018  1 21 21      0.0    265.0   0.00008333   0.00000000    263.8   86.7      6.0     72830
2018  1 21 22      0.0    275.0   0.00011111   0.00000000    265.3   86.7      8.4     72840
2018  1 21 23      0.0    280.0   0.00033333   0.00000000    266.4   90.7      6.6     72850
2018  1 22  0      0.0    284.0   0.00036111   0.00000000    267.4   96.6      6.2     72830
2018  1 22  1      0.0    286.0   0.00044444   0.00000000    267.9   99.5      7.2     72780
2018  1 22  2      0.0    289.0   0.00077778   0.00000000    268.5  100.0      7.0     72760
2018  1 22  3      0.0    291.0   0.00105556   0.00000000    268.8   97.9      6.7     72750
2018  1 22  4      0.0    292.0   0.00111111   0.00000000    269.2   97.9      6.3     72750
2018  1 22  5      0.0    296.0   0.00133333   0.00000000    269.3   92.1      5.6     72790
2018  1 22  6      0.0    295.0   0.00088889   0.00000000    269.4   90.3      8.1     72830
2018  1 22  7      0.0    293.0   0.00055556   0.00000000    269.4   93.7      9.8     72890
2018  1 22  8     17.0    294.0   0.00027778   0.00000000    269.5   98.6     10.5     72900
2018  1 22  9     77.0    294.0   0.00011111   0.00000000    269.4   97.8      8.9     72930
2018  1 22 10    116.0    289.0   0.00019444   0.00000000    269.1   92.0     11.3     72930
2018  1 22 11    129.0    297.0   0.00113889   0.00000000    269.2   99.1      6.8     72950
2018  1 22 12    172.0    295.0   0.00052778   0.00000000    268.6   94.2      4.2     72900
2018  1 22 13    217.0    294.0   0.00008333   0.00000000    269.5   89.9      6.6     72840
2018  1 22 14    145.0    296.0   0.00013889   0.00000000    270.4   91.0      9.1     72760
2018  1 22 15     54.0    301.0   0.00147222   0.00000000    271.1   97.4      8.6     72760
2018  1 22 16     28.0    299.0   0.00133333   0.00000000    270.5   96.7      8.0     72800
2018  1 22 17      0.0    295.0   0.00091667   0.00000000    269.5   98.3      7.1     72860
2018  1 22 18      0.0    294.0   0.00111111   0.00000000    268.8   99.6      5.1     72920
2018  1 22 19      0.0    294.0   0.00066667   0.00000000    268.2   98.9      4.8     72940
2018  1 22 20      0.0    291.0   0.00116667   0.00000000    268.5   94.7      6.9     72970
2018  1 22 21      0.0    291.0   0.00169444   0.00000000    268.9   99.7      8.8     73030
2018  1 22 22      0.0    289.0   0.00152778   0.00000000    268.5  100.0     12.4     73130
2018  1 22 23      0.0    287.0   0.00047222   0.00000000    268.3  100.0     11.6     73220
2018  1 23  0      0.0    285.0   0.00019444   0.00000000    267.9  100.0      9.7     73300
2018  1 23  1      0.0    284.0   0.00038889   0.00000000    267.8  100.0     11.0     73350
2018  1 23  2      0.0    284.0   0.00041667   0.00000000    267.3  100.0     10.6     73370
2018  1 23  3      0.0    284.0   0.00016667   0.00000000    266.8  100.0      6.2     73410
2018  1 23  4      0.0    283.0   0.00036111   0.00000000    266.8  100.0      8.0     73470
2018  1 23  5      0.0    282.0   0.00061111   0.00000000    266.8  100.0     11.6     73490
2018  1 23  6      0.0    281.0   0.00030556   0.00000000    266.5  100.0     10.0     73520
2018  1 23  7      0.0    279.0   0.00027778   0.00000000    266.5  100.0     10.9     73570
2018  1 23  8     24.0    275.0   0.00005556   0.00000000    265.8  100.0      8.0     73620
2018  1 23  9    112.0    277.0   0.00005556   0.00000000    265.5   98.0      8.4     73680
2018  1 23 10    308.0    262.0   0.00002778   0.00000000    265.5   97.3      7.9     73740
2018  1 23 11    516.0    189.0   0.00000000   0.00000000    265.9   70.8     11.3     73750
2018  1 23 12    526.0    187.0   0.00000000   0.00000000    266.1   61.9     10.7     73750
2018  1 23 13    482.0    190.0   0.00000000   0.00000000    266.1   61.7     10.0     73760
2018  1 23 14    381.0    191.0   0.00000000   0.00000000    266.6   49.0      9.6     73780
2018  1 23 15    234.0    194.0   0.00000000   0.00000000    267.2   44.5      9.8     73830
2018  1 23 16     58.0    195.0   0.00000000   0.00000000    267.2   56.3      8.3     73880
2018  1 23 17      0.0    194.0   0.00000000   0.00000000    267.1   53.9      7.1     73930
2018  1 23 18      0.0    194.0   0.00000000   0.00000000    267.6   52.9      7.9     73940
2018  1 23 19      0.0    189.0   0.00000000   0.00000000    268.2   49.4      8.9     73970
2018  1 23 20      0.0    180.0   0.00000000   0.00000000    269.0   40.0      8.1     74010
2018  1 23 21      0.0    178.0   0.00000000   0.00000000    269.2   36.3      5.6     74040
2018  1 23 22      0.0    179.0   0.00000000   0.00000000    269.0   36.9      4.7     74060
2018  1 23 23      0.0    184.0   0.00000000   0.00000000    269.1   34.1      4.6     74080
2018  1 24  0      0.0    188.0   0.00000000   0.00000000    268.8   36.1      4.4     74110
2018  1 24  1      0.0    211.0   0.00000000   0.00000000    269.1   31.1      6.2     74110
2018  1 24  2      0.0    250.0   0.00000000   0.00000000    269.3   35.2      4.7     74120
2018  1 24  3      0.0    205.0   0.00000000   0.00000000    269.6   44.3      4.6     74110
2018  1 24  4      0.0    224.0   0.00000000   0.00000000    270.3   32.0      6.5     74100
2018  1 24  5      0.0    210.0   0.00000000   0.00000000    270.8   46.6      7.5     74090
2018  1 24  6      0.0    208.0   0.00000000   0.00000000    270.8   60.8      6.9     74090
2018  1 24  7      0.0    216.0   0.00000000   0.00000000    270.6   73.1      4.3     74120
2018  1 24  8     66.0    210.0   0.00000000   0.00000000    270.8   66.6      1.2     74140
2018  1 24  9    215.0    210.0   0.00000000   0.00000000    271.3   59.3      3.8     74150
2018  1 24 10    353.0    209.0   0.00000000   0.00000000    271.6   58.6      5.1     74160
2018  1 24 11    440.0    211.0   0.00000000   0.00000000    272.5   63.6      6.2     74160
2018  1 24 12    470.0    213.0   0.00000000   0.00000000    273.1   60.4      6.7     74120
2018  1 24 13    451.0    212.0   0.00000000   0.00000000    273.6   51.3      7.0     74080
2018  1 24 14    374.0    212.0   0.00000000   0.00000000    273.5   49.9      7.7     74040
2018  1 24 15    227.0    212.0   0.00000000   0.00000000    272.8   54.5      6.4     74020
2018  1 24 16     68.0    214.0   0.00000000   0.00000000    272.2   54.1      6.2     74020
2018  1 24 17      1.0    215.0   0.00000000   0.00000000    271.6   55.0      5.9     74010
2018  1 24 18      0.0    212.0   0.00000000   0.00000000    271.4   53.2      6.9     74010
2018  1 24 19      0.0    213.0   0.00000000   0.00000000    270.8   52.9      6.9     73990
2018  1 24 20      0.0    212.0   0.00000000   0.00000000    271.3   50.7      7.5     73980
2018  1 24 21      0.0    214.0   0.00000000   0.00000000    271.2   51.7      8.8     73950
2018  1 24 22      0.0    215.0   0.00000000   0.00000000    271.6   50.9      8.3     73930
2018  1 24 23      0.0    218.0   0.00000000   0.00000000    271.8   49.6      8.0     73910
2018  1 25  0      0.0    220.0   0.00000000   0.00000000    272.0   47.2      8.3     73890
2018  1 25  1      0.0    228.0   0.00000000   0.00000000    272.3   44.8      7.3     73860
2018  1 25  2      0.0    218.0   0.00000000   0.00000000    272.4   43.6      6.8     73840
2018  1 25  3      0.0    226.0   0.00000000   0.00000000    272.5   42.2      6.4     73810
2018  1 25  4      0.0    231.0   0.00000000   0.00000000    272.5   44.1      6.3     73760
2018  1 25  5      0.0    229.0   0.00000000   0.00000000    272.4   43.5      6.1     73730
2018  1 25  6      0.0    220.0   0.00000000   0.00000000    272.3   40.6      4.9     73700
2018  1 25  7      0.0    207.0   0.00000000   0.00000000    272.2   38.7      5.1     73680
2018  1 25  8     56.0    204.0   0.00000000   0.00000000    272.8   36.3      7.0     73650
2018  1 25  9    200.0    207.0   0.00000000   0.00000000    273.1   34.4      5.5     73610
2018  1 25 10    310.0    215.0   0.00000000   0.00000000    273.1   36.3      6.7     73590
2018  1 25 11    271.0    232.0   0.00000000   0.00000000    272.2   42.2      6.7     73570
2018  1 25 12    306.0    237.0   0.00000000   0.00000000    271.8   44.1      6.3     73520
2018  1 25 13    393.0    234.0   0.00000000   0.00000000    271.4   51.7      5.4     73450
2018  1 25 14    274.0    229.0   0.00000000   0.00000000    270.1   61.6      6.5     73390
2018  1 25 15    115.0    243.0   0.00000000   0.00000000    268.4   67.7      6.1     73380
2018  1 25 16     30.0    250.0   0.00000000   0.00000000    268.1   65.2     10.2     73350
2018  1 25 17      0.0    247.0   0.00000000   0.00000000    267.4   74.1      8.9     73350
2018  1 25 18      0.0    230.0   0.00000000   0.00000000    267.5   77.5      8.9     73360
2018  1 25 19      0.0    239.0   0.00000000   0.00000000    267.4   80.0      7.8     73350
2018  1 25 20      0.0    247.0   0.00000000   0.00000000    267.6   80.3      9.0     73340
2018  1 25 21      0.0    241.0   0.00000000   0.00000000    267.6   81.0      8.6     73330
2018  1 25 22      0.0    271.0   0.00000000   0.00000000    267.5   84.1      5.4     73330
2018  1 25 23      0.0    280.0   0.00000000   0.00000000    267.6   85.9      4.8     73330
2018  1 26  0      0.0    277.0   0.00000000   0.00000000    267.9   84.5      6.3     73320
2018  1 26  1      0.0    261.0   0.00000000   0.00000000    267.8   84.9      7.1     73300
2018  1 26  2      0.0    239.0   0.00000000   0.00000000    267.6   84.5      6.6     73270
2018  1 26  3      0.0    209.0   0.00000000   0.00000000    267.4   83.2      7.5     73210
2018  1 26  4      0.0    214.0   0.00000000   0.00000000    267.5   79.7      8.0     73180
2018  1 26  5      0.0    222.0   0.00000000   0.00000000    267.4   79.0      6.9     73180
2018  1 26  6      0.0    237.0   0.00000000   0.00000000    267.3   79.5      6.3     73180
2018  1 26  7      0.5    226.0   0.00000000   0.00000000    267.5   79.0      6.9     73180
2018  1 26  8     46.0    242.0   0.00000000   0.00000000    267.6   77.4      7.1     73180
2018  1 26  9    154.0    245.0   0.00000000   0.00000000    267.9   79.4      7.2     73190
2018  1 26 10    257.0    206.0   0.00000000   0.00000000    268.2   75.9      8.3     73190
2018  1 26 11    334.0    207.0   0.00000000   0.00000000    268.8   73.8      9.4     73210
2018  1 26 12    379.0    214.0   0.00000000   0.00000000    269.0   71.8      8.0     73230
2018  1 26 13    169.0    214.0   0.00000000   0.00000000    268.3   75.2      7.6     73230
2018  1 26 14    112.0    245.0   0.00000000   0.00000000    268.3   78.0      6.6     73240
2018  1 26 15     91.0    224.0   0.00000000   0.00000000    268.2   78.2      6.2     73260
2018  1 26 16     30.0    228.0   0.00000000   0.00000000    268.0   79.6      4.6     73300
2018  1 26 17      0.0    208.0   0.00000000   0.00000000    267.5   81.7      4.6     73340
2018  1 26 18      0.0    222.0   0.00000000   0.00000000    267.8   78.7      4.7     73380
2018  1 26 19      0.0    263.0   0.00000000   0.00000000    267.8   78.2      3.9     73430
2018  1 26 20      0.0    221.0   0.00000000   0.00000000    267.8   79.0      4.2     73450
2018  1 26 21      0.0    227.0   0.00000000   0.00000000    267.8   77.4      3.7     73480
2018  1 26 22      0.0    222.0   0.00000000   0.00000000    267.4   81.4      3.8     73520
2018  1 26 23      0.0    210.0   0.00000000   0.00000000    267.2   84.0      4.8     73570
2018  1 27  0      0.0    258.0   0.00000000   0.00000000    267.6   79.0      5.1     73570
2018  1 27  1      0.0    277.0   0.00000000   0.00000000    268.1   76.7      4.7     73600
2018  1 27  2      0.0    283.0   0.00000000   0.00000000    268.1   81.4      2.5     73640
2018  1 27  3      0.0    284.0   0.00000000   0.00000000    267.5   85.9      1.8     73680
2018  1 27  4      0.0    280.0   0.00000000   0.00000000    267.4   93.1      3.1     73720
2018  1 27  5      0.0    271.0   0.00000000   0.00000000    268.4   88.1      5.0     73760
2018  1 27  6      0.0    228.0   0.00000000   0.00000000    268.8   82.1      6.4     73800
2018  1 27  7      1.6    222.0   0.00000000   0.00000000    268.2   87.7      5.4     73880
2018  1 27  8     69.0    206.0   0.00000000   0.00000000    268.8   84.4      5.7     73930
2018  1 27  9    217.0    204.0   0.00000000   0.00000000    269.3   79.6      5.6     73990
2018  1 27 10    361.0    205.0   0.00000000   0.00000000    269.8   77.8      5.9     74050
2018  1 27 11    447.0    206.0   0.00000000   0.00000000    269.8   81.1      6.0     74100
2018  1 27 12    482.0    207.0   0.00000000   0.00000000    270.0   82.0      5.5     74120
2018  1 27 13    455.0    206.0   0.00000000   0.00000000    270.1   81.6      5.5     74130
2018  1 27 14    375.0    207.0   0.00000000   0.00000000    269.8   82.1      3.1     74160
2018  1 27 15    232.0    214.0   0.00000000   0.00000000    269.2   91.8      3.9     74210
2018  1 27 16     92.0    207.0   0.00000000   0.00000000    269.2   91.5      3.4     74240
2018  1 27 17      3.0    201.0   0.00000000   0.00000000    269.1   84.9      4.2     74290
2018  1 27 18      0.0    199.0   0.00000000   0.00000000    269.1   78.9      3.7     74360
2018  1 27 19      0.0    198.0   0.00000000   0.00000000    268.8   76.5      3.8     74390
2018  1 27 20      0.0    198.0   0.00000000   0.00000000    268.8   74.7      2.4     74420
2018  1 27 21      0.0    199.0   0.00000000   0.00000000    268.8   71.3      3.4     74460
2018  1 27 22      0.0    197.0   0.00000000   0.00000000    269.0   67.4      3.1     74490
2018  1 27 23      0.0    195.0   0.00000000   0.00000000    268.9   67.2      4.9     74510
2018  1 28  0      0.0    193.0   0.00000000   0.00000000    269.0   62.8      5.2     74510
2018  1 28  1      0.0    190.0   0.00000000   0.00000000    269.0   60.3      2.2     74500
2018  1 28  2      0.0    190.0   0.00000000   0.00000000    269.0   55.6      5.1     74520
2018  1 28  3      0.0    192.0   0.00000000   0.00000000    268.9   54.2      6.4     74510
2018  1 28  4      0.0    191.0   0.00000000   0.00000000    268.4   60.1      4.3     74540
2018  1 28  5      0.0    192.0   0.00000000   0.00000000    267.8   66.4      4.4     74550
2018  1 28  6      0.0    196.0   0.00000000   0.00000000    267.6   71.1      4.3     74570
2018  1 28  7      4.0    199.0   0.00000000   0.00000000    268.0   59.8      6.4     74600
2018  1 28  8     75.0    210.0   0.00000000   0.00000000    268.4   53.5      6.9     74640
2018  1 28  9    168.0    233.0   0.00000000   0.00000000    269.4   37.8      5.3     74680
2018  1 28 10    273.0    239.0   0.00000000   0.00000000    269.6   38.1      5.9     74720
2018  1 28 11    326.0    279.0   0.00000000   0.00000000    270.0   45.5      5.1     74760
2018  1 28 12    358.0    294.0   0.00000000   0.00000000    269.8   67.9      7.0     74750
2018  1 28 13    264.0    297.0   0.00000000   0.00000000    269.6   92.4      6.7     74730
2018  1 28 14    186.0    297.0   0.00000000   0.00000000    269.1   91.0      4.5     74730
2018  1 28 15    146.0    294.0   0.00000000   0.00000000    269.4   95.2      3.0     74750
2018  1 28 16     34.0    294.0   0.00000000   0.00000000    269.8   98.4      5.7     74750
2018  1 28 17      1.0    295.0   0.00000000   0.00000000    269.9   98.7      8.0     74760
2018  1 28 18      0.0    296.0   0.00000000   0.00000000    269.9   99.4      7.1     74780
2018  1 28 19      0.0    291.0   0.00000000   0.00000000    269.6   99.1      7.5     74770
2018  1 28 20      0.0    273.0   0.00000000   0.00000000    269.1   99.6      6.3     74780
2018  1 28 21      0.0    221.0   0.00000000   0.00000000    269.2   90.6      3.0     74770
2018  1 28 22      0.0    221.0   0.00000000   0.00000000    269.6   92.7      4.6     74760
2018  1 28 23      0.0    213.0   0.00000000   0.00000000    270.1   76.5      6.8     74740
2018  1 29  0      0.0    214.0   0.00000000   0.00000000    270.2   61.3      7.9     74730
2018  1 29  1      0.0    210.0   0.00000000   0.00000000    270.1   72.3      5.9     74700
2018  1 29  2      0.0    211.0   0.00000000   0.00000000    269.9   96.5      5.0     74680
2018  1 29  3      0.0    204.0   0.00000000   0.00000000    270.6   90.3      4.6     74640
2018  1 29  4      0.0    203.0   0.00000000   0.00000000    270.5   85.7      5.6     74620
2018  1 29  5      0.0    201.0   0.00000000   0.00000000    270.8   82.6      6.4     74610
2018  1 29  6      0.0    199.0   0.00000000   0.00000000    271.2   68.7      5.8     74610
2018  1 29  7      1.0    196.0   0.00000000   0.00000000    270.8   71.0      5.5     74610
2018  1 29  8     85.0    195.0   0.00000000   0.00000000    271.0   69.8      5.8     74620
2018  1 29  9    247.0    198.0   0.00000000   0.00000000    272.1   55.5      6.1     74630
2018  1 29 10    383.0    199.0   0.00000000   0.00000000    273.9   33.8      3.7     74630
2018  1 29 11    473.0    198.0   0.00000000   0.00000000    274.2   29.7      5.2     74610
2018  1 29 12    509.0    197.0   0.00000000   0.00000000    274.1   31.6      3.9     74550
2018  1 29 13    485.0    197.0   0.00000000   0.00000000    274.2   30.3      1.1     74480
2018  1 29 14    402.0    196.0   0.00000000   0.00000000    275.0   22.5      1.9     74420
2018  1 29 15    270.0    195.0   0.00000000   0.00000000    274.9   24.5      2.6     74390
2018  1 29 16    108.0    193.0   0.00000000   0.00000000    274.5   26.3      4.0     74360
2018  1 29 17      4.0    192.0   0.00000000   0.00000000    274.4   21.5      3.8     74340
2018  1 29 18      0.0    189.0   0.00000000   0.00000000    274.1   23.5      5.4     74320
2018  1 29 19      0.0    189.0   0.00000000   0.00000000    273.9   23.6      4.9     74310
2018  1 29 20      0.0    191.0   0.00000000   0.00000000    272.9   30.2      4.7     74320
2018  1 29 21      0.0    192.0   0.00000000   0.00000000    270.1   68.9      8.4     74320
2018  1 29 22      0.0    196.0   0.00000000   0.00000000    270.8   45.9      8.1     74310
2018  1 29 23      0.0    202.0   0.00000000   0.00000000    270.8   45.2      6.3     74310
2018  1 30  0      0.0    204.0   0.00000000   0.00000000    270.0   52.1      5.6     74290
2018  1 30  1      0.0    211.0   0.00000000   0.00000000    269.0   61.0      6.6     74260
2018  1 30  2      0.0    212.0   0.00000000   0.00000000    269.2   53.8      6.4     74210
2018  1 30  3      0.0    198.0   0.00000000   0.00000000    268.8   55.5      5.8     74160
2018  1 30  4      0.0    196.0   0.00000000   0.00000000    268.2   58.9      6.2     74130
2018  1 30  5      0.0    195.0   0.00000000   0.00000000    268.1   58.2      6.0     74120
2018  1 30  6      0.0    196.0   0.00000000   0.00000000    267.4   69.3      5.1     74130
2018  1 30  7      1.0    193.0   0.00000000   0.00000000    267.4   69.2      6.0     74150
2018  1 30  8     53.0    186.0   0.00000000   0.00000000    268.3   54.3      7.5     74160
2018  1 30  9    218.0    185.0   0.00000000   0.00000000    268.4   51.8      4.4     74160
2018  1 30 10    383.0    188.0   0.00000000   0.00000000    269.3   56.5      2.2     74180
2018  1 30 11    473.0    186.0   0.00000000   0.00000000    270.0   55.9      4.1     74180
2018  1 30 12    514.0    183.0   0.00000000   0.00000000    271.0   36.2      6.1     74150
2018  1 30 13    488.0    181.0   0.00000000   0.00000000    271.6   19.2      4.8     74100
2018  1 30 14    402.0    182.0   0.00000000   0.00000000    272.0   14.4      4.7     74060
2018  1 30 15    252.0    182.0   0.00000000   0.00000000    271.8   19.9      5.0     74050
2018  1 30 16    114.0    181.0   0.00000000   0.00000000    272.3   10.7      4.3     74030
2018  1 30 17      6.0    180.0   0.00000000   0.00000000    272.1    6.7      2.4     73990
2018  1 30 18      0.0    179.0   0.00000000   0.00000000    272.0    4.4      2.4     73970
2018  1 30 19      0.0    178.0   0.00000000   0.00000000    272.2    6.2      3.4     73940
2018  1 30 20      0.0    182.0   0.00000000   0.00000000    272.9    4.1      3.5     73910
2018  1 30 21      0.0    185.0   0.00000000   0.00000000    272.8    5.5      4.8     73880
2018  1 30 22      0.0    187.0   0.00000000   0.00000000    272.0    7.5      6.6     73840
2018  1 30 23      0.0    196.0   0.00000000   0.00000000    271.5   10.7      5.0     73790
2018  1 31  0      0.0    196.0   0.00000000   0.00000000    271.1   12.5      5.2     73750
2018  1 31  1      0.0    192.0   0.00000000   0.00000000    270.4   17.3      5.5     73710
2018  1 31  2      0.0    199.0   0.00000000   0.00000000    270.1   25.6      4.2     73670
2018  1 31  3      0.0    198.0   0.00000000   0.00000000    270.4   29.9      5.4     73610
2018  1 31  4      0.0    193.0   0.00000000   0.00000000    269.8   36.0      5.4     73560
2018  1 31  5      0.0    194.0   0.00000000   0.00000000    269.4   40.4      4.6     73520
2018  1 31  6      0.0    196.0   0.00000000   0.00000000    269.2   41.7      4.5     73510
2018  1 31  7      1.0    193.0   0.00000000   0.00000000    269.6   40.8      4.6     73500
2018  1 31  8     89.0    202.0   0.00000000   0.00000000    269.8   41.8      4.0     73480
2018  1 31  9    261.0    212.0   0.00000000   0.00000000    270.0   47.2      3.5     73460
2018  1 31 10    411.0    218.0   0.00000000   0.00000000    270.6   45.6      4.3     73430
2018  1 31 11    483.0    219.0   0.00000000   0.00000000    271.1   51.1      3.7     73400
2018  1 31 12    476.0    218.0   0.00000000   0.00000000    271.2   50.1      4.9     73300
2018  1 31 13    478.0    213.0   0.00000000   0.00000000    271.4   49.4      5.6     73200
2018  1 31 14    419.0    221.0   0.00000000   0.00000000    271.8   52.4      5.1     73130
2018  1 31 15    294.0    237.0   0.00000000   0.00000000    271.6   56.4      5.3     73060
2018  1 31 16     78.0    271.0   0.00000000   0.00000000    270.3   53.2      6.2     72990
2018  1 31 17      6.0    250.0   0.00000000   0.00000000    270.2   52.7      7.9     72900
2018  1 31 18      0.0    242.0   0.00000000   0.00000000    270.0   53.2      6.4     72860
2018  1 31 19      0.0    226.0   0.00000000   0.00000000    269.9   50.9      7.7     72800
2018  1 31 20      0.0    241.0   0.00000000   0.00000000    269.5   52.1      8.4     72700
2018  1 31 21      0.0    243.0   0.00000000   0.00000000    269.1   52.9      8.1     72640
2018  1 31 22      0.0    245.0   0.00000000   0.00000000    268.0   59.0      7.6     72560
2018  1 31 23      0.0    248.0   0.00000000   0.00000000    266.6   72.7      8.3     72480
2018  2  1  0      0.0    237.0   0.00000000   0.00000000    265.8   78.2      6.8     72400
2018  2  1  1      0.0    248.0   0.00000000   0.00000000    265.8   74.7      7.3     72340
2018  2  1  2      0.0    254.0   0.00000000   0.00000000    265.5   75.8      8.8     72250
2018  2  1  3      0.0    234.0   0.00000000   0.00000000    265.8   73.3     10.1     72150
2018  2  1  4      0.0    246.0   0.00000000   0.00000000    265.8   76.2     11.2     72080
2018  2  1  5      0.0    262.0   0.00000000   0.00000000    265.6   80.4     10.1     72030
2018  2  1  6      0.0    270.0   0.00000000   0.00000000    265.3   84.2      8.4     72000
2018  2  1  7      7.8    273.0   0.00000000   0.00000000    265.4   87.9      8.7     71960
2018  2  1  8     26.0    275.0   0.00005556   0.00000000    265.3   91.1      6.1     71940
2018  2  1  9     96.0    276.0   0.00016667   0.00000000    265.1   91.4      5.7     71920
2018  2  1 10    163.0    274.0   0.00008333   0.00000000    265.2   90.4      5.2     71910
2018  2  1 11    200.0    275.0   0.00022222   0.00000000    264.8   92.6      2.5     71890
2018  2  1 12    176.0    269.0   0.00016667   0.00000000    262.3   92.7      8.5     71820
2018  2  1 13    177.0    264.0   0.00019444   0.00000000    262.1   99.8      9.5     71780
2018  2  1 14    155.0    261.0   0.00041667   0.00000000    261.4  100.0     10.6     71760
2018  2  1 15    105.0    256.0   0.00013889   0.00000000    260.6  100.0     13.3     71750
2018  2  1 16     32.0    255.0   0.00025000   0.00000000    260.4  100.0     11.1     71770
2018  2  1 17      1.0    254.0   0.00027778   0.00000000    259.8  100.0      8.1     71800
2018  2  1 18      0.0    253.0   0.00019444   0.00000000    259.9   92.4      7.7     71850
2018  2  1 19      0.0    248.0   0.00008333   0.00000000    259.9   85.8      8.8     71870
2018  2  1 20      0.0    247.0   0.00005556   0.00000000    259.9   84.4      4.8     71900
2018  2  1 21      0.0    247.0   0.00005556   0.00000000    259.2   88.2      2.6     71900
2018  2  1 22      0.0    247.0   0.00008333   0.00000000    259.0   92.1      1.9     71910
2018  2  1 23      0.0    241.0   0.00000000   0.00000000    258.9   94.5      2.5     71910
2018  2  2  0      0.0    232.0   0.00000000   0.00000000    259.1   87.2      2.0     71910
2018  2  2  1      0.0    236.0   0.00000000   0.00000000    258.6   87.5      1.4     71870
2018  2  2  2      0.0    236.0   0.00000000   0.00000000    258.8   79.0      2.0     71870
2018  2  2  3      0.0    235.0   0.00000000   0.00000000    258.8   85.8      2.3     71880
2018  2  2  4      0.0    226.0   0.00000000   0.00000000    258.3   90.8      2.4     71880
2018  2  2  5      0.0    236.0   0.00000000   0.00000000    258.4   97.5      3.1     71890
2018  2  2  6      0.0    223.0   0.00000000   0.00000000    258.0   92.3      3.4     71890
2018  2  2  7      8.5    223.0   0.00000000   0.00000000    257.8   92.5      1.9     71880
2018  2  2  8     40.0    213.0   0.00000000   0.00000000    257.8   93.7      2.4     71890
2018  2  2  9    125.0    190.0   0.00000000   0.00000000    257.8   94.7      2.8     71900
2018  2  2 10    281.0    184.0   0.00000000   0.00000000    258.0   86.6      1.1     71940
2018  2  2 11    427.0    160.0   0.00000000   0.00000000    258.6   69.5      1.0     71950
2018  2  2 12    518.0    150.0   0.00000000   0.00000000    258.8   56.6      1.0     71920
2018  2  2 13    460.0    158.0   0.00000000   0.00000000    258.9   54.6      2.6     71910
2018  2  2 14    374.0    155.0   0.00000000   0.00000000    258.8   55.8      2.1     71910
2018  2  2 15    260.0    150.0   0.00000000   0.00000000    258.4   41.4      3.5     71930
2018  2  2 16    105.0    153.0   0.00000000   0.00000000    257.5   67.9      5.9     71930
2018  2  2 17     11.0    156.0   0.00000000   0.00000000    257.5   91.3      5.3     71930
2018  2  2 18      0.0    145.0   0.00000000   0.00000000    257.5   77.9      3.9     71940
2018  2  2 19      0.0    149.0   0.00000000   0.00000000    257.5   67.6      5.6     71960
2018  2  2 20      0.0    154.0   0.00000000   0.00000000    257.5   66.4      6.4     71930
2018  2  2 21      0.0    171.0   0.00000000   0.00000000    257.3   64.2      6.9     71920
2018  2  2 22      0.0    179.0   0.00000000   0.00000000    257.1   64.8      5.6     71920
2018  2  2 23      0.0    182.0   0.00000000   0.00000000    257.0   88.5      6.5     71910
2018  2  3  0      0.0    223.0   0.00000000   0.00000000    257.0   97.0      7.6     71860
2018  2  3  1      0.0    240.0   0.00000000   0.00000000    256.6   96.9      7.0     71830
2018  2  3  2      0.0    240.0   0.00000000   0.00000000    256.5   96.8      7.8     71780
2018  2  3  3      0.0    240.0   0.00000000   0.00000000    256.3   94.9      6.8     71750
2018  2  3  4      0.0    240.0   0.00000000   0.00000000    256.5   95.3      6.5     71720
2018  2  3  5      0.0    238.0   0.00000000   0.00000000    256.4   93.7      6.6     71700
2018  2  3  6      0.0    238.0   0.00000000   0.00000000    256.3   92.7      5.9     71670
2018  2  3  7      8.9    241.0   0.00000000   0.00000000    256.5   97.7      8.5     71680
2018  2  3  8     26.0    242.0   0.00000000   0.00000000    256.8   98.2      8.7     71690
2018  2  3  9     79.0    242.0   0.00000000   0.00000000    256.9   96.9      7.5     71700
2018  2  3 10    199.0    243.0   0.00000000   0.00000000    257.1   96.9      8.6     71690
2018  2  3 11    255.0    243.0   0.00000000   0.00000000    257.2   96.1      8.9     71700
2018  2  3 12    277.0    243.0   0.00000000   0.00000000    257.4   94.5      7.8     71690
2018  2  3 13    430.0    203.0   0.00000000   0.00000000    257.8   84.8      8.1     71690
2018  2  3 14    392.0    204.0   0.00000000   0.00000000    257.8   88.2      6.5     71680
2018  2  3 15    170.0    240.0   0.00000000   0.00000000    257.6   92.4      5.1     71700
2018  2  3 16     61.0    243.0   0.00000000   0.00000000    257.6   95.0      4.1     71690
2018  2  3 17      2.0    244.0   0.00002778   0.00000000    257.5   97.6      5.7     71710
2018  2  3 18      0.0    243.0   0.00000000   0.00000000    257.4   94.3      4.8     71760
2018  2  3 19      0.0    236.0   0.00000000   0.00000000    257.1   91.9      5.9     71780
2018  2  3 20      0.0    221.0   0.00000000   0.00000000    256.8   85.9      4.8     71780
2018  2  3 21      0.0    238.0   0.00000000   0.00000000    256.6   86.7      3.1     71800
2018  2  3 22      0.0    236.0   0.00000000   0.00000000    256.2   86.5      2.0     71830
2018  2  3 23      0.0    218.0   0.00000000   0.00000000    256.0   84.5      2.9     71840
2018  2  4  0      0.0    219.0   0.00000000   0.00000000    255.9   84.6      3.6     71870
2018  2  4  1      0.0    221.0   0.00000000   0.00000000    255.6   88.4      2.5     71910
2018  2  4  2      0.0    210.0   0.00000000   0.00000000    255.5   85.9      1.4     71930
2018  2  4  3      0.0    188.0   0.00000000   0.00000000    255.8   86.6      1.8     71940
2018  2  4  4      0.0    203.0   0.00000000   0.00000000    256.2   81.6      2.2     71960
2018  2  4  5      0.0    169.0   0.00000000   0.00000000    256.2   81.1      3.0     72000
2018  2  4  6      0.0    174.0   0.00000000   0.00000000    256.2   81.6      2.8     72030
2018  2  4  7      3.0    177.0   0.00000000   0.00000000    256.5   79.9      1.9     72080
2018  2  4  8    102.0    158.0   0.00000000   0.00000000    257.0   76.8      2.3     72150
2018  2  4  9    264.0    166.0   0.00000000   0.00000000    258.0   62.4      2.5     72190
2018  2  4 10    392.0    181.0   0.00000000   0.00000000    258.9   62.7      3.6     72230
2018  2  4 11    328.0    236.0   0.00000000   0.00000000    259.1   68.7      2.9     72290
2018  2  4 12    361.0    222.0   0.00000000   0.00000000    258.9   70.3      2.1     72310
2018  2  4 13    311.0    236.0   0.00000000   0.00000000    258.8   68.2      2.3     72340
2018  2  4 14    344.0    231.0   0.00000000   0.00000000    259.1   67.5      2.9     72360
2018  2  4 15    286.0    176.0   0.00000000   0.00000000    259.4   74.0      2.6     72390
2018  2  4 16     95.0    166.0   0.00000000   0.00000000    258.9   81.4      3.6     72420
2018  2  4 17      6.0    170.0   0.00000000   0.00000000    258.9   80.9      4.8     72450
2018  2  4 18      0.0    193.0   0.00000000   0.00000000    259.0   73.3      4.9     72480
2018  2  4 19      0.0    218.0   0.00000000   0.00000000    258.9   72.8      4.8     72520
2018  2  4 20      0.0    228.0   0.00000000   0.00000000    259.0   72.2      4.7     72540
2018  2  4 21      0.0    227.0   0.00000000   0.00000000    259.2   74.9      5.5     72570
2018  2  4 22      0.0    219.0   0.00000000   0.00000000    259.3   74.5      5.8     72590
2018  2  4 23      0.0    222.0   0.00000000   0.00000000    259.6   75.5      6.5     72620
2018  2  5  0      0.0    227.0   0.00000000   0.00000000    260.0   78.3      6.2     72660
2018  2  5  1      0.0    240.0   0.00000000   0.00000000    260.3   80.1      5.8     72680
2018  2  5  2      0.0    244.0   0.00000000   0.00000000    260.4   82.9      4.5     72710
2018  2  5  3      0.0    236.0   0.00000000   0.00000000    260.6   82.5      5.3     72710
2018  2  5  4      0.0    203.0   0.00000000   0.00000000    260.6   77.8      5.0     72730
2018  2  5  5      0.0    236.0   0.00000000   0.00000000    261.0   73.6      5.6     72750
2018  2  5  6      0.0    243.0   0.00000000   0.00000000    260.8   76.8      3.9     72780
2018  2  5  7      2.0    217.0   0.00000000   0.00000000    260.6   80.8      4.1     72800
2018  2  5  8     62.0    221.0   0.00000000   0.00000000    261.3   77.6      6.5     72830
2018  2  5  9    144.0    212.0   0.00000000   0.00000000    261.8   72.6      5.6     72840
2018  2  5 10    187.0    208.0   0.00000000   0.00000000    261.8   72.6      5.0     72870
2018  2  5 11    241.0    240.0   0.00000000   0.00000000    262.0   73.5      5.1     72890
2018  2  5 12    461.0    243.0   0.00000000   0.00000000    262.6   73.7      5.2     72880
2018  2  5 13    570.0    196.0   0.00000000   0.00000000    263.4   75.9      4.5     72880
2018  2  5 14    458.0    201.0   0.00000000   0.00000000    263.5   78.2      4.3     72890
2018  2  5 15    292.0    195.0   0.00000000   0.00000000    263.3   80.5      5.0     72870
2018  2  5 16    165.0    203.0   0.00000000   0.00000000    263.1   78.9      6.9     72860
2018  2  5 17      8.0    207.0   0.00000000   0.00000000    262.8   79.7      5.6     72870
2018  2  5 18      0.0    208.0   0.00000000   0.00000000    263.3   75.0      6.2     72870
2018  2  5 19      0.0    213.0   0.00000000   0.00000000    263.3   75.3      5.2     72880
2018  2  5 20      0.0    222.0   0.00000000   0.00000000    263.8   73.0      7.5     72870
2018  2  5 21      0.0    186.0   0.00000000   0.00000000    263.5   73.9      6.4     72860
2018  2  5 22      0.0    179.0   0.00000000   0.00000000    263.8   73.6      7.7     72840
2018  2  5 23      0.0    179.0   0.00000000   0.00000000    263.4   74.4      5.8     72810
2018  2  6  0      0.0    178.0   0.00000000   0.00000000    263.5   74.1      5.8     72780
2018  2  6  1      0.0    179.0   0.00000000   0.00000000    263.3   76.0      5.9     72740
2018  2  6  2      0.0    180.0   0.00000000   0.00000000    263.4   75.2      5.4     72710
2018  2  6  3      0.0    184.0   0.00000000   0.00000000    263.5   76.2      6.5     72660
2018  2  6  4      0.0    187.0   0.00000000   0.00000000    263.8   75.8      5.2     72630
2018  2  6  5      0.0    198.0   0.00000000   0.00000000    263.6   77.7      5.0     72600
2018  2  6  6      0.0    219.0   0.00000000   0.00000000    263.9   76.2      5.3     72580
2018  2  6  7      2.0    225.0   0.00000000   0.00000000    264.1   78.4      4.9     72560
2018  2  6  8     54.0    223.0   0.00000000   0.00000000    264.2   80.4      5.2     72540
2018  2  6  9    194.0    213.0   0.00000000   0.00000000    264.8   74.8      5.1     72540
2018  2  6 10    234.0    210.0   0.00000000   0.00000000    264.8   72.9      6.1     72530
2018  2  6 11    418.0    214.0   0.00000000   0.00000000    265.0   72.3      5.0     72500
2018  2  6 12    426.0    219.0   0.00000000   0.00000000    265.1   78.5      4.1     72480
2018  2  6 13    341.0    262.0   0.00000000   0.00000000    264.9   81.0      5.0     72440
2018  2  6 14    327.0    244.0   0.00000000   0.00000000    264.9   81.4      5.1     72410
2018  2  6 15    261.0    209.0   0.00000000   0.00000000    264.6   79.4      4.4     72370
2018  2  6 16     90.0    206.0   0.00000000   0.00000000    263.9   81.9      5.3     72340
2018  2  6 17      8.0    199.0   0.00000000   0.00000000    263.4   81.8      4.7     72330
2018  2  6 18      0.0    216.0   0.00000000   0.00000000    263.2   80.8      4.8     72310
2018  2  6 19      0.0    224.0   0.00000000   0.00000000    262.9   83.1      3.7     72290
2018  2  6 20      0.0    238.0   0.00000000   0.00000000    263.2   78.1      4.1     72280
2018  2  6 21      0.0    211.0   0.00000000   0.00000000    263.1   77.6      4.1     72270
2018  2  6 22      0.0    222.0   0.00000000   0.00000000    263.8   74.1      4.6     72250
2018  2  6 23      0.0    206.0   0.00000000   0.00000000    264.0   75.2      5.3     72240
2018  2  7  0      0.0    195.0   0.00000000   0.00000000    263.9   77.3      3.1     72220
2018  2  7  1      0.0    218.0   0.00000000   0.00000000    263.8   78.4      3.0     72200
2018  2  7  2      0.0    223.0   0.00000000   0.00000000    263.8   80.4      3.1     72180
2018  2  7  3      0.0    195.0   0.00000000   0.00000000    264.1   77.7      3.5     72150
2018  2  7  4      0.0    202.0   0.00000000   0.00000000    263.6   80.6      2.7     72120
2018  2  7  5      0.0    198.0   0.00000000   0.00000000    262.8   78.9      4.3     72090
2018  2  7  6      0.0    219.0   0.00000000   0.00000000    262.9   75.2      5.3     72070
2018  2  7  7      2.0    220.0   0.00000000   0.00000000    262.8   78.4      5.3     72070
2018  2  7  8     63.0    205.0   0.00000000   0.00000000    262.4   91.6      3.3     72090
2018  2  7  9    291.0    186.0   0.00000000   0.00000000    263.4   91.7      2.2     72090
2018  2  7 10    418.0    189.0   0.00000000   0.00000000    263.9   88.4      2.5     72090
2018  2  7 11    565.0    200.0   0.00000000   0.00000000    264.4   89.3      1.3     72120
2018  2  7 12    560.0    254.0   0.00000000   0.00000000    263.6   93.6      1.7     72130
2018  2  7 13    312.0    260.0   0.00000000   0.00000000    263.2   93.2      1.2     72120
2018  2  7 14    281.0    232.0   0.00000000   0.00000000    263.0   91.4      0.7     72120
2018  2  7 15    216.0    248.0   0.00000000   0.00000000    262.4   92.5      2.7     72130
2018  2  7 16     66.0    265.0   0.00000000   0.00000000    262.4   97.8      2.4     72150
2018  2  7 17      6.0    263.0   0.00000000   0.00000000    262.4   96.4      3.4     72170
2018  2  7 18      0.0    264.0   0.00000000   0.00000000    262.3   98.9      3.8     72200
2018  2  7 19      0.0    265.0   0.00000000   0.00000000    262.1   99.3      4.2     72240
2018  2  7 20      0.0    262.0   0.00000000   0.00000000    261.4   99.2      5.9     72260
2018  2  7 21      0.0    261.0   0.00000000   0.00000000    261.3   99.1      2.9     72320
2018  2  7 22      0.0    258.0   0.00000000   0.00000000    261.2   98.2      3.0     72330
2018  2  7 23      0.0    256.0   0.00000000   0.00000000    261.3   97.0      2.4     72340
2018  2  8  0      0.0    246.0   0.00000000   0.00000000    261.2   91.2      1.5     72340
2018  2  8  1      0.0    253.0   0.00000000   0.00000000    260.8   95.3      1.3     72350
2018  2  8  2      0.0    255.0   0.00000000   0.00000000    260.6   96.0      1.4     72370
2018  2  8  3      0.0    253.0   0.00000000   0.00000000    260.4   97.1      1.5     72370
2018  2  8  4      0.0    255.0   0.00000000   0.00000000    260.3   99.4      2.6     72380
2018  2  8  5      0.0    248.0   0.00000000   0.00000000    260.2   97.0      2.6     72400
2018  2  8  6      0.0    254.0   0.00000000   0.00000000    259.8   99.2      2.2     72420
2018  2  8  7      2.0    256.0   0.00000000   0.00000000    259.8   99.3      2.2     72460
2018  2  8  8     51.0    255.0   0.00000000   0.00000000    260.0   97.0      2.2     72510
2018  2  8  9    152.0    256.0   0.00000000   0.00000000    260.1   95.6      1.8     72540
2018  2  8 10    317.0    233.0   0.00000000   0.00000000    260.3   91.3      2.3     72570
2018  2  8 11    530.0    177.0   0.00000000   0.00000000    261.3   84.0      2.4     72590
2018  2  8 12    433.0    223.0   0.00000000   0.00000000    261.6   94.2      3.2     72600
2018  2  8 13    489.0    200.0   0.00000000   0.00000000    262.1   88.2      1.6     72590
2018  2  8 14    367.0    208.0   0.00000000   0.00000000    262.2   89.2      2.5     72580
2018  2  8 15     92.0    183.0   0.00000000   0.00000000    262.3   85.7      2.7     72600
2018  2  8 16     67.0    219.0   0.00000000   0.00000000    262.6   78.8      1.7     72610
2018  2  8 17      7.0    250.0   0.00000000   0.00000000    262.5   79.4      0.8     72640
2018  2  8 18      0.0    249.0   0.00000000   0.00000000    262.6   79.8      1.5     72670
2018  2  8 19      0.0    248.0   0.00000000   0.00000000    263.1   81.6      2.5     72680
2018  2  8 20      0.0    248.0   0.00000000   0.00000000    263.1   80.7      1.6     72700
2018  2  8 21      0.0    226.0   0.00000000   0.00000000    263.0   79.3      1.3     72710
2018  2  8 22      0.0    193.0   0.00000000   0.00000000    263.1   79.8      2.5     72700
2018  2  8 23      0.0    175.0   0.00000000   0.00000000    263.1   74.4      3.6     72690
2018  2  9  0      0.0    179.0   0.00000000   0.00000000    263.0   77.8      4.5     72690
2018  2  9  1      0.0    180.0   0.00000000   0.00000000    263.0   76.6      3.6     72690
2018  2  9  2      0.0    171.0   0.00000000   0.00000000    262.8   78.9      3.1     72680
2018  2  9  3      0.0    172.0   0.00000000   0.00000000    262.5   75.9      3.3     72660
2018  2  9  4      0.0    186.0   0.00000000   0.00000000    262.2   79.6      3.8     72630
2018  2  9  5      0.0    169.0   0.00000000   0.00000000    262.1   80.8      4.3     72610
2018  2  9  6      0.0    168.0   0.00000000   0.00000000    262.0   81.2      3.7     72610
2018  2  9  7      7.0    168.0   0.00000000   0.00000000    261.8   82.0      3.5     72600
2018  2  9  8    133.0    172.0   0.00000000   0.00000000    261.9   81.1      4.6     72610
2018  2  9  9    298.0    167.0   0.00000000   0.00000000    262.2   73.7      5.1     72600
2018  2  9 10    441.0    168.0   0.00000000   0.00000000    262.6   74.5      5.0     72580
2018  2  9 11    539.0    170.0   0.00000000   0.00000000    262.9   74.3      5.6     72570
2018  2  9 12    571.0    177.0   0.00000000   0.00000000    263.1   72.4      5.5     72540
2018  2  9 13    360.0    225.0   0.00000000   0.00000000    262.9   73.4      4.8     72510
2018  2  9 14    429.0    185.0   0.00000000   0.00000000    263.2   69.3      5.3     72480
2018  2  9 15    235.0    190.0   0.00000000   0.00000000    262.8   74.0      5.5     72460
2018  2  9 16     62.0    209.0   0.00000000   0.00000000    262.5   77.0      4.4     72440
2018  2  9 17     10.0    196.0   0.00000000   0.00000000    262.0   80.9      3.1     72430
2018  2  9 18      0.0    232.0   0.00000000   0.00000000    261.6   87.7      2.2     72450
2018  2  9 19      0.0    236.0   0.00000000   0.00000000    261.9   86.6      3.4     72450
2018  2  9 20      0.0    205.0   0.00000000   0.00000000    261.9   84.5      4.5     72450
2018  2  9 21      0.0    211.0   0.00000000   0.00000000    262.0   79.7      3.5     72450
2018  2  9 22      0.0    204.0   0.00000000   0.00000000    261.5   83.7      2.9     72440
2018  2  9 23      0.0    238.0   0.00000000   0.00000000    260.8   87.8      0.7     72430
2018  2 10  0      0.0    235.0   0.00000000   0.00000000    260.9   85.2      0.7     72420
2018  2 10  1      0.0    196.0   0.00000000   0.00000000    261.0   87.4      1.9     72400
2018  2 10  2      0.0    185.0   0.00000000   0.00000000    260.6   86.0      0.8     72410
2018  2 10  3      0.0    181.0   0.00000000   0.00000000    260.3   94.9      2.5     72380
2018  2 10  4      0.0    246.0   0.00000000   0.00000000    260.4   93.9      4.5     72390
2018  2 10  5      0.0    249.0   0.00000000   0.00000000    260.5   95.6      5.5     72400
2018  2 10  6      0.0    247.0   0.00000000   0.00000000    260.1   98.2      5.6     72420
2018  2 10  7      2.0    244.0   0.00002778   0.00000000    259.9   97.1      5.9     72460
2018  2 10  8     96.0    244.0   0.00000000   0.00000000    259.8   96.1      4.4     72480
2018  2 10  9    234.0    232.0   0.00000000   0.00000000    259.8   92.7      3.3     72510
2018  2 10 10    358.0    245.0   0.00000000   0.00000000    260.1   87.8      3.7     72520
2018  2 10 11    336.0    253.0   0.00000000   0.00000000    259.9   91.6      4.4     72530
2018  2 10 12    582.0    222.0   0.00000000   0.00000000    260.2   87.2      4.5     72520
2018  2 10 13    439.0    248.0   0.00000000   0.00000000    259.9   94.8      4.6     72520
2018  2 10 14    395.0    254.0   0.00000000   0.00000000    259.8   94.0      4.7     72500
2018  2 10 15    188.0    254.0   0.00008333   0.00000000    259.3   94.7      3.7     72510
2018  2 10 16     85.0    244.0   0.00000000   0.00000000    259.1   95.6      3.7     72510
2018  2 10 17      7.0    252.0   0.00005556   0.00000000    259.0   97.0      2.7     72520
2018  2 10 18      0.0    248.0   0.00000000   0.00000000    258.8   95.6      3.1     72510
2018  2 10 19      0.0    245.0   0.00000000   0.00000000    258.3   94.7      3.2     72510
2018  2 10 20      0.0    249.0   0.00000000   0.00000000    258.3   96.5      2.5     72510
2018  2 10 21      0.0    235.0   0.00000000   0.00000000    258.4   98.2      2.3     72510
2018  2 10 22      0.0    210.0   0.00000000   0.00000000    258.1   98.3      2.5     72490
2018  2 10 23      0.0    178.0   0.00000000   0.00000000    258.5   92.4      1.7     72450
2018  2 11  0      0.0    166.0   0.00000000   0.00000000    259.6   85.1      1.6     72410
2018  2 11  1      0.0    168.0   0.00000000   0.00000000    260.6   77.9      4.5     72380
2018  2 11  2      0.0    168.0   0.00000000   0.00000000    261.1   74.0      6.8     72370
2018  2 11  3      0.0    172.0   0.00000000   0.00000000    262.1   65.7      5.3     72350
2018  2 11  4      0.0    177.0   0.00000000   0.00000000    262.6   61.1      7.1     72320
2018  2 11  5      0.0    177.0   0.00000000   0.00000000    263.6   40.5      8.1     72320
2018  2 11  6      0.0    178.0   0.00000000   0.00000000    263.9   36.4      7.8     72320
2018  2 11  7     11.0    236.0   0.00000000   0.00000000    263.9   41.4      6.9     72330
2018  2 11  8     77.0    260.0   0.00000000   0.00000000    263.6   49.2      4.6     72370
2018  2 11  9    156.0    270.0   0.00005556   0.00000000    263.8   76.2      4.2     72380
2018  2 11 10    305.0    277.0   0.00005556   0.00000000    265.5   83.6      5.5     72370
2018  2 11 11    380.0    271.0   0.00008333   0.00000000    266.3   86.3      5.4     72370
2018  2 11 12    413.0    275.0   0.00000000   0.00000000    266.8   82.9      4.8     72340
2018  2 11 13    291.0    283.0   0.00002778   0.00000000    266.5   89.5      4.6     72300
2018  2 11 14    276.0    283.0   0.00000000   0.00000000    267.3   89.3      3.5     72280
2018  2 11 15    219.0    266.0   0.00005556   0.00000000    267.6   86.1      3.5     72260
2018  2 11 16     82.0    278.0   0.00000000   0.00000000    267.3   85.3      3.4     72250
2018  2 11 17     12.0    248.0   0.00000000   0.00000000    267.4   81.9      4.2     72230
2018  2 11 18      0.0    278.0   0.00002778   0.00000000    266.8   89.1      2.9     72220
2018  2 11 19      0.0    269.0   0.00000000   0.00000000    265.3   94.5      6.2     72210
2018  2 11 20      0.0    273.0   0.00016667   0.00000000    264.8   96.3      8.2     72200
2018  2 11 21      0.0    270.0   0.00025000   0.00000000    263.8   90.3     12.4     72180
2018  2 11 22      0.0    268.0   0.00019444   0.00000000    263.5  100.0     12.6     72170
2018  2 11 23      0.0    263.0   0.00011111   0.00000000    262.4   96.3     12.2     72170
2018  2 12  0      0.0    258.0   0.00008333   0.00000000    261.3   97.7     13.9     72160
2018  2 12  1      0.0    256.0   0.00005556   0.00000000    261.1  100.0     12.8     72170
2018  2 12  2      0.0    254.0   0.00002778   0.00000000    260.8  100.0      9.4     72170
2018  2 12  3      0.0    253.0   0.00000000   0.00000000    260.1  100.0      7.5     72160
2018  2 12  4      0.0    247.0   0.00000000   0.00000000    259.9   93.0      6.8     72140
2018  2 12  5      0.0    202.0   0.00000000   0.00000000    259.6   82.7      4.2     72110
2018  2 12  6      0.0    236.0   0.00000000   0.00000000    259.1   97.0      4.0     72090
2018  2 12  7     23.1    252.0   0.00019444   0.00000000    259.3   92.9      5.0     72140
2018  2 12  8     44.0    243.0   0.00005556   0.00000000    259.0   99.5      9.9     72160
2018  2 12  9    101.0    242.0   0.00011111   0.00000000    258.5   97.4      8.5     72200
2018  2 12 10    212.0    242.0   0.00008333   0.00000000    258.1  100.0     11.2     72230
2018  2 12 11    291.0    239.0   0.00000000   0.00000000    257.4   95.6     12.6     72260
2018  2 12 12    361.0    233.0   0.00000000   0.00000000    256.9   93.3     12.1     72280
2018  2 12 13    432.0    224.0   0.00000000   0.00000000    256.8   98.3     10.6     72290
2018  2 12 14    359.0    206.0   0.00000000   0.00000000    256.4   91.5     10.6     72290
2018  2 12 15    299.0    209.0   0.00000000   0.00000000    256.0   90.2      9.5     72300
2018  2 12 16     66.0    213.0   0.00000000   0.00000000    255.9   91.6      8.8     72310
2018  2 12 17      5.0    222.0   0.00000000   0.00000000    255.5   94.0      8.8     72330
2018  2 12 18      0.0    233.0   0.00000000   0.00000000    255.5   97.8      8.1     72360
2018  2 12 19      0.0    233.0   0.00000000   0.00000000    255.4   95.9      8.1     72390
2018  2 12 20      0.0    215.0   0.00000000   0.00000000    255.1   94.4      6.9     72390
2018  2 12 21      0.0    212.0   0.00000000   0.00000000    254.8   94.0      5.5     72390
2018  2 12 22      0.0    226.0   0.00000000   0.00000000    254.9   94.1      6.1     72400
2018  2 12 23      0.0    223.0   0.00000000   0.00000000    254.7   94.1      6.8     72390
2018  2 13  0      0.0    228.0   0.00000000   0.00000000    254.5   97.2      6.2     72390
2018  2 13  1      0.0    228.0   0.00000000   0.00000000    253.8   93.0      5.3     72370
2018  2 13  2      0.0    211.0   0.00000000   0.00000000    253.3   86.7      3.6     72340
2018  2 13  3      0.0    153.0   0.00000000   0.00000000    252.7   87.6      3.1     72300
2018  2 13  4      0.0    126.0   0.00000000   0.00000000    252.6   90.3      3.3     72260
2018  2 13  5      0.0    123.0   0.00000000   0.00000000    252.7   82.0      3.6     72250
2018  2 13  6      0.0    119.0   0.00000000   0.00000000    252.7   70.1      3.9     72220
2018  2 13  7     17.0    118.0   0.00000000   0.00000000    253.5   46.9      4.2     72210
2018  2 13  8    170.0    120.0   0.00000000   0.00000000    253.9   47.1      4.1     72210
2018  2 13  9    347.0    121.0   0.00000000   0.00000000    254.7   42.2      3.0     72200
2018  2 13 10    493.0    123.0   0.00000000   0.00000000    256.2   22.7      2.6     72190
2018  2 13 11    587.0    124.0   0.00000000   0.00000000    257.3   22.9      4.2     72160
2018  2 13 12    623.0    124.0   0.00000000   0.00000000    257.5   19.7      4.5     72110
2018  2 13 13    595.0    124.0   0.00000000   0.00000000    256.9   32.0      5.4     72070
2018  2 13 14    509.0    125.0   0.00000000   0.00000000    257.1   50.2      5.4     72040
2018  2 13 15    369.0    127.0   0.00000000   0.00000000    257.1   46.4      5.9     72000
2018  2 13 16    193.0    124.0   0.00000000   0.00000000    257.0   35.7      6.4     71990
2018  2 13 17     29.0    123.0   0.00000000   0.00000000    256.8   33.7      6.1     71980
2018  2 13 18      0.0    124.0   0.00000000   0.00000000    256.6   30.3      6.3     72000
2018  2 13 19      0.0    127.0   0.00000000   0.00000000    256.8   28.7      5.7     72030
2018  2 13 20      0.0    125.0   0.00000000   0.00000000    258.3   19.1      5.8     72020
2018  2 13 21      0.0    125.0   0.00000000   0.00000000    258.1   20.0      3.9     72010
2018  2 13 22      0.0    126.0   0.00000000   0.00000000    257.5   24.9      2.1     72000
2018  2 13 23      0.0    128.0   0.00000000   0.00000000    257.5   25.3      1.3     72000
2018  2 14  0      0.0    143.0   0.00000000   0.00000000    257.5   22.2      2.0     72010
2018  2 14  1      0.0    150.0   0.00000000   0.00000000    257.4   24.4      2.4     72030
2018  2 14  2      0.0    138.0   0.00000000   0.00000000    257.0   26.3      2.2     72040
2018  2 14  3      0.0    139.0   0.00000000   0.00000000    256.4   38.6      4.9     72040
2018  2 14  4      0.0    143.0   0.00000000   0.00000000    256.5   55.6      5.8     72040
2018  2 14  5      0.0    144.0   0.00000000   0.00000000    256.4   61.6      7.0     72080
2018  2 14  6      0.0    144.0   0.00000000   0.00000000    256.4   63.2      7.6     72130
2018  2 14  7     14.0    142.0   0.00000000   0.00000000    256.5   46.3      8.9     72180
2018  2 14  8    176.0    150.0   0.00000000   0.00000000    256.6   36.6      7.4     72250
2018  2 14  9    279.0    158.0   0.00000000   0.00000000    257.3   34.9      4.7     72310
2018  2 14 10    437.0    174.0   0.00000000   0.00000000    257.8   49.2      2.7     72360
2018  2 14 11    600.0    162.0   0.00000000   0.00000000    258.3   59.0      2.9     72390
2018  2 14 12    738.0    192.0   0.00000000   0.00000000    258.8   58.9      3.6     72420
2018  2 14 13    670.0    188.0   0.00000000   0.00000000    258.5   57.2      4.0     72430
2018  2 14 14    521.0    172.0   0.00000000   0.00000000    258.4   60.0      4.0     72450
2018  2 14 15    375.0    150.0   0.00000000   0.00000000    258.1   62.8      4.4     72470
2018  2 14 16    167.0    146.0   0.00000000   0.00000000    257.3   67.1      2.1     72520
2018  2 14 17     29.0    140.0   0.00000000   0.00000000    257.2   70.4      2.3     72560
2018  2 14 18      0.0    130.0   0.00000000   0.00000000    257.2   65.5      2.3     72590
2018  2 14 19      0.0    127.0   0.00000000   0.00000000    257.8   34.1      1.5     72610
2018  2 14 20      0.0    130.0   0.00000000   0.00000000    258.2   39.1      6.6     72640
2018  2 14 21      0.0    133.0   0.00000000   0.00000000    259.2   29.9      7.6     72660
2018  2 14 22      0.0    137.0   0.00000000   0.00000000    260.1   23.7      8.3     72680
2018  2 14 23      0.0    141.0   0.00000000   0.00000000    260.9   17.2      9.0     72700
2018  2 15  0      0.0    148.0   0.00000000   0.00000000    261.9   13.3      8.5     72720
2018  2 15  1      0.0    157.0   0.00000000   0.00000000    262.8   10.7      8.7     72740
2018  2 15  2      0.0    177.0   0.00000000   0.00000000    263.8    8.0      8.9     72770
2018  2 15  3      0.0    179.0   0.00000000   0.00000000    264.8    6.2      9.4     72790
2018  2 15  4      0.0    216.0   0.00000000   0.00000000    265.3    6.2     10.0     72820
2018  2 15  5      0.0    236.0   0.00000000   0.00000000    266.2    4.8      9.4     72850
2018  2 15  6      0.0    260.0   0.00000000   0.00000000    266.5    5.1      6.9     72870
2018  2 15  7      3.0    271.0   0.00000000   0.00000000    266.8   13.8      7.0     72920
2018  2 15  8     48.0    271.0   0.00005556   0.00000000    264.0   61.5      4.1     72970
2018  2 15  9    131.0    280.0   0.00027778   0.00000000    263.8   85.5      4.0     72990
2018  2 15 10    221.0    290.0   0.00033333   0.00000000    268.5   84.6      5.0     73030
2018  2 15 11    279.0    292.0   0.00033333   0.00000000    268.3   89.0      4.9     73090
2018  2 15 12    269.0    294.0   0.00041667   0.00000000    268.8   89.0      4.6     73140
2018  2 15 13    242.0    297.0   0.00050000   0.00000000    269.8   89.1      5.3     73190
2018  2 15 14    183.0    298.0   0.00047222   0.00000000    270.2   91.3      7.4     73240
2018  2 15 15    138.0    298.0   0.00050000   0.00000000    270.4   94.2      8.1     73290
2018  2 15 16    115.0    301.0   0.00019444   0.00000000    270.4   98.1     10.0     73300
2018  2 15 17     25.0    300.0   0.00011111   0.00000000    270.8   98.1      8.6     73330
2018  2 15 18      0.0    303.0   0.00022222   0.00000000    270.3   99.6      8.0     73380
2018  2 15 19      0.0    303.0   0.00019444   0.00000000    270.6   98.0      7.3     73430
2018  2 15 20      0.0    299.0   0.00013889   0.00000000    270.6   98.9      9.6     73460
2018  2 15 21      0.0    299.0   0.00008333   0.00000000    270.3   99.2      7.3     73490
2018  2 15 22      0.0    297.0   0.00005556   0.00000000    270.8   92.8      3.8     73520
2018  2 15 23      0.0    298.0   0.00005556   0.00000000    270.4   97.3      4.8     73550
2018  2 16  0      0.0    296.0   0.00019444   0.00000000    270.3   98.5      4.4     73560
2018  2 16  1      0.0    299.0   0.00008333   0.00000000    270.5   98.5      4.5     73580
2018  2 16  2      0.0    298.0   0.00005556   0.00000000    270.5   98.8      3.8     73570
2018  2 16  3      0.0    297.0   0.00008333   0.00000000    270.6   96.3      5.4     73560
2018  2 16  4      0.0    294.0   0.00002778   0.00000000    270.6   93.7      5.7     73570
2018  2 16  5      0.0    297.0   0.00013889   0.00000000    270.5   98.3      5.6     73570
2018  2 16  6      0.0    299.0   0.00033333   0.00000000    270.2   97.5      4.3     73570
2018  2 16  7      6.0    295.0   0.00016667   0.00000000    270.0   96.1      4.0     73610
2018  2 16  8     75.0    296.0   0.00019444   0.00000000    270.2   96.4      4.1     73650
2018  2 16  9    228.0    282.0   0.00005556   0.00000000    270.5   88.9      3.8     73660
2018  2 16 10    344.0    295.0   0.00019444   0.00000000    270.4   92.9      3.5     73670
2018  2 16 11    511.0    297.0   0.00008333   0.00000000    270.2   95.5      2.7     73710
2018  2 16 12    531.0    300.0   0.00005556   0.00000000    270.0   96.2      3.0     73710
2018  2 16 13    457.0    289.0   0.00005556   0.00000000    270.2   89.5      5.1     73700
2018  2 16 14    354.0    287.0   0.00005556   0.00000000    269.4   92.5      3.8     73680
2018  2 16 15    163.0    282.0   0.00008333   0.00000000    268.5   95.3      4.6     73680
2018  2 16 16    159.0    216.0   0.00000000   0.00000000    269.8   83.1      4.2     73680
2018  2 16 17     15.0    237.0   0.00000000   0.00000000    269.6   82.5      4.1     73680
2018  2 16 18      0.0    240.0   0.00000000   0.00000000    269.4   83.4      5.3     73700
2018  2 16 19      0.0    203.0   0.00000000   0.00000000    269.3   83.1      3.4     73690
2018  2 16 20      0.0    208.0   0.00000000   0.00000000    269.4   82.9      3.1     73660
2018  2 16 21      0.0    206.0   0.00000000   0.00000000    269.3   82.5      2.8     73640
2018  2 16 22      0.0    248.0   0.00000000   0.00000000    269.8   76.3      3.7     73640
2018  2 16 23      0.0    256.0   0.00000000   0.00000000    269.9   72.2      4.8     73620
2018  2 17  0      0.0    267.0   0.00000000   0.00000000    270.4   67.4      5.7     73610
2018  2 17  1      0.0    263.0   0.00000000   0.00000000    270.4   68.6      6.3     73590
2018  2 17  2      0.0    238.0   0.00000000   0.00000000    270.1   71.0      6.2     73550
2018  2 17  3      0.0    255.0   0.00000000   0.00000000    270.1   70.2      5.8     73500
2018  2 17  4      0.0    256.0   0.00000000   0.00000000    270.1   74.6      6.6     73420
2018  2 17  5      0.0    235.0   0.00000000   0.00000000    270.3   72.8      6.1     73350
2018  2 17  6      0.0    235.0   0.00000000   0.00000000    269.9   75.9      4.4     73320
2018  2 17  7     13.0    228.0   0.00000000   0.00000000    269.9   76.2      6.2     73290
2018  2 17  8    140.0    237.0   0.00000000   0.00000000    270.4   75.3      8.6     73240
2018  2 17  9    247.0    234.0   0.00000000   0.00000000    270.3   76.9      8.7     73190
2018  2 17 10    541.0    243.0   0.00000000   0.00000000    270.9   74.9      8.6     73160
2018  2 17 11    573.0    253.0   0.00000000   0.00000000    271.2   75.2      6.0     73130
2018  2 17 12    368.0    261.0   0.00000000   0.00000000    270.6   81.0      5.7     73090
2018  2 17 13    278.0    280.0   0.00000000   0.00000000    270.2   87.5      5.7     73050
2018  2 17 14    176.0    293.0   0.00002778   0.00000000    269.0   96.8      3.1     73020
2018  2 17 15    108.0    292.0   0.00041667   0.00000000    269.1   92.3      4.8     73020
2018  2 17 16     75.0    290.0   0.00013889   0.00000000    269.0   93.7      4.0     73000
2018  2 17 17     10.0    288.0   0.00013889   0.00000000    268.6   92.7      4.6     73000
2018  2 17 18      0.0    282.0   0.00011111   0.00000000    268.3   88.1      7.7     73010
2018  2 17 19      0.0    285.0   0.00011111   0.00000000    267.0   98.7      7.9     73010
2018  2 17 20      0.0    280.0   0.00022222   0.00000000    266.3   99.7     10.4     72990
2018  2 17 21      0.0    277.0   0.00013889   0.00000000    265.5   98.3     10.0     72990
2018  2 17 22      0.0    275.0   0.00002778   0.00000000    264.9   97.6      8.9     73010
2018  2 17 23      0.0    274.0   0.00000000   0.00000000    264.6   97.3      8.3     73040
2018  2 18  0      0.0    271.0   0.00002778   0.00000000    264.0   98.4     10.1     73040
2018  2 18  1      0.0    268.0   0.00000000   0.00000000    263.5   91.6     10.1     73050
2018  2 18  2      0.0    266.0   0.00000000   0.00000000    262.9   95.7      8.8     73050
2018  2 18  3      0.0    263.0   0.00000000   0.00000000    262.4   87.5      9.5     73050
2018  2 18  4      0.0    260.0   0.00000000   0.00000000    261.8   92.1      9.2     73030
2018  2 18  5      0.0    260.0   0.00000000   0.00000000    261.3   95.9      6.3     73030
2018  2 18  6      0.0    260.0   0.00000000   0.00000000    261.5   97.4      4.9     73030
2018  2 18  7      6.0    260.0   0.00000000   0.00000000    261.4   98.5      3.2     73050
2018  2 18  8     74.0    260.0   0.00000000   0.00000000    261.2   98.4      3.7     73060
2018  2 18  9    192.0    258.0   0.00000000   0.00000000    261.2   96.6      3.8     73070
2018  2 18 10    334.0    256.0   0.00000000   0.00000000    261.8   95.8      3.0     73080
2018  2 18 11    460.0    255.0   0.00000000   0.00000000    261.9   89.5      2.3     73090
2018  2 18 12    563.0    239.0   0.00000000   0.00000000    261.8   91.3      1.2     73070
2018  2 18 13    401.0    241.0   0.00000000   0.00000000    261.9   87.5      1.3     73050
2018  2 18 14    334.0    258.0   0.00000000   0.00000000    261.8   91.6      1.8     73040
2018  2 18 15    289.0    232.0   0.00000000   0.00000000    261.3   92.7      1.0     73030
2018  2 18 16    119.0    249.0   0.00000000   0.00000000    261.0   96.3      0.9     73030
2018  2 18 17     18.0    257.0   0.00000000   0.00000000    261.0   92.9      1.9     73020
2018  2 18 18      0.0    260.0   0.00000000   0.00000000    261.1   94.3      3.1     73020
2018  2 18 19      0.0    259.0   0.00000000   0.00000000    261.0   93.9      3.8     73000
2018  2 18 20      0.0    253.0   0.00000000   0.00000000    260.6   91.4      4.3     72980
2018  2 18 21      0.0    244.0   0.00000000   0.00000000    260.4   91.6      4.6     72960
2018  2 18 22      0.0    194.0   0.00000000   0.00000000    261.0   88.2      6.4     72920
2018  2 18 23      0.0    170.0   0.00000000   0.00000000    261.8   82.7      5.0     72900
2018  2 19  0      0.0    170.0   0.00000000   0.00000000    261.9   80.5      5.5     72880
2018  2 19  1      0.0    170.0   0.00000000   0.00000000    262.0   80.7      5.3     72840
2018  2 19  2      0.0    170.0   0.00000000   0.00000000    262.1   77.1      4.1     72820
2018  2 19  3      0.0    169.0   0.00000000   0.00000000    262.1   78.3      2.6     72770
2018  2 19  4      0.0    167.0   0.00000000   0.00000000    261.8   73.7      1.2     72760
2018  2 19  5      0.0    163.0   0.00000000   0.00000000    261.8   75.7      1.8     72730
2018  2 19  6      0.0    158.0   0.00000000   0.00000000    261.6   74.5      1.6     72700
2018  2 19  7     28.0    156.0   0.00000000   0.00000000    261.3   70.3      1.8     72710
2018  2 19  8    192.0    159.0   0.00000000   0.00000000    261.5   71.4      2.1     72700
2018  2 19  9    376.0    163.0   0.00000000   0.00000000    261.8   71.0      4.0     72690
2018  2 19 10    508.0    166.0   0.00000000   0.00000000    262.1   65.5      6.9     72660
2018  2 19 11    609.0    168.0   0.00000000   0.00000000    262.2   61.4      7.2     72660
2018  2 19 12    644.0    169.0   0.00000000   0.00000000    262.5   53.9      5.9     72640
2018  2 19 13    618.0    168.0   0.00000000   0.00000000    262.8   45.6      6.3     72610
2018  2 19 14    474.0    178.0   0.00000000   0.00000000    262.3   45.0      7.9     72570
2018  2 19 15    358.0    163.0   0.00000000   0.00000000    262.1   45.3      8.0     72550
2018  2 19 16    184.0    179.0   0.00000000   0.00000000    261.6   47.8      9.0     72520
2018  2 19 17     16.0    172.0   0.00000000   0.00000000    261.3   42.8      9.8     72510
2018  2 19 18      0.0    171.0   0.00000000   0.00000000    261.1   39.4      8.4     72510
2018  2 19 19      0.0    192.0   0.00000000   0.00000000    261.3   36.5      8.7     72480
2018  2 19 20      0.0    204.0   0.00000000   0.00000000    261.1   35.4      9.1     72450
2018  2 19 21      0.0    162.0   0.00000000   0.00000000    260.9   31.3      9.6     72410
2018  2 19 22      0.0    165.0   0.00000000   0.00000000    260.6   39.8      8.1     72380
2018  2 19 23      0.0    153.0   0.00000000   0.00000000    259.9   49.8      5.4     72360
2018  2 20  0      0.0    154.0   0.00000000   0.00000000    259.8   57.3      4.5     72330
2018  2 20  1      0.0    152.0   0.00000000   0.00000000    259.6   64.4      5.0     72280
2018  2 20  2      0.0    155.0   0.00000000   0.00000000    259.8   49.7      4.4     72250
2018  2 20  3      0.0    187.0   0.00000000   0.00000000    259.6   43.3      5.5     72210
2018  2 20  4      0.0    151.0   0.00000000   0.00000000    259.1   41.8      7.3     72190
2018  2 20  5      0.0    148.0   0.00000000   0.00000000    258.8   43.8     10.1     72160
2018  2 20  6      0.0    149.0   0.00000000   0.00000000    257.9   60.8     11.4     72140
2018  2 20  7      8.0    195.0   0.00000000   0.00000000    257.8   87.8      9.0     72150
2018  2 20  8    110.0    243.0   0.00000000   0.00000000    258.2   93.1      8.1     72150
2018  2 20  9    227.0    244.0   0.00000000   0.00000000    258.1   94.4      5.0     72160
2018  2 20 10    406.0    234.0   0.00000000   0.00000000    258.4   91.9      6.8     72150
2018  2 20 11    515.0    238.0   0.00000000   0.00000000    258.4   90.3      7.2     72150
2018  2 20 12    562.0    242.0   0.00000000   0.00000000    258.6   88.4      5.8     72140
2018  2 20 13    482.0    237.0   0.00000000   0.00000000    258.6   86.8      2.7     72130
2018  2 20 14    333.0    251.0   0.00002778   0.00000000    258.6   91.8      2.6     72120
2018  2 20 15    198.0    250.0   0.00000000   0.00000000    258.6   94.0      4.8     72100
2018  2 20 16    104.0    249.0   0.00002778   0.00000000    258.4   97.0      7.2     72110
2018  2 20 17     21.0    247.0   0.00000000   0.00000000    258.1   97.0      6.5     72120
2018  2 20 18      0.0    247.0   0.00002778   0.00000000    258.0   98.2      6.5     72120
2018  2 20 19      0.0    246.0   0.00000000   0.00000000    257.8   99.0      7.0     72120
2018  2 20 20      0.0    246.0   0.00000000   0.00000000    257.6   99.9      5.4     72130
2018  2 20 21      0.0    246.0   0.00000000   0.00000000    257.3   97.8      4.0     72130
2018  2 20 22      0.0    244.0   0.00000000   0.00000000    257.4  100.0      5.0     72110
2018  2 20 23      0.0    244.0   0.00000000   0.00000000    257.1  100.0      5.9     72100
2018  2 21  0      0.0    244.0   0.00000000   0.00000000    256.9   97.4      5.1     72100
2018  2 21  1      0.0    219.0   0.00000000   0.00000000    256.5   95.9      5.3     72100
2018  2 21  2      0.0    198.0   0.00000000   0.00000000    255.9   94.8      5.4     72090
2018  2 21  3      0.0    182.0   0.00000000   0.00000000    255.5   93.8      5.7     72090
2018  2 21  4      0.0    176.0   0.00000000   0.00000000    255.2   93.8      5.1     72090
2018  2 21  5      0.0    175.0   0.00000000   0.00000000    254.7   96.4      4.1     72080
2018  2 21  6      0.0    159.0   0.00000000   0.00000000    254.5   94.3      4.5     72090
2018  2 21  7     34.0    162.0   0.00000000   0.00000000    254.8   93.2      5.8     72110
2018  2 21  8    200.0    166.0   0.00000000   0.00000000    254.9   93.0      4.6     72140
2018  2 21  9    381.0    162.0   0.00000000   0.00000000    255.7   88.2      3.8     72160
2018  2 21 10    526.0    163.0   0.00000000   0.00000000    256.9   81.2      4.3     72180
2018  2 21 11    621.0    163.0   0.00000000   0.00000000    257.9   76.8      2.7     72200
2018  2 21 12    656.0    165.0   0.00000000   0.00000000    258.8   75.1      2.2     72210
2018  2 21 13    631.0    165.0   0.00000000   0.00000000    259.3   73.7      3.0     72210
2018  2 21 14    476.0    183.0   0.00000000   0.00000000    259.6   68.3      2.9     72210
2018  2 21 15    415.0    181.0   0.00000000   0.00000000    259.0   75.5      3.4     72200
2018  2 21 16    227.0    166.0   0.00000000   0.00000000    258.5   78.8      4.1     72190
2018  2 21 17     49.0    167.0   0.00000000   0.00000000    258.5   80.8      3.3     72190
2018  2 21 18      0.0    176.0   0.00000000   0.00000000    257.6   88.6      2.3     72200
2018  2 21 19      0.0    235.0   0.00000000   0.00000000    256.8  100.0      4.4     72190
2018  2 21 20      0.0    201.0   0.00000000   0.00000000    256.2   98.6      4.7     72180
2018  2 21 21      0.0    170.0   0.00000000   0.00000000    256.2   96.4      3.7     72160
2018  2 21 22      0.0    170.0   0.00000000   0.00000000    256.8   90.6      3.8     72130
2018  2 21 23      0.0    168.0   0.00000000   0.00000000    256.4   94.2      3.4     72090
2018  2 22  0      0.0    172.0   0.00000000   0.00000000    258.4   79.8      4.3     72060
2018  2 22  1      0.0    176.0   0.00000000   0.00000000    259.9   72.8      4.6     72020
2018  2 22  2      0.0    185.0   0.00000000   0.00000000    260.6   70.9      4.9     71990
2018  2 22  3      0.0    196.0   0.00000000   0.00000000    261.1   69.7      5.3     71940
2018  2 22  4      0.0    195.0   0.00000000   0.00000000    260.6   72.3      5.9     71890
2018  2 22  5      0.0    201.0   0.00000000   0.00000000    261.2   70.9      6.5     71880
2018  2 22  6      0.0    202.0   0.00000000   0.00000000    262.0   69.8      5.4     71860
2018  2 22  7     13.0    228.0   0.00000000   0.00000000    262.6   69.2      4.5     71850
2018  2 22  8    105.0    237.0   0.00000000   0.00000000    261.9   73.4      4.9     71890
2018  2 22  9    180.0    232.0   0.00000000   0.00000000    262.4   73.2      4.6     71910
2018  2 22 10    295.0    228.0   0.00000000   0.00000000    262.5   72.6      6.0     71910
2018  2 22 11    428.0    226.0   0.00000000   0.00000000    262.5   74.5      6.2     71940
2018  2 22 12    808.0    215.0   0.00000000   0.00000000    263.2   75.3      5.5     71960
2018  2 22 13    512.0    219.0   0.00000000   0.00000000    262.9   74.4      3.7     71970
2018  2 22 14    593.0    229.0   0.00000000   0.00000000    263.4   75.1      4.2     71980
2018  2 22 15    322.0    213.0   0.00000000   0.00000000    262.8   77.8      4.1     71990
2018  2 22 16    155.0    206.0   0.00000000   0.00000000    262.0   80.3      3.9     72010
2018  2 22 17     26.0    226.0   0.00000000   0.00000000    261.9   79.2      5.2     72030
2018  2 22 18      0.0    231.0   0.00000000   0.00000000    261.8   79.9      5.8     72060
2018  2 22 19      0.0    220.0   0.00000000   0.00000000    261.8   79.7      5.7     72070
2018  2 22 20      0.0    177.0   0.00000000   0.00000000    261.6   78.5      4.9     72080
2018  2 22 21      0.0    166.0   0.00000000   0.00000000    261.6   76.7      4.0     72090
2018  2 22 22      0.0    166.0   0.00000000   0.00000000    261.8   72.5      3.4     72100
2018  2 22 23      0.0    166.0   0.00000000   0.00000000    262.1   70.3      4.1     72100
2018  2 23  0      0.0    169.0   0.00000000   0.00000000    262.1   71.1      4.0     72110
2018  2 23  1      0.0    179.0   0.00000000   0.00000000    262.1   72.4      4.9     72120
2018  2 23  2      0.0    178.0   0.00000000   0.00000000    262.5   69.8      5.1     72100
2018  2 23  3      0.0    178.0   0.00000000   0.00000000    262.8   67.3      4.4     72060
2018  2 23  4      0.0    187.0   0.00000000   0.00000000    262.8   66.2      4.8     72040
2018  2 23  5      0.0    194.0   0.00000000   0.00000000    262.8   67.0      4.8     72020
2018  2 23  6      0.0    209.0   0.00000000   0.00000000    263.0   67.3      3.9     72030
2018  2 23  7     17.0    231.0   0.00000000   0.00000000    263.4   69.4      4.8     72050
2018  2 23  8    180.0    237.0   0.00000000   0.00000000    263.8   68.1      4.8     72070
2018  2 23  9    419.0    193.0   0.00000000   0.00000000    264.1   67.3      4.0     72100
2018  2 23 10    454.0    185.0   0.00000000   0.00000000    264.4   69.5      6.1     72130
2018  2 23 11    612.0    187.0   0.00000000   0.00000000    264.8   72.7      6.5     72150
2018  2 23 12    610.0    196.0   0.00000000   0.00000000    265.0   74.2      5.2     72180
2018  2 23 13    598.0    198.0   0.00000000   0.00000000    265.2   74.6      5.5     72200
2018  2 23 14    543.0    187.0   0.00000000   0.00000000    265.6   76.1      6.4     72200
2018  2 23 15    406.0    187.0   0.00000000   0.00000000    265.8   74.2      7.0     72210
2018  2 23 16    245.0    188.0   0.00000000   0.00000000    265.5   72.3      6.5     72240
2018  2 23 17     57.0    192.0   0.00000000   0.00000000    265.5   71.9      7.1     72260
2018  2 23 18      0.0    193.0   0.00000000   0.00000000    265.3   73.2      4.1     72300
2018  2 23 19      0.0    194.0   0.00000000   0.00000000    265.5   74.5      7.2     72310
2018  2 23 20      0.0    195.0   0.00000000   0.00000000    265.9   73.6      8.8     72330
2018  2 23 21      0.0    196.0   0.00000000   0.00000000    266.1   74.2      9.6     72350
2018  2 23 22      0.0    196.0   0.00000000   0.00000000    266.1   75.8      8.8     72360
2018  2 23 23      0.0    199.0   0.00000000   0.00000000    266.4   77.2      8.3     72390
2018  2 24  0      0.0    199.0   0.00000000   0.00000000    266.1   80.6      5.6     72410
2018  2 24  1      0.0    201.0   0.00000000   0.00000000    266.8   79.8      6.3     72440
2018  2 24  2      0.0    202.0   0.00000000   0.00000000    267.1   79.2      6.9     72440
2018  2 24  3      0.0    203.0   0.00000000   0.00000000    267.2   78.6      6.2     72460
2018  2 24  4      0.0    212.0   0.00000000   0.00000000    267.5   79.2      4.3     72490
2018  2 24  5      0.0    202.0   0.00000000   0.00000000    267.8   81.1      4.2     72520
2018  2 24  6      0.0    204.0   0.00000000   0.00000000    267.9   80.7      4.1     72530
2018  2 24  7     36.0    201.0   0.00000000   0.00000000    268.0   80.2      3.6     72550
2018  2 24  8    204.0    201.0   0.00000000   0.00000000    268.0   80.8      3.4     72580
2018  2 24  9    384.0    203.0   0.00000000   0.00000000    268.8   75.8      3.5     72610
2018  2 24 10    526.0    205.0   0.00000000   0.00000000    269.5   70.3      3.4     72610
2018  2 24 11    617.0    208.0   0.00000000   0.00000000    270.2   67.7      2.3     72620
2018  2 24 12    651.0    208.0   0.00000000   0.00000000    270.3   70.3      1.4     72600
2018  2 24 13    628.0    208.0   0.00000000   0.00000000    271.0   67.3      2.4     72570
2018  2 24 14    546.0    207.0   0.00000000   0.00000000    270.0   74.2      2.3     72560
2018  2 24 15    411.0    205.0   0.00000000   0.00000000    270.2   72.0      3.2     72530
2018  2 24 16    243.0    204.0   0.00000000   0.00000000    269.3   77.5      2.0     72520
2018  2 24 17     58.0    199.0   0.00000000   0.00000000    268.5   82.5      3.0     72500
2018  2 24 18      0.0    196.0   0.00000000   0.00000000    268.0   85.5      2.6     72500
2018  2 24 19      0.0    263.0   0.00000000   0.00000000    267.9   84.4      1.6     72500
2018  2 24 20      0.0    276.0   0.00000000   0.00000000    267.5   88.4      1.5     72500
2018  2 24 21      0.0    240.0   0.00000000   0.00000000    267.6   85.7      1.7     72490
2018  2 24 22      0.0    190.0   0.00000000   0.00000000    267.4   80.9      1.8     72470
2018  2 24 23      0.0    196.0   0.00000000   0.00000000    266.5   92.0      1.9     72450
2018  2 25  0      0.0    213.0   0.00000000   0.00000000    266.3   90.0      3.2     72430
2018  2 25  1      0.0    229.0   0.00000000   0.00000000    266.6   87.3      5.1     72390
2018  2 25  2      0.0    240.0   0.00000000   0.00000000    266.3   90.3      4.9     72350
2018  2 25  3      0.0    227.0   0.00000000   0.00000000    265.3   96.0      4.9     72290
2018  2 25  4      0.0    206.0   0.00000000   0.00000000    264.4   94.3      5.9     72240
2018  2 25  5      0.0    173.0   0.00000000   0.00000000    264.1   59.1      4.9     72200
2018  2 25  6      0.0    173.0   0.00000000   0.00000000    263.4   59.3      4.4     72150
2018  2 25  7     43.0    172.0   0.00000000   0.00000000    262.3   67.4      5.3     72120
2018  2 25  8    236.0    173.0   0.00000000   0.00000000    262.6   63.4      2.7     72100
2018  2 25  9    303.0    229.0   0.00000000   0.00000000    261.0   92.6      1.5     72090
2018  2 25 10    420.0    225.0   0.00000000   0.00000000    260.3   89.3      2.7     72100
2018  2 25 11    628.0    160.0   0.00000000   0.00000000    259.6   55.4      3.6     72100
2018  2 25 12    560.0    156.0   0.00000000   0.00000000    259.3   44.6      4.4     72080
2018  2 25 13    650.0    155.0   0.00000000   0.00000000    258.8   51.1      5.1     72060
2018  2 25 14    579.0    141.0   0.00000000   0.00000000    258.1   51.0      5.1     72020
2018  2 25 15    439.0    137.0   0.00000000   0.00000000    256.5   63.5      5.0     72020
2018  2 25 16    257.0    129.0   0.00000000   0.00000000    255.3   61.0      7.4     71990
2018  2 25 17     62.0    126.0   0.00000000   0.00000000    254.0   74.5      6.5     71990
2018  2 25 18      0.0    125.0   0.00000000   0.00000000    252.7   89.7      5.6     71980
2018  2 25 19      0.0    152.0   0.00002778   0.00000000    251.8   96.0      3.0     71980
2018  2 25 20      0.0    186.0   0.00000000   0.00000000    251.5   97.7      4.4     71950
2018  2 25 21      0.0    174.0   0.00000000   0.00000000    250.8   95.8      2.4     71930
2018  2 25 22      0.0    119.0   0.00000000   0.00000000    250.6   80.7      2.8     71900
2018  2 25 23      0.0    119.0   0.00000000   0.00000000    250.9   69.1      3.1     71860
2018  2 26  0      0.0    119.0   0.00000000   0.00000000    248.9   90.5      3.0     71810
2018  2 26  1      0.0    115.0   0.00000000   0.00000000    249.2   82.8      5.0     71760
2018  2 26  2      0.0    116.0   0.00000000   0.00000000    248.9   80.0      5.6     71710
2018  2 26  3      0.0    117.0   0.00000000   0.00000000    248.7   78.0      5.6     71670
2018  2 26  4      0.0    116.0   0.00000000   0.00000000    248.1   69.1      6.6     71630
2018  2 26  5      0.0    116.0   0.00000000   0.00000000    248.3   66.8      7.2     71600
2018  2 26  6      0.0    114.0   0.00000000   0.00000000    248.1   57.6      7.6     71580
2018  2 26  7     52.0    114.0   0.00000000   0.00000000    248.2   48.6      6.2     71560
2018  2 26  8    237.0    115.0   0.00000000   0.00000000    248.7   47.4      5.5     71540
2018  2 26  9    422.0    117.0   0.00000000   0.00000000    249.0   53.4      5.4     71510
2018  2 26 10    571.0    118.0   0.00000000   0.00000000    249.5   56.6      6.1     71470
2018  2 26 11    668.0    118.0   0.00000000   0.00000000    249.9   60.7      6.9     71460
2018  2 26 12    703.0    119.0   0.00000000   0.00000000    249.7   66.9      7.2     71430
2018  2 26 13    604.0    147.0   0.00000000   0.00000000    249.0   81.8      6.4     71420
2018  2 26 14    393.0    178.0   0.00000000   0.00000000    248.4   87.3      8.1     71400
2018  2 26 15    313.0    167.0   0.00000000   0.00000000    247.9   96.5     13.3     71370
2018  2 26 16    214.0    143.0   0.00000000   0.00000000    247.5   91.1     12.9     71370
2018  2 26 17     38.0    139.0   0.00000000   0.00000000    246.9   91.9     12.0     71390
2018  2 26 18      0.0    149.0   0.00000000   0.00000000    246.5   93.3     10.8     71400
2018  2 26 19      0.0    131.0   0.00000000   0.00000000    246.0   89.5      9.0     71390
2018  2 26 20      0.0    124.0   0.00000000   0.00000000    245.7   76.8      6.8     71380
2018  2 26 21      0.0    146.0   0.00000000   0.00000000    244.9   83.5      5.5     71350
2018  2 26 22      0.0    165.0   0.00000000   0.00000000    245.0   85.1      5.1     71320
2018  2 26 23      0.0    172.0   0.00000000   0.00000000    244.7   86.0      3.7     71310
2018  2 27  0      0.0    174.0   0.00000000   0.00000000    244.8   86.5      2.8     71280
2018  2 27  1      0.0    140.0   0.00000000   0.00000000    245.0   80.2      2.7     71260
2018  2 27  2      0.0    156.0   0.00000000   0.00000000    245.3   77.7      2.0     71220
2018  2 27  3      0.0    145.0   0.00000000   0.00000000    245.8   74.3      1.3     71180
2018  2 27  4      0.0    134.0   0.00000000   0.00000000    245.5   78.1      1.4     71170
2018  2 27  5      0.0    136.0   0.00000000   0.00000000    245.1   80.8      2.1     71150
2018  2 27  6      0.0    134.0   0.00000000   0.00000000    246.1   72.0      2.9     71130
2018  2 27  7     24.0    135.0   0.00000000   0.00000000    246.0   71.3      3.3     71140
2018  2 27  8    116.0    173.0   0.00000000   0.00000000    247.5   59.8      2.6     71150
2018  2 27  9    290.0    179.0   0.00000000   0.00000000    247.5   65.2      2.0     71170
2018  2 27 10    490.0    160.0   0.00000000   0.00000000    248.8   59.6      2.6     71180
2018  2 27 11    617.0    155.0   0.00000000   0.00000000    250.5   49.0      1.4     71200
2018  2 27 12    604.0    176.0   0.00000000   0.00000000    250.1   58.3      1.6     71230
2018  2 27 13    629.0    159.0   0.00000000   0.00000000    250.1   69.5      1.1     71230
2018  2 27 14    602.0    147.0   0.00000000   0.00000000    249.7   82.7      2.1     71250
2018  2 27 15    397.0    156.0   0.00000000   0.00000000    249.5   82.4      1.9     71260
2018  2 27 16    249.0    150.0   0.00000000   0.00000000    249.2   83.5      1.9     71280
2018  2 27 17     75.0    136.0   0.00000000   0.00000000    248.7   86.4      2.1     71310
2018  2 27 18      1.0    133.0   0.00000000   0.00000000    248.2   92.0      1.9     71350
2018  2 27 19      0.0    129.0   0.00000000   0.00000000    248.3   87.3      1.9     71360
2018  2 27 20      0.0    128.0   0.00000000   0.00000000    248.8   80.7      2.6     71370
2018  2 27 21      0.0    129.0   0.00000000   0.00000000    249.3   68.7      1.3     71390
2018  2 27 22      0.0    129.0   0.00000000   0.00000000    250.0   61.7      3.5     71410
2018  2 27 23      0.0    129.0   0.00000000   0.00000000    250.2   63.8      5.0     71420
2018  2 28  0      0.0    129.0   0.00000000   0.00000000    250.1   64.6      5.4     71430
2018  2 28  1      0.0    130.0   0.00000000   0.00000000    250.1   62.9      6.1     71430
2018  2 28  2      0.0    130.0   0.00000000   0.00000000    250.3   63.1      6.8     71440
2018  2 28  3      0.0    130.0   0.00000000   0.00000000    250.5   63.3      7.1     71440
2018  2 28  4      0.0    130.0   0.00000000   0.00000000    250.5   61.4      6.9     71450
2018  2 28  5      0.0    130.0   0.00000000   0.00000000    250.7   53.7      6.8     71480
2018  2 28  6      0.0    130.0   0.00000000   0.00000000    250.9   51.1      6.1     71500
2018  2 28  7     57.0    131.0   0.00000000   0.00000000    251.3   45.7      5.2     71550
2018  2 28  8    242.0    133.0   0.00000000   0.00000000    252.2   41.7      4.5     71590
2018  2 28  9    429.0    135.0   0.00000000   0.00000000    253.2   38.8      4.6     71650
2018  2 28 10    575.0    138.0   0.00000000   0.00000000    254.0   41.5      4.9     71690
2018  2 28 11    670.0    140.0   0.00000000   0.00000000    254.3   48.2      4.6     71740
2018  2 28 12    707.0    142.0   0.00000000   0.00000000    254.9   55.0      4.5     71760
2018  2 28 13    664.0    150.0   0.00000000   0.00000000    255.6   55.9      5.2     71790
2018  2 28 14    578.0    146.0   0.00000000   0.00000000    256.0   52.8      4.9     71840
2018  2 28 15    326.0    167.0   0.00000000   0.00000000    255.7   54.9      4.5     71860
2018  2 28 16    161.0    206.0   0.00002778   0.00000000    255.4   59.7      5.2     71860
2018  2 28 17     40.0    208.0   0.00000000   0.00000000    255.4   49.6      5.4     71880
2018  2 28 18      0.0    227.0   0.00000000   0.00000000    255.9   44.1      5.6     71930
2018  2 28 19      0.0    201.0   0.00000000   0.00000000    255.5   52.0      6.1     71930
2018  2 28 20      0.0    165.0   0.00000000   0.00000000    258.0   26.8      6.6     71910
2018  2 28 21      0.0    179.0   0.00000000   0.00000000    257.9   36.1      6.4     71930
2018  2 28 22      0.0    204.0   0.00000000   0.00000000    257.6   52.4      5.8     71940
2018  2 28 23      0.0    209.0   0.00000000   0.00000000    258.1   64.8      7.7     71940
2018  3  1  0      0.0    247.0   0.00000000   0.00000000    259.2   70.0      9.3     71950
2018  3  1  1      0.0    242.0   0.00000000   0.00000000    260.6   70.2      9.5     71920
2018  3  1  2      0.0    238.0   0.00000000   0.00000000    261.6   71.3     10.0     71900
2018  3  1  3      0.0    259.0   0.00002778   0.00000000    262.9   74.1     10.2     71890
2018  3  1  4      0.0    266.0   0.00002778   0.00000000    263.2   86.1      9.7     71860
2018  3  1  5      0.0    262.0   0.00000000   0.00000000    263.6   84.0      9.4     71830
2018  3  1  6      0.0    269.0   0.00011111   0.00000000    263.9   88.2      8.8     71840
2018  3  1  7     16.0    271.0   0.00011111   0.00000000    264.0   88.5      8.1     71830
2018  3  1  8    111.0    272.0   0.00011111   0.00000000    264.6   88.2      9.2     71800
2018  3  1  9    206.0    273.0   0.00011111   0.00000000    264.8   89.4      8.5     71810
2018  3  1 10    341.0    270.0   0.00008333   0.00000000    264.8   88.2      8.9     71840
2018  3  1 11    428.0    267.0   0.00002778   0.00000000    265.3   85.8     10.0     71840
2018  3  1 12    396.0    278.0   0.00002778   0.00000000    265.8   85.6     10.2     71830
2018  3  1 13    328.0    280.0   0.00002778   0.00000000    266.1   86.3      8.5     71800
2018  3  1 14    347.0    281.0   0.00011111   0.00000000    266.5   86.6      7.5     71780
2018  3  1 15    440.0    241.0   0.00000000   0.00000000    267.2   78.2      6.5     71740
2018  3  1 16    252.0    213.0   0.00000000   0.00000000    266.8   80.5      7.1     71710
2018  3  1 17     55.0    211.0   0.00000000   0.00000000    267.1   80.5      6.3     71690
2018  3  1 18      0.0    221.0   0.00002778   0.00000000    267.3   80.2      6.6     71680
2018  3  1 19      0.0    210.0   0.00000000   0.00000000    267.8   78.9      4.9     71670
2018  3  1 20      0.0    262.0   0.00000000   0.00000000    267.4   83.2      4.3     71690
2018  3  1 21      0.0    274.0   0.00000000   0.00000000    267.8   84.2      5.3     71670
2018  3  1 22      0.0    236.0   0.00000000   0.00000000    267.8   82.8      6.0     71640
2018  3  1 23      0.0    208.0   0.00000000   0.00000000    268.3   82.1      7.2     71600
2018  3  2  0      0.0    209.0   0.00002778   0.00000000    268.4   82.6      7.4     71570
2018  3  2  1      0.0    266.0   0.00000000   0.00000000    268.8   82.3      6.4     71550
2018  3  2  2      0.0    245.0   0.00000000   0.00000000    268.8   85.5      6.7     71520
2018  3  2  3      0.0    221.0   0.00000000   0.00000000    268.9   85.4      7.0     71460
2018  3  2  4      0.0    207.0   0.00000000   0.00000000    268.8   84.5      7.1     71410
2018  3  2  5      0.0    208.0   0.00002778   0.00000000    268.8   82.8      7.4     71380
2018  3  2  6      0.0    235.0   0.00000000   0.00000000    268.5   83.0      6.9     71350
2018  3  2  7     29.0    251.0   0.00000000   0.00000000    268.4   83.3      6.1     71330
2018  3  2  8    180.0    234.0   0.00000000   0.00000000    268.5   82.6      6.4     71300
2018  3  2  9    320.0    220.0   0.00002778   0.00000000    268.9   79.8      6.7     71270
2018  3  2 10    357.0    237.0   0.00002778   0.00000000    269.4   77.7      6.8     71260
2018  3  2 11    498.0    273.0   0.00000000   0.00000000    270.4   74.7      5.6     71240
2018  3  2 12    495.0    271.0   0.00000000   0.00000000    270.5   76.7      3.4     71230
2018  3  2 13    334.0    291.0   0.00002778   0.00000000    269.1   87.8      2.1     71220
2018  3  2 14    282.0    290.0   0.00013889   0.00000000    268.0   96.5      3.4     71210
2018  3  2 15    172.0    284.0   0.00038889   0.00000000    266.4   96.0     11.6     71210
2018  3  2 16     98.0    274.0   0.00027778   0.00000000    264.8   98.4     18.5     71220
2018  3  2 17     23.0    270.0   0.00016667   0.00000000    264.1   90.3     17.9     71300
2018  3  2 18      0.0    268.0   0.00002778   0.00000000    263.9   97.2     13.5     71410
2018  3  2 19      0.0    268.0   0.00005556   0.00000000    263.5   97.9      7.8     71500
2018  3  2 20      0.0    247.0   0.00002778   0.00000000    263.6   92.2      1.5     71520
2018  3  2 21      0.0    194.0   0.00000000   0.00000000    264.9   79.1      3.1     71510
2018  3  2 22      0.0    190.0   0.00000000   0.00000000    264.6   68.5      5.2     71520
2018  3  2 23      0.0    174.0   0.00000000   0.00000000    264.9   42.4      3.8     71540
2018  3  3  0      0.0    165.0   0.00000000   0.00000000    264.4   67.0      3.0     71550
2018  3  3  1      0.0    180.0   0.00000000   0.00000000    264.8   57.0      3.1     71560
2018  3  3  2      0.0    192.0   0.00000000   0.00000000    265.0   36.2      3.3     71560
2018  3  3  3      0.0    214.0   0.00000000   0.00000000    265.3   25.3      4.2     71520
2018  3  3  4      0.0    226.0   0.00000000   0.00000000    265.8   21.8      4.2     71460
2018  3  3  5      0.0    245.0   0.00000000   0.00000000    266.3   19.9      4.3     71410
2018  3  3  6      0.0    254.0   0.00000000   0.00000000    266.8   20.9      4.9     71390
2018  3  3  7     26.0    251.0   0.00000000   0.00000000    266.9   23.5      5.6     71360
2018  3  3  8    104.0    248.0   0.00000000   0.00000000    266.8   34.2      6.7     71380
2018  3  3  9    351.0    212.0   0.00000000   0.00000000    266.8   43.6      6.4     71380
2018  3  3 10    543.0    209.0   0.00000000   0.00000000    267.3   53.8      5.8     71360
2018  3  3 11    655.0    209.0   0.00000000   0.00000000    267.8   59.1      5.6     71360
2018  3  3 12    552.0    225.0   0.00000000   0.00000000    267.8   59.2      4.4     71380
2018  3  3 13    467.0    261.0   0.00000000   0.00000000    267.8   59.5      3.4     71410
2018  3  3 14    286.0    272.0   0.00000000   0.00000000    266.9   68.3      3.2     71430
2018  3  3 15    228.0    274.0   0.00002778   0.00000000    265.8   82.0      1.5     71440
2018  3  3 16    115.0    275.0   0.00011111   0.00000000    265.1   96.9      1.8     71470
2018  3  3 17     34.0    277.0   0.00019444   0.00000000    265.0   96.0      2.6     71530
2018  3  3 18      0.0    272.0   0.00011111   0.00000000    265.5   91.2      5.5     71570
2018  3  3 19      0.0    256.0   0.00002778   0.00000000    265.4   90.6      4.1     71620
2018  3  3 20      0.0    269.0   0.00005556   0.00000000    265.2   93.9      7.0     71660
2018  3  3 21      0.0    274.0   0.00011111   0.00000000    265.2   94.7      6.1     71730
2018  3  3 22      0.0    275.0   0.00011111   0.00000000    264.6   97.6      6.7     71770
2018  3  3 23      0.0    274.0   0.00000000   0.00000000    264.5   98.0      7.6     71780
2018  3  4  0      0.0    265.0   0.00000000   0.00000000    264.2   96.2      8.6     71840
2018  3  4  1      0.0    256.0   0.00000000   0.00000000    263.9   79.3      5.9     71950
2018  3  4  2      0.0    255.0   0.00000000   0.00000000    264.2   77.1      5.2     71980
2018  3  4  3      0.0    187.0   0.00000000   0.00000000    264.3   75.5      4.3     71970
2018  3  4  4      0.0    176.0   0.00000000   0.00000000    264.1   78.1      3.6     71920
2018  3  4  5      0.0    176.0   0.00000000   0.00000000    264.0   74.8      2.7     71900
2018  3  4  6      0.0    173.0   0.00000000   0.00000000    264.8   65.3      1.7     71890
2018  3  4  7     69.0    186.0   0.00000000   0.00000000    265.0   62.6      3.0     71910
2018  3  4  8    273.0    180.0   0.00000000   0.00000000    266.3   47.4      5.1     71880
2018  3  4  9    451.0    182.0   0.00000000   0.00000000    267.6   37.4      6.1     71880
2018  3  4 10    594.0    186.0   0.00000000   0.00000000    268.0   38.6      5.5     71910
2018  3  4 11    683.0    189.0   0.00000000   0.00000000    267.8   49.7      7.3     71930
2018  3  4 12    716.0    190.0   0.00000000   0.00000000    268.3   51.5      6.3     71920
2018  3  4 13    692.0    195.0   0.00000000   0.00000000    268.8   47.8      6.3     71900
2018  3  4 14    549.0    202.0   0.00000000   0.00000000    268.6   47.0      6.4     71890
2018  3  4 15    436.0    196.0   0.00000000   0.00000000    268.5   46.0      6.3     71890
2018  3  4 16    225.0    199.0   0.00000000   0.00000000    267.5   53.1      7.4     71880
2018  3  4 17     81.0    194.0   0.00000000   0.00000000    266.8   57.1      7.3     71880
2018  3  4 18      0.0    212.0   0.00000000   0.00000000    266.3   58.7      8.2     71860
2018  3  4 19      0.0    200.0   0.00000000   0.00000000    266.1   57.5      8.7     71870
2018  3  4 20      0.0    219.0   0.00000000   0.00000000    266.5   47.6      6.4     71900
2018  3  4 21      0.0    241.0   0.00000000   0.00000000    266.9   39.6      6.7     71920
2018  3  4 22      0.0    262.0   0.00000000   0.00000000    266.8   43.9      5.7     71930
2018  3  4 23      0.0    275.0   0.00000000   0.00000000    266.4   57.7      4.2     71920
2018  3  5  0      0.0    268.0   0.00000000   0.00000000    266.2   63.1      2.8     71900
2018  3  5  1      0.0    271.0   0.00000000   0.00000000    266.0   65.2      3.0     71890
2018  3  5  2      0.0    273.0   0.00005556   0.00000000    265.1   82.7      3.0     71850
2018  3  5  3      0.0    269.0   0.00005556   0.00000000    264.4   93.1      3.3     71800
2018  3  5  4      0.0    256.0   0.00002778   0.00000000    265.1   88.2      4.1     71750
2018  3  5  5      0.0    252.0   0.00000000   0.00000000    265.8   84.4      4.2     71730
2018  3  5  6      0.0    261.0   0.00000000   0.00000000    265.9   82.5      3.7     71710
2018  3  5  7     55.0    270.0   0.00000000   0.00000000    265.9   81.0      3.9     71690
2018  3  5  8    164.0    268.0   0.00000000   0.00000000    266.0   79.7      4.4     71670
2018  3  5  9    330.0    265.0   0.00000000   0.00000000    266.3   80.1      3.8     71660
2018  3  5 10    468.0    250.0   0.00000000   0.00000000    266.4   83.2      4.1     71640
2018  3  5 11    403.0    276.0   0.00000000   0.00000000    266.8   82.9      3.8     71620
2018  3  5 12    412.0    277.0   0.00000000   0.00000000    266.8   82.5      4.5     71580
2018  3  5 13    369.0    278.0   0.00000000   0.00000000    266.9   81.9      4.8     71520
2018  3  5 14    311.0    277.0   0.00000000   0.00000000    266.8   80.6      4.5     71470
2018  3  5 15    246.0    267.0   0.00000000   0.00000000    266.8   80.4      3.8     71450
2018  3  5 16    145.0    243.0   0.00000000   0.00000000    266.5   79.7      3.4     71420
2018  3  5 17     46.0    240.0   0.00000000   0.00000000    266.2   81.9      3.2     71400
2018  3  5 18      0.0    231.0   0.00000000   0.00000000    266.0   83.6      4.7     71380
2018  3  5 19      0.0    218.0   0.00000000   0.00000000    265.8   83.3      4.6     71360
2018  3  5 20      0.0    222.0   0.00000000   0.00000000    265.5   82.0      4.4     71340
2018  3  5 21      0.0    222.0   0.00000000   0.00000000    265.8   81.1      3.9     71320
2018  3  5 22      0.0    223.0   0.00000000   0.00000000    265.8   82.9      3.8     71300
2018  3  5 23      0.0    224.0   0.00000000   0.00000000    265.3   85.0      3.4     71280
2018  3  6  0      0.0    228.0   0.00000000   0.00000000    265.1   87.6      3.6     71250
2018  3  6  1      0.0    259.0   0.00000000   0.00000000    265.2   86.9      3.7     71240
2018  3  6  2      0.0    268.0   0.00000000   0.00000000    265.0   88.1      3.4     71200
2018  3  6  3      0.0    265.0   0.00002778   0.00000000    264.8   90.9      3.0     71150
2018  3  6  4      0.0    262.0   0.00005556   0.00000000    265.3   86.5      5.6     71110
2018  3  6  5      0.0    258.0   0.00005556   0.00000000    264.9   87.7      5.6     71090
2018  3  6  6      0.0    262.0   0.00002778   0.00000000    264.8   90.5      6.8     71070
2018  3  6  7     31.0    268.0   0.00008333   0.00000000    264.8   95.1      7.4     71070
2018  3  6  8    128.0    261.0   0.00005556   0.00000000    264.8   94.0      8.4     71080
2018  3  6  9    320.0    244.0   0.00002778   0.00000000    264.9   89.8      7.2     71100
2018  3  6 10    483.0    255.0   0.00002778   0.00000000    265.4   85.1      5.7     71120
2018  3  6 11    478.0    273.0   0.00013889   0.00000000    265.5   87.2      2.5     71140
2018  3  6 12    457.0    271.0   0.00013889   0.00000000    265.8   86.6      4.1     71150
2018  3  6 13    410.0    278.0   0.00019444   0.00000000    265.4   91.5      4.7     71140
2018  3  6 14    330.0    275.0   0.00008333   0.00000000    264.9   92.4     10.1     71130
2018  3  6 15    253.0    271.0   0.00000000   0.00000000    265.0   92.0      9.3     71150
2018  3  6 16    138.0    274.0   0.00000000   0.00000000    265.0   89.5      6.4     71170
2018  3  6 17     34.0    276.0   0.00011111   0.00000000    265.1   94.5      5.8     71200
2018  3  6 18      0.0    274.0   0.00000000   0.00000000    264.8   96.9      7.3     71250
2018  3  6 19      0.0    254.0   0.00002778   0.00000000    264.3   92.2      7.1     71290
2018  3  6 20      0.0    219.0   0.00000000   0.00000000    264.1   87.6      5.2     71310
2018  3  6 21      0.0    263.0   0.00000000   0.00000000    264.5   87.2      4.7     71330
2018  3  6 22      0.0    262.0   0.00000000   0.00000000    265.0   85.1      3.9     71360
2018  3  6 23      0.0    256.0   0.00000000   0.00000000    264.6   90.6      2.2     71380
2018  3  7  0      0.0    261.0   0.00000000   0.00000000    264.6   91.2      3.2     71400
2018  3  7  1      0.0    240.0   0.00000000   0.00000000    264.8   90.0      4.2     71410
2018  3  7  2      0.0    245.0   0.00002778   0.00000000    264.6   93.9      3.9     71410
2018  3  7  3      0.0    252.0   0.00002778   0.00000000    264.6   94.1      3.4     71390
2018  3  7  4      0.0    257.0   0.00011111   0.00000000    264.5   93.3      3.3     71400
2018  3  7  5      0.0    268.0   0.00011111   0.00000000    264.4   93.2      2.0     71410
2018  3  7  6      1.9    266.0   0.00011111   0.00000000    264.0   97.5      2.9     71420
2018  3  7  7     53.0    265.0   0.00005556   0.00000000    263.8   95.8      3.3     71450
2018  3  7  8    226.0    264.0   0.00002778   0.00000000    264.1   94.8      5.5     71480
2018  3  7  9    303.0    274.0   0.00027778   0.00000000    264.3   89.5      4.6     71520
2018  3  7 10    335.0    272.0   0.00013889   0.00000000    264.0   88.9      4.1     71540
2018  3  7 11    291.0    270.0   0.00027778   0.00000000    263.3   88.7     10.4     71560
2018  3  7 12    326.0    268.0   0.00030556   0.00000000    263.2   95.4     12.5     71570
2018  3  7 13    306.0    266.0   0.00013889   0.00000000    262.8   94.1     15.9     71560
2018  3  7 14    228.0    265.0   0.00019444   0.00000000    262.6   90.7     13.5     71610
2018  3  7 15    158.0    264.0   0.00016667   0.00000000    262.8   94.5      8.8     71680
2018  3  7 16     92.0    258.0   0.00000000   0.00000000    262.4   94.3      6.6     71720
2018  3  7 17     33.0    235.0   0.00000000   0.00000000    262.2   87.2      4.9     71760
2018  3  7 18      2.0    257.0   0.00000000   0.00000000    261.9   97.4      4.6     71810
2018  3  7 19      0.0    250.0   0.00002778   0.00000000    262.3   90.5      5.0     71870
2018  3  7 20      0.0    241.0   0.00002778   0.00000000    262.4   89.0      5.9     71900
2018  3  7 21      0.0    246.0   0.00000000   0.00000000    262.2   91.4      3.5     71960
2018  3  7 22      0.0    198.0   0.00000000   0.00000000    261.9   78.5      3.4     72000
2018  3  7 23      0.0    254.0   0.00008333   0.00000000    261.9   83.9      3.7     72030
2018  3  8  0      0.0    247.0   0.00013889   0.00000000    262.1   88.4      5.0     72070
2018  3  8  1      0.0    248.0   0.00000000   0.00000000    262.2   80.7      5.8     72110
2018  3  8  2      0.0    240.0   0.00000000   0.00000000    261.8   86.2      3.3     72130
2018  3  8  3      0.0    203.0   0.00000000   0.00000000    261.8   81.8      5.2     72130
2018  3  8  4      0.0    224.0   0.00000000   0.00000000    261.8   84.1      3.1     72150
2018  3  8  5      0.0    213.0   0.00000000   0.00000000    261.4   85.1      3.9     72180
2018  3  8  6      4.9    171.0   0.00000000   0.00000000    261.2   83.8      4.6     72200
2018  3  8  7     97.0    164.0   0.00000000   0.00000000    261.2   83.9      3.0     72240
2018  3  8  8    299.0    162.0   0.00000000   0.00000000    261.8   80.5      3.8     72270
2018  3  8  9    485.0    161.0   0.00000000   0.00000000    262.4   73.5      3.9     72290
2018  3  8 10    630.0    163.0   0.00000000   0.00000000    263.3   60.9      6.0     72330
2018  3  8 11    725.0    166.0   0.00000000   0.00000000    264.3   66.9      5.4     72360
2018  3  8 12    742.0    175.0   0.00000000   0.00000000    265.1   54.2      7.2     72370
2018  3  8 13    723.0    180.0   0.00000000   0.00000000    266.0   50.9      6.8     72380
2018  3  8 14    676.0    187.0   0.00000000   0.00000000    266.4   49.1      6.4     72380
2018  3  8 15    535.0    195.0   0.00000000   0.00000000    266.3   45.0      7.7     72380
2018  3  8 16    319.0    196.0   0.00000000   0.00000000    265.9   46.8      8.2     72370
2018  3  8 17     81.0    213.0   0.00000000   0.00000000    265.2   48.2      6.7     72390
2018  3  8 18      1.0    200.0   0.00000000   0.00000000    264.8   47.7      8.5     72430
2018  3  8 19      0.0    222.0   0.00000000   0.00000000    264.5   50.7      8.0     72480
2018  3  8 20      0.0    195.0   0.00000000   0.00000000    264.2   55.3      8.4     72520
2018  3  8 21      0.0    185.0   0.00000000   0.00000000    263.8   61.5      7.3     72570
2018  3  8 22      0.0    182.0   0.00000000   0.00000000    263.6   65.2      7.0     72610
2018  3  8 23      0.0    183.0   0.00000000   0.00000000    263.9   65.1      6.8     72630
2018  3  9  0      0.0    185.0   0.00000000   0.00000000    263.6   66.1      6.0     72650
2018  3  9  1      0.0    184.0   0.00000000   0.00000000    263.9   63.1      5.7     72660
2018  3  9  2      0.0    185.0   0.00000000   0.00000000    264.1   62.6      5.2     72650
2018  3  9  3      0.0    186.0   0.00000000   0.00000000    264.6   59.9      6.1     72650
2018  3  9  4      0.0    187.0   0.00000000   0.00000000    265.6   50.5      4.2     72690
2018  3  9  5      0.0    214.0   0.00000000   0.00000000    266.5   41.8      4.9     72730
2018  3  9  6      2.0    265.0   0.00000000   0.00000000    267.3   46.7      4.0     72760
2018  3  9  7     31.0    278.0   0.00000000   0.00000000    267.8   56.6      4.4     72810
2018  3  9  8    128.0    279.0   0.00000000   0.00000000    268.3   60.2      4.6     72840
2018  3  9  9    307.0    276.0   0.00000000   0.00000000    269.3   63.8      4.2     72860
2018  3  9 10    449.0    277.0   0.00002778   0.00000000    270.5   64.7      3.5     72880
2018  3  9 11    496.0    288.0   0.00000000   0.00000000    271.6   61.0      4.9     72910
2018  3  9 12    465.0    287.0   0.00002778   0.00000000    271.8   61.3      5.1     72910
2018  3  9 13    486.0    271.0   0.00000000   0.00000000    271.8   57.6      4.6     72910
2018  3  9 14    391.0    268.0   0.00000000   0.00000000    271.4   60.0      4.5     72940
2018  3  9 15    435.0    241.0   0.00000000   0.00000000    271.3   61.8      5.4     72940
2018  3  9 16    274.0    228.0   0.00000000   0.00000000    270.8   65.4      6.7     72900
2018  3  9 17     91.0    228.0   0.00000000   0.00000000    270.5   67.2      6.4     72900
2018  3  9 18      1.0    239.0   0.00000000   0.00000000    270.3   69.1      5.5     72940
2018  3  9 19      0.0    238.0   0.00000000   0.00000000    270.3   69.5      5.6     72970
2018  3  9 20      0.0    243.0   0.00000000   0.00000000    270.6   67.7      6.2     72970
2018  3  9 21      0.0    229.0   0.00000000   0.00000000    269.9   70.1      7.0     72920
2018  3  9 22      0.0    235.0   0.00000000   0.00000000    269.9   72.1      6.6     72910
2018  3  9 23      0.0    238.0   0.00000000   0.00000000    269.6   76.6      5.9     72890
2018  3 10  0      0.0    273.0   0.00000000   0.00000000    269.1   81.7      5.6     72880
2018  3 10  1      0.0    276.0   0.00000000   0.00000000    268.8   85.2      8.9     72860
2018  3 10  2      0.0    282.0   0.00000000   0.00000000    269.1   82.4      8.3     72830
2018  3 10  3      0.0    280.0   0.00000000   0.00000000    269.1   81.1      8.2     72780
2018  3 10  4      0.0    284.0   0.00000000   0.00000000    268.8   82.7      7.9     72760
2018  3 10  5      0.0    267.0   0.00000000   0.00000000    268.8   81.6      6.7     72720
2018  3 10  6      1.0    266.0   0.00000000   0.00000000    269.1   77.9      7.0     72700
2018  3 10  7     47.0    284.0   0.00000000   0.00000000    268.8   81.7      7.0     72720
2018  3 10  8    121.0    290.0   0.00000000   0.00000000    268.8   86.5      7.9     72730
2018  3 10  9    203.0    292.0   0.00002778   0.00000000    269.1   90.9      8.6     72740
2018  3 10 10    255.0    293.0   0.00005556   0.00000000    269.3   92.3      8.4     72750
2018  3 10 11    242.0    295.0   0.00005556   0.00000000    269.5   93.1      8.3     72780
2018  3 10 12    334.0    295.0   0.00002778   0.00000000    269.8   92.2      7.7     72790
2018  3 10 13    404.0    285.0   0.00002778   0.00000000    269.8   90.0      8.8     72760
2018  3 10 14    261.0    286.0   0.00000000   0.00000000    270.0   83.0     10.0     72760
2018  3 10 15    179.0    290.0   0.00000000   0.00000000    270.0   83.5     10.4     72780
2018  3 10 16    105.0    288.0   0.00000000   0.00000000    269.9   85.8     10.2     72800
2018  3 10 17     72.0    275.0   0.00000000   0.00000000    269.8   86.2      8.8     72810
2018  3 10 18      7.0    236.0   0.00000000   0.00000000    269.6   86.2      9.8     72830
2018  3 10 19      0.0    209.0   0.00000000   0.00000000    269.5   84.7      8.0     72850
2018  3 10 20      0.0    209.0   0.00000000   0.00000000    269.6   81.4      6.0     72850
2018  3 10 21      0.0    208.0   0.00000000   0.00000000    269.5   80.3      6.3     72840
2018  3 10 22      0.0    207.0   0.00000000   0.00000000    269.3   82.6      8.0     72830
2018  3 10 23      0.0    224.0   0.00000000   0.00000000    269.4   83.7      8.5     72820
2018  3 11  0      0.0    279.0   0.00000000   0.00000000    269.9   85.1      8.0     72770
2018  3 11  1      0.0    281.0   0.00000000   0.00000000    270.3   86.4      7.3     72740
2018  3 11  2      0.0    256.0   0.00000000   0.00000000    270.4   83.0      7.1     72670
2018  3 11  3      0.0    243.0   0.00000000   0.00000000    270.4   81.3      8.8     72600
2018  3 11  4      0.0    243.0   0.00000000   0.00000000    270.4   79.1      7.3     72540
2018  3 11  5      0.0    256.0   0.00000000   0.00000000    270.3   78.7      6.1     72500
2018  3 11  6      1.0    274.0   0.00000000   0.00000000    270.6   78.1      6.7     72470
2018  3 11  7     44.0    257.0   0.00000000   0.00000000    270.8   78.1      7.5     72410
2018  3 11  8    114.0    283.0   0.00000000   0.00000000    271.4   77.9      8.3     72410
2018  3 11  9    233.0    265.0   0.00000000   0.00000000    271.6   79.5      9.0     72380
2018  3 11 10    308.0    276.0   0.00000000   0.00000000    271.6   82.5      8.5     72340
2018  3 11 11    521.0    276.0   0.00000000   0.00000000    272.3   80.9      9.4     72300
2018  3 11 12    442.0    280.0   0.00000000   0.00000000    271.8   83.9      8.8     72220
2018  3 11 13    402.0    287.0   0.00000000   0.00000000    272.0   82.2      7.2     72170
2018  3 11 14    339.0    284.0   0.00000000   0.00000000    271.9   84.9      8.0     72100
2018  3 11 15    240.0    282.0   0.00000000   0.00000000    271.5   84.7      7.6     72050
2018  3 11 16    138.0    285.0   0.00000000   0.00000000    271.1   85.6      7.5     72000
2018  3 11 17     35.0    294.0   0.00000000   0.00000000    270.5   91.5      6.9     71970
2018  3 11 18      1.0    291.0   0.00005556   0.00000000    269.9   97.9      5.1     71950
2018  3 11 19      0.0    281.0   0.00000000   0.00000000    269.8   97.2      4.2     71920
2018  3 11 20      0.0    292.0   0.00002778   0.00000000    269.9   96.4      5.2     71900
2018  3 11 21      0.0    291.0   0.00008333   0.00000000    269.8   97.0      6.9     71880
2018  3 11 22      0.0    287.0   0.00000000   0.00000000    269.5   91.8      7.2     71860
2018  3 11 23      0.0    263.0   0.00000000   0.00000000    269.1   84.4      7.1     71850
2018  3 12  0      0.0    251.0   0.00000000   0.00000000    268.5   87.8      3.4     71840
2018  3 12  1      0.0    275.0   0.00000000   0.00000000    268.3   92.3      4.1     71860
2018  3 12  2      0.0    235.0   0.00000000   0.00000000    267.8   87.8      4.4     71840
2018  3 12  3      0.0    233.0   0.00000000   0.00000000    267.5   85.4      4.7     71800
2018  3 12  4      0.0    256.0   0.00000000   0.00000000    267.4   80.6      4.6     71780
2018  3 12  5      0.0    250.0   0.00000000   0.00000000    266.9   89.2      2.8     71770
2018  3 12  6      2.0    223.0   0.00000000   0.00000000    266.9   90.9      4.9     71760
2018  3 12  7     54.0    247.0   0.00000000   0.00000000    266.9   91.3      4.7     71800
2018  3 12  8    175.0    258.0   0.00000000   0.00000000    267.4   84.6      4.9     71840
2018  3 12  9    349.0    247.0   0.00000000   0.00000000    267.6   87.4      2.7     71880
2018  3 12 10    470.0    265.0   0.00000000   0.00000000    268.0   84.9      2.6     71920
2018  3 12 11    386.0    283.0   0.00000000   0.00000000    267.5   95.2      3.8     71960
2018  3 12 12    503.0    274.0   0.00002778   0.00000000    267.6   92.9      3.0     71990
2018  3 12 13    577.0    265.0   0.00000000   0.00000000    268.0   88.5      2.9     72000
2018  3 12 14    517.0    263.0   0.00000000   0.00000000    268.8   83.4      3.1     72020
2018  3 12 15    264.0    256.0   0.00002778   0.00000000    268.0   88.1      4.2     72040
2018  3 12 16    253.0    235.0   0.00000000   0.00000000    268.1   83.8      4.5     72040
2018  3 12 17    106.0    248.0   0.00000000   0.00000000    267.9   89.4      3.5     72070
2018  3 12 18      2.0    253.0   0.00000000   0.00000000    267.2   98.4      3.6     72100
2018  3 12 19      0.0    252.0   0.00000000   0.00000000    267.4   91.8      4.1     72140
2018  3 12 20      0.0    271.0   0.00027778   0.00000000    267.1   93.7      5.2     72170
2018  3 12 21      0.0    259.0   0.00000000   0.00000000    267.0   96.0      4.8     72200
2018  3 12 22      0.0    245.0   0.00000000   0.00000000    266.8   96.5      3.4     72200
2018  3 12 23      0.0    228.0   0.00000000   0.00000000    267.0   86.1      3.3     72220
2018  3 13  0      0.0    270.0   0.00000000   0.00000000    266.5   92.9      2.3     72220
2018  3 13  1      0.0    278.0   0.00011111   0.00000000    266.5   90.0      5.2     72220
2018  3 13  2      0.0    278.0   0.00019444   0.00000000    266.0   96.0      8.0     72200
2018  3 13  3      0.0    275.0   0.00000000   0.00000000    265.2   96.7      8.8     72190
2018  3 13  4      0.0    275.0   0.00000000   0.00000000    264.8   97.6      8.0     72200
2018  3 13  5      0.0    265.0   0.00000000   0.00000000    264.2   98.2      4.5     72230
2018  3 13  6      4.0    244.0   0.00000000   0.00000000    264.4   93.3      2.5     72260
2018  3 13  7    125.0    222.0   0.00000000   0.00000000    264.8   90.1      3.0     72290
2018  3 13  8    346.0    195.0   0.00000000   0.00000000    264.9   84.3      3.2     72340
2018  3 13  9    502.0    207.0   0.00000000   0.00000000    265.2   81.2      1.6     72380
2018  3 13 10    521.0    251.0   0.00002778   0.00000000    265.9   79.2      1.4     72410
2018  3 13 11    555.0    265.0   0.00000000   0.00000000    266.2   80.7      2.4     72430
2018  3 13 12    580.0    266.0   0.00000000   0.00000000    266.4   76.5      2.9     72440
2018  3 13 13    415.0    264.0   0.00000000   0.00000000    266.3   84.3      4.1     72440
2018  3 13 14    329.0    277.0   0.00025000   0.00000000    266.1   91.0      5.3     72460
2018  3 13 15    238.0    276.0   0.00002778   0.00000000    265.8   90.7      5.2     72480
2018  3 13 16    155.0    270.0   0.00002778   0.00000000    265.5   88.5      6.0     72500
2018  3 13 17     93.0    274.0   0.00002778   0.00000000    265.3   92.2      5.1     72520
2018  3 13 18      4.0    272.0   0.00005556   0.00000000    265.1   93.4      4.2     72560
2018  3 13 19      0.0    272.0   0.00013889   0.00000000    265.0   90.7      5.2     72590
2018  3 13 20      0.0    266.0   0.00005556   0.00000000    264.8   90.5      6.3     72610
2018  3 13 21      0.0    269.0   0.00011111   0.00000000    264.9   88.1      4.0     72650
2018  3 13 22      0.0    273.0   0.00013889   0.00000000    264.8   91.3      4.1     72670
2018  3 13 23      0.0    271.0   0.00008333   0.00000000    264.5   92.1      3.7     72670
2018  3 14  0      0.0    273.0   0.00022222   0.00000000    264.8   89.2      4.6     72670
2018  3 14  1      0.0    273.0   0.00019444   0.00000000    264.5   96.7      9.2     72670
2018  3 14  2      0.0    273.0   0.00002778   0.00000000    264.3   97.3      8.8     72660
2018  3 14  3      0.0    273.0   0.00011111   0.00000000    264.4   96.9      8.4     72660
2018  3 14  4      0.0    272.0   0.00002778   0.00000000    264.3   95.9      9.9     72660
2018  3 14  5      0.0    255.0   0.00000000   0.00000000    263.5   92.2     12.1     72660
2018  3 14  6     18.1    252.0   0.00000000   0.00000000    263.4   92.4      7.2     72690
2018  3 14  7     75.0    222.0   0.00000000   0.00000000    263.2   89.4      5.8     72700
2018  3 14  8    308.0    207.0   0.00000000   0.00000000    263.8   86.5      4.2     72720
2018  3 14  9    481.0    197.0   0.00000000   0.00000000    263.9   87.5      2.0     72730
2018  3 14 10    655.0    189.0   0.00000000   0.00000000    264.9   83.5      2.5     72740
2018  3 14 11    776.0    189.0   0.00000000   0.00000000    265.8   81.8      3.5     72720
2018  3 14 12    795.0    190.0   0.00000000   0.00000000    266.5   75.8      4.7     72710
2018  3 14 13    769.0    188.0   0.00000000   0.00000000    267.1   76.0      5.2     72680
2018  3 14 14    670.0    189.0   0.00000000   0.00000000    267.5   73.5      5.1     72640
2018  3 14 15    523.0    188.0   0.00000000   0.00000000    267.8   67.6      4.8     72600
2018  3 14 16    342.0    186.0   0.00000000   0.00000000    267.6   64.4      4.3     72570
2018  3 14 17    134.0    185.0   0.00000000   0.00000000    267.1   63.6      5.3     72550
2018  3 14 18      2.0    179.0   0.00000000   0.00000000    266.4   66.9      5.9     72540
2018  3 14 19      0.0    175.0   0.00000000   0.00000000    266.1   67.0      7.0     72540
2018  3 14 20      0.0    169.0   0.00000000   0.00000000    265.9   66.2      7.9     72520
2018  3 14 21      0.0    167.0   0.00000000   0.00000000    265.8   64.0      8.5     72520
2018  3 14 22      0.0    163.0   0.00000000   0.00000000    265.4   63.8      7.2     72490
2018  3 14 23      0.0    161.0   0.00000000   0.00000000    265.2   57.6      6.6     72430
2018  3 15  0      0.0    164.0   0.00000000   0.00000000    265.1   52.9      7.8     72360
2018  3 15  1      0.0    170.0   0.00000000   0.00000000    264.8   52.4     10.5     72310
2018  3 15  2      0.0    173.0   0.00000000   0.00000000    264.9   50.4     10.5     72280
2018  3 15  3      0.0    177.0   0.00000000   0.00000000    264.4   59.4     11.0     72240
2018  3 15  4      0.0    188.0   0.00000000   0.00000000    264.4   67.3      9.8     72220
2018  3 15  5      0.0    213.0   0.00000000   0.00000000    265.0   75.4      9.1     72170
2018  3 15  6      3.0    230.0   0.00000000   0.00000000    265.3   78.3     10.4     72130
2018  3 15  7     56.0    236.0   0.00000000   0.00000000    265.4   76.9      8.8     72120
2018  3 15  8    143.0    254.0   0.00000000   0.00000000    265.9   80.3     10.4     72110
2018  3 15  9    318.0    244.0   0.00000000   0.00000000    266.2   80.8      8.7     72080
2018  3 15 10    401.0    249.0   0.00000000   0.00000000    267.0   76.6      8.8     72060
2018  3 15 11    241.0    276.0   0.00000000   0.00000000    267.3   77.1      6.9     72050
2018  3 15 12    292.0    273.0   0.00000000   0.00000000    267.4   78.8      5.9     71980
2018  3 15 13    538.0    260.0   0.00000000   0.00000000    268.3   76.5      8.3     71900
2018  3 15 14    386.0    274.0   0.00000000   0.00000000    268.3   78.5      9.9     71840
2018  3 15 15    386.0    239.0   0.00000000   0.00000000    268.4   76.2     10.8     71790
2018  3 15 16    208.0    253.0   0.00000000   0.00000000    267.9   82.7     10.0     71760
2018  3 15 17     64.0    283.0   0.00000000   0.00000000    268.3   86.4      7.1     71760
2018  3 15 18      3.0    280.0   0.00000000   0.00000000    268.4   86.9      5.6     71780
2018  3 15 19      0.0    287.0   0.00002778   0.00000000    268.0   93.7      4.1     71810
2018  3 15 20      0.0    288.0   0.00011111   0.00000000    267.3   99.4      1.9     71840
2018  3 15 21      0.0    287.0   0.00022222   0.00000000    267.2   97.5      2.1     71870
2018  3 15 22      0.0    284.0   0.00013889   0.00000000    267.3   94.6      3.0     71900
2018  3 15 23      0.0    278.0   0.00008333   0.00000000    266.6   95.9      2.4     71900
2018  3 16  0      0.0    275.0   0.00005556   0.00000000    267.0   94.1      2.6     71910
2018  3 16  1      0.0    277.0   0.00000000   0.00000000    266.9   92.6      7.8     71930
2018  3 16  2      0.0    277.0   0.00005556   0.00000000    266.4   91.1      6.7     71920
2018  3 16  3      0.0    281.0   0.00005556   0.00000000    266.1   98.2      7.0     71910
2018  3 16  4      0.0    269.0   0.00002778   0.00000000    265.5   97.8      9.2     71910
2018  3 16  5      0.0    264.0   0.00000000   0.00000000    265.2   96.9      8.9     71920
2018  3 16  6      1.0    274.0   0.00000000   0.00000000    265.0   97.4      6.7     71970
2018  3 16  7     99.0    212.0   0.00000000   0.00000000    264.5   89.6      3.9     72020
2018  3 16  8    355.0    192.0   0.00000000   0.00000000    265.5   73.4      2.9     72040
2018  3 16  9    533.0    191.0   0.00000000   0.00000000    266.3   71.0      2.6     72070
2018  3 16 10    673.0    194.0   0.00000000   0.00000000    266.5   74.0      2.3     72090
2018  3 16 11    788.0    205.0   0.00000000   0.00000000    266.9   75.3      2.0     72110
2018  3 16 12    795.0    214.0   0.00000000   0.00000000    267.5   71.0      3.2     72140
2018  3 16 13    741.0    215.0   0.00000000   0.00000000    267.6   74.7      2.3     72140
2018  3 16 14    409.0    253.0   0.00000000   0.00000000    267.4   73.7      2.5     72140
2018  3 16 15    223.0    275.0   0.00000000   0.00000000    266.9   81.3      1.7     72140
2018  3 16 16    198.0    263.0   0.00000000   0.00000000    266.8   83.0      1.7     72110
2018  3 16 17     58.0    229.0   0.00000000   0.00000000    266.3   86.4      1.7     72110
2018  3 16 18      6.0    205.0   0.00000000   0.00000000    266.2   88.2      2.0     72130
2018  3 16 19      0.0    197.0   0.00000000   0.00000000    266.5   80.5      2.8     72120
2018  3 16 20      0.0    191.0   0.00000000   0.00000000    266.1   83.1      3.3     72080
2018  3 16 21      0.0    222.0   0.00000000   0.00000000    266.3   73.6      5.1     72090
2018  3 16 22      0.0    238.0   0.00000000   0.00000000    266.3   77.1      3.7     72070
2018  3 16 23      0.0    257.0   0.00000000   0.00000000    266.3   81.6      3.1     72030
2018  3 17  0      0.0    233.0   0.00000000   0.00000000    266.2   80.5      3.1     71980
2018  3 17  1      0.0    254.0   0.00000000   0.00000000    266.2   77.4      3.0     71920
2018  3 17  2      0.0    240.0   0.00000000   0.00000000    265.8   79.5      3.3     71840
2018  3 17  3      0.0    243.0   0.00000000   0.00000000    265.8   81.5      2.8     71760
2018  3 17  4      0.0    248.0   0.00000000   0.00000000    265.5   82.6      2.4     71700
2018  3 17  5      0.0    252.0   0.00000000   0.00000000    265.3   85.2      2.5     71660
2018  3 17  6      4.0    247.0   0.00000000   0.00000000    265.2   85.2      2.7     71600
2018  3 17  7     61.0    248.0   0.00000000   0.00000000    265.2   83.1      3.2     71530
2018  3 17  8    164.0    253.0   0.00000000   0.00000000    265.4   81.2      3.9     71480
2018  3 17  9    284.0    258.0   0.00000000   0.00000000    265.5   84.8      4.0     71440
2018  3 17 10    355.0    262.0   0.00000000   0.00000000    265.8   83.5      3.7     71400
2018  3 17 11    439.0    274.0   0.00002778   0.00000000    265.8   89.0      2.8     71370
2018  3 17 12    512.0    272.0   0.00005556   0.00000000    266.0   92.4      2.9     71320
2018  3 17 13    620.0    255.0   0.00000000   0.00000000    266.4   89.8      2.8     71250
2018  3 17 14    460.0    273.0   0.00000000   0.00000000    266.2   95.2      2.3     71200
2018  3 17 15    373.0    280.0   0.00013889   0.00000000    266.1   98.5      2.1     71180
2018  3 17 16    189.0    277.0   0.00005556   0.00000000    265.8   99.2      1.8     71160
2018  3 17 17     60.0    278.0   0.00013889   0.00000000    265.9   96.9      1.7     71150
2018  3 17 18      3.0    273.0   0.00005556   0.00000000    265.9   98.1      2.7     71160
2018  3 17 19      0.0    279.0   0.00016667   0.00000000    265.8   96.4      2.7     71180
2018  3 17 20      0.0    275.0   0.00016667   0.00000000    265.9   94.1      2.9     71190
2018  3 17 21      0.0    255.0   0.00000000   0.00000000    265.4   95.6      3.6     71220
2018  3 17 22      0.0    239.0   0.00000000   0.00000000    264.9   95.1      4.6     71240
2018  3 17 23      0.0    242.0   0.00000000   0.00000000    264.8   92.2      4.5     71240
2018  3 18  0      0.0    211.0   0.00000000   0.00000000    264.8   88.2      3.7     71250
2018  3 18  1      0.0    242.0   0.00000000   0.00000000    264.1   94.4      1.7     71250
2018  3 18  2      0.0    258.0   0.00002778   0.00000000    264.0   98.9      1.7     71230
2018  3 18  3      0.0    232.0   0.00000000   0.00000000    263.8   97.8      2.0     71200
2018  3 18  4      0.0    253.0   0.00002778   0.00000000    263.6   97.0      1.7     71180
2018  3 18  5      0.0    267.0   0.00011111   0.00000000    263.8   94.6      1.1     71180
2018  3 18  6     18.0    268.0   0.00000000   0.00000000    263.9   93.9      1.9     71210
2018  3 18  7     80.0    250.0   0.00000000   0.00000000    264.0   94.6      3.1     71260
2018  3 18  8    347.0    243.0   0.00000000   0.00000000    264.6   91.3      2.9     71290
2018  3 18  9    589.0    229.0   0.00000000   0.00000000    265.2   89.3      3.0     71330
2018  3 18 10    506.0    218.0   0.00000000   0.00000000    264.8   91.2      3.0     71360
2018  3 18 11    738.0    239.0   0.00000000   0.00000000    265.0   93.8      2.3     71380
2018  3 18 12    651.0    263.0   0.00000000   0.00000000    264.8   94.7      1.7     71380
2018  3 18 13    589.0    271.0   0.00000000   0.00000000    265.0   97.6      1.5     71390
2018  3 18 14    454.0    276.0   0.00000000   0.00000000    264.8   99.1      4.8     71390
2018  3 18 15    290.0    273.0   0.00002778   0.00000000    264.5   98.1      6.1     71400
2018  3 18 16    156.0    273.0   0.00011111   0.00000000    264.1   97.4      7.2     71420
2018  3 18 17     60.0    269.0   0.00005556   0.00000000    263.9   95.5      5.6     71450
2018  3 18 18      2.0    266.0   0.00008333   0.00000000    263.8   96.3      6.4     71490
2018  3 18 19      0.0    262.0   0.00005556   0.00000000    263.4   95.8      7.9     71530
2018  3 18 20      0.0    262.0   0.00000000   0.00000000    263.1   96.1      7.0     71550
2018  3 18 21      0.0    258.0   0.00000000   0.00000000    262.8   96.2      9.1     71560
2018  3 18 22      0.0    265.0   0.00000000   0.00000000    262.6   98.6      7.6     71570
2018  3 18 23      0.0    265.0   0.00000000   0.00000000    262.5   97.8      8.8     71580
2018  3 19  0      0.0    264.0   0.00000000   0.00000000    262.3   98.6      8.8     71580
2018  3 19  1      0.0    265.0   0.00000000   0.00000000    262.0   98.1      6.7     71590
2018  3 19  2      0.0    262.0   0.00002778   0.00000000    261.8   96.7      8.4     71570
2018  3 19  3      0.0    260.0   0.00005556   0.00000000    261.9   99.1     10.5     71540
2018  3 19  4      0.0    260.0   0.00008333   0.00000000    261.5   98.8     13.2     71540
2018  3 19  5      0.0    259.0   0.00002778   0.00000000    261.3  100.0     14.3     71530
2018  3 19  6      1.0    258.0   0.00005556   0.00000000    261.1  100.0     10.7     71550
2018  3 19  7     58.0    256.0   0.00005556   0.00000000    261.0  100.0     10.3     71570
2018  3 19  8    224.0    254.0   0.00008333   0.00000000    261.6  100.0      8.5     71610
2018  3 19  9    359.0    250.0   0.00005556   0.00000000    261.6  100.0      7.5     71640
2018  3 19 10    534.0    254.0   0.00002778   0.00000000    261.6  100.0      7.2     71660
2018  3 19 11    521.0    258.0   0.00005556   0.00000000    261.4   97.9      6.8     71680
2018  3 19 12    458.0    260.0   0.00005556   0.00000000    261.4   98.7      7.7     71680
2018  3 19 13    388.0    259.0   0.00000000   0.00000000    261.3   95.8      7.6     71680
2018  3 19 14    363.0    257.0   0.00008333   0.00000000    261.5   92.1      6.5     71690
2018  3 19 15    313.0    258.0   0.00016667   0.00000000    261.5   87.4      4.1     71710
2018  3 19 16    181.0    252.0   0.00008333   0.00000000    261.0   92.3      6.8     71700
2018  3 19 17     72.0    244.0   0.00002778   0.00000000    261.1   92.4      7.6     71710
2018  3 19 18      6.0    242.0   0.00000000   0.00000000    261.3   85.0      5.1     71740
2018  3 19 19      0.0    253.0   0.00005556   0.00000000    261.1   98.1      6.2     71770
2018  3 19 20      0.0    254.0   0.00008333   0.00000000    261.0   99.9      7.0     71800
2018  3 19 21      0.0    253.0   0.00002778   0.00000000    261.2   96.4      6.8     71810
2018  3 19 22      0.0    246.0   0.00002778   0.00000000    261.2   96.5      6.6     71800
2018  3 19 23      0.0    240.0   0.00002778   0.00000000    261.2   96.2      8.3     71790
2018  3 20  0      0.0    232.0   0.00000000   0.00000000    260.9   96.6      7.1     71780
2018  3 20  1      0.0    231.0   0.00000000   0.00000000    260.4   96.5      6.8     71770
2018  3 20  2      0.0    238.0   0.00000000   0.00000000    260.0   96.6      5.8     71770
2018  3 20  3      0.0    250.0   0.00000000   0.00000000    259.9   99.9      4.3     71760
2018  3 20  4      0.0    251.0   0.00000000   0.00000000    260.4   93.2      5.4     71770
2018  3 20  5      0.0    251.0   0.00000000   0.00000000    260.1   71.1      3.9     71790
2018  3 20  6      6.0    250.0   0.00000000   0.00000000    260.8   78.5      3.8     71810
2018  3 20  7     84.0    248.0   0.00000000   0.00000000    260.0   81.0      5.7     71860
2018  3 20  8    300.0    212.0   0.00000000   0.00000000    260.4   82.5      4.9     71900
2018  3 20  9    570.0    178.0   0.00000000   0.00000000    261.4   79.5      2.5     71940
2018  3 20 10    710.0    178.0   0.00000000   0.00000000    261.5   77.3      2.4     71990
2018  3 20 11    799.0    176.0   0.00000000   0.00000000    260.4   78.4      4.2     72020
2018  3 20 12    818.0    212.0   0.00000000   0.00000000    259.3   87.0      3.3     72060
2018  3 20 13    644.0    248.0   0.00000000   0.00000000    259.1   91.8      5.3     72070
2018  3 20 14    508.0    250.0   0.00000000   0.00000000    258.8   94.6      7.4     72080
2018  3 20 15    372.0    248.0   0.00005556   0.00000000    258.3   97.2      8.6     72110
2018  3 20 16    181.0    243.0   0.00000000   0.00000000    257.8   98.1      8.6     72150
2018  3 20 17     55.0    242.0   0.00002778   0.00000000    257.1   99.0      9.4     72190
2018  3 20 18      3.0    236.0   0.00002778   0.00000000    256.4   99.0     12.3     72250
2018  3 20 19      0.0    232.0   0.00000000   0.00000000    255.7   99.1     12.5     72310
2018  3 20 20      0.0    228.0   0.00000000   0.00000000    255.1   99.5     12.8     72370
2018  3 20 21      0.0    181.0   0.00000000   0.00000000    254.6   82.5     10.7     72410
2018  3 20 22      0.0    183.0   0.00000000   0.00000000    253.9   77.3      7.9     72450
2018  3 20 23      0.0    200.0   0.00000000   0.00000000    254.1   76.1      8.5     72470
2018  3 21  0      0.0    205.0   0.00000000   0.00000000    254.6   86.2      8.2     72490
2018  3 21  1      0.0    203.0   0.00000000   0.00000000    254.9   86.0      7.1     72510
2018  3 21  2      0.0    207.0   0.00000000   0.00000000    255.1   85.7      8.0     72500
2018  3 21  3      0.0    202.0   0.00000000   0.00000000    255.2   88.1      8.2     72490
2018  3 21  4      0.0    227.0   0.00000000   0.00000000    255.6   92.7     11.3     72480
2018  3 21  5      0.0    233.0   0.00000000   0.00000000    255.7   89.1      9.5     72500
2018  3 21  6      7.0    234.0   0.00000000   0.00000000    255.7   95.5     11.2     72530
2018  3 21  7    200.0    211.0   0.00000000   0.00000000    255.8   86.0      8.0     72600
2018  3 21  8    384.0    218.0   0.00000000   0.00000000    256.0   86.4      6.3     72670
2018  3 21  9    512.0    217.0   0.00000000   0.00000000    256.2   88.0      4.9     72720
2018  3 21 10    751.0    209.0   0.00000000   0.00000000    257.0   85.8      5.2     72750
2018  3 21 11    725.0    205.0   0.00000000   0.00000000    257.4   84.5      5.2     72770
2018  3 21 12    739.0    232.0   0.00000000   0.00000000    257.8   85.7      4.3     72790
2018  3 21 13    681.0    223.0   0.00000000   0.00000000    257.5   87.7      7.1     72800
2018  3 21 14    537.0    233.0   0.00000000   0.00000000    257.2   96.5      9.1     72810
2018  3 21 15    417.0    237.0   0.00000000   0.00000000    257.3   93.8      7.7     72850
2018  3 21 16    224.0    241.0   0.00000000   0.00000000    257.2   96.8      7.9     72860
2018  3 21 17     79.0    224.0   0.00000000   0.00000000    256.9   97.5      8.3     72910
2018  3 21 18      2.0    198.0   0.00000000   0.00000000    256.4   95.5      6.9     72950
2018  3 21 19      0.0    176.0   0.00000000   0.00000000    255.8   96.3      5.5     73000
2018  3 21 20      0.0    165.0   0.00000000   0.00000000    255.5   92.7      3.3     73010
2018  3 21 21      0.0    144.0   0.00000000   0.00000000    257.6   46.7      5.2     73000
2018  3 21 22      0.0    148.0   0.00000000   0.00000000    259.4   26.7      5.6     72990
2018  3 21 23      0.0    150.0   0.00000000   0.00000000    259.4   25.3      5.2     72980
2018  3 22  0      0.0    153.0   0.00000000   0.00000000    259.9   21.4      5.2     72970
2018  3 22  1      0.0    156.0   0.00000000   0.00000000    260.2   19.3      5.4     72960
2018  3 22  2      0.0    157.0   0.00000000   0.00000000    260.2   19.9      5.9     72920
2018  3 22  3      0.0    159.0   0.00000000   0.00000000    260.2   23.8      5.9     72880
2018  3 22  4      0.0    161.0   0.00000000   0.00000000    260.3   28.1      5.7     72860
2018  3 22  5      0.0    161.0   0.00000000   0.00000000    260.8   29.6      6.1     72840
2018  3 22  6     24.0    162.0   0.00000000   0.00000000    260.8   27.4      6.7     72820
2018  3 22  7    194.0    165.0   0.00000000   0.00000000    261.2   29.3      6.0     72820
2018  3 22  8    388.0    167.0   0.00000000   0.00000000    261.8   28.1      5.7     72820
2018  3 22  9    577.0    170.0   0.00000000   0.00000000    262.0   30.1      6.2     72820
2018  3 22 10    716.0    172.0   0.00000000   0.00000000    262.1   30.3      6.9     72810
2018  3 22 11    803.0    178.0   0.00000000   0.00000000    262.3   30.7      7.2     72780
2018  3 22 12    806.0    211.0   0.00000000   0.00000000    262.2   34.3      7.1     72740
2018  3 22 13    779.0    235.0   0.00000000   0.00000000    261.9   37.1      9.0     72670
2018  3 22 14    585.0    255.0   0.00000000   0.00000000    261.3   43.6     11.7     72610
2018  3 22 15    459.0    241.0   0.00000000   0.00000000    261.1   47.8     11.0     72580
2018  3 22 16    230.0    246.0   0.00000000   0.00000000    260.4   50.4     11.6     72530
2018  3 22 17     72.0    235.0   0.00000000   0.00000000    259.4   73.3     10.3     72490
2018  3 22 18      6.0    241.0   0.00000000   0.00000000    259.1   91.3      8.6     72470
2018  3 22 19      0.0    254.0   0.00005556   0.00000000    260.0   91.4     12.0     72440
2018  3 22 20      0.0    257.0   0.00000000   0.00000000    260.9   96.5     12.4     72430
2018  3 22 21      0.0    257.0   0.00002778   0.00000000    260.9   96.5     12.1     72410
2018  3 22 22      0.0    256.0   0.00000000   0.00000000    260.5   97.8     11.2     72380
2018  3 22 23      0.0    255.0   0.00000000   0.00000000    260.3   97.3     10.9     72330
2018  3 23  0      0.0    255.0   0.00002778   0.00000000    260.1   97.8      9.9     72280
2018  3 23  1      0.0    254.0   0.00002778   0.00000000    260.1   99.9     10.3     72240
2018  3 23  2      0.0    253.0   0.00002778   0.00000000    259.9   99.4     10.3     72210
2018  3 23  3      0.0    253.0   0.00002778   0.00000000    260.3   97.6      9.7     72180
2018  3 23  4      0.0    253.0   0.00008333   0.00000000    260.8  100.0     10.6     72150
2018  3 23  5      0.0    254.0   0.00000000   0.00000000    260.8   98.5     10.8     72130
2018  3 23  6      4.0    255.0   0.00002778   0.00000000    260.9   95.9      8.1     72150
2018  3 23  7     68.0    255.0   0.00005556   0.00000000    260.9   97.0      7.0     72160
2018  3 23  8    193.0    256.0   0.00002778   0.00000000    260.4   96.9      9.3     72160
2018  3 23  9    353.0    256.0   0.00000000   0.00000000    260.6   95.5      4.4     72170
2018  3 23 10    506.0    260.0   0.00000000   0.00000000    261.1   93.3      4.5     72160
2018  3 23 11    631.0    256.0   0.00000000   0.00000000    261.4   92.1      3.8     72140
2018  3 23 12    762.0    218.0   0.00000000   0.00000000    261.8   87.4      3.8     72110
2018  3 23 13    748.0    251.0   0.00000000   0.00000000    261.9   88.5      4.4     72080
2018  3 23 14    543.0    261.0   0.00000000   0.00000000    262.0   91.6      2.8     72040
2018  3 23 15    413.0    261.0   0.00000000   0.00000000    261.9   91.5      2.9     72010
2018  3 23 16    221.0    245.0   0.00000000   0.00000000    261.5   91.4      2.3     71970
2018  3 23 17    124.0    200.0   0.00000000   0.00000000    261.0   91.0      1.8     71950
2018  3 23 18      4.0    163.0   0.00000000   0.00000000    261.4   80.6      1.5     71920
2018  3 23 19      0.0    162.0   0.00000000   0.00000000    261.2   81.7      1.6     71900
2018  3 23 20      0.0    162.0   0.00000000   0.00000000    261.2   77.9      2.3     71880
2018  3 23 21      0.0    160.0   0.00000000   0.00000000    261.1   64.8      4.6     71860
2018  3 23 22      0.0    157.0   0.00000000   0.00000000    261.2   54.2      5.3     71840
2018  3 23 23      0.0    156.0   0.00000000   0.00000000    262.6   35.8      3.7     71800
2018  3 24  0      0.0    153.0   0.00000000   0.00000000    263.1   30.8      2.7     71760
2018  3 24  1      0.0    150.0   0.00000000   0.00000000    263.5   27.9      6.1     71730
2018  3 24  2      0.0    148.0   0.00000000   0.00000000    264.1   21.8      6.3     71680
2018  3 24  3      0.0    146.0   0.00000000   0.00000000    263.8   21.6      5.1     71620
2018  3 24  4      0.0    143.0   0.00000000   0.00000000    264.0   19.6      5.4     71600
2018  3 24  5      0.0    143.0   0.00000000   0.00000000    264.3   17.7      4.4     71590
2018  3 24  6     31.0    144.0   0.00000000   0.00000000    264.4   18.1      2.5     71590
2018  3 24  7    215.0    144.0   0.00000000   0.00000000    263.6   28.2      4.0     71610
2018  3 24  8    426.0    146.0   0.00000000   0.00000000    263.6   36.6      4.4     71640
2018  3 24  9    613.0    148.0   0.00000000   0.00000000    264.0   42.8      4.0     71670
2018  3 24 10    755.0    151.0   0.00000000   0.00000000    264.3   49.5      4.4     71700
2018  3 24 11    841.0    157.0   0.00000000   0.00000000    264.9   61.3      5.3     71730
2018  3 24 12    867.0    160.0   0.00000000   0.00000000    265.8   60.7      4.8     71760
2018  3 24 13    828.0    166.0   0.00000000   0.00000000    266.2   59.7      4.4     71790
2018  3 24 14    732.0    170.0   0.00000000   0.00000000    266.3   62.0      3.1     71820
2018  3 24 15    584.0    171.0   0.00000000   0.00000000    265.8   63.5      2.0     71830
2018  3 24 16    398.0    169.0   0.00000000   0.00000000    265.8   59.1      1.8     71850
2018  3 24 17    187.0    168.0   0.00000000   0.00000000    265.3   60.5      2.8     71880
2018  3 24 18      8.0    167.0   0.00000000   0.00000000    264.6   66.2      2.0     71920
2018  3 24 19      0.0    167.0   0.00000000   0.00000000    264.4   71.3      2.1     71960
2018  3 24 20      0.0    166.0   0.00000000   0.00000000    264.3   65.8      3.1     71990
2018  3 24 21      0.0    165.0   0.00000000   0.00000000    264.2   63.7      3.8     72010
2018  3 24 22      0.0    164.0   0.00000000   0.00000000    264.1   58.8      3.6     72040
2018  3 24 23      0.0    162.0   0.00000000   0.00000000    264.4   52.2      4.9     72040
2018  3 25  0      0.0    163.0   0.00000000   0.00000000    264.1   55.1      3.3     72030
2018  3 25  1      0.0    163.0   0.00000000   0.00000000    264.4   46.8      2.8     72030
2018  3 25  2      0.0    163.0   0.00000000   0.00000000    264.5   43.1      1.1     72020
2018  3 25  3      0.0    164.0   0.00000000   0.00000000    263.9   48.7      3.3     72020
2018  3 25  4      0.0    166.0   0.00000000   0.00000000    263.8   48.9      6.3     72020
2018  3 25  5      0.0    164.0   0.00000000   0.00000000    263.2   58.2      7.3     72040
2018  3 25  6     26.0    164.0   0.00000000   0.00000000    262.9   70.8      8.3     72040
2018  3 25  7    204.0    167.0   0.00000000   0.00000000    263.5   86.0      6.6     72080
2018  3 25  8    421.0    170.0   0.00000000   0.00000000    264.0   85.1      6.6     72130
2018  3 25  9    585.0    173.0   0.00000000   0.00000000    264.4   83.3      6.3     72180
2018  3 25 10    697.0    181.0   0.00000000   0.00000000    264.8   83.0      6.2     72220
2018  3 25 11    813.0    184.0   0.00000000   0.00000000    265.3   78.5      3.9     72260
2018  3 25 12    855.0    184.0   0.00000000   0.00000000    265.8   74.9      4.5     72290
2018  3 25 13    820.0    184.0   0.00000000   0.00000000    266.1   72.3      4.2     72300
2018  3 25 14    731.0    187.0   0.00000000   0.00000000    266.6   71.5      4.0     72310
2018  3 25 15    569.0    190.0   0.00000000   0.00000000    266.5   73.5      5.3     72320
2018  3 25 16    349.0    191.0   0.00000000   0.00000000    266.1   78.7      5.8     72330
2018  3 25 17    111.0    225.0   0.00000000   0.00000000    265.6   86.7      6.2     72350
2018  3 25 18      9.0    266.0   0.00000000   0.00000000    265.3   92.7      5.8     72390
2018  3 25 19      0.0    266.0   0.00000000   0.00000000    265.1   93.8      5.3     72440
2018  3 25 20      0.0    268.0   0.00000000   0.00000000    265.0   95.6      5.4     72460
2018  3 25 21      0.0    272.0   0.00000000   0.00000000    264.8   95.0      6.0     72470
2018  3 25 22      0.0    268.0   0.00000000   0.00000000    264.8   93.7      5.4     72480
2018  3 25 23      0.0    271.0   0.00000000   0.00000000    264.8   98.2      5.5     72480
2018  3 26  0      0.0    269.0   0.00000000   0.00000000    264.8   97.7      6.0     72490
2018  3 26  1      0.0    264.0   0.00000000   0.00000000    264.5   97.3      4.8     72490
2018  3 26  2      0.0    273.0   0.00000000   0.00000000    264.6   98.3      5.2     72470
2018  3 26  3      0.0    271.0   0.00000000   0.00000000    264.6   97.7      6.5     72470
2018  3 26  4      0.0    256.0   0.00000000   0.00000000    264.2   95.2      5.3     72470
2018  3 26  5      0.0    266.0   0.00000000   0.00000000    264.3   97.3      5.8     72480
2018  3 26  6      8.0    270.0   0.00000000   0.00000000    264.3   96.8      5.7     72500
2018  3 26  7     54.0    275.0   0.00005556   0.00000000    264.8   98.6      6.0     72540
2018  3 26  8    154.0    276.0   0.00005556   0.00000000    264.9   98.0      4.4     72560
2018  3 26  9    202.0    278.0   0.00013889   0.00000000    265.2   99.6      5.0     72580
2018  3 26 10    223.0    277.0   0.00011111   0.00000000    265.1   98.5      7.4     72610
2018  3 26 11    503.0    277.0   0.00000000   0.00000000    265.0   97.2      7.2     72640
2018  3 26 12    515.0    277.0   0.00000000   0.00000000    265.0   97.6      6.5     72660
2018  3 26 13    485.0    277.0   0.00008333   0.00000000    265.0   96.0      6.5     72680
2018  3 26 14    438.0    277.0   0.00000000   0.00000000    264.9   96.0      5.9     72690
2018  3 26 15    242.0    272.0   0.00005556   0.00000000    263.8   94.2      7.2     72710
2018  3 26 16    144.0    262.0   0.00000000   0.00000000    263.4   93.2      8.2     72730
2018  3 26 17     60.0    256.0   0.00000000   0.00000000    263.3   94.4      7.0     72760
2018  3 26 18      3.0    268.0   0.00002778   0.00000000    263.2   96.8      4.7     72780
2018  3 26 19      0.0    269.0   0.00005556   0.00000000    263.3   96.6      4.9     72800
2018  3 26 20      0.0    270.0   0.00002778   0.00000000    263.5   97.7      7.1     72820
2018  3 26 21      0.0    269.0   0.00011111   0.00000000    263.4   96.3      5.0     72830
2018  3 26 22      0.0    267.0   0.00008333   0.00000000    262.9   94.1      5.9     72820
2018  3 26 23      0.0    268.0   0.00000000   0.00000000    263.1   98.1      6.5     72820
2018  3 27  0      0.0    268.0   0.00008333   0.00000000    263.2   97.2      6.7     72810
2018  3 27  1      0.0    267.0   0.00000000   0.00000000    263.1   93.7      3.6     72800
2018  3 27  2      0.0    266.0   0.00000000   0.00000000    263.2   92.6      2.0     72780
2018  3 27  3      0.0    265.0   0.00008333   0.00000000    263.2   87.3      3.1     72770
2018  3 27  4      0.0    263.0   0.00008333   0.00000000    263.2   88.5      4.6     72760
2018  3 27  5      0.0    262.0   0.00000000   0.00000000    263.3   89.2      8.5     72740
2018  3 27  6     11.0    267.0   0.00022222   0.00000000    264.0   98.2      8.8     72740
2018  3 27  7     95.0    267.0   0.00013889   0.00000000    263.9   95.9      7.4     72770
2018  3 27  8    255.0    268.0   0.00002778   0.00000000    263.2   93.1      8.4     72780
2018  3 27  9    367.0    268.0   0.00005556   0.00000000    263.2   94.4      8.0     72790
2018  3 27 10    529.0    270.0   0.00005556   0.00000000    263.3   92.5      4.9     72810
2018  3 27 11    675.0    264.0   0.00002778   0.00000000    263.5   92.7      3.9     72810
2018  3 27 12    670.0    264.0   0.00000000   0.00000000    263.9   91.9      2.7     72800
2018  3 27 13    760.0    253.0   0.00000000   0.00000000    264.9   87.5      3.3     72770
2018  3 27 14    750.0    205.0   0.00000000   0.00000000    265.5   82.1      4.5     72730
2018  3 27 15    407.0    213.0   0.00000000   0.00000000    265.1   87.4      4.2     72690
2018  3 27 16    261.0    224.0   0.00000000   0.00000000    265.1   85.0      3.6     72680
2018  3 27 17     91.0    256.0   0.00000000   0.00000000    265.0   91.4      4.0     72660
2018  3 27 18     11.0    271.0   0.00008333   0.00000000    265.0   93.3      4.1     72650
2018  3 27 19      0.0    276.0   0.00022222   0.00000000    265.2   94.4      6.0     72650
2018  3 27 20      0.0    275.0   0.00016667   0.00000000    265.6   90.9      5.9     72660
2018  3 27 21      0.0    275.0   0.00019444   0.00000000    266.8   84.5      4.9     72670
2018  3 27 22      0.0    275.0   0.00016667   0.00000000    266.9   86.1      5.2     72670
2018  3 27 23      0.0    279.0   0.00019444   0.00000000    266.5   94.4      8.1     72680
2018  3 28  0      0.0    279.0   0.00008333   0.00000000    266.4   92.9      5.6     72670
2018  3 28  1      0.0    280.0   0.00022222   0.00000000    266.8   90.9      5.2     72670
2018  3 28  2      0.0    282.0   0.00022222   0.00000000    266.8   93.9      5.1     72660
2018  3 28  3      0.0    282.0   0.00013889   0.00000000    267.2   90.0      7.0     72660
2018  3 28  4      0.0    281.0   0.00002778   0.00000000    266.8   92.6      5.9     72690
2018  3 28  5      0.0    283.0   0.00002778   0.00000000    266.8   97.6      7.1     72670
2018  3 28  6     16.0    285.0   0.00002778   0.00000000    267.0   98.2      5.4     72690
2018  3 28  7    129.0    284.0   0.00002778   0.00000000    267.3   96.4      3.9     72690
2018  3 28  8    324.0    277.0   0.00000000   0.00000000    267.9   91.4      5.2     72710
2018  3 28  9    466.0    264.0   0.00000000   0.00000000    268.2   84.9      4.6     72730
2018  3 28 10    629.0    271.0   0.00000000   0.00000000    268.9   80.3      4.3     72720
2018  3 28 11    770.0    245.0   0.00000000   0.00000000    269.8   78.2      3.5     72700
2018  3 28 12    842.0    235.0   0.00000000   0.00000000    270.8   74.7      4.1     72680
2018  3 28 13    749.0    259.0   0.00000000   0.00000000    270.9   70.9      5.0     72640
2018  3 28 14    552.0    281.0   0.00000000   0.00000000    270.8   76.0      5.3     72600
2018  3 28 15    478.0    285.0   0.00000000   0.00000000    270.4   84.4      6.0     72560
2018  3 28 16    218.0    289.0   0.00002778   0.00000000    269.8   84.5      5.2     72520
2018  3 28 17     97.0    288.0   0.00005556   0.00000000    269.6   88.4      6.3     72490
2018  3 28 18     17.0    285.0   0.00000000   0.00000000    269.8   85.8      7.3     72480
2018  3 28 19      0.0    283.0   0.00000000   0.00000000    269.5   88.3      6.1     72470
2018  3 28 20      0.0    284.0   0.00000000   0.00000000    269.4   88.5      6.8     72470
2018  3 28 21      0.0    289.0   0.00002778   0.00000000    269.3   92.1      7.2     72440
2018  3 28 22      0.0    286.0   0.00000000   0.00000000    269.3   91.8      6.0     72420
2018  3 28 23      0.0    283.0   0.00000000   0.00000000    269.0   91.8      5.3     72400
2018  3 29  0      0.0    290.0   0.00002778   0.00000000    268.5   98.9      3.6     72390
2018  3 29  1      0.0    291.0   0.00005556   0.00000000    268.4   99.8      3.2     72380
2018  3 29  2      0.0    290.0   0.00025000   0.00000000    268.1   98.5      3.3     72370
2018  3 29  3      0.0    290.0   0.00036111   0.00000000    268.0   97.7      2.8     72360
2018  3 29  4      0.0    289.0   0.00038889   0.00000000    267.6   98.4      1.5     72350
2018  3 29  5      0.0    288.0   0.00055556   0.00000000    267.2   95.6      5.1     72330
2018  3 29  6      4.0    288.0   0.00125000   0.00000000    267.2   94.2      3.7     72330
2018  3 29  7    105.0    285.0   0.00047222   0.00000000    267.0   93.8      4.0     72340
2018  3 29  8    231.0    286.0   0.00000000   0.00000000    266.9   97.2      1.4     72360
2018  3 29  9    406.0    288.0   0.00000000   0.00000000    267.9   95.5      3.0     72360
2018  3 29 10    518.0    287.0   0.00002778   0.00000000    268.3   94.9      3.0     72360
2018  3 29 11    579.0    289.0   0.00008333   0.00000000    268.4   92.5      3.2     72350
2018  3 29 12    778.0    287.0   0.00000000   0.00000000    269.4   88.3      4.2     72320
2018  3 29 13    747.0    284.0   0.00002778   0.00000000    269.3   87.2      5.3     72300
2018  3 29 14    678.0    280.0   0.00000000   0.00000000    269.1   89.9      3.7     72300
2018  3 29 15    310.0    290.0   0.00000000   0.00000000    268.3   94.2      4.1     72280
2018  3 29 16    168.0    286.0   0.00000000   0.00000000    267.6   95.0      3.4     72270
2018  3 29 17     99.0    279.0   0.00008333   0.00000000    266.8   94.4      3.3     72300
2018  3 29 18      2.0    277.0   0.00002778   0.00000000    265.9   97.0      8.8     72340
2018  3 29 19      0.0    273.0   0.00000000   0.00000000    265.8   94.6      4.6     72400
2018  3 29 20      0.0    233.0   0.00000000   0.00000000    266.0   93.0      2.3     72430
2018  3 29 21      0.0    213.0   0.00000000   0.00000000    266.4   91.4      4.2     72440
2018  3 29 22      0.0    249.0   0.00000000   0.00000000    266.9   90.2      5.5     72430
2018  3 29 23      0.0    195.0   0.00000000   0.00000000    267.1   80.0      6.0     72440
2018  3 30  0      0.0    244.0   0.00000000   0.00000000    267.1   74.8      4.7     72420
2018  3 30  1      0.0    267.0   0.00000000   0.00000000    267.2   74.6      4.7     72410
2018  3 30  2      0.0    277.0   0.00000000   0.00000000    267.0   80.7      4.1     72370
2018  3 30  3      0.0    276.0   0.00002778   0.00000000    266.5   91.2      3.4     72350
2018  3 30  4      0.0    273.0   0.00000000   0.00000000    267.2   90.7      5.5     72320
2018  3 30  5      0.0    252.0   0.00000000   0.00000000    267.4   88.1      6.0     72290
2018  3 30  6     31.0    245.0   0.00000000   0.00000000    267.4   83.0      5.6     72280
2018  3 30  7    127.0    275.0   0.00000000   0.00000000    267.8   86.5      5.4     72270
2018  3 30  8    232.0    281.0   0.00002778   0.00000000    268.1   88.9      5.5     72270
2018  3 30  9    291.0    286.0   0.00005556   0.00000000    268.5   88.8      5.1     72280
2018  3 30 10    352.0    290.0   0.00011111   0.00000000    268.5   93.8      5.8     72280
2018  3 30 11    488.0    279.0   0.00000000   0.00000000    269.1   88.1      7.1     72240
2018  3 30 12    756.0    247.0   0.00000000   0.00000000    270.1   75.1      9.2     72210
2018  3 30 13    807.0    233.0   0.00000000   0.00000000    270.8   66.8      9.9     72170
2018  3 30 14    806.0    229.0   0.00000000   0.00000000    270.4   67.8     11.0     72100
2018  3 30 15    612.0    220.0   0.00005556   0.00000000    270.4   63.6     11.3     72040
2018  3 30 16    443.0    235.0   0.00002778   0.00000000    269.6   73.2     11.4     71980
2018  3 30 17    100.0    280.0   0.00002778   0.00000000    268.3   92.0      9.9     71960
2018  3 30 18      9.0    289.0   0.00008333   0.00000000    268.4   96.0      9.8     71940
2018  3 30 19      0.0    285.0   0.00019444   0.00000000    268.8   95.8      8.7     71950
2018  3 30 20      0.0    290.0   0.00022222   0.00000000    268.5   97.0      8.0     71940
2018  3 30 21      0.0    291.0   0.00058333   0.00000000    268.8   97.0      8.0     71930
2018  3 30 22      0.0    289.0   0.00025000   0.00000000    268.4   98.4      7.3     71900
2018  3 30 23      0.0    290.0   0.00061111   0.00000000    268.2   98.6      7.1     71840
2018  3 31  0      0.0    289.0   0.00025000   0.00000000    268.2   97.2      7.9     71810
2018  3 31  1      0.0    285.0   0.00027778   0.00000000    267.4   94.0     10.1     71760
2018  3 31  2      0.0    278.0   0.00016667   0.00000000    267.5   98.6      8.9     71720
2018  3 31  3      0.0    248.0   0.00000000   0.00000000    266.6   93.2      6.6     71700
2018  3 31  4      0.0    277.0   0.00013889   0.00000000    265.8   98.6      6.4     71670
2018  3 31  5      0.0    226.0   0.00000000   0.00000000    265.2   95.9      5.5     71630
2018  3 31  6     52.0    233.0   0.00000000   0.00000000    265.4   86.6      5.4     71610
2018  3 31  7    207.0    241.0   0.00000000   0.00000000    265.4   83.5      3.6     71600
2018  3 31  8    400.0    244.0   0.00000000   0.00000000    265.8   82.1      2.7     71600
2018  3 31  9    531.0    242.0   0.00002778   0.00000000    265.6   85.1      2.3     71600
2018  3 31 10    765.0    219.0   0.00000000   0.00000000    266.5   82.3      2.0     71590
2018  3 31 11    594.0    275.0   0.00002778   0.00000000    266.5   88.4      2.2     71600
2018  3 31 12    659.0    275.0   0.00008333   0.00000000    266.2   94.0      1.6     71590
2018  3 31 13    619.0    277.0   0.00000000   0.00000000    266.2   96.9      4.6     71570
2018  3 31 14    417.0    280.0   0.00000000   0.00000000    265.6   98.3      7.5     71550
2018  3 31 15    257.0    278.0   0.00000000   0.00000000    265.2   95.2      9.0     71540
2018  3 31 16    164.0    281.0   0.00036111   0.00000000    264.8   96.5     11.3     71550
2018  3 31 17     76.0    272.0   0.00030556   0.00000000    265.2  100.0     11.7     71580
2018  3 31 18      5.0    271.0   0.00022222   0.00000000    265.0   99.9     12.1     71630
2018  3 31 19      0.0    269.0   0.00000000   0.00000000    264.3   90.5     14.6     71690
2018  3 31 20      0.0    267.0   0.00002778   0.00000000    264.3  100.0     10.7     71770
2018  3 31 21      0.0    268.0   0.00005556   0.00000000    265.3   95.2     12.3     71810
2018  3 31 22      0.0    266.0   0.00005556   0.00000000    263.0   94.2     11.1     71830
2018  3 31 23      0.0    266.0   0.00036111   0.00000000    263.2  100.0     11.1     71870
2018  4  1  0      0.0    264.0   0.00005556   0.00000000    263.2  100.0     12.1     71930
2018  4  1  1      0.0    260.0   0.00000000   0.00000000    262.6   98.3     11.5     72000
2018  4  1  2      0.0    245.0   0.00000000   0.00000000    262.3   85.5     11.3     72040
2018  4  1  3      0.0    216.0   0.00000000   0.00000000    261.9   87.7      8.5     72060
2018  4  1  4      0.0    259.0   0.00013889   0.00000000    262.4   97.6      8.1     72080
2018  4  1  5      0.0    265.0   0.00030556   0.00000000    263.5  100.0     11.6     72130
2018  4  1  6     13.0    266.0   0.00016667   0.00000000    263.8  100.0     14.6     72150
2018  4  1  7     81.0    266.0   0.00022222   0.00000000    264.2  100.0     15.6     72200
2018  4  1  8    300.0    265.0   0.00008333   0.00000000    263.8  100.0     14.5     72280
2018  4  1  9    567.0    266.0   0.00008333   0.00000000    263.2  100.0     11.7     72370
2018  4  1 10    726.0    266.0   0.00008333   0.00000000    263.1   93.6     10.3     72440
2018  4  1 11    602.0    259.0   0.00000000   0.00000000    263.0   87.0      6.7     72490
2018  4  1 12    576.0    262.0   0.00000000   0.00000000    263.8   92.5      3.4     72540
2018  4  1 13    665.0    261.0   0.00002778   0.00000000    263.8   90.5      2.8     72560
2018  4  1 14    478.0    253.0   0.00002778   0.00000000    263.8   84.4      5.4     72580
2018  4  1 15    384.0    263.0   0.00005556   0.00000000    264.0   93.2      5.6     72610
2018  4  1 16    276.0    267.0   0.00000000   0.00000000    263.6   90.7      5.0     72630
2018  4  1 17    120.0    266.0   0.00005556   0.00000000    263.4   90.3      5.1     72650
2018  4  1 18      7.0    263.0   0.00000000   0.00000000    262.4   95.6      7.7     72670
2018  4  1 19      0.0    263.0   0.00005556   0.00000000    262.2   95.6     10.0     72710
2018  4  1 20      0.0    257.0   0.00000000   0.00000000    261.8   93.1     12.1     72750
2018  4  1 21      0.0    261.0   0.00000000   0.00000000    261.8   96.6      8.0     72820
2018  4  1 22      0.0    241.0   0.00000000   0.00000000    261.5   97.2      6.6     72810
2018  4  1 23      0.0    195.0   0.00000000   0.00000000    261.4   94.1      4.8     72800
2018  4  2  0      0.0    170.0   0.00000000   0.00000000    261.8   77.3      2.9     72810
2018  4  2  1      0.0    172.0   0.00000000   0.00000000    262.0   79.3      5.2     72810
2018  4  2  2      0.0    176.0   0.00000000   0.00000000    262.8   61.1      6.6     72810
2018  4  2  3      0.0    179.0   0.00000000   0.00000000    264.2   33.1      6.1     72820
2018  4  2  4      0.0    183.0   0.00000000   0.00000000    265.3   21.9      4.5     72830
2018  4  2  5      0.0    190.0   0.00000000   0.00000000    265.9   17.1      4.3     72850
2018  4  2  6     67.0    196.0   0.00000000   0.00000000    266.8   17.3      4.7     72870
2018  4  2  7    260.0    202.0   0.00000000   0.00000000    267.9   23.8      4.1     72900
2018  4  2  8    462.0    207.0   0.00000000   0.00000000    269.2   38.2      3.3     72940
2018  4  2  9    638.0    231.0   0.00000000   0.00000000    270.3   41.1      4.1     72990
2018  4  2 10    772.0    220.0   0.00000000   0.00000000    271.1   44.0      3.9     73020
2018  4  2 11    691.0    251.0   0.00000000   0.00000000    271.5   46.9      5.4     73030
2018  4  2 12    865.0    224.0   0.00000000   0.00000000    272.1   50.3      5.9     73020
2018  4  2 13    841.0    218.0   0.00000000   0.00000000    272.3   49.8      5.9     73020
2018  4  2 14    486.0    256.0   0.00000000   0.00000000    271.8   55.4      6.4     73010
2018  4  2 15    335.0    270.0   0.00000000   0.00000000    271.1   60.0      4.9     72990
2018  4  2 16    200.0    261.0   0.00000000   0.00000000    270.8   62.7      5.6     72970
2018  4  2 17     55.0    282.0   0.00000000   0.00000000    270.5   61.0      7.1     72960
2018  4  2 18      9.0    277.0   0.00000000   0.00000000    270.6   61.4      6.6     72940
2018  4  2 19      0.0    267.0   0.00000000   0.00000000    270.2   67.7      6.8     72970
2018  4  2 20      0.0    266.0   0.00000000   0.00000000    270.1   68.7      8.1     73000
2018  4  2 21      0.0    258.0   0.00000000   0.00000000    269.8   72.7      8.9     73010
2018  4  2 22      0.0    259.0   0.00000000   0.00000000    269.4   76.6      8.2     73030
2018  4  2 23      0.0    262.0   0.00000000   0.00000000    269.3   75.5     11.5     73010
2018  4  3  0      0.0    252.0   0.00000000   0.00000000    269.2   78.6     10.4     73010
2018  4  3  1      0.0    261.0   0.00000000   0.00000000    269.2   79.7      7.1     73020
2018  4  3  2      0.0    266.0   0.00000000   0.00000000    269.2   81.3      7.1     73010
2018  4  3  3      0.0    269.0   0.00000000   0.00000000    269.4   80.4      9.2     73000
2018  4  3  4      0.0    242.0   0.00000000   0.00000000    269.1   83.0      9.6     72990
2018  4  3  5      0.0    236.0   0.00000000   0.00000000    269.0   82.2      8.1     72990
2018  4  3  6     46.0    223.0   0.00000000   0.00000000    268.6   83.5      9.3     72980
2018  4  3  7    162.0    237.0   0.00000000   0.00000000    268.6   83.6      8.6     72990
2018  4  3  8    241.0    244.0   0.00000000   0.00000000    269.0   81.5      7.0     73030
2018  4  3  9    410.0    243.0   0.00000000   0.00000000    269.3   81.9      7.4     73050
2018  4  3 10    697.0    245.0   0.00000000   0.00000000    270.8   78.7      6.9     73060
2018  4  3 11    690.0    256.0   0.00000000   0.00000000    272.0   77.0      7.4     73060
2018  4  3 12    668.0    275.0   0.00000000   0.00000000    272.2   78.1      9.7     73060
2018  4  3 13    341.0    287.0   0.00000000   0.00000000    272.3   79.7     11.2     73080
2018  4  3 14    381.0    296.0   0.00000000   0.00000000    272.2   80.4      9.3     73060
2018  4  3 15    249.0    298.0   0.00000000   0.00000000    272.0   82.6      7.9     73070
2018  4  3 16    155.0    299.0   0.00000000   0.00000000    271.8   84.6      5.6     73070
2018  4  3 17     77.0    294.0   0.00000000   0.00000000    271.5   82.2      7.0     73050
2018  4  3 18     21.0    293.0   0.00000000   0.00000000    270.9   81.8      6.7     73040
2018  4  3 19      0.0    285.0   0.00000000   0.00000000    270.3   84.2      7.9     73070
2018  4  3 20      0.0    264.0   0.00000000   0.00000000    270.2   82.6      7.9     73090
2018  4  3 21      0.0    263.0   0.00000000   0.00000000    270.1   83.2      8.5     73090
2018  4  3 22      0.0    259.0   0.00000000   0.00000000    270.1   82.5      8.4     73050
2018  4  3 23      0.0    268.0   0.00000000   0.00000000    270.2   80.3      7.8     73040
2018  4  4  0      0.0    264.0   0.00000000   0.00000000    269.8   84.1      6.7     73010
2018  4  4  1      0.0    262.0   0.00000000   0.00000000    269.9   81.4      6.5     73000
2018  4  4  2      0.0    261.0   0.00000000   0.00000000    269.6   82.8      6.4     72970
2018  4  4  3      0.0    248.0   0.00000000   0.00000000    269.6   81.3      7.7     72950
2018  4  4  4      0.0    225.0   0.00000000   0.00000000    269.4   82.3      6.3     72940
2018  4  4  5      0.0    220.0   0.00000000   0.00000000    269.8   78.6      6.8     72920
2018  4  4  6     57.0    244.0   0.00000000   0.00000000    270.1   78.8      6.9     72920
2018  4  4  7    175.0    246.0   0.00000000   0.00000000    270.5   77.8      7.5     72930
2018  4  4  8    317.0    263.0   0.00000000   0.00000000    271.0   74.5      7.1     72940
2018  4  4  9    426.0    250.0   0.00000000   0.00000000    271.2   75.7      8.2     72920
2018  4  4 10    442.0    290.0   0.00000000   0.00000000    271.8   74.3      8.6     72920
2018  4  4 11    507.0    294.0   0.00000000   0.00000000    272.1   74.1      8.2     72900
2018  4  4 12    840.0    236.0   0.00000000   0.00000000    273.1   62.5      8.1     72860
2018  4  4 13    552.0    269.0   0.00000000   0.00000000    272.8   65.2      5.9     72870
2018  4  4 14    824.0    239.0   0.00000000   0.00000000    273.5   55.7      8.3     72820
2018  4  4 15    526.0    254.0   0.00000000   0.00000000    273.0   58.3      8.2     72800
2018  4  4 16    316.0    278.0   0.00000000   0.00000000    271.3   78.0      7.5     72780
2018  4  4 17    155.0    281.0   0.00008333   0.00000000    270.6   88.3      7.3     72770
2018  4  4 18     36.0    295.0   0.00030556   0.00000000    270.1   96.2      6.7     72800
2018  4  4 19      0.0    294.0   0.00063889   0.00000000    269.9   96.7      7.7     72830
2018  4  4 20      0.0    276.0   0.00000000   0.00000000    269.8   92.7      8.3     72850
2018  4  4 21      0.0    289.0   0.00001389   0.00001389    269.8   92.7      6.0     72870
2018  4  4 22      0.0    291.0   0.00002778   0.00002778    269.8   92.7      4.9     72900
2018  4  4 23      0.0    287.0   0.00001389   0.00001389    269.8   92.7      4.9     72900
2018  4  5  0      0.0    275.0   0.00000000   0.00000000    269.8   92.7      5.6     72880
2018  4  5  1      0.0    280.0   0.00000000   0.00000000    269.8   92.7      5.0     72860
2018  4  5  2      0.0    284.0   0.00000000   0.00000000    269.8   92.7      3.8     72850
2018  4  5  3      0.0    267.0   0.00000000   0.00000000    269.8   92.7      3.6     72850
2018  4  5  4      0.0    209.0   0.00000000   0.00000000    269.8   92.7      2.9     72840
2018  4  5  5      0.4    211.0   0.00000000   0.00000000    269.8   92.7      3.8     72860
2018  4  5  6     30.0    207.0   0.00000000   0.00000000    269.8   92.7      1.9     72900
2018  4  5  7    168.0    239.0   0.00000000   0.00000000    269.8   92.7      3.4     72940
2018  4  5  8    458.0    207.0   0.00000000   0.00000000    269.8   92.7      2.8     72980
2018  4  5  9    655.0    205.0   0.00000000   0.00000000    269.8   92.7      2.4     73010
2018  4  5 10    611.0    262.0   0.00001389   0.00001389    269.8   92.7      2.2     73040
2018  4  5 11    656.0    281.0   0.00000000   0.00000000    269.8   92.7      2.6     73070
2018  4  5 12    799.0    277.0   0.00000000   0.00000000    269.8   92.7      2.7     73090
2018  4  5 13    449.0    285.0   0.00000000   0.00000000    269.8   92.7      4.3     73110
2018  4  5 14    546.0    276.0   0.00000000   0.00000000    269.8   92.7      6.8     73140
2018  4  5 15    476.0    280.0   0.00000000   0.00000000    269.8   92.7      6.5     73210
2018  4  5 16    187.0    273.0   0.00000000   0.00000000    269.8   92.7      7.9     73260
2018  4  5 17    168.0    225.0   0.00000000   0.00000000    269.8   92.7      7.3     73300
2018  4  5 18     27.0    218.0   0.00000000   0.00000000    269.8   92.7      7.4     73340
2018  4  5 19      0.0    205.0   0.00000000   0.00000000    269.8   92.7      6.4     73390
2018  4  5 20      0.0    248.0   0.00000000   0.00000000    269.8   92.7      7.3     73430
2018  4  5 21      0.0    210.0   0.00000000   0.00000000    269.8   92.7      7.8     73450
2018  4  5 22      0.0    176.0   0.00000000   0.00000000    269.8   92.7      3.9     73450
2018  4  5 23      0.0    167.0   0.00000000   0.00000000    269.8   92.7      1.2     73440
2018  4  6  0      0.0    159.0   0.00000000   0.00000000    269.8   92.7      2.2     73450
2018  4  6  1      0.0    157.0   0.00000000   0.00000000    269.8   92.7      5.3     73440
2018  4  6  2      0.0    162.0   0.00000000   0.00000000    269.8   92.7      3.4     73450
2018  4  6  3      0.0    166.0   0.00000000   0.00000000    269.8   92.7      2.2     73460
2018  4  6  4      0.0    170.0   0.00000000   0.00000000    269.8   92.7      1.2     73460
2018  4  6  5      1.0    174.0   0.00000000   0.00000000    269.8   92.7      1.3     73450
2018  4  6  6     90.0    176.0   0.00000000   0.00000000    269.8   92.7      3.1     73480
2018  4  6  7    277.0    181.0   0.00000000   0.00000000    269.8   92.7      5.0     73530
2018  4  6  8    481.0    188.0   0.00000000   0.00000000    269.8   92.7      3.5     73550
2018  4  6  9    684.0    192.0   0.00000000   0.00000000    269.8   92.7      3.2     73580
2018  4  6 10    796.0    204.0   0.00000000   0.00000000    269.8   92.7      4.5     73600
2018  4  6 11    866.0    224.0   0.00000000   0.00000000    269.8   92.7      3.9     73620
2018  4  6 12    751.0    236.0   0.00000000   0.00000000    269.8   92.7      4.1     73620
2018  4  6 13    681.0    232.0   0.00000000   0.00000000    269.8   92.7      4.3     73610
2018  4  6 14    779.0    212.0   0.00000000   0.00000000    269.8   92.7      3.2     73610
2018  4  6 15    636.0    208.0   0.00000000   0.00000000    269.8   92.7      2.5     73620
2018  4  6 16    449.0    210.0   0.00000000   0.00000000    269.8   92.7      2.9     73620
2018  4  6 17    242.0    209.0   0.00000000   0.00000000    269.8   92.7      2.1     73620
2018  4  6 18     27.0    206.0   0.00000000   0.00000000    269.8   92.7      4.6     73610
2018  4  6 19      0.0    207.0   0.00000000   0.00000000    269.8   92.7      5.2     73620
2018  4  6 20      0.0    206.0   0.00000000   0.00000000    269.8   92.7      5.3     73630
2018  4  6 21      0.0    207.0   0.00000000   0.00000000    269.8   92.7      5.4     73610
2018  4  6 22      0.0    207.0   0.00000000   0.00000000    269.8   92.7      5.4     73610
2018  4  6 23      0.0    206.0   0.00000000   0.00000000    269.8   92.7      5.9     73590
2018  4  7  0      0.0    205.0   0.00000000   0.00000000    269.8   92.7      6.7     73580
2018  4  7  1      0.0    206.0   0.00000000   0.00000000    269.8   92.7      7.2     73560
2018  4  7  2      0.0    205.0   0.00000000   0.00000000    269.8   92.7      7.2     73530
2018  4  7  3      0.0    205.0   0.00000000   0.00000000    269.8   92.7      8.6     73520
2018  4  7  4      0.0    205.0   0.00000000   0.00000000    269.8   92.7      8.1     73520
2018  4  7  5      1.0    205.0   0.00000000   0.00000000    269.8   92.7      8.1     73520
2018  4  7  6     90.0    206.0   0.00000000   0.00000000    269.8   92.7      7.1     73530
2018  4  7  7    294.0    207.0   0.00000000   0.00000000    269.8   92.7      6.1     73560
2018  4  7  8    498.0    211.0   0.00000000   0.00000000    269.8   92.7      4.8     73580
2018  4  7  9    676.0    213.0   0.00000000   0.00000000    269.8   92.7      5.8     73600
2018  4  7 10    810.0    216.0   0.00000000   0.00000000    269.8   92.7      4.8     73620
2018  4  7 11    892.0    220.0   0.00000000   0.00000000    269.8   92.7      2.6     73610
2018  4  7 12    913.0    224.0   0.00000000   0.00000000    269.8   92.7      1.1     73610
2018  4  7 13    875.0    225.0   0.00000000   0.00000000    269.8   92.7      1.5     73590
2018  4  7 14    783.0    223.0   0.00000000   0.00000000    269.8   92.7      0.6     73570
2018  4  7 15    640.0    220.0   0.00000000   0.00000000    269.8   92.7      0.7     73530
2018  4  7 16    458.0    217.0   0.00000000   0.00000000    269.8   92.7      1.6     73510
2018  4  7 17    251.0    213.0   0.00000000   0.00000000    269.8   92.7      1.4     73490
2018  4  7 18     29.0    209.0   0.00000000   0.00000000    269.8   92.7      2.4     73470
2018  4  7 19      0.0    205.0   0.00000000   0.00000000    269.8   92.7      3.8     73460
2018  4  7 20      0.0    205.0   0.00000000   0.00000000    269.8   92.7      3.5     73480
2018  4  7 21      0.0    205.0   0.00000000   0.00000000    269.8   92.7      4.0     73470
2018  4  7 22      0.0    205.0   0.00000000   0.00000000    269.8   92.7      4.3     73440
2018  4  7 23      0.0    209.0   0.00000000   0.00000000    269.8   92.7      4.5     73430
2018  4  8  0      0.0    210.0   0.00000000   0.00000000    269.8   92.7      5.6     73400
2018  4  8  1      0.0    216.0   0.00000000   0.00000000    269.8   92.7      5.0     73370
2018  4  8  2      0.0    217.0   0.00000000   0.00000000    269.8   92.7      6.8     73330
2018  4  8  3      0.0    219.0   0.00000000   0.00000000    269.8   92.7      7.1     73310
2018  4  8  4      0.0    220.0   0.00000000   0.00000000    269.8   92.7      6.8     73280
2018  4  8  5      1.0    221.0   0.00000000   0.00000000    269.8   92.7      7.1     73260
2018  4  8  6     83.0    224.0   0.00000000   0.00000000    269.8   92.7      6.6     73260
2018  4  8  7    272.0    227.0   0.00000000   0.00000000    269.8   92.7      6.3     73260
2018  4  8  8    472.0    230.0   0.00000000   0.00000000    269.8   92.7      6.7     73260
2018  4  8  9    648.0    230.0   0.00000000   0.00000000    269.8   92.7      7.7     73260
2018  4  8 10    782.0    230.0   0.00000000   0.00000000    269.8   92.7      7.7     73260
2018  4  8 11    859.0    232.0   0.00000000   0.00000000    269.8   92.7      6.8     73260
2018  4  8 12    884.0    235.0   0.00000000   0.00000000    269.8   92.7      6.4     73260
2018  4  8 13    846.0    236.0   0.00000000   0.00000000    269.8   92.7      5.8     73250
2018  4  8 14    630.0    243.0   0.00000000   0.00000000    269.8   92.7      6.7     73220
2018  4  8 15    456.0    249.0   0.00000000   0.00000000    269.8   92.7      7.5     73200
2018  4  8 16    255.0    278.0   0.00000000   0.00000000    269.8   92.7      8.3     73180
2018  4  8 17    153.0    264.0   0.00000000   0.00000000    269.8   92.7      7.7     73190
2018  4  8 18     26.0    236.0   0.00000000   0.00000000    269.8   92.7      7.8     73180
2018  4  8 19      0.0    226.0   0.00000000   0.00000000    269.8   92.7      7.7     73180
2018  4  8 20      0.0    218.0   0.00000000   0.00000000    269.8   92.7      8.1     73180
2018  4  8 21      0.0    214.0   0.00000000   0.00000000    269.8   92.7      8.5     73160
2018  4  8 22      0.0    216.0   0.00000000   0.00000000    269.8   92.7      8.9     73140
2018  4  8 23      0.0    224.0   0.00000000   0.00000000    269.8   92.7      8.6     73110
2018  4  9  0      0.0    243.0   0.00000000   0.00000000    269.8   92.7      7.7     73100
2018  4  9  1      0.0    254.0   0.00000000   0.00000000    269.8   92.7      8.4     73040
2018  4  9  2      0.0    264.0   0.00000000   0.00000000    269.8   92.7      7.0     72990
2018  4  9  3      0.0    272.0   0.00000000   0.00000000    269.8   92.7      7.1     72950
2018  4  9  4      0.0    271.0   0.00000000   0.00000000    269.8   92.7      7.6     72900
2018  4  9  5     24.3    277.0   0.00000000   0.00000000    269.8   92.7      7.6     72870
2018  4  9  6     26.0    273.0   0.00000000   0.00000000    269.8   92.7      8.8     72850
2018  4  9  7    124.0    272.0   0.00000000   0.00000000    269.8   92.7     11.1     72810
2018  4  9  8    263.0    251.0   0.00000000   0.00000000    269.8   92.7      7.9     72800
2018  4  9  9    405.0    266.0   0.00000000   0.00000000    269.8   92.7      6.5     72810
2018  4  9 10    461.0    273.0   0.00000000   0.00000000    269.8   92.7     11.2     72790
2018  4  9 11    441.0    289.0   0.00000000   0.00000000    269.8   92.7      7.1     72820
2018  4  9 12    479.0    280.0   0.00000000   0.00000000    269.8   92.7      6.5     72790
2018  4  9 13    455.0    275.0   0.00000000   0.00000000    269.8   92.7      5.9     72770
2018  4  9 14    511.0    265.0   0.00000000   0.00000000    272.9   69.3      5.4     72740
2018  4  9 15    446.0    266.0   0.00000000   0.00000000    273.1   68.5      6.0     72740
2018  4  9 16    149.0    294.0   0.00000000   0.00000000    272.5   75.8      2.5     72760
2018  4  9 17     67.0    292.0   0.00000000   0.00000000    271.9   79.2      4.2     72760
2018  4  9 18     21.0    272.0   0.00000000   0.00000000    271.5   83.2      2.7     72760
2018  4  9 19      0.0    279.0   0.00000000   0.00000000    271.4   84.4      4.1     72760
2018  4  9 20      0.0    263.0   0.00000000   0.00000000    271.1   85.9      4.5     72750
2018  4  9 21      0.0    265.0   0.00000000   0.00000000    271.2   82.0      6.6     72710
2018  4  9 22      0.0    281.0   0.00000000   0.00000000    271.3   80.0      6.6     72700
2018  4  9 23      0.0    287.0   0.00000000   0.00000000    271.1   81.1      6.4     72680
2018  4 10  0      0.0    289.0   0.00000000   0.00000000    271.0   82.6      6.7     72670
2018  4 10  1      0.0    281.0   0.00000000   0.00000000    270.9   85.0      5.2     72650
2018  4 10  2      0.0    279.0   0.00000000   0.00000000    270.8   85.1      4.6     72630
2018  4 10  3      0.0    254.0   0.00000000   0.00000000    270.6   85.3      4.1     72600
2018  4 10  4      0.0    204.0   0.00000000   0.00000000    270.2   86.0      6.5     72530
2018  4 10  5      1.0    215.0   0.00000000   0.00000000    270.1   86.0      7.9     72530
2018  4 10  6     58.0    219.0   0.00000000   0.00000000    269.9   85.7      7.1     72540
2018  4 10  7    259.0    204.0   0.00000000   0.00000000    270.0   85.1      7.6     72540
2018  4 10  8    528.0    201.0   0.00000000   0.00000000    270.8   79.0      8.9     72520
2018  4 10  9    673.0    217.0   0.00000000   0.00000000    271.5   74.3      8.1     72560
2018  4 10 10    525.0    277.0   0.00000000   0.00000000    271.6   73.3      8.4     72570
2018  4 10 11    919.0    228.0   0.00000000   0.00000000    272.4   68.5      7.1     72560
2018  4 10 12    897.0    237.0   0.00000000   0.00000000    272.8   67.5      7.3     72550
2018  4 10 13    800.0    262.0   0.00000000   0.00000000    272.4   68.5      7.8     72570
2018  4 10 14    459.0    277.0   0.00000000   0.00000000    271.4   73.6      9.1     72550
2018  4 10 15    325.0    285.0   0.00000000   0.00000000    270.9   78.4      8.7     72530
2018  4 10 16    159.0    291.0   0.00002778   0.00000000    270.8   79.6      6.5     72550
2018  4 10 17     67.0    295.0   0.00047222   0.00000000    270.0   92.1      4.7     72570
2018  4 10 18     11.0    285.0   0.00000000   0.00000000    269.4   94.2      5.2     72570
2018  4 10 19      0.0    291.0   0.00030556   0.00000000    269.1   95.3      4.8     72590
2018  4 10 20      0.0    277.0   0.00005556   0.00000000    268.6   95.0      6.4     72600
2018  4 10 21      0.0    235.0   0.00000000   0.00000000    268.1   91.1      6.5     72590
2018  4 10 22      0.0    195.0   0.00000000   0.00000000    267.6   83.3      5.4     72610
2018  4 10 23      0.0    190.0   0.00000000   0.00000000    267.2   83.3      6.1     72610
2018  4 11  0      0.0    183.0   0.00000000   0.00000000    267.0   80.8      6.4     72590
2018  4 11  1      0.0    177.0   0.00000000   0.00000000    266.6   65.8      5.6     72570
2018  4 11  2      0.0    177.0   0.00000000   0.00000000    266.6   66.8      4.5     72560
2018  4 11  3      0.0    177.0   0.00000000   0.00000000    266.8   57.3      5.9     72560
2018  4 11  4      0.0    178.0   0.00000000   0.00000000    266.3   60.5      7.1     72550
2018  4 11  5      6.0    183.0   0.00000000   0.00000000    266.4   58.6      6.6     72540
2018  4 11  6    100.0    186.0   0.00000000   0.00000000    266.6   59.1      5.8     72550
2018  4 11  7    290.0    190.0   0.00000000   0.00000000    267.3   56.1      6.4     72570
2018  4 11  8    566.0    202.0   0.00000000   0.00000000    268.5   48.8      7.2     72570
2018  4 11  9    696.0    201.0   0.00000000   0.00000000    269.2   52.8      7.2     72580
2018  4 11 10    780.0    210.0   0.00000000   0.00000000    269.6   59.3      6.1     72590
2018  4 11 11    882.0    215.0   0.00000000   0.00000000    270.6   60.7      8.5     72580
2018  4 11 12    940.0    223.0   0.00000000   0.00000000    271.2   64.3      9.0     72600
2018  4 11 13    663.0    247.0   0.00000000   0.00000000    270.9   67.7      9.1     72600
2018  4 11 14    632.0    250.0   0.00000000   0.00000000    271.1   70.5      8.3     72560
2018  4 11 15    367.0    277.0   0.00000000   0.00000000    271.2   73.2     11.0     72520
2018  4 11 16    280.0    283.0   0.00000000   0.00000000    271.1   74.3      8.1     72510
2018  4 11 17    136.0    264.0   0.00000000   0.00000000    270.5   81.7      8.1     72480
2018  4 11 18     24.0    239.0   0.00000000   0.00000000    269.8   88.7      7.8     72450
2018  4 11 19      0.0    225.0   0.00000000   0.00000000    269.8   89.3      9.0     72420
2018  4 11 20      0.0    235.0   0.00000000   0.00000000    270.5   83.1     10.4     72400
2018  4 11 21      0.0    266.0   0.00000000   0.00000000    270.3   89.6     10.3     72380
2018  4 11 22      0.0    283.0   0.00002778   0.00000000    270.3   93.7     11.2     72360
2018  4 11 23      0.0    266.0   0.00000000   0.00000000    270.4   89.2     11.1     72340
2018  4 12  0      0.0    272.0   0.00002778   0.00000000    270.4   90.3     11.9     72300
2018  4 12  1      0.0    293.0   0.00022222   0.00000000    270.0   97.0      9.5     72300
2018  4 12  2      0.0    282.0   0.00013889   0.00000000    270.0   96.0      9.2     72260
2018  4 12  3      0.0    273.0   0.00005556   0.00000000    270.3   91.5      9.9     72230
2018  4 12  4      0.0    283.0   0.00005556   0.00000000    270.6   92.0     11.5     72230
2018  4 12  5      1.0    297.0   0.00111111   0.00000000    270.2   98.8      8.5     72260
2018  4 12  6     58.0    299.0   0.00072222   0.00000000    269.8   99.8      6.1     72240
2018  4 12  7     95.0    294.0   0.00058333   0.00000000    269.5   96.4      5.9     72280
2018  4 12  8    236.0    293.0   0.00016667   0.00000000    270.0   93.4      6.6     72300
2018  4 12  9    346.0    287.0   0.00002778   0.00000000    269.3   93.4      6.5     72380
2018  4 12 10    395.0    291.0   0.00022222   0.00000000    269.1   95.5      7.0     72420
2018  4 12 11    370.0    291.0   0.00033333   0.00000000    268.9   96.8      6.9     72440
2018  4 12 12    434.0    289.0   0.00047222   0.00000000    269.5   90.4      6.7     72470
2018  4 12 13    504.0    287.0   0.00019444   0.00000000    269.0   89.7      5.7     72490
2018  4 12 14    667.0    268.0   0.00005556   0.00000000    268.8   89.8      6.1     72480
2018  4 12 15    474.0    238.0   0.00000000   0.00000000    268.9   85.9      8.4     72450
2018  4 12 16    496.0    222.0   0.00000000   0.00000000    269.3   82.0      9.8     72430
2018  4 12 17    263.0    208.0   0.00000000   0.00000000    268.8   85.3      8.7     72410
2018  4 12 18     36.0    201.0   0.00000000   0.00000000    268.4   77.9      9.6     72370
2018  4 12 19      0.0    215.0   0.00000000   0.00000000    268.6   74.9      8.6     72400
2018  4 12 20      0.0    232.0   0.00000000   0.00000000    268.6   74.1      8.5     72420
2018  4 12 21      0.0    227.0   0.00000000   0.00000000    268.5   78.2      9.9     72400
2018  4 12 22      0.0    212.0   0.00000000   0.00000000    268.6   79.7      9.2     72380
2018  4 12 23      0.0    211.0   0.00000000   0.00000000    268.9   77.9      8.0     72410
2018  4 13  0      0.0    224.0   0.00000000   0.00000000    268.8   79.8      7.0     72410
2018  4 13  1      0.0    255.0   0.00000000   0.00000000    268.8   86.0      6.4     72410
2018  4 13  2      0.0    288.0   0.00011111   0.00000000    268.8   95.6      5.6     72430
2018  4 13  3      0.0    281.0   0.00019444   0.00000000    268.0   94.9      6.9     72440
2018  4 13  4      0.0    241.0   0.00000000   0.00000000    267.8   84.5      6.0     72460
2018  4 13  5      3.0    239.0   0.00000000   0.00000000    267.8   84.3      4.2     72490
2018  4 13  6     65.0    223.0   0.00000000   0.00000000    267.4   85.3      3.5     72550
2018  4 13  7    261.0    219.0   0.00000000   0.00000000    267.4   82.5      5.6     72600
2018  4 13  8    518.0    209.0   0.00000000   0.00000000    267.5   79.3      6.9     72650
2018  4 13  9    689.0    203.0   0.00000000   0.00000000    267.9   80.1      7.4     72710
2018  4 13 10    709.0    224.0   0.00000000   0.00000000    268.8   74.5      6.8     72770
2018  4 13 11    604.0    262.0   0.00000000   0.00000000    269.3   71.6      6.6     72830
2018  4 13 12    690.0    267.0   0.00000000   0.00000000    269.8   67.9      4.5     72920
2018  4 13 13    677.0    251.0   0.00000000   0.00000000    270.5   65.2      5.1     72990
2018  4 13 14    880.0    215.0   0.00000000   0.00000000    270.9   59.4      5.2     73060
2018  4 13 15    715.0    212.0   0.00000000   0.00000000    270.9   58.4      5.1     73100
2018  4 13 16    492.0    210.0   0.00000000   0.00000000    270.8   60.2      5.6     73140
2018  4 13 17    207.0    204.0   0.00000000   0.00000000    269.4   68.5      5.9     73200
2018  4 13 18     33.0    208.0   0.00000000   0.00000000    268.4   70.7      6.8     73260
2018  4 13 19      0.0    197.0   0.00000000   0.00000000    268.1   72.7      7.1     73310
2018  4 13 20      0.0    197.0   0.00000000   0.00000000    267.9   71.0      7.1     73360
2018  4 13 21      0.0    196.0   0.00000000   0.00000000    267.8   76.9      5.2     73390
2018  4 13 22      0.0    197.0   0.00000000   0.00000000    267.9   77.1      5.1     73410
2018  4 13 23      0.0    198.0   0.00000000   0.00000000    267.8   74.8      6.3     73460
2018  4 14  0      0.0    198.0   0.00000000   0.00000000    267.8   71.6      5.9     73480
2018  4 14  1      0.0    199.0   0.00000000   0.00000000    268.0   68.6      5.7     73500
2018  4 14  2      0.0    200.0   0.00000000   0.00000000    268.5   63.6      6.7     73510
2018  4 14  3      0.0    204.0   0.00000000   0.00000000    269.2   55.9      5.5     73510
2018  4 14  4      0.0    204.0   0.00000000   0.00000000    269.8   49.8      6.1     73520
2018  4 14  5      9.0    211.0   0.00000000   0.00000000    270.0   47.1      6.2     73540
2018  4 14  6    105.0    211.0   0.00000000   0.00000000    270.5   45.4      5.6     73590
2018  4 14  7    307.0    216.0   0.00000000   0.00000000    271.5   45.5      4.7     73630
2018  4 14  8    476.0    223.0   0.00000000   0.00000000    272.3   48.8      4.3     73670
2018  4 14  9    650.0    228.0   0.00000000   0.00000000    272.9   48.1      3.8     73700
2018  4 14 10    793.0    231.0   0.00000000   0.00000000    274.3   46.7      4.6     73720
2018  4 14 11    869.0    234.0   0.00000000   0.00000000    274.2   51.6      4.1     73720
2018  4 14 12    923.0    232.0   0.00000000   0.00000000    274.5   57.4      4.0     73740
2018  4 14 13    892.0    229.0   0.00000000   0.00000000    275.0   54.2      3.8     73760
2018  4 14 14    757.0    232.0   0.00000000   0.00000000    275.1   53.9      2.2     73770
2018  4 14 15    551.0    234.0   0.00000000   0.00000000    273.9   61.0      2.1     73750
2018  4 14 16    409.0    237.0   0.00000000   0.00000000    274.4   57.8      2.9     73740
2018  4 14 17    189.0    241.0   0.00000000   0.00000000    274.1   60.4      4.6     73720
2018  4 14 18     27.0    228.0   0.00000000   0.00000000    273.8   61.7      5.2     73700
2018  4 14 19      0.0    239.0   0.00000000   0.00000000    273.5   61.4      5.7     73730
2018  4 14 20      0.0    239.0   0.00000000   0.00000000    273.5   60.3      5.8     73750
2018  4 14 21      0.0    236.0   0.00000000   0.00000000    273.4   59.1      6.5     73740
2018  4 14 22      0.0    232.0   0.00000000   0.00000000    273.5   57.2      6.4     73700
2018  4 14 23      0.0    226.0   0.00000000   0.00000000    273.2   57.8      6.3     73650
2018  4 15  0      0.0    233.0   0.00000000   0.00000000    273.2   56.9      6.8     73630
2018  4 15  1      0.0    234.0   0.00000000   0.00000000    273.1   56.4      6.0     73630
2018  4 15  2      0.0    240.0   0.00000000   0.00000000    273.3   53.1      3.8     73590
2018  4 15  3      0.0    238.0   0.00000000   0.00000000    273.6   49.6      3.7     73550
2018  4 15  4      0.0    248.0   0.00000000   0.00000000    274.0   46.9      2.8     73500
2018  4 15  5      2.0    262.0   0.00000000   0.00000000    273.8   49.2      2.6     73470
2018  4 15  6     42.0    277.0   0.00000000   0.00000000    273.8   45.8      4.7     73470
2018  4 15  7    145.0    280.0   0.00000000   0.00000000    274.3   42.7      5.5     73440
2018  4 15  8    269.0    283.0   0.00000000   0.00000000    274.5   41.9      4.5     73410
2018  4 15  9    310.0    286.0   0.00000000   0.00000000    274.1   45.1      4.4     73410
2018  4 15 10    400.0    296.0   0.00000000   0.00000000    273.8   47.8      8.8     73400
2018  4 15 11    382.0    300.0   0.00000000   0.00000000    272.9   68.4      6.3     73390
2018  4 15 12    750.0    268.0   0.00000000   0.00000000    274.9   56.9      5.5     73330
2018  4 15 13    794.0    254.0   0.00000000   0.00000000    275.3   59.5      3.9     73310
2018  4 15 14    559.0    276.0   0.00000000   0.00000000    274.5   66.7      5.3     73260
2018  4 15 15    359.0    300.0   0.00000000   0.00000000    274.1   70.2      4.7     73220
2018  4 15 16    150.0    299.0   0.00000000   0.00000000    273.2   79.2      3.3     73200
2018  4 15 17     67.0    299.0   0.00000000   0.00000000    272.6   85.8      3.4     73180
2018  4 15 18     17.0    300.0   0.00000000   0.00000000    272.0   92.9      2.4     73180
2018  4 15 19      0.0    300.0   0.00005556   0.00000000    271.5   96.4      2.0     73200
2018  4 15 20      0.0    299.0   0.00000000   0.00000000    271.4   97.1      1.9     73220
2018  4 15 21      0.0    302.0   0.00000000   0.00000000    271.2   99.6      1.9     73190
2018  4 15 22      0.0    302.0   0.00002778   0.00000000    271.0   99.3      1.3     73160
2018  4 15 23      0.0    302.0   0.00005556   0.00000000    270.8  100.0      1.1     73140
2018  4 16  0      0.0    303.0   0.00002778   0.00000000    271.2   98.6      5.6     73120
2018  4 16  1      0.0    303.0   0.00022222   0.00000000    271.1   99.5      7.3     73110
2018  4 16  2      0.0    305.0   0.00027778   0.00000000    270.8   99.9      7.5     73110
2018  4 16  3      0.0    303.0   0.00016667   0.00000000    270.5  100.0      8.5     73100
2018  4 16  4      0.0    302.0   0.00019444   0.00000000    270.4   99.9      9.3     73100
2018  4 16  5      1.0    298.0   0.00011111   0.00000000    270.4  100.0      8.4     73130
2018  4 16  6     43.0    301.0   0.00000000   0.00000000    270.4  100.0      7.6     73160
2018  4 16  7    147.0    302.0   0.00011111   0.00000000    270.5  100.0      5.2     73210
2018  4 16  8    279.0    302.0   0.00005556   0.00000000    270.9   99.9      4.9     73250
2018  4 16  9    367.0    305.0   0.00002778   0.00000000    271.0   99.4      3.0     73290
2018  4 16 10    537.0    306.0   0.00000000   0.00000000    271.8   96.1      2.7     73320
2018  4 16 11    565.0    307.0   0.00000000   0.00000000    271.8   98.7      2.3     73340
2018  4 16 12    618.0    310.0   0.00000000   0.00000000    271.6   99.6      2.2     73370
2018  4 16 13    618.0    310.0   0.00000000   0.00000000    272.1   97.5      3.2     73400
2018  4 16 14    510.0    309.0   0.00000000   0.00000000    272.1   98.3      3.9     73420
2018  4 16 15    380.0    309.0   0.00000000   0.00000000    271.9   99.6      4.1     73450
2018  4 16 16    161.0    308.0   0.00000000   0.00000000    271.8  100.0      5.7     73470
2018  4 16 17    104.0    307.0   0.00000000   0.00000000    271.6  100.0      6.9     73490
2018  4 16 18     23.0    306.0   0.00000000   0.00000000    271.5  100.0      5.9     73530
2018  4 16 19      0.0    306.0   0.00000000   0.00000000    271.4  100.0      5.9     73590
2018  4 16 20      0.0    306.0   0.00000000   0.00000000    271.4  100.0      3.5     73660
2018  4 16 21      0.0    306.0   0.00005556   0.00000000    271.4   99.9      3.6     73700
2018  4 16 22      0.0    300.0   0.00000000   0.00000000    271.3  100.0      3.1     73720
2018  4 16 23      0.0    293.0   0.00000000   0.00000000    271.2  100.0      5.7     73740
2018  4 17  0      0.0    290.0   0.00000000   0.00000000    271.2  100.0      6.9     73770
2018  4 17  1      0.0    305.0   0.00000000   0.00000000    271.2  100.0      2.7     73800
2018  4 17  2      0.0    298.0   0.00000000   0.00000000    271.0  100.0      2.1     73810
2018  4 17  3      0.0    262.0   0.00000000   0.00000000    270.8   99.9      2.4     73820
2018  4 17  4      0.0    251.0   0.00000000   0.00000000    270.9   95.7      3.0     73840
2018  4 17  5      7.0    220.0   0.00000000   0.00000000    270.4   99.5      2.7     73880
2018  4 17  6    143.0    215.0   0.00000000   0.00000000    270.8   95.0      2.5     73930
2018  4 17  7    348.0    218.0   0.00000000   0.00000000    271.8   84.9      2.4     73990
2018  4 17  8    548.0    219.0   0.00000000   0.00000000    271.8   88.5      2.0     74030
2018  4 17  9    720.0    220.0   0.00000000   0.00000000    272.1   86.1      1.9     74080
2018  4 17 10    848.0    222.0   0.00000000   0.00000000    272.2   91.2      2.9     74150
2018  4 17 11    929.0    222.0   0.00000000   0.00000000    272.4   92.1      2.2     74190
2018  4 17 12    958.0    222.0   0.00000000   0.00000000    273.2   87.6      2.5     74210
2018  4 17 13    961.0    231.0   0.00000000   0.00000000    274.0   80.3      4.8     74250
2018  4 17 14    739.0    258.0   0.00000000   0.00000000    273.9   76.7      4.2     74280
2018  4 17 15    694.0    226.0   0.00000000   0.00000000    273.8   75.8      4.6     74280
2018  4 17 16    447.0    236.0   0.00000000   0.00000000    273.8   73.8      4.1     74300
2018  4 17 17    226.0    238.0   0.00000000   0.00000000    273.3   78.1      4.5     74320
2018  4 17 18     42.0    271.0   0.00000000   0.00000000    273.0   89.4      5.7     74350
2018  4 17 19      0.0    251.0   0.00000000   0.00000000    272.8   94.2      5.3     74410
2018  4 17 20      0.0    214.0   0.00000000   0.00000000    272.4   88.1      4.7     74470
2018  4 17 21      0.0    212.0   0.00000000   0.00000000    272.1   90.5      5.3     74490
2018  4 17 22      0.0    211.0   0.00000000   0.00000000    271.6   95.0      4.2     74510
2018  4 17 23      0.0    208.0   0.00000000   0.00000000    271.9   89.9      2.0     74530
2018  4 18  0      0.0    207.0   0.00000000   0.00000000    272.9   66.2      2.8     74550
2018  4 18  1      0.0    205.0   0.00000000   0.00000000    273.8   44.8      1.8     74530
2018  4 18  2      0.0    202.0   0.00000000   0.00000000    273.1   50.3      3.5     74510
2018  4 18  3      0.0    201.0   0.00000000   0.00000000    272.8   48.0      4.4     74510
2018  4 18  4      0.0    201.0   0.00000000   0.00000000    272.9   39.8      2.7     74520
2018  4 18  5     11.0    203.0   0.00000000   0.00000000    274.3   27.0      2.5     74520
2018  4 18  6    156.0    205.0   0.00000000   0.00000000    274.9   20.1      3.5     74560
2018  4 18  7    363.0    210.0   0.00000000   0.00000000    275.5   17.2      3.8     74580
2018  4 18  8    562.0    213.0   0.00000000   0.00000000    275.5   20.0      3.5     74610
2018  4 18  9    733.0    215.0   0.00000000   0.00000000    276.3   20.4      3.9     74640
2018  4 18 10    862.0    218.0   0.00000000   0.00000000    276.4   24.8      4.7     74670
2018  4 18 11    938.0    219.0   0.00000000   0.00000000    276.4   34.0      4.2     74700
2018  4 18 12    957.0    222.0   0.00000000   0.00000000    276.8   33.8      4.3     74720
2018  4 18 13    913.0    225.0   0.00000000   0.00000000    277.6   32.7      3.8     74740
2018  4 18 14    817.0    229.0   0.00000000   0.00000000    277.8   32.0      2.5     74760
2018  4 18 15    669.0    232.0   0.00000000   0.00000000    278.0   31.7      1.9     74760
2018  4 18 16    474.0    234.0   0.00000000   0.00000000    277.8   35.3      1.2     74750
2018  4 18 17    228.0    235.0   0.00000000   0.00000000    277.1   34.8      1.5     74750
2018  4 18 18     58.0    234.0   0.00000000   0.00000000    277.3   31.6      1.3     74740
2018  4 18 19      1.0    230.0   0.00000000   0.00000000    277.0   32.3      1.8     74740
2018  4 18 20      0.0    228.0   0.00000000   0.00000000    276.3   36.2      2.9     74760
2018  4 18 21      0.0    225.0   0.00000000   0.00000000    275.9   47.6      4.7     74740
2018  4 18 22      0.0    224.0   0.00000000   0.00000000    275.8   46.7      5.8     74740
2018  4 18 23      0.0    224.0   0.00000000   0.00000000    275.6   41.1      5.4     74740
2018  4 19  0      0.0    224.0   0.00000000   0.00000000    275.6   38.8      5.9     74750
2018  4 19  1      0.0    223.0   0.00000000   0.00000000    275.1   39.7      6.0     74720
2018  4 19  2      0.0    223.0   0.00000000   0.00000000    275.8   33.3      5.8     74710
2018  4 19  3      0.0    224.0   0.00000000   0.00000000    275.8   30.6      5.3     74690
2018  4 19  4      0.0    224.0   0.00000000   0.00000000    276.0   28.8      3.4     74680
2018  4 19  5     11.0    224.0   0.00000000   0.00000000    276.1   27.5      3.8     74680
2018  4 19  6    158.0    226.0   0.00000000   0.00000000    276.8   23.9      2.4     74700
2018  4 19  7    363.0    228.0   0.00000000   0.00000000    276.8   25.4      1.1     74710
2018  4 19  8    562.0    231.0   0.00000000   0.00000000    277.3   24.7      1.9     74720
2018  4 19  9    733.0    232.0   0.00000000   0.00000000    277.3   27.8      1.5     74740
2018  4 19 10    862.0    233.0   0.00000000   0.00000000    277.9   31.9      1.8     74750
2018  4 19 11    939.0    232.0   0.00000000   0.00000000    277.9   38.6      2.2     74750
2018  4 19 12    959.0    231.0   0.00000000   0.00000000    278.0   41.8      2.6     74740
2018  4 19 13    921.0    230.0   0.00000000   0.00000000    278.0   44.2      2.7     74740
2018  4 19 14    825.0    232.0   0.00000000   0.00000000    278.0   44.3      2.3     74720
2018  4 19 15    680.0    230.0   0.00000000   0.00000000    278.3   43.9      2.7     74700
2018  4 19 16    501.0    229.0   0.00000000   0.00000000    278.3   45.6      3.6     74690
2018  4 19 17    295.0    229.0   0.00000000   0.00000000    278.8   41.6      2.6     74700
2018  4 19 18     58.0    227.0   0.00000000   0.00000000    278.9   39.8      3.1     74680
2018  4 19 19      1.0    224.0   0.00000000   0.00000000    278.6   41.0      3.0     74680
2018  4 19 20      0.0    223.0   0.00000000   0.00000000    278.3   41.7      3.3     74700
2018  4 19 21      0.0    220.0   0.00000000   0.00000000    278.0   42.1      4.3     74670
2018  4 19 22      0.0    219.0   0.00000000   0.00000000    277.8   41.4      4.7     74650
2018  4 19 23      0.0    220.0   0.00000000   0.00000000    277.8   40.2      4.1     74640
2018  4 20  0      0.0    220.0   0.00000000   0.00000000    277.9   37.9      4.8     74620
2018  4 20  1      0.0    219.0   0.00000000   0.00000000    278.2   32.8      4.6     74590
2018  4 20  2      0.0    219.0   0.00000000   0.00000000    278.2   29.0      4.6     74570
2018  4 20  3      0.0    219.0   0.00000000   0.00000000    278.3   26.3      3.2     74550
2018  4 20  4      0.0    219.0   0.00000000   0.00000000    279.0   23.8      2.8     74520
2018  4 20  5     13.0    220.0   0.00000000   0.00000000    280.1   14.9      0.8     74520
2018  4 20  6    159.0    220.0   0.00000000   0.00000000    279.1   22.7      2.1     74530
2018  4 20  7    359.0    220.0   0.00000000   0.00000000    279.2   22.1      3.0     74540
2018  4 20  8    562.0    222.0   0.00000000   0.00000000    279.5   21.0      2.7     74550
2018  4 20  9    724.0    225.0   0.00000000   0.00000000    279.8   21.8      2.7     74580
2018  4 20 10    872.0    225.0   0.00000000   0.00000000    279.8   25.1      3.1     74590
2018  4 20 11    940.0    228.0   0.00000000   0.00000000    279.3   40.3      4.0     74600
2018  4 20 12    959.0    230.0   0.00000000   0.00000000    279.3   37.2      2.9     74600
2018  4 20 13    924.0    229.0   0.00000000   0.00000000    279.8   35.0      3.5     74600
2018  4 20 14    828.0    230.0   0.00000000   0.00000000    280.0   33.3      3.5     74580
2018  4 20 15    688.0    227.0   0.00000000   0.00000000    279.9   33.7      2.1     74560
2018  4 20 16    507.0    225.0   0.00000000   0.00000000    280.1   31.2      3.4     74540
2018  4 20 17    301.0    225.0   0.00000000   0.00000000    279.5   30.6      3.6     74520
2018  4 20 18     60.0    223.0   0.00000000   0.00000000    278.9   33.0      3.2     74500
2018  4 20 19      1.0    222.0   0.00000000   0.00000000    278.8   33.1      2.6     74510
2018  4 20 20      0.0    219.0   0.00000000   0.00000000    278.8   35.2      2.9     74510
2018  4 20 21      0.0    219.0   0.00000000   0.00000000    278.5   37.3      2.7     74490
2018  4 20 22      0.0    218.0   0.00000000   0.00000000    278.2   39.2      3.4     74460
2018  4 20 23      0.0    216.0   0.00000000   0.00000000    278.4   32.3      3.9     74450
2018  4 21  0      0.0    217.0   0.00000000   0.00000000    278.3   32.7      3.9     74410
2018  4 21  1      0.0    218.0   0.00000000   0.00000000    277.8   36.6      4.9     74370
2018  4 21  2      0.0    219.0   0.00000000   0.00000000    277.9   33.6      4.0     74340
2018  4 21  3      0.0    219.0   0.00000000   0.00000000    277.8   34.1      5.6     74310
2018  4 21  4      0.0    220.0   0.00000000   0.00000000    277.4   36.5      4.8     74280
2018  4 21  5     11.0    222.0   0.00000000   0.00000000    277.4   36.0      2.9     74280
2018  4 21  6    165.0    223.0   0.00000000   0.00000000    277.2   42.4      2.5     74290
2018  4 21  7    372.0    224.0   0.00000000   0.00000000    277.6   39.5      0.6     74300
2018  4 21  8    569.0    226.0   0.00000000   0.00000000    277.6   42.2      1.3     74310
2018  4 21  9    739.0    228.0   0.00000000   0.00000000    278.1   42.2      2.2     74330
2018  4 21 10    859.0    228.0   0.00000000   0.00000000    277.9   47.7      2.9     74350
2018  4 21 11    938.0    231.0   0.00000000   0.00000000    278.3   43.3      2.0     74340
2018  4 21 12    962.0    234.0   0.00000000   0.00000000    278.9   40.8      1.1     74320
2018  4 21 13    915.0    236.0   0.00000000   0.00000000    279.1   45.5      1.6     74310
2018  4 21 14    815.0    235.0   0.00000000   0.00000000    279.3   43.1      2.1     74280
2018  4 21 15    670.0    239.0   0.00000000   0.00000000    279.6   39.5      1.1     74250
2018  4 21 16    497.0    242.0   0.00000000   0.00000000    279.8   47.7      1.4     74220
2018  4 21 17    295.0    240.0   0.00000000   0.00000000    279.0   49.3      1.5     74200
2018  4 21 18     63.0    237.0   0.00000000   0.00000000    278.5   50.6      2.5     74180
2018  4 21 19      2.0    235.0   0.00000000   0.00000000    278.3   51.3      2.1     74180
2018  4 21 20      0.0    234.0   0.00000000   0.00000000    278.4   50.7      0.9     74190
2018  4 21 21      0.0    232.0   0.00000000   0.00000000    278.2   52.0      1.5     74190
2018  4 21 22      0.0    231.0   0.00000000   0.00000000    278.0   53.2      1.7     74170
2018  4 21 23      0.0    230.0   0.00000000   0.00000000    277.5   54.3      2.4     74150
2018  4 22  0      0.0    229.0   0.00000000   0.00000000    277.5   55.5      3.2     74130
2018  4 22  1      0.0    228.0   0.00000000   0.00000000    277.2   57.0      3.1     74100
2018  4 22  2      0.0    226.0   0.00000000   0.00000000    276.9   58.4      2.8     74070
2018  4 22  3      0.0    226.0   0.00000000   0.00000000    276.8   57.4      3.3     74040
2018  4 22  4      0.0    226.0   0.00000000   0.00000000    276.6   59.0      3.8     74020
2018  4 22  5     14.0    225.0   0.00000000   0.00000000    276.3   62.7      4.1     74020
2018  4 22  6    169.0    226.0   0.00000000   0.00000000    276.3   65.1      3.9     74030
2018  4 22  7    374.0    228.0   0.00000000   0.00000000    276.9   61.8      3.2     74040
2018  4 22  8    572.0    228.0   0.00000000   0.00000000    277.3   58.1      2.9     74040
2018  4 22  9    742.0    229.0   0.00000000   0.00000000    277.3   57.7      2.1     74050
2018  4 22 10    868.0    232.0   0.00000000   0.00000000    277.2   57.6      2.2     74070
2018  4 22 11    943.0    234.0   0.00000000   0.00000000    277.9   56.0      1.8     74050
2018  4 22 12    962.0    236.0   0.00000000   0.00000000    278.4   49.5      0.9     74040
2018  4 22 13    919.0    241.0   0.00000000   0.00000000    278.1   56.2      1.2     74040
2018  4 22 14    820.0    244.0   0.00000000   0.00000000    279.2   51.1      0.8     74020
2018  4 22 15    681.0    245.0   0.00000000   0.00000000    279.5   50.4      1.9     73990
2018  4 22 16    503.0    243.0   0.00000000   0.00000000    279.5   50.6      2.6     73970
2018  4 22 17    191.0    243.0   0.00000000   0.00000000    278.8   54.2      2.7     73970
2018  4 22 18     37.0    254.0   0.00000000   0.00000000    278.3   54.5      3.8     73980
2018  4 22 19      1.0    245.0   0.00000000   0.00000000    277.9   56.6      3.1     74000
2018  4 22 20      0.0    233.0   0.00000000   0.00000000    277.6   63.3      4.8     74030
2018  4 22 21      0.0    232.0   0.00000000   0.00000000    277.5   63.7      4.1     74040
2018  4 22 22      0.0    232.0   0.00000000   0.00000000    277.3   64.1      3.5     74040
2018  4 22 23      0.0    234.0   0.00000000   0.00000000    277.0   67.4      3.1     74050
2018  4 23  0      0.0    239.0   0.00000000   0.00000000    277.0   64.7      4.6     74030
2018  4 23  1      0.0    235.0   0.00000000   0.00000000    276.8   65.0      4.6     74010
2018  4 23  2      0.0    247.0   0.00000000   0.00000000    276.6   67.3      4.7     74000
2018  4 23  3      0.0    246.0   0.00000000   0.00000000    276.2   73.6      5.2     73990
2018  4 23  4      0.0    235.0   0.00000000   0.00000000    275.8   75.2      5.7     73970
2018  4 23  5     10.0    232.0   0.00000000   0.00000000    275.4   77.7      6.1     73960
2018  4 23  6    148.0    229.0   0.00000000   0.00000000    275.4   79.0      3.4     73970
2018  4 23  7    374.0    230.0   0.00000000   0.00000000    275.8   72.6      1.5     73980
2018  4 23  8    564.0    234.0   0.00000000   0.00000000    276.2   74.0      1.7     73980
2018  4 23  9    725.0    237.0   0.00000000   0.00000000    276.8   70.1      1.6     73990
2018  4 23 10    768.0    245.0   0.00000000   0.00000000    277.9   58.8      2.4     74010
2018  4 23 11    855.0    258.0   0.00000000   0.00000000    277.9   55.9      2.4     74010
2018  4 23 12    818.0    270.0   0.00000000   0.00002778    277.8   59.7      1.0     73980
2018  4 23 13    793.0    275.0   0.00000000   0.00000000    278.3   56.2      1.9     73960
2018  4 23 14    749.0    273.0   0.00000000   0.00000000    278.9   52.9      3.1     73930
2018  4 23 15    511.0    281.0   0.00000000   0.00000000    278.6   51.9      3.8     73890
2018  4 23 16    304.0    284.0   0.00000000   0.00000000    278.1   54.4      2.8     73850
2018  4 23 17     52.0    314.0   0.00000000   0.00000000    276.8   71.6      2.8     73840
2018  4 23 18     17.0    306.0   0.00000000   0.00000000    275.8   82.6      4.8     73830
2018  4 23 19      0.0    300.0   0.00000000   0.00000000    275.3   90.2      3.5     73840
2018  4 23 20      0.0    313.0   0.00000000   0.00022222    274.3   92.9      3.1     73880
2018  4 23 21      0.0    313.0   0.00000000   0.00005556    274.8   91.5      2.7     73890
2018  4 23 22      0.0    306.0   0.00000000   0.00000000    274.6   93.3      2.6     73880
2018  4 23 23      0.0    316.0   0.00000000   0.00000000    273.6   99.2      5.5     73880
2018  4 24  0      0.0    312.0   0.00013333   0.00008889    273.0   99.2      9.2     73870
2018  4 24  1      0.0    312.0   0.00005000   0.00003333    273.0   99.1      8.5     73860
2018  4 24  2      0.0    309.0   0.00000000   0.00000000    272.8  100.0      6.8     73850
2018  4 24  3      0.0    305.0   0.00000000   0.00000000    272.2  100.0      3.1     73870
2018  4 24  4      0.0    294.0   0.00000000   0.00000000    272.1  100.0      4.9     73850
2018  4 24  5     13.0    284.0   0.00000000   0.00000000    271.8  100.0      2.9     73860
2018  4 24  6    184.0    214.0   0.00000000   0.00000000    272.0   91.7      1.7     73890
2018  4 24  7    390.0    207.0   0.00000000   0.00000000    272.0   94.0      1.2     73920
2018  4 24  8    583.0    208.0   0.00000000   0.00000000    272.3   92.0      1.6     73930
2018  4 24  9    760.0    208.0   0.00000000   0.00000000    273.3   81.8      1.7     73960
2018  4 24 10    884.0    211.0   0.00000000   0.00000000    274.8   72.7      3.4     73960
2018  4 24 11    957.0    218.0   0.00000000   0.00000000    276.0   63.8      3.2     73960
2018  4 24 12    970.0    225.0   0.00000000   0.00000000    276.9   60.5      3.5     73960
2018  4 24 13    925.0    230.0   0.00000000   0.00000000    277.4   64.0      4.0     73950
2018  4 24 14    829.0    234.0   0.00000000   0.00000000    277.2   69.7      3.9     73940
2018  4 24 15    686.0    236.0   0.00000000   0.00000000    277.3   71.7      4.5     73920
2018  4 24 16    510.0    234.0   0.00000000   0.00000000    277.5   69.2      4.3     73900
2018  4 24 17    309.0    234.0   0.00000000   0.00000000    277.4   68.3      3.9     73880
2018  4 24 18     67.0    233.0   0.00000000   0.00000000    277.0   67.7      3.4     73870
2018  4 24 19      2.0    230.0   0.00000000   0.00000000    276.5   66.7      3.3     73880
2018  4 24 20      0.0    226.0   0.00000000   0.00000000    276.2   67.2      5.6     73890
2018  4 24 21      0.0    226.0   0.00000000   0.00000000    276.1   69.2      6.6     73880
2018  4 24 22      0.0    226.0   0.00000000   0.00000000    275.9   68.6      5.8     73860
2018  4 24 23      0.0    228.0   0.00000000   0.00000000    275.9   68.5      6.3     73840
2018  4 25  0      0.0    225.0   0.00000000   0.00000000    275.6   70.4      7.3     73810
2018  4 25  1      0.0    223.0   0.00000000   0.00000000    275.1   73.6      7.3     73780
2018  4 25  2      0.0    222.0   0.00000000   0.00000000    275.1   70.2      7.2     73760
2018  4 25  3      0.0    220.0   0.00000000   0.00000000    275.1   69.8      7.3     73740
2018  4 25  4      0.0    216.0   0.00000000   0.00000000    274.9   70.0      4.6     73710
2018  4 25  5     19.0    215.0   0.00000000   0.00000000    274.8   75.0      4.5     73700
2018  4 25  6    187.0    216.0   0.00000000   0.00000000    274.4   79.6      3.9     73710
2018  4 25  7    386.0    220.0   0.00000000   0.00000000    274.6   78.4      2.9     73740
2018  4 25  8    584.0    224.0   0.00000000   0.00000000    274.9   83.6      3.3     73760
2018  4 25  9    746.0    229.0   0.00000000   0.00000000    275.8   73.9      4.9     73770
2018  4 25 10    867.0    233.0   0.00000000   0.00000000    276.6   70.9      4.8     73780
2018  4 25 11    932.0    237.0   0.00000000   0.00000000    277.6   64.0      4.3     73770
2018  4 25 12    956.0    238.0   0.00000000   0.00000000    278.1   56.2      4.3     73770
2018  4 25 13    917.0    240.0   0.00000000   0.00000000    278.4   60.3      3.9     73770
2018  4 25 14    825.0    249.0   0.00000000   0.00000000    278.6   58.4      4.1     73760
2018  4 25 15    674.0    256.0   0.00000000   0.00000000    278.6   56.9      3.5     73740
2018  4 25 16    505.0    253.0   0.00000000   0.00000000    278.6   58.5      3.4     73720
2018  4 25 17    278.0    245.0   0.00000000   0.00000000    278.0   64.5      3.7     73700
2018  4 25 18     86.0    241.0   0.00000000   0.00000000    277.1   67.6      3.9     73680
2018  4 25 19      2.0    237.0   0.00000000   0.00000000    277.0   58.8      6.0     73680
2018  4 25 20      0.0    258.0   0.00000000   0.00000000    276.6   63.9      4.6     73720
2018  4 25 21      0.0    248.0   0.00000000   0.00000000    276.2   73.3      3.0     73730
2018  4 25 22      0.0    241.0   0.00000000   0.00000000    275.8   77.3      3.5     73710
2018  4 25 23      0.0    240.0   0.00000000   0.00000000    275.8   75.8      3.8     73680
2018  4 26  0      0.0    238.0   0.00000000   0.00000000    275.3   78.3      3.6     73640
2018  4 26  1      0.0    280.0   0.00000000   0.00000000    274.8   86.6      3.4     73590
2018  4 26  2      0.0    289.0   0.00000000   0.00000000    274.6   87.4      3.0     73540
2018  4 26  3      0.0    305.0   0.00000000   0.00000000    274.4   91.5      3.7     73520
2018  4 26  4      0.0    316.0   0.00000278   0.00002500    273.5   99.7      2.9     73500
2018  4 26  5      8.0    312.0   0.00002778   0.00000000    272.4  100.0      3.2     73490
2018  4 26  6     73.0    309.0   0.00000000   0.00000000    272.1   99.8      6.1     73500
2018  4 26  7    172.0    309.0   0.00000000   0.00000000    271.9   99.8      5.7     73500
2018  4 26  8    325.0    308.0   0.00000000   0.00000000    271.5  100.0      6.1     73500
2018  4 26  9    420.0    308.0   0.00000000   0.00000000    271.5  100.0      3.6     73520
2018  4 26 10    573.0    303.0   0.00000000   0.00000000    272.2   98.4      2.6     73520
2018  4 26 11    553.0    304.0   0.00000000   0.00000000    272.3   97.0      3.0     73510
2018  4 26 12    667.0    307.0   0.00000000   0.00000000    272.4   94.5      4.2     73510
2018  4 26 13    652.0    309.0   0.00000000   0.00000000    272.6   93.2      3.2     73510
2018  4 26 14    752.0    273.0   0.00000000   0.00000000    272.8   88.0      4.2     73500
2018  4 26 15    583.0    289.0   0.00000000   0.00000000    271.9   95.0      3.2     73500
2018  4 26 16    314.0    302.0   0.00000000   0.00000000    271.3   97.4      2.9     73500
2018  4 26 17    148.0    301.0   0.00000000   0.00000000    270.9   97.6      3.3     73490
2018  4 26 18     46.0    296.0   0.00000000   0.00000000    270.8   97.2      3.1     73500
2018  4 26 19      1.0    288.0   0.00000000   0.00000000    270.5   97.6      3.2     73530
2018  4 26 20      0.0    241.0   0.00000000   0.00000000    270.6   92.5      3.9     73540
2018  4 26 21      0.0    214.0   0.00000000   0.00000000    272.4   58.4      3.5     73540
2018  4 26 22      0.0    221.0   0.00000000   0.00000000    273.2   48.4      3.9     73510
2018  4 26 23      0.0    222.0   0.00000000   0.00000000    273.5   52.1      4.3     73490
2018  4 27  0      0.0    221.0   0.00000000   0.00000000    273.8   50.6      4.4     73480
2018  4 27  1      0.0    229.0   0.00000000   0.00000000    274.1   41.8      5.4     73440
2018  4 27  2      0.0    249.0   0.00000000   0.00000000    274.4   47.0      6.0     73410
2018  4 27  3      0.0    242.0   0.00000000   0.00000000    274.5   53.3      6.0     73390
2018  4 27  4      0.0    223.0   0.00000000   0.00000000    274.4   57.5      7.9     73350
2018  4 27  5     39.0    237.0   0.00000000   0.00000000    274.5   69.9      8.0     73340
2018  4 27  6    242.0    267.0   0.00000000   0.00000000    275.1   74.2      7.3     73340
2018  4 27  7    168.0    306.0   0.00000000   0.00000000    275.3   78.8      6.9     73360
2018  4 27  8    416.0    300.0   0.00000000   0.00000000    275.6   82.1      8.3     73370
2018  4 27  9    513.0    304.0   0.00000000   0.00000000    275.8   80.0      7.8     73410
2018  4 27 10    888.0    291.0   0.00000000   0.00000000    276.3   77.2      9.2     73430
2018  4 27 11    857.0    277.0   0.00000000   0.00000000    276.8   73.0      8.3     73430
2018  4 27 12    665.0    280.0   0.00000000   0.00000000    276.8   73.4      7.9     73420
2018  4 27 13    692.0    264.0   0.00000000   0.00000000    277.0   72.4      7.5     73410
2018  4 27 14    738.0    261.0   0.00000000   0.00000000    277.2   71.0      7.7     73420
2018  4 27 15    662.0    243.0   0.00000000   0.00000000    277.1   69.1      7.9     73420
2018  4 27 16    533.0    240.0   0.00000000   0.00000000    277.0   68.0      8.0     73440
2018  4 27 17    318.0    234.0   0.00000000   0.00000000    276.5   70.5      8.4     73440
2018  4 27 18     89.0    229.0   0.00000000   0.00000000    275.9   67.9      8.8     73470
2018  4 27 19      2.0    226.0   0.00000000   0.00000000    275.3   69.0      7.4     73510
2018  4 27 20      0.0    226.0   0.00000000   0.00000000    275.1   69.8      7.4     73540
2018  4 27 21      0.0    226.0   0.00000000   0.00000000    275.0   69.1      7.5     73550
2018  4 27 22      0.0    225.0   0.00000000   0.00000000    274.8   68.1      7.6     73540
2018  4 27 23      0.0    225.0   0.00000000   0.00000000    274.6   68.6      6.9     73540
2018  4 28  0      0.0    224.0   0.00000000   0.00000000    274.3   70.4      6.8     73530
2018  4 28  1      0.0    224.0   0.00000000   0.00000000    274.1   71.4      6.7     73510
2018  4 28  2      0.0    224.0   0.00000000   0.00000000    273.9   69.6      5.6     73480
2018  4 28  3      0.0    224.0   0.00000000   0.00000000    273.8   72.6      5.8     73470
2018  4 28  4      0.0    224.0   0.00000000   0.00000000    273.8   74.3      5.7     73450
2018  4 28  5     24.0    228.0   0.00000000   0.00000000    274.0   74.0      4.8     73460
2018  4 28  6    196.0    228.0   0.00000000   0.00000000    274.2   75.0      4.6     73480
2018  4 28  7    420.0    231.0   0.00000000   0.00000000    274.5   77.5      5.2     73490
2018  4 28  8    582.0    245.0   0.00000000   0.00000000    274.8   79.0      5.0     73510
2018  4 28  9    606.0    268.0   0.00000000   0.00000000    275.6   76.3      5.1     73520
2018  4 28 10   1004.0    263.0   0.00000000   0.00000000    276.6   66.3      6.5     73530
2018  4 28 11    995.0    250.0   0.00000000   0.00000000    276.9   55.9      5.4     73530
2018  4 28 12    992.0    241.0   0.00000000   0.00000000    277.0   54.1      6.3     73510
2018  4 28 13    861.0    257.0   0.00000000   0.00000000    277.1   55.7      6.8     73520
2018  4 28 14    707.0    284.0   0.00000000   0.00000000    277.8   52.7      5.3     73510
2018  4 28 15    695.0    263.0   0.00000000   0.00000000    277.9   53.4      6.0     73470
2018  4 28 16    495.0    252.0   0.00000000   0.00000000    277.5   54.9      6.4     73460
2018  4 28 17    161.0    291.0   0.00000000   0.00000000    277.0   56.7      5.1     73460
2018  4 28 18     46.0    272.0   0.00000000   0.00000000    276.0   65.8      4.3     73450
2018  4 28 19      2.0    244.0   0.00000000   0.00000000    275.6   69.6      5.7     73460
2018  4 28 20      0.0    280.0   0.00000000   0.00000000    275.1   74.4      5.3     73480
2018  4 28 21      0.0    298.0   0.00000000   0.00008333    273.8   92.4      7.1     73480
2018  4 28 22      0.0    306.0   0.00000000   0.00000000    274.2   90.1      7.7     73460
2018  4 28 23      0.0    293.0   0.00000000   0.00000000    274.4   84.0      7.0     73470
2018  4 29  0      0.0    290.0   0.00000000   0.00000000    274.4   78.7      5.3     73460
2018  4 29  1      0.0    243.0   0.00000000   0.00000000    274.5   77.9      6.7     73400
2018  4 29  2      0.0    244.0   0.00000000   0.00000000    274.6   78.5      6.6     73370
2018  4 29  3      0.0    261.0   0.00000000   0.00000000    274.6   78.7      6.5     73340
2018  4 29  4      0.0    296.0   0.00000000   0.00000000    274.6   78.7      5.4     73320
2018  4 29  5     31.0    283.0   0.00000000   0.00000000    274.5   82.6      6.9     73310
2018  4 29  6    116.0    296.0   0.00000000   0.00000000    274.6   81.3      6.6     73320
2018  4 29  7    206.0    281.0   0.00000000   0.00000000    274.5   82.9      5.3     73310
2018  4 29  8    147.0    313.0   0.00000000   0.00000000    274.5   86.2      5.4     73310
2018  4 29  9    325.0    311.0   0.00000000   0.00000000    274.9   85.3      7.1     73300
2018  4 29 10    418.0    312.0   0.00000000   0.00000000    275.4   81.0      7.7     73300
2018  4 29 11    672.0    300.0   0.00000000   0.00000000    276.3   73.3      8.1     73270
2018  4 29 12    416.0    312.0   0.00000000   0.00000000    276.0   76.1      8.0     73250
2018  4 29 13    560.0    308.0   0.00000000   0.00000000    275.8   78.3      7.4     73220
2018  4 29 14    579.0    294.0   0.00000000   0.00000000    276.2   73.4      9.5     73150
2018  4 29 15    496.0    289.0   0.00000000   0.00000000    275.8   77.3     11.0     73070
2018  4 29 16    291.0    304.0   0.00000000   0.00000000    275.1   82.9     10.6     73040
2018  4 29 17    313.0    284.0   0.00000000   0.00000000    275.0   80.3     10.5     72960
2018  4 29 18     94.0    284.0   0.00000000   0.00000000    274.8   81.8     11.0     72890
2018  4 29 19      1.0    290.0   0.00000000   0.00000000    274.4   82.9     11.0     72840
2018  4 29 20      0.0    269.0   0.00000000   0.00000000    274.6   78.3     11.7     72820
2018  4 29 21      0.0    306.0   0.00000000   0.00000000    274.0   86.8      9.4     72820
2018  4 29 22      0.0    286.0   0.00000000   0.00000000    273.8   87.8     10.1     72780
2018  4 29 23      0.0    244.0   0.00000000   0.00000000    273.5   79.6     10.8     72730
2018  4 30  0      0.0    268.0   0.00000000   0.00000000    273.5   79.9     10.8     72700
2018  4 30  1      0.0    280.0   0.00000000   0.00000000    273.1   86.6     11.5     72590
2018  4 30  2      0.0    304.0   0.00005000   0.00003333    273.0   89.1      9.8     72570
2018  4 30  3      0.0    306.0   0.00069444   0.00000000    272.0   97.4      5.6     72580
2018  4 30  4      0.0    287.0   0.00008333   0.00000000    270.8   86.3      8.6     72570
2018  4 30  5     25.0    189.0   0.00000000   0.00000000    269.4   54.0      8.3     72620
2018  4 30  6    215.0    185.0   0.00000000   0.00000000    268.9   42.5      7.8     72640
2018  4 30  7    428.0    189.0   0.00000000   0.00000000    269.1   48.2      7.2     72650
2018  4 30  8    622.0    195.0   0.00000000   0.00000000    269.3   62.5      7.6     72670
2018  4 30  9    810.0    208.0   0.00000000   0.00000000    270.3   61.0      6.0     72730
2018  4 30 10    938.0    231.0   0.00000000   0.00000000    271.3   62.1      7.5     72760
2018  4 30 11    736.0    230.0   0.00000000   0.00000000    271.8   59.4      8.2     72780
2018  4 30 12    808.0    231.0   0.00000000   0.00000000    272.1   55.9      8.5     72800
2018  4 30 13    699.0    235.0   0.00000000   0.00000000    272.3   54.2      7.1     72830
2018  4 30 14    792.0    234.0   0.00000000   0.00000000    272.6   54.5      7.9     72830
2018  4 30 15    647.0    233.0   0.00000000   0.00000000    272.8   52.6      7.7     72850
2018  4 30 16    579.0    239.0   0.00000000   0.00000000    272.5   58.2      8.2     72840
2018  4 30 17    102.0    243.0   0.00000000   0.00000000    271.8   60.4      7.5     72850
2018  4 30 18     54.0    231.0   0.00000000   0.00000000    271.1   59.0      6.4     72870
2018  4 30 19      5.0    270.0   0.00000000   0.00000000    270.9   62.1      5.1     72910
2018  4 30 20      0.0    271.0   0.00000000   0.00000000    270.8   66.5      4.9     72930
2018  4 30 21      0.0    283.0   0.00000000   0.00000000    270.6   69.4      4.3     72940
2018  4 30 22      0.0    288.0   0.00000000   0.00000000    270.5   71.1      4.0     72930
2018  4 30 23      0.0    289.0   0.00000000   0.00000000    270.3   78.4      5.1     72940
2018  5  1  0      0.0    283.0   0.00000000   0.00000000    270.5   83.3      6.0     72920
2018  5  1  1      0.0    282.0   0.00000000   0.00000000    270.4   83.9      5.2     72890
2018  5  1  2      0.0    281.0   0.00000000   0.00000000    270.3   86.7      4.8     72870
2018  5  1  3      0.0    223.0   0.00000000   0.00000000    270.0   86.4      5.2     72860
2018  5  1  4      0.0    220.0   0.00000000   0.00000000    269.5   86.7      6.1     72850
2018  5  1  5     14.0    214.0   0.00000000   0.00000000    269.2   86.1      6.0     72880
2018  5  1  6    169.0    218.0   0.00000000   0.00000000    269.2   85.4      5.0     72900
2018  5  1  7    326.0    221.0   0.00000000   0.00000000    269.4   84.9      4.6     72910
2018  5  1  8    558.0    231.0   0.00000000   0.00000000    269.8   83.0      3.7     72910
2018  5  1  9    714.0    273.0   0.00005556   0.00000000    271.0   77.1      4.3     72950
2018  5  1 10    740.0    274.0   0.00000000   0.00000000    271.6   74.3      4.0     73000
2018  5  1 11    764.0    271.0   0.00000000   0.00000000    271.8   79.1      3.9     72990
2018  5  1 12    872.0    260.0   0.00000000   0.00000000    272.8   68.1      4.3     73010
2018  5  1 13    692.0    258.0   0.00000000   0.00000000    272.4   71.3      4.3     73020
2018  5  1 14    608.0    266.0   0.00000000   0.00000000    272.1   76.1      2.9     73010
2018  5  1 15    457.0    266.0   0.00000000   0.00000000    271.9   75.7      3.0     73000
2018  5  1 16    267.0    271.0   0.00000000   0.00000000    271.5   87.0      3.1     73000
2018  5  1 17    171.0    260.0   0.00000000   0.00000000    271.2   86.9      1.7     73010
2018  5  1 18     73.0    256.0   0.00000000   0.00000000    270.6   94.6      1.0     73000
2018  5  1 19      6.0    259.0   0.00000000   0.00000000    270.8   89.3      1.4     73020
2018  5  1 20      0.0    256.0   0.00000000   0.00000000    270.6   85.5      1.7     73030
2018  5  1 21      0.0    244.0   0.00000000   0.00000000    270.6   84.2      2.0     73040
2018  5  1 22      0.0    252.0   0.00000000   0.00000000    270.6   86.0      3.2     73020
2018  5  1 23      0.0    283.0   0.00000000   0.00000000    270.4   91.4      3.8     73010
2018  5  2  0      0.0    267.0   0.00000000   0.00000000    270.3   92.5      3.8     72980
2018  5  2  1      0.0    292.0   0.00000000   0.00000000    270.2   94.8      4.0     72950
2018  5  2  2      0.0    283.0   0.00000000   0.00000000    270.1   96.7      4.4     72920
2018  5  2  3      0.0    298.0   0.00000000   0.00000000    270.2   97.6      2.8     72920
2018  5  2  4      0.0    291.0   0.00000000   0.00000000    270.3   97.4      3.3     72910
2018  5  2  5     13.0    293.0   0.00000000   0.00000000    270.4   98.2      4.3     72920
2018  5  2  6     79.0    289.0   0.00000000   0.00000000    270.4   98.1      3.7     72930
2018  5  2  7    135.0    293.0   0.00000000   0.00000000    270.8   97.4      3.4     72920
2018  5  2  8    199.0    300.0   0.00000000   0.00000000    271.3   94.8      4.9     72930
2018  5  2  9    443.0    291.0   0.00000000   0.00000000    271.9   92.1      5.0     72940
2018  5  2 10    451.0    308.0   0.00008333   0.00000000    272.3   98.0      4.7     72940
2018  5  2 11    717.0    302.0   0.00000000   0.00000000    273.0   92.7      7.0     72950
2018  5  2 12    570.0    298.0   0.00000000   0.00000000    273.2   89.9      9.2     72970
2018  5  2 13    662.0    284.0   0.00000000   0.00000000    273.9   81.8      9.1     72980
2018  5  2 14    559.0    293.0   0.00000000   0.00000000    273.8   87.3      7.3     72970
2018  5  2 15    616.0    268.0   0.00000000   0.00000000    274.2   81.8      8.3     72950
2018  5  2 16    349.0    273.0   0.00000000   0.00000000    273.9   81.9      6.4     72980
2018  5  2 17    171.0    264.0   0.00000000   0.00000000    274.1   84.1      6.5     72990
2018  5  2 18     73.0    285.0   0.00000000   0.00000000    274.0   86.5      5.6     73010
2018  5  2 19      6.0    259.0   0.00000000   0.00000000    273.6   91.1      5.3     73010
2018  5  2 20      0.0    295.0   0.00000000   0.00000000    273.5   92.1      4.9     73040
2018  5  2 21      0.0    278.0   0.00000000   0.00000000    273.4   93.2      5.1     73040
2018  5  2 22      0.0    273.0   0.00000000   0.00000000    273.3   94.2      4.9     73020
2018  5  2 23      0.0    270.0   0.00000000   0.00000000    273.2   94.5      4.2     73020
2018  5  3  0      0.0    287.0   0.00000000   0.00000000    273.4   92.2      4.3     73020
2018  5  3  1      0.0    309.0   0.00005000   0.00003333    273.0   96.3      3.9     73030
2018  5  3  2      0.0    305.0   0.00005556   0.00000000    272.6   99.4      3.5     73020
2018  5  3  3      0.0    301.0   0.00000000   0.00000000    272.4  100.0      3.8     73000
2018  5  3  4      0.0    306.0   0.00004444   0.00001111    272.8   98.2      4.1     73010
2018  5  3  5     30.0    240.0   0.00000000   0.00000000    272.8   96.9      4.5     73010
2018  5  3  6    128.0    270.0   0.00000000   0.00000000    273.2   93.4      5.3     73060
2018  5  3  7    244.0    259.0   0.00000000   0.00000000    273.1   96.5      4.8     73070
2018  5  3  8    424.0    281.0   0.00000000   0.00000000    273.3   96.2      4.1     73100
2018  5  3  9    772.0    249.0   0.00000000   0.00000000    274.0   92.4      3.9     73130
2018  5  3 10    895.0    250.0   0.00000000   0.00008333    274.9   88.0      4.1     73160
2018  5  3 11    653.0    269.0   0.00000000   0.00000000    275.3   87.6      4.1     73180
2018  5  3 12    574.0    290.0   0.00000000   0.00000000    275.1   89.2      4.0     73190
2018  5  3 13    455.0    304.0   0.00000000   0.00000000    275.6   84.3      3.5     73200
2018  5  3 14    645.0    301.0   0.00000000   0.00000000    275.5   84.8      2.6     73200
2018  5  3 15    611.0    289.0   0.00000000   0.00000000    275.9   81.5      2.5     73200
2018  5  3 16    400.0    306.0   0.00000000   0.00000000    274.2   99.6      4.6     73190
2018  5  3 17    192.0    317.0   0.00000000   0.00000000    274.0  100.0      6.6     73210
2018  5  3 18     45.0    318.0   0.00000000   0.00000000    273.8  100.0      4.7     73260
2018  5  3 19      6.0    316.0   0.00000000   0.00000000    273.8  100.0      5.6     73300
2018  5  3 20      0.0    318.0   0.00000000   0.00000000    273.9  100.0      6.0     73320
2018  5  3 21      0.0    317.0   0.00000000   0.00000000    273.8  100.0      5.8     73340
2018  5  3 22      0.0    320.0   0.00000000   0.00002778    273.6  100.0      4.7     73360
2018  5  3 23      0.0    318.0   0.00000000   0.00000000    273.6  100.0      5.5     73370
2018  5  4  0      0.0    317.0   0.00000000   0.00000000    273.8  100.0      5.8     73340
2018  5  4  1      0.0    317.0   0.00000000   0.00000000    273.6  100.0      4.7     73330
2018  5  4  2      0.0    318.0   0.00000000   0.00000000    273.6  100.0      4.0     73340
2018  5  4  3      0.0    316.0   0.00000000   0.00000000    273.6  100.0      3.2     73340
2018  5  4  4      0.0    315.0   0.00000000   0.00000000    273.5  100.0      3.8     73320
2018  5  4  5     49.0    290.0   0.00000000   0.00000000    273.5   99.6      3.5     73340
2018  5  4  6    199.0    261.0   0.00000000   0.00000000    273.8   98.0      2.4     73380
2018  5  4  7    405.0    239.0   0.00000000   0.00000000    274.3   93.7      2.7     73390
2018  5  4  8    534.0    263.0   0.00000000   0.00000000    274.3   94.9      2.4     73410
2018  5  4  9    759.0    243.0   0.00000000   0.00000000    274.8   91.5      2.1     73430
2018  5  4 10    903.0    245.0   0.00000000   0.00000000    276.0   84.9      3.4     73460
2018  5  4 11    966.0    249.0   0.00000000   0.00000000    276.6   81.7      3.7     73490
2018  5  4 12    993.0    253.0   0.00000000   0.00000000    276.9   83.6      2.5     73520
2018  5  4 13    759.0    275.0   0.00000000   0.00000000    277.0   86.0      2.5     73560
2018  5  4 14    793.0    273.0   0.00000000   0.00000000    277.1   87.6      3.9     73550
2018  5  4 15    343.0    317.0   0.00000000   0.00000000    276.9   91.6      4.6     73560
2018  5  4 16    176.0    327.0   0.00000000   0.00000000    276.3   97.3      3.8     73590
2018  5  4 17    150.0    313.0   0.00000000   0.00000000    276.1   99.5      4.7     73590
2018  5  4 18     60.0    307.0   0.00000000   0.00000000    275.9   98.5      4.5     73600
2018  5  4 19     10.0    313.0   0.00000000   0.00000000    275.8   99.9      5.8     73620
2018  5  4 20      0.0    307.0   0.00000000   0.00000000    275.5   99.4      5.0     73660
2018  5  4 21      0.0    325.0   0.00000000   0.00005556    275.4   99.8      4.1     73680
2018  5  4 22      0.0    300.0   0.00000000   0.00000000    275.2   96.6      3.6     73680
2018  5  4 23      0.0    316.0   0.00000000   0.00000000    275.1   96.4      5.1     73700
2018  5  5  0      0.0    240.0   0.00000000   0.00000000    274.9   86.6      5.7     73700
2018  5  5  1      0.0    227.0   0.00000000   0.00000000    274.5   84.3      5.7     73690
2018  5  5  2      0.0    226.0   0.00000000   0.00000000    274.4   79.0      6.0     73690
2018  5  5  3      0.0    228.0   0.00000000   0.00000000    274.2   77.5      6.7     73680
2018  5  5  4      0.0    232.0   0.00000000   0.00000000    274.2   74.4      5.9     73680
2018  5  5  5     51.0    240.0   0.00000000   0.00000000    274.8   70.1      5.9     73680
2018  5  5  6    176.0    246.0   0.00000000   0.00000000    275.0   69.6      4.1     73710
2018  5  5  7    416.0    245.0   0.00000000   0.00000000    275.6   69.6      4.3     73750
2018  5  5  8    531.0    248.0   0.00000000   0.00000000    275.9   76.9      4.3     73790
2018  5  5  9    692.0    249.0   0.00000000   0.00000000    276.5   75.8      3.8     73830
2018  5  5 10    801.0    255.0   0.00000000   0.00000000    277.5   72.8      4.2     73870
2018  5  5 11    920.0    260.0   0.00000000   0.00000000    278.3   68.2      3.6     73890
2018  5  5 12    594.0    307.0   0.00000000   0.00000000    278.0   68.3      3.8     73920
2018  5  5 13    600.0    317.0   0.00000000   0.00000000    278.5   65.9      2.9     73950
2018  5  5 14    820.0    284.0   0.00000000   0.00000000    279.4   64.7      3.5     73950
2018  5  5 15    478.0    310.0   0.00000000   0.00000000    279.8   66.8      5.0     73970
2018  5  5 16    555.0    258.0   0.00000000   0.00000000    278.5   70.8      4.3     73980
2018  5  5 17    331.0    283.0   0.00000000   0.00000000    278.3   68.1      5.7     73990
2018  5  5 18    161.0    258.0   0.00000000   0.00000000    277.8   70.1      5.5     74000
2018  5  5 19      8.0    243.0   0.00000000   0.00000000    277.2   76.5      4.7     74020
2018  5  5 20      0.0    243.0   0.00000000   0.00000000    277.2   72.9      6.1     74060
2018  5  5 21      0.0    243.0   0.00000000   0.00000000    277.0   74.3      4.7     74080
2018  5  5 22      0.0    243.0   0.00000000   0.00000000    276.8   77.4      3.7     74090
2018  5  5 23      0.0    242.0   0.00000000   0.00000000    276.8   79.0      2.6     74090
2018  5  6  0      0.0    241.0   0.00000000   0.00000000    276.8   79.0      4.5     74070
2018  5  6  1      0.0    242.0   0.00000000   0.00000000    277.0   74.7      4.0     74060
2018  5  6  2      0.0    243.0   0.00000000   0.00000000    277.0   73.5      4.1     74050
2018  5  6  3      0.0    243.0   0.00000000   0.00000000    277.1   71.3      3.0     74030
2018  5  6  4      0.0    242.0   0.00000000   0.00000000    277.0   71.1      2.8     74020
2018  5  6  5     45.0    242.0   0.00000000   0.00000000    276.8   69.7      3.5     74020
2018  5  6  6    202.0    244.0   0.00000000   0.00000000    276.9   69.1      3.0     74040
2018  5  6  7    422.0    246.0   0.00000000   0.00000000    277.6   66.2      2.4     74040
2018  5  6  8    610.0    248.0   0.00000000   0.00000000    278.5   62.9      1.4     74050
2018  5  6  9    773.0    250.0   0.00000000   0.00000000    278.4   68.6      1.0     74080
2018  5  6 10    894.0    252.0   0.00000000   0.00000000    279.8   69.5      1.6     74090
2018  5  6 11    965.0    255.0   0.00000000   0.00000000    279.3   71.6      1.7     74090
2018  5  6 12    984.0    253.0   0.00000000   0.00000000    279.8   67.5      2.3     74080
2018  5  6 13    944.0    255.0   0.00000000   0.00000000    280.1   65.6      3.2     74050
2018  5  6 14    847.0    254.0   0.00000000   0.00000000    279.4   72.7      4.8     74030
2018  5  6 15    738.0    257.0   0.00000000   0.00000000    279.0   87.2      7.2     74000
2018  5  6 16    426.0    269.0   0.00000000   0.00000000    278.6   93.4      7.6     73970
2018  5  6 17    296.0    320.0   0.00000000   0.00000000    278.2   97.2      8.7     73940
2018  5  6 18    101.0    317.0   0.00000000   0.00000000    277.8   99.5      8.3     73940
2018  5  6 19     16.0    324.0   0.00000000   0.00000000    277.2   99.7      6.8     73940
2018  5  6 20      0.0    326.0   0.00000000   0.00000000    276.8   99.9      4.9     73970
2018  5  6 21      0.0    248.0   0.00000000   0.00000000    276.3   95.2      3.7     73980
2018  5  6 22      0.0    234.0   0.00000000   0.00000000    276.2   92.8      2.0     73960
2018  5  6 23      0.0    236.0   0.00000000   0.00000000    276.8   84.6      1.1     73950
2018  5  7  0      0.0    237.0   0.00000000   0.00000000    276.1   94.6      2.9     73930
2018  5  7  1      0.0    238.0   0.00000000   0.00000000    276.5   86.0      2.1     73890
2018  5  7  2      0.0    234.0   0.00000000   0.00000000    276.2   91.2      2.6     73870
2018  5  7  3      0.0    249.0   0.00000000   0.00000000    275.8   97.2      4.8     73830
2018  5  7  4      0.0    230.0   0.00000000   0.00000000    275.8   91.8      4.0     73800
2018  5  7  5     46.0    232.0   0.00000000   0.00000000    275.8   89.9      2.7     73790
2018  5  7  6    193.0    236.0   0.00000000   0.00000000    275.4   94.9      2.3     73790
2018  5  7  7    438.0    237.0   0.00000000   0.00000000    276.0   87.5      4.1     73800
2018  5  7  8    544.0    248.0   0.00000000   0.00000000    276.5   86.0      3.7     73800
2018  5  7  9    169.0    287.0   0.00000000   0.00000000    276.2   87.8      2.4     73800
2018  5  7 10    287.0    305.0   0.00000000   0.00000000    276.5   77.2      1.9     73800
2018  5  7 11    464.0    297.0   0.00000000   0.00008333    277.0   75.0      0.9     73800
2018  5  7 12    387.0    299.0   0.00000000   0.00000000    277.0   74.6      2.5     73780
2018  5  7 13    328.0    308.0   0.00000000   0.00044444    276.5   72.8      2.9     73780
2018  5  7 14    298.0    308.0   0.00000000   0.00005556    275.2   79.0      4.4     73770
2018  5  7 15    457.0    264.0   0.00000000   0.00000000    276.3   72.8      2.1     73720
2018  5  7 16    423.0    257.0   0.00000000   0.00000000    276.3   75.3      3.4     73690
2018  5  7 17    434.0    284.0   0.00000000   0.00000000    276.6   74.2      2.0     73700
2018  5  7 18     66.0    295.0   0.00000000   0.00000000    276.1   80.9      1.5     73690
2018  5  7 19      6.0    284.0   0.00000000   0.00000000    275.8   85.3      1.4     73680
2018  5  7 20      0.0    283.0   0.00000000   0.00000000    275.8   85.7      2.3     73700
2018  5  7 21      0.0    244.0   0.00000000   0.00000000    275.8   83.1      3.3     73680
2018  5  7 22      0.0    261.0   0.00000000   0.00000000    275.8   82.9      3.4     73660
2018  5  7 23      0.0    268.0   0.00000000   0.00000000    275.8   77.4      5.5     73630
2018  5  8  0      0.0    281.0   0.00000000   0.00000000    275.8   77.2      3.8     73590
2018  5  8  1      0.0    279.0   0.00000000   0.00000000    275.8   72.6      4.7     73550
2018  5  8  2      0.0    274.0   0.00000000   0.00000000    275.8   70.6      4.9     73510
2018  5  8  3      0.0    250.0   0.00000000   0.00000000    275.4   73.7      3.1     73500
2018  5  8  4      1.0    235.0   0.00000000   0.00000000    275.4   72.8      2.9     73480
2018  5  8  5     55.0    233.0   0.00000000   0.00000000    275.6   71.3      1.5     73460
2018  5  8  6    209.0    235.0   0.00000000   0.00000000    275.6   72.7      1.0     73440
2018  5  8  7    436.0    237.0   0.00000000   0.00000000    275.9   72.0      0.8     73430
2018  5  8  8    625.0    238.0   0.00000000   0.00000000    276.2   71.4      1.1     73420
2018  5  8  9    803.0    240.0   0.00000000   0.00000000    276.9   67.8      1.2     73410
2018  5  8 10    921.0    242.0   0.00000000   0.00000000    276.8   66.8      2.2     73390
2018  5  8 11    984.0    244.0   0.00000000   0.00000000    278.1   62.6      1.8     73360
2018  5  8 12    880.0    259.0   0.00000000   0.00000000    277.8   64.8      3.7     73320
2018  5  8 13    923.0    248.0   0.00000000   0.00000000    277.8   71.0      5.5     73280
2018  5  8 14    876.0    256.0   0.00000000   0.00000000    277.8   75.6      7.1     73250
2018  5  8 15    694.0    277.0   0.00000000   0.00000000    277.8   79.4      8.2     73210
2018  5  8 16    286.0    306.0   0.00000000   0.00000000    277.0   83.6      9.0     73180
2018  5  8 17     14.0    325.0   0.00000000   0.00038889    275.6   90.8      5.5     73180
2018  5  8 18     67.0    292.0   0.00000000   0.00000000    275.9   89.4      4.7     73170
2018  5  8 19      4.0    319.0   0.00000000   0.00008333    274.6   96.1      3.7     73150
2018  5  8 20      0.0    264.0   0.00000000   0.00000000    275.0   85.3      6.0     73150
2018  5  8 21      0.0    236.0   0.00000000   0.00000000    275.1   87.1      5.9     73150
2018  5  8 22      0.0    227.0   0.00000000   0.00000000    274.8   89.5      5.2     73110
2018  5  8 23      0.0    227.0   0.00000000   0.00000000    274.8   86.1      5.7     73110
2018  5  9  0      0.0    263.0   0.00000000   0.00000000    274.9   88.7      3.9     73090
2018  5  9  1      0.0    267.0   0.00000000   0.00000000    274.8   93.1      4.9     73040
2018  5  9  2      0.0    297.0   0.00000000   0.00000000    274.4   94.8      5.3     73010
2018  5  9  3      0.0    312.0   0.00000000   0.00000000    274.2   96.1      6.8     72970
2018  5  9  4      0.2    297.0   0.00000000   0.00000000    273.9   96.1      9.1     72930
2018  5  9  5     54.0    246.0   0.00000000   0.00000000    273.5   89.7      9.6     72910
2018  5  9  6    226.0    221.0   0.00000000   0.00000000    273.0   85.7      8.7     72910
2018  5  9  7    365.0    243.0   0.00000000   0.00000000    272.8   92.8      8.9     72930
2018  5  9  8    548.0    241.0   0.00000000   0.00000000    272.9   89.3      5.5     72960
2018  5  9  9    356.0    281.0   0.00000000   0.00000000    273.3   83.7      4.1     73000
2018  5  9 10    423.0    292.0   0.00000000   0.00000000    273.4   91.1      5.4     73010
2018  5  9 11    707.0    292.0   0.00000000   0.00000000    273.6   88.5      5.6     73010
2018  5  9 12   1015.0    272.0   0.00000000   0.00000000    274.8   77.2      4.9     73010
2018  5  9 13    492.0    292.0   0.00000000   0.00000000    274.1   84.9      2.8     73010
2018  5  9 14    299.0    300.0   0.00000000   0.00011111    274.0   90.2      4.4     72980
2018  5  9 15    328.0    308.0   0.00000000   0.00000000    273.2   97.0      5.7     72980
2018  5  9 16    237.0    269.0   0.00000000   0.00000000    273.2   82.2      4.2     72980
2018  5  9 17    247.0    244.0   0.00000000   0.00000000    273.5   85.3      1.9     72970
2018  5  9 18     72.0    268.0   0.00000000   0.00000000    273.4   86.6      2.7     73010
2018  5  9 19      7.0    246.0   0.00000000   0.00000000    273.3   86.9      1.4     73010
2018  5  9 20      0.0    226.0   0.00000000   0.00000000    273.2   88.8      2.7     73020
2018  5  9 21      0.0    226.0   0.00000000   0.00000000    273.2   88.3      2.1     73030
2018  5  9 22      0.0    273.0   0.00000000   0.00000000    272.8   93.8      2.1     73040
2018  5  9 23      0.0    285.0   0.00000000   0.00000000    273.0   93.9      2.5     73020
2018  5 10  0      0.0    227.0   0.00000000   0.00000000    272.9   91.9      3.4     73000
2018  5 10  1      0.0    254.0   0.00000000   0.00000000    272.8   94.2      3.4     72990
2018  5 10  2      0.0    243.0   0.00000000   0.00000000    273.0   91.4      5.3     72990
2018  5 10  3      0.0    239.0   0.00000000   0.00000000    272.8   90.6      3.9     72980
2018  5 10  4      1.6    238.0   0.00000000   0.00000000    272.3   94.3      1.7     72990
2018  5 10  5     49.0    240.0   0.00000000   0.00000000    272.5   89.8      2.1     73010
2018  5 10  6    214.0    224.0   0.00000000   0.00000000    272.6   91.8      1.8     73030
2018  5 10  7    445.0    227.0   0.00000000   0.00000000    272.8   89.4      1.6     73090
2018  5 10  8    612.0    234.0   0.00000000   0.00000000    273.4   86.8      1.1     73140
2018  5 10  9    674.0    268.0   0.00000000   0.00000000    273.9   83.7      1.1     73190
2018  5 10 10    501.0    305.0   0.00000000   0.00000000    273.9   92.0      3.5     73230
2018  5 10 11    321.0    316.0   0.00000000   0.00000000    273.3   99.1      5.0     73280
2018  5 10 12    295.0    316.0   0.00000000   0.00000000    273.1   99.9      2.3     73330
2018  5 10 13    534.0    305.0   0.00000000   0.00008333    274.1   91.3      1.4     73360
2018  5 10 14    394.0    306.0   0.00000000   0.00000000    274.1   90.2      1.2     73400
2018  5 10 15    330.0    303.0   0.00000000   0.00000000    273.9   89.1      2.2     73430
2018  5 10 16    291.0    302.0   0.00000000   0.00000000    273.6   96.1      3.3     73460
2018  5 10 17     68.0    315.0   0.00000000   0.00000000    273.2  100.0      6.2     73490
2018  5 10 18     31.0    314.0   0.00003333   0.00005000    273.2   99.6      8.2     73520
2018  5 10 19      4.0    312.0   0.00005556   0.00005556    273.1   98.6      7.0     73580
2018  5 10 20      0.0    311.0   0.00011111   0.00000000    272.6  100.0      5.1     73660
2018  5 10 21      0.0    310.0   0.00005556   0.00000000    272.3  100.0      5.0     73690
2018  5 10 22      0.0    307.0   0.00000000   0.00000000    272.2  100.0      4.9     73700
2018  5 10 23      0.0    308.0   0.00000000   0.00000000    271.9  100.0      3.3     73690
2018  5 11  0      0.0    273.0   0.00000000   0.00000000    272.0   97.5      3.4     73680
2018  5 11  1      0.0    263.0   0.00000000   0.00000000    272.3   93.0      3.9     73660
2018  5 11  2      0.0    228.0   0.00000000   0.00000000    272.8   89.9      3.8     73640
2018  5 11  3      0.0    236.0   0.00000000   0.00000000    273.0   86.3      3.8     73630
2018  5 11  4      3.8    244.0   0.00000000   0.00000000    273.8   78.5      4.9     73620
2018  5 11  5     69.0    229.0   0.00000000   0.00000000    274.5   69.2      5.3     73640
2018  5 11  6    216.0    231.0   0.00000000   0.00000000    275.0   68.5      4.1     73670
2018  5 11  7    458.0    234.0   0.00000000   0.00000000    275.5   66.1      4.5     73690
2018  5 11  8    624.0    235.0   0.00000000   0.00000000    275.8   68.8      4.5     73710
2018  5 11  9    792.0    237.0   0.00000000   0.00000000    275.9   78.0      3.0     73730
2018  5 11 10    700.0    269.0   0.00000000   0.00000000    276.5   79.2      2.4     73750
2018  5 11 11    441.0    308.0   0.00000000   0.00000000    277.3   70.1      2.6     73770
2018  5 11 12    377.0    314.0   0.00000000   0.00000000    277.3   70.6      1.8     73770
2018  5 11 13    452.0    303.0   0.00000000   0.00000000    277.4   77.2      1.6     73770
2018  5 11 14    277.0    315.0   0.00000000   0.00000000    276.9   85.1      2.6     73770
2018  5 11 15    254.0    313.0   0.00000000   0.00000000    276.9   74.4      2.8     73770
2018  5 11 16     63.0    321.0   0.00000000   0.00016667    275.5   92.5      3.9     73790
2018  5 11 17    124.0    321.0   0.00000000   0.00041667    274.8   91.1      4.3     73790
2018  5 11 18     97.0    298.0   0.00000000   0.00000000    275.5   85.4      2.6     73780
2018  5 11 19     16.0    285.0   0.00000000   0.00000000    275.8   82.0      2.1     73800
2018  5 11 20      0.0    289.0   0.00000000   0.00000000    275.6   84.2      1.7     73840
2018  5 11 21      0.0    277.0   0.00000000   0.00000000    275.5   86.9      1.1     73850
2018  5 11 22      0.0    282.0   0.00000000   0.00000000    275.3   90.3      1.3     73860
2018  5 11 23      0.0    289.0   0.00000000   0.00000000    275.0   90.9      1.7     73840
2018  5 12  0      0.0    294.0   0.00000000   0.00000000    275.0   86.8      1.0     73820
2018  5 12  1      0.0    283.0   0.00000000   0.00000000    275.1   82.3      1.8     73790
2018  5 12  2      0.0    242.0   0.00000000   0.00000000    275.2   79.1      3.7     73770
2018  5 12  3      0.0    253.0   0.00000000   0.00000000    275.0   81.2      1.9     73760
2018  5 12  4      1.0    261.0   0.00000000   0.00000000    275.0   87.3      2.2     73760
2018  5 12  5     73.0    233.0   0.00000000   0.00000000    275.1   84.3      3.0     73750
2018  5 12  6    234.0    240.0   0.00000000   0.00000000    275.5   77.2      2.9     73740
2018  5 12  7    403.0    248.0   0.00000000   0.00000000    275.8   73.1      1.7     73750
2018  5 12  8    531.0    255.0   0.00000000   0.00000000    275.5   85.8      1.6     73750
2018  5 12  9    601.0    286.0   0.00000000   0.00000000    275.6   88.3      2.0     73730
2018  5 12 10    548.0    304.0   0.00000000   0.00008333    276.4   73.5      2.6     73720
2018  5 12 11    395.0    315.0   0.00000000   0.00000000    276.6   76.6      2.8     73710
2018  5 12 12    437.0    315.0   0.00000000   0.00000000    277.0   71.5      2.9     73690
2018  5 12 13    332.0    320.0   0.00000000   0.00000000    277.2   77.5      2.1     73680
2018  5 12 14    431.0    313.0   0.00000000   0.00000000    277.8   72.1      2.8     73650
2018  5 12 15    292.0    319.0   0.00000000   0.00000000    277.6   77.1      1.5     73630
2018  5 12 16    182.0    316.0   0.00000000   0.00000000    277.8   73.6      2.9     73620
2018  5 12 17    113.0    315.0   0.00000000   0.00000000    277.4   75.3      3.0     73590
2018  5 12 18     51.0    302.0   0.00000000   0.00000000    276.9   79.5      3.5     73580
2018  5 12 19      6.0    310.0   0.00000000   0.00000000    276.6   79.8      3.3     73570
2018  5 12 20      0.0    306.0   0.00000000   0.00000000    275.8   87.7      3.2     73550
2018  5 12 21      0.0    291.0   0.00000000   0.00000000    276.0   83.5      5.3     73530
2018  5 12 22      0.0    239.0   0.00000000   0.00000000    275.8   84.8      5.2     73510
2018  5 12 23      0.0    235.0   0.00000000   0.00000000    275.6   83.9      4.9     73510
2018  5 13  0      0.0    234.0   0.00000000   0.00000000    275.3   84.5      3.8     73490
2018  5 13  1      0.0    240.0   0.00000000   0.00000000    275.1   84.4      5.1     73460
2018  5 13  2      0.0    233.0   0.00000000   0.00000000    275.0   80.2      5.2     73410
2018  5 13  3      0.0    232.0   0.00000000   0.00000000    274.8   79.8      3.5     73370
2018  5 13  4      1.0    234.0   0.00000000   0.00000000    274.6   82.6      2.7     73350
2018  5 13  5     58.0    235.0   0.00000000   0.00000000    274.4   84.8      4.4     73320
2018  5 13  6    222.0    235.0   0.00000000   0.00000000    274.4   84.7      4.1     73300
2018  5 13  7    299.0    244.0   0.00000000   0.00000000    274.9   83.2      3.9     73290
2018  5 13  8    247.0    310.0   0.00000000   0.00000000    275.3   84.7      4.0     73280
2018  5 13  9    194.0    316.0   0.00000000   0.00000000    275.2   87.8      5.8     73260
2018  5 13 10    252.0    316.0   0.00000000   0.00000000    275.3   86.5      5.0     73250
2018  5 13 11    548.0    306.0   0.00000000   0.00000000    275.6   81.7      6.2     73230
2018  5 13 12    333.0    309.0   0.00000000   0.00000000    276.0   78.9      5.7     73210
2018  5 13 13    467.0    312.0   0.00000000   0.00000000    276.4   75.0      5.1     73180
2018  5 13 14    416.0    313.0   0.00000000   0.00000000    276.0   78.3      5.8     73150
2018  5 13 15    665.0    269.0   0.00000000   0.00000000    276.8   63.2      6.2     73090
2018  5 13 16    191.0    311.0   0.00000000   0.00000000    276.8   64.7      6.2     73060
2018  5 13 17    115.0    306.0   0.00000000   0.00000000    276.2   74.8      5.5     73030
2018  5 13 18     43.0    299.0   0.00000000   0.00000000    275.5   74.9      5.2     73010
2018  5 13 19      8.0    263.0   0.00000000   0.00000000    274.8   69.6      5.5     72990
2018  5 13 20      0.0    260.0   0.00000000   0.00000000    274.5   74.2      5.1     73000
2018  5 13 21      0.0    305.0   0.00000000   0.00000000    274.3   81.3      2.8     73010
2018  5 13 22      0.0    308.0   0.00000000   0.00000000    273.8   87.0      3.2     73000
2018  5 13 23      0.0    289.0   0.00000000   0.00000000    273.4   92.6      4.3     72970
2018  5 14  0      0.0    240.0   0.00000000   0.00000000    273.0   89.8      4.7     72910
2018  5 14  1      0.0    279.0   0.00000000   0.00000000    273.1   83.8      4.4     72880
2018  5 14  2      0.0    258.0   0.00000000   0.00000000    272.8   85.2      4.4     72840
2018  5 14  3      0.0    286.0   0.00000000   0.00000000    272.9   84.7      6.1     72820
2018  5 14  4      8.2    294.0   0.00000000   0.00000000    272.9   83.9      6.4     72800
2018  5 14  5     22.0    298.0   0.00000000   0.00000000    273.0   83.0      5.9     72790
2018  5 14  6     85.0    294.0   0.00000000   0.00000000    273.1   84.2      6.1     72800
2018  5 14  7    170.0    302.0   0.00000000   0.00000000    273.2   86.4      5.0     72820
2018  5 14  8    510.0    281.0   0.00000000   0.00000000    273.8   86.8      4.6     72840
2018  5 14  9    839.0    260.0   0.00000000   0.00000000    274.6   83.8      5.9     72860
2018  5 14 10    759.0    269.0   0.00000000   0.00000000    276.3   74.3      5.1     72880
2018  5 14 11    496.0    294.0   0.00000000   0.00000000    275.9   76.2      4.5     72910
2018  5 14 12    520.0    302.0   0.00000000   0.00000000    276.1   75.4      3.8     72930
2018  5 14 13    512.0    315.0   0.00000000   0.00000000    275.8   80.3      3.1     72950
2018  5 14 14    498.0    307.0   0.00000000   0.00000000    275.1   89.0      2.3     72950
2018  5 14 15    160.0    321.0   0.00033333   0.00133333    273.4   99.1      3.6     72960
2018  5 14 16    179.0    312.0   0.00000000   0.00000000    272.8   98.5      2.8     72960
2018  5 14 17     92.0    316.0   0.00020000   0.00005000    272.8   99.5      1.6     72940
2018  5 14 18     33.0    312.0   0.00030556   0.00000000    271.8   99.3      1.4     72950
2018  5 14 19      2.0    308.0   0.00036111   0.00000000    271.5   96.0      2.9     72970
2018  5 14 20      0.0    313.0   0.00047222   0.00000000    271.4   99.1      1.5     72980
2018  5 14 21      0.0    310.0   0.00041667   0.00000000    271.0   98.4      2.6     72970
2018  5 14 22      0.0    309.0   0.00019444   0.00000000    271.3   97.0      2.9     72970
2018  5 14 23      0.0    313.0   0.00033333   0.00000000    271.3   97.2      1.5     72950
2018  5 15  0      0.0    313.0   0.00033333   0.00000000    271.1   96.5      1.6     72930
2018  5 15  1      0.0    312.0   0.00047222   0.00000000    270.8   98.2      1.9     72900
2018  5 15  2      0.0    308.0   0.00044444   0.00000000    270.8   99.3      5.3     72860
2018  5 15  3      0.0    306.0   0.00022222   0.00000000    270.6   99.9      8.2     72830
2018  5 15  4      7.3    302.0   0.00008333   0.00000000    270.8   99.7     10.5     72800
2018  5 15  5     47.0    302.0   0.00008333   0.00000000    271.0  100.0     12.7     72810
2018  5 15  6    146.0    300.0   0.00000000   0.00000000    270.8  100.0     13.1     72820
2018  5 15  7    177.0    302.0   0.00005556   0.00000000    270.8  100.0     11.1     72840
2018  5 15  8    242.0    302.0   0.00016667   0.00000000    270.8   99.9     14.2     72850
2018  5 15  9    293.0    301.0   0.00002778   0.00000000    270.8  100.0     12.0     72900
2018  5 15 10    318.0    301.0   0.00000000   0.00000000    270.6   98.2     10.1     72940
2018  5 15 11    426.0    299.0   0.00000000   0.00000000    270.6   98.4      9.6     72980
2018  5 15 12    583.0    302.0   0.00005556   0.00000000    271.1   98.5      8.4     72990
2018  5 15 13    528.0    302.0   0.00000000   0.00000000    271.3   96.4      8.0     73000
2018  5 15 14    817.0    284.0   0.00000000   0.00000000    271.6   93.5      8.4     73000
2018  5 15 15     77.0    304.0   0.00091667   0.00000000    270.1   97.0      9.3     73020
2018  5 15 16    206.0    286.0   0.00036111   0.00000000    269.9   96.4      7.2     73040
2018  5 15 17    139.0    296.0   0.00000000   0.00000000    269.9   99.1      8.0     73050
2018  5 15 18     36.0    295.0   0.00011111   0.00000000    269.8   99.7      8.6     73070
2018  5 15 19      4.0    290.0   0.00002778   0.00000000    269.4   99.7      7.4     73080
2018  5 15 20      0.0    274.0   0.00000000   0.00000000    269.1   99.0      5.7     73130
2018  5 15 21      0.0    290.0   0.00000000   0.00000000    269.2   99.5      5.4     73160
2018  5 15 22      0.0    292.0   0.00000000   0.00000000    269.4   99.2      6.3     73180
2018  5 15 23      0.0    292.0   0.00000000   0.00000000    269.3   99.6      4.0     73200
2018  5 16  0      0.0    295.0   0.00000000   0.00000000    269.4  100.0      4.9     73170
2018  5 16  1      0.0    295.0   0.00000000   0.00000000    269.4  100.0      5.8     73170
2018  5 16  2      0.0    291.0   0.00000000   0.00000000    269.4   99.6      6.6     73160
2018  5 16  3      0.0    295.0   0.00000000   0.00000000    269.4  100.0      5.9     73160
2018  5 16  4      8.4    294.0   0.00005556   0.00000000    269.6   99.5      5.1     73160
2018  5 16  5     12.0    297.0   0.00011111   0.00000000    269.8  100.0      5.4     73160
2018  5 16  6     98.0    298.0   0.00002778   0.00000000    269.9   99.6      5.4     73160
2018  5 16  7    170.0    300.0   0.00011111   0.00000000    270.1   98.7      3.7     73170
2018  5 16  8    296.0    301.0   0.00000000   0.00000000    270.4   99.3      4.9     73200
2018  5 16  9    463.0    303.0   0.00000000   0.00000000    270.8   97.8      3.2     73220
2018  5 16 10    346.0    304.0   0.00008333   0.00000000    270.8   98.4      2.7     73240
2018  5 16 11    448.0    304.0   0.00000000   0.00000000    271.0   96.5      3.5     73270
2018  5 16 12    742.0    296.0   0.00000000   0.00000000    271.8   91.3      4.4     73270
2018  5 16 13    610.0    299.0   0.00000000   0.00000000    271.9   91.4      3.4     73270
2018  5 16 14    497.0    303.0   0.00000000   0.00000000    272.2   91.2      2.5     73280
2018  5 16 15    363.0    306.0   0.00011111   0.00000000    271.4   99.5      4.9     73280
2018  5 16 16    218.0    304.0   0.00011111   0.00000000    271.0   99.5      7.1     73290
2018  5 16 17    103.0    303.0   0.00000000   0.00000000    270.8   99.5      7.3     73290
2018  5 16 18     53.0    301.0   0.00005556   0.00000000    270.8   99.5      5.4     73300
2018  5 16 19      5.0    301.0   0.00000000   0.00000000    270.6  100.0      5.6     73320
2018  5 16 20      0.0    300.0   0.00000000   0.00000000    270.5  100.0      6.0     73340
2018  5 16 21      0.0    301.0   0.00000000   0.00000000    270.6   99.5      6.2     73370
2018  5 16 22      0.0    299.0   0.00000000   0.00000000    270.4   98.7      6.3     73390
2018  5 16 23      0.0    300.0   0.00005556   0.00000000    270.6   99.3      5.6     73390
2018  5 17  0      0.0    300.0   0.00019444   0.00000000    270.6   98.7      4.3     73370
2018  5 17  1      0.0    300.0   0.00011111   0.00000000    270.8   97.4      4.9     73360
2018  5 17  2      0.0    300.0   0.00000000   0.00000000    270.6   97.2      7.0     73330
2018  5 17  3      0.0    298.0   0.00016667   0.00000000    270.3   99.3      6.1     73330
2018  5 17  4      9.5    261.0   0.00000000   0.00000000    269.8   99.3      6.4     73330
2018  5 17  5     23.0    281.0   0.00000000   0.00000000    269.8   99.7      6.1     73350
2018  5 17  6     88.0    281.0   0.00000000   0.00000000    269.8   95.4      4.9     73360
2018  5 17  7    173.0    297.0   0.00000000   0.00000000    270.0   99.0      4.3     73390
2018  5 17  8    290.0    292.0   0.00000000   0.00000000    270.2   97.0      4.5     73420
2018  5 17  9    343.0    302.0   0.00000000   0.00000000    270.8   96.9      3.0     73450
2018  5 17 10    442.0    303.0   0.00000000   0.00000000    270.8   97.9      3.1     73490
2018  5 17 11    499.0    306.0   0.00000000   0.00000000    270.9   98.6      3.7     73520
2018  5 17 12    647.0    307.0   0.00000000   0.00000000    271.3   98.3      4.4     73540
2018  5 17 13    581.0    309.0   0.00000000   0.00000000    271.5   99.9      4.4     73550
2018  5 17 14    492.0    309.0   0.00000000   0.00000000    271.5  100.0      4.4     73550
2018  5 17 15    372.0    309.0   0.00002778   0.00000000    271.8   99.7      4.8     73560
2018  5 17 16    351.0    309.0   0.00011111   0.00000000    272.0  100.0      5.1     73580
2018  5 17 17    169.0    307.0   0.00000000   0.00000000    271.9  100.0      4.8     73600
2018  5 17 18     47.0    281.0   0.00000000   0.00000000    271.6   98.6      6.6     73620
2018  5 17 19      3.0    304.0   0.00000000   0.00000000    271.4   99.4      4.4     73650
2018  5 17 20      0.0    305.0   0.00000000   0.00000000    271.4   99.6      5.0     73680
2018  5 17 21      0.0    301.0   0.00000000   0.00000000    271.3   99.6      5.3     73700
2018  5 17 22      0.0    303.0   0.00000000   0.00000000    271.1   99.1      4.5     73710
2018  5 17 23      0.0    267.0   0.00000000   0.00000000    270.8   99.1      3.7     73700
2018  5 18  0      0.0    224.0   0.00000000   0.00000000    270.5   96.4      2.5     73690
2018  5 18  1      0.0    216.0   0.00000000   0.00000000    270.9   88.4      3.1     73670
2018  5 18  2      0.0    214.0   0.00000000   0.00000000    270.8   89.1      3.5     73630
2018  5 18  3      0.0    214.0   0.00000000   0.00000000    270.8   86.3      3.2     73630
2018  5 18  4      2.0    215.0   0.00000000   0.00000000    271.0   77.9      4.9     73620
2018  5 18  5     90.0    214.0   0.00000000   0.00000000    270.9   85.4      4.5     73630
2018  5 18  6    226.0    215.0   0.00000000   0.00000000    270.6   91.6      4.0     73650
2018  5 18  7    474.0    219.0   0.00000000   0.00000000    272.0   78.8      2.4     73670
2018  5 18  8    661.0    224.0   0.00000000   0.00000000    272.6   81.4      2.0     73690
2018  5 18  9    890.0    237.0   0.00000000   0.00000000    272.9   87.0      1.7     73720
2018  5 18 10    811.0    263.0   0.00000000   0.00000000    273.8   87.1      1.1     73740
2018  5 18 11    952.0    266.0   0.00000000   0.00000000    273.9   90.1      2.5     73760
2018  5 18 12   1109.0    247.0   0.00000000   0.00000000    274.1   84.4      3.4     73760
2018  5 18 13    863.0    249.0   0.00000000   0.00000000    274.5   83.5      4.1     73750
2018  5 18 14    833.0    262.0   0.00000000   0.00000000    274.9   79.1      4.6     73730
2018  5 18 15    860.0    268.0   0.00000000   0.00000000    274.8   85.3      5.7     73710
2018  5 18 16    368.0    249.0   0.00000000   0.00000000    274.4   83.5      5.5     73700
2018  5 18 17     84.0    299.0   0.00000000   0.00000000    273.5   87.7      5.1     73710
2018  5 18 18     40.0    315.0   0.00037500   0.00004167    272.8   93.4      4.0     73730
2018  5 18 19      6.0    309.0   0.00000000   0.00000000    273.0   92.0      5.3     73730
2018  5 18 20      0.0    268.0   0.00000000   0.00000000    272.8   97.3      3.9     73760
2018  5 18 21      0.0    228.0   0.00000000   0.00000000    272.6   91.9      3.3     73760
2018  5 18 22      0.0    226.0   0.00000000   0.00000000    272.9   85.8      1.3     73760
2018  5 18 23      0.0    227.0   0.00000000   0.00000000    272.8   87.3      1.4     73760
2018  5 19  0      0.0    231.0   0.00000000   0.00000000    272.4   91.7      0.9     73730
2018  5 19  1      0.0    230.0   0.00000000   0.00000000    272.8   88.8      1.6     73690
2018  5 19  2      0.0    235.0   0.00000000   0.00000000    272.6   90.7      2.4     73670
2018  5 19  3      0.0    241.0   0.00000000   0.00000000    272.8   87.2      2.4     73640
2018  5 19  4      2.0    237.0   0.00000000   0.00000000    272.9   85.2      2.2     73620
2018  5 19  5     45.0    254.0   0.00000000   0.00000000    272.9   86.3      2.4     73620
2018  5 19  6    116.0    288.0   0.00000000   0.00000000    273.2   83.6      2.3     73640
2018  5 19  7    204.0    292.0   0.00000000   0.00000000    273.4   83.2      2.4     73670
2018  5 19  8    347.0    291.0   0.00000000   0.00000000    273.6   85.0      1.8     73680
2018  5 19  9    399.0    296.0   0.00000000   0.00000000    273.4   93.2      1.4     73700
2018  5 19 10    575.0    294.0   0.00000000   0.00000000    273.8   92.7      0.7     73710
2018  5 19 11    255.0    314.0   0.00000000   0.00000000    273.9   96.3      1.1     73720
2018  5 19 12    225.0    310.0   0.00044444   0.00011111    272.8   89.0      2.8     73730
2018  5 19 13    563.0    298.0   0.00000000   0.00000000    273.0   90.4      3.8     73710
2018  5 19 14    573.0    286.0   0.00000000   0.00000000    273.9   82.4      2.9     73710
2018  5 19 15    311.0    304.0   0.00000000   0.00000000    273.2   96.7      2.0     73710
2018  5 19 16    132.0    310.0   0.00000000   0.00000000    273.2   94.9      1.7     73700
2018  5 19 17    147.0    305.0   0.00000000   0.00000000    273.4   92.7      0.8     73690
2018  5 19 18     99.0    305.0   0.00000000   0.00000000    273.2   98.5      1.4     73690
2018  5 19 19      5.0    306.0   0.00000000   0.00000000    273.0   99.6      0.9     73700
2018  5 19 20      0.0    311.0   0.00000000   0.00000000    272.5  100.0      2.1     73710
2018  5 19 21      0.0    311.0   0.00011111   0.00000000    272.1  100.0      1.2     73730
2018  5 19 22      0.0    310.0   0.00030556   0.00000000    272.2  100.0      1.5     73730
2018  5 19 23      0.0    289.0   0.00000000   0.00000000    272.5   98.4      2.8     73720
2018  5 20  0      0.0    290.0   0.00000000   0.00000000    272.8   97.0      3.4     73710
2018  5 20  1      0.0    289.0   0.00000000   0.00000000    272.9   94.5      4.1     73690
2018  5 20  2      0.0    264.0   0.00000000   0.00000000    273.0   92.5      3.0     73660
2018  5 20  3      0.0    259.0   0.00000000   0.00000000    273.1   91.8      3.7     73640
2018  5 20  4      2.0    271.0   0.00000000   0.00000000    273.2   87.4      4.0     73630
2018  5 20  5     36.0    288.0   0.00000000   0.00000000    273.3   85.3      4.7     73640
2018  5 20  6     84.0    304.0   0.00002500   0.00000278    272.8   94.7      4.8     73660
2018  5 20  7     88.0    309.0   0.00030556   0.00000000    272.4   98.7      4.2     73690
2018  5 20  8    176.0    314.0   0.00047222   0.00000000    272.0   99.8      2.7     73700
2018  5 20  9    356.0    311.0   0.00030556   0.00000000    272.2   99.8      3.5     73710
2018  5 20 10    530.0    309.0   0.00003889   0.00001667    272.9   97.6      3.5     73730
2018  5 20 11    411.0    314.0   0.00002222   0.00008889    273.4   97.3      3.1     73740
2018  5 20 12    288.0    317.0   0.00000000   0.00000000    273.1   99.9      2.3     73740
2018  5 20 13    364.0    316.0   0.00000000   0.00000000    273.1  100.0      2.0     73730
2018  5 20 14    271.0    320.0   0.00000000   0.00008333    273.6  100.0      1.1     73710
2018  5 20 15    198.0    320.0   0.00000000   0.00008333    274.1  100.0      2.2     73700
2018  5 20 16    158.0    320.0   0.00017778   0.00026667    273.2  100.0      1.7     73680
2018  5 20 17    134.0    302.0   0.00000000   0.00000000    273.8   95.7      3.5     73670
2018  5 20 18    101.0    265.0   0.00000000   0.00000000    274.2   90.6      4.5     73670
2018  5 20 19     26.0    270.0   0.00000000   0.00000000    274.4   88.7      3.9     73680
2018  5 20 20      0.0    244.0   0.00000000   0.00000000    274.2   87.2      5.0     73700
2018  5 20 21      0.0    278.0   0.00000000   0.00000000    274.2   88.7      5.0     73710
2018  5 20 22      0.0    278.0   0.00000000   0.00000000    274.2   83.7      6.5     73700
2018  5 20 23      0.0    242.0   0.00000000   0.00000000    273.8   80.8      7.0     73690
2018  5 21  0      0.0    249.0   0.00000000   0.00000000    273.9   80.1      7.3     73670
2018  5 21  1      0.0    238.0   0.00000000   0.00000000    273.8   81.4      5.9     73640
2018  5 21  2      0.0    264.0   0.00000000   0.00000000    273.8   80.4      4.6     73640
2018  5 21  3      0.0    237.0   0.00000000   0.00000000    273.6   82.2      4.0     73630
2018  5 21  4      1.0    223.0   0.00000000   0.00000000    273.3   81.8      4.2     73620
2018  5 21  5     65.0    222.0   0.00000000   0.00000000    273.2   80.2      3.1     73640
2018  5 21  6    249.0    221.0   0.00000000   0.00000000    273.2   80.9      4.1     73640
2018  5 21  7    472.0    223.0   0.00000000   0.00000000    273.5   83.2      4.0     73640
2018  5 21  8    637.0    228.0   0.00000000   0.00000000    274.1   75.7      4.9     73650
2018  5 21  9    827.0    231.0   0.00000000   0.00000000    275.0   70.0      4.8     73640
2018  5 21 10    893.0    259.0   0.00000000   0.00000000    275.9   64.1      4.0     73650
2018  5 21 11    767.0    279.0   0.00000000   0.00000000    276.8   62.8      3.0     73650
2018  5 21 12    472.0    283.0   0.00000000   0.00000000    276.3   62.3      1.5     73640
2018  5 21 13    647.0    287.0   0.00000000   0.00000000    276.9   65.0      2.0     73610
2018  5 21 14    357.0    305.0   0.00000000   0.00000000    276.0   82.4      3.6     73590
2018  5 21 15    301.0    291.0   0.00000000   0.00000000    276.0   77.5      2.3     73560
2018  5 21 16    596.0    300.0   0.00000000   0.00008333    276.6   71.8      2.5     73550
2018  5 21 17    161.0    295.0   0.00000000   0.00000000    276.3   73.7      1.1     73550
2018  5 21 18     68.0    302.0   0.00000000   0.00000000    276.1   78.9      1.9     73540
2018  5 21 19     12.0    299.0   0.00000000   0.00000000    275.8   81.6      1.8     73560
2018  5 21 20      0.0    309.0   0.00000000   0.00000000    275.6   84.0      1.5     73560
2018  5 21 21      0.0    299.0   0.00000000   0.00000000    275.2   86.6      2.0     73550
2018  5 21 22      0.0    285.0   0.00000000   0.00000000    275.0   86.8      2.2     73540
2018  5 21 23      0.0    296.0   0.00000000   0.00000000    274.8   89.7      2.2     73540
2018  5 22  0      0.0    307.0   0.00000000   0.00000000    274.8   82.4      3.6     73510
2018  5 22  1      0.0    264.0   0.00000000   0.00000000    274.5   83.4      3.6     73480
2018  5 22  2      0.0    230.0   0.00000000   0.00000000    274.3   85.1      4.3     73470
2018  5 22  3      0.0    230.0   0.00000000   0.00000000    274.2   84.3      3.6     73450
2018  5 22  4      4.0    238.0   0.00000000   0.00000000    274.2   79.8      3.1     73440
2018  5 22  5     70.0    248.0   0.00000000   0.00000000    274.2   78.4      2.2     73450
2018  5 22  6    157.0    268.0   0.00000000   0.00000000    274.4   76.9      1.1     73460
2018  5 22  7    403.0    264.0   0.00000000   0.00000000    275.0   72.7      1.3     73470
2018  5 22  8    557.0    249.0   0.00000000   0.00000000    276.2   74.6      1.0     73480
2018  5 22  9    423.0    280.0   0.00000000   0.00000000    276.2   75.8      1.9     73490
2018  5 22 10    540.0    296.0   0.00000000   0.00000000    276.4   77.2      2.1     73490
2018  5 22 11    435.0    296.0   0.00000000   0.00000000    276.8   70.3      2.5     73520
2018  5 22 12    382.0    305.0   0.00000000   0.00000000    276.9   66.7      2.2     73530
2018  5 22 13    375.0    308.0   0.00000000   0.00000000    277.2   67.4      3.0     73540
2018  5 22 14    321.0    308.0   0.00000000   0.00000000    276.6   73.3      5.0     73540
2018  5 22 15    538.0    293.0   0.00000000   0.00000000    276.1   75.9      2.5     73530
2018  5 22 16    327.0    289.0   0.00000000   0.00000000    275.9   78.9      2.3     73520
2018  5 22 17    188.0    290.0   0.00000000   0.00000000    276.0   78.7      3.0     73520
2018  5 22 18     60.0    312.0   0.00000000   0.00000000    275.8   82.2      2.6     73530
2018  5 22 19      8.0    311.0   0.00000000   0.00000000    275.5   85.0      2.3     73550
2018  5 22 20      0.0    310.0   0.00000000   0.00000000    275.6   84.8      2.8     73580
2018  5 22 21      0.0    309.0   0.00000000   0.00000000    275.6   91.8      3.4     73630
2018  5 22 22      0.0    296.0   0.00000000   0.00000000    275.4   90.1      3.6     73650
2018  5 22 23      0.0    304.0   0.00000000   0.00000000    275.2   92.2      4.1     73660
2018  5 23  0      0.0    303.0   0.00000000   0.00000000    275.0   91.6      2.7     73650
2018  5 23  1      0.0    298.0   0.00000000   0.00000000    274.6   95.4      3.4     73640
2018  5 23  2      0.0    269.0   0.00000000   0.00000000    274.8   92.1      4.0     73640
2018  5 23  3      0.0    290.0   0.00000000   0.00000000    274.9   87.2      3.4     73640
2018  5 23  4      5.0    257.0   0.00000000   0.00000000    274.8   86.1      2.2     73650
2018  5 23  5    142.0    263.0   0.00000000   0.00000000    274.4   88.5      1.5     73660
2018  5 23  6    214.0    276.0   0.00000000   0.00000000    274.6   91.7      1.3     73700
2018  5 23  7    252.0    303.0   0.00000000   0.00000000    274.6   92.7      1.8     73750
2018  5 23  8    291.0    312.0   0.00000000   0.00000000    274.8   89.0      1.9     73790
2018  5 23  9    445.0    312.0   0.00000000   0.00000000    275.1   84.7      1.9     73800
2018  5 23 10    473.0    309.0   0.00000000   0.00000000    276.2   81.4      1.6     73830
2018  5 23 11    552.0    314.0   0.00000000   0.00000000    277.5   84.7      2.6     73840
2018  5 23 12    658.0    305.0   0.00000000   0.00000000    278.2   80.0      2.5     73850
2018  5 23 13    583.0    310.0   0.00000000   0.00000000    277.9   87.7      2.4     73840
2018  5 23 14    549.0    306.0   0.00000000   0.00000000    277.9   82.0      1.9     73840
2018  5 23 15    725.0    269.0   0.00000000   0.00000000    278.2   83.4      1.6     73840
2018  5 23 16    482.0    282.0   0.00000000   0.00000000    278.8   80.3      2.3     73850
2018  5 23 17    255.0    286.0   0.00000000   0.00000000    277.8   89.5      2.5     73850
2018  5 23 18     82.0    311.0   0.00000000   0.00000000    276.6   92.6      3.7     73870
2018  5 23 19     12.0    294.0   0.00000000   0.00000000    276.4   93.0      2.7     73890
2018  5 23 20      0.0    310.0   0.00000000   0.00000000    276.2   93.3      1.4     73910
2018  5 23 21      0.0    323.0   0.00000000   0.00050000    275.8   96.1      2.6     73950
2018  5 23 22      0.0    291.0   0.00000000   0.00022222    275.8   88.6      2.1     73940
2018  5 23 23      0.0    298.0   0.00000000   0.00000000    275.8   88.7      1.6     73940
2018  5 24  0      0.0    314.0   0.00000000   0.00000000    275.6   91.4      1.5     73930
2018  5 24  1      0.0    293.0   0.00000000   0.00000000    275.8   91.5      2.1     73920
2018  5 24  2      0.0    283.0   0.00000000   0.00000000    275.3   95.9      1.1     73910
2018  5 24  3      0.0    258.0   0.00000000   0.00000000    275.3   95.3      1.1     73900
2018  5 24  4     16.6    270.0   0.00000000   0.00000000    275.2   96.9      2.3     73890
2018  5 24  5     32.0    311.0   0.00000000   0.00000000    275.8   86.2      2.7     73900
2018  5 24  6    173.0    312.0   0.00000000   0.00000000    276.3   74.6      1.9     73910
2018  5 24  7    482.0    266.0   0.00000000   0.00000000    276.1   86.7      0.9     73920
2018  5 24  8    403.0    290.0   0.00000000   0.00000000    276.3   83.8      0.9     73940
2018  5 24  9    337.0    314.0   0.00000000   0.00000000    276.5   82.2      0.9     73950
2018  5 24 10    505.0    309.0   0.00000000   0.00000000    276.8   83.9      1.5     73960
2018  5 24 11    601.0    307.0   0.00000000   0.00000000    276.4   88.6      1.7     73960
2018  5 24 12    654.0    287.0   0.00000000   0.00000000    277.3   79.7      1.7     73940
2018  5 24 13    657.0    302.0   0.00000000   0.00000000    278.0   84.9      1.9     73930
2018  5 24 14    264.0    324.0   0.00000000   0.00000000    277.1   91.8      2.8     73920
2018  5 24 15    430.0    310.0   0.00000000   0.00000000    277.2   90.3      2.7     73920
2018  5 24 16    261.0    324.0   0.00000000   0.00000000    276.8   94.5      2.4     73920
2018  5 24 17    134.0    317.0   0.00000000   0.00000000    276.4   92.5      3.6     73920
2018  5 24 18    142.0    310.0   0.00000000   0.00008333    276.3   99.2      5.1     73940
2018  5 24 19     19.0    307.0   0.00000000   0.00000000    276.2   99.6      4.4     73960
2018  5 24 20      0.0    309.0   0.00000000   0.00022222    276.0   95.7      4.1     74000
2018  5 24 21      0.0    331.0   0.00000000   0.00080556    275.4   94.9      3.2     74020
2018  5 24 22      0.0    325.0   0.00000000   0.00027778    275.2   99.8      3.4     74030
2018  5 24 23      0.0    324.0   0.00000000   0.00027778    275.0   96.9      4.5     74040
2018  5 25  0      0.0    314.0   0.00000000   0.00000000    275.3   96.3      4.7     74040
2018  5 25  1      0.0    282.0   0.00000000   0.00000000    275.2   92.9      4.3     74040
2018  5 25  2      0.0    263.0   0.00000000   0.00000000    275.2   80.3      3.5     74020
2018  5 25  3      0.0    244.0   0.00000000   0.00000000    275.1   75.2      3.9     74000
2018  5 25  4      5.0    231.0   0.00000000   0.00000000    275.1   78.8      5.9     73970
2018  5 25  5    103.0    232.0   0.00000000   0.00000000    275.3   79.3      5.6     73970
2018  5 25  6    253.0    233.0   0.00000000   0.00000000    276.2   68.6      2.5     73970
2018  5 25  7    481.0    236.0   0.00000000   0.00000000    276.9   70.1      1.5     73990
2018  5 25  8    669.0    240.0   0.00000000   0.00000000    278.1   67.4      1.6     74010
2018  5 25  9    833.0    243.0   0.00000000   0.00000000    277.3   69.6      1.5     74030
2018  5 25 10    943.0    245.0   0.00000000   0.00000000    277.3   65.7      2.5     74040
2018  5 25 11    988.0    252.0   0.00000000   0.00000000    278.2   64.8      2.4     74060
2018  5 25 12   1051.0    259.0   0.00000000   0.00000000    279.3   62.1      4.1     74070
2018  5 25 13    881.0    252.0   0.00000000   0.00000000    278.9   62.9      4.4     74080
2018  5 25 14    892.0    251.0   0.00000000   0.00000000    279.2   58.3      5.2     74100
2018  5 25 15    761.0    249.0   0.00000000   0.00000000    279.5   57.3      4.2     74100
2018  5 25 16    592.0    249.0   0.00000000   0.00000000    279.6   60.8      4.7     74100
2018  5 25 17    398.0    249.0   0.00000000   0.00000000    279.2   66.0      7.0     74090
2018  5 25 18    203.0    247.0   0.00000000   0.00000000    278.6   70.8      6.7     74110
2018  5 25 19     18.0    243.0   0.00000000   0.00000000    278.2   73.9      5.9     74130
2018  5 25 20      0.0    243.0   0.00000000   0.00000000    278.0   75.9      4.8     74170
2018  5 25 21      0.0    242.0   0.00000000   0.00000000    278.0   74.4      3.3     74210
2018  5 25 22      0.0    240.0   0.00000000   0.00000000    278.0   74.4      3.2     74210
2018  5 25 23      0.0    239.0   0.00000000   0.00000000    278.1   72.1      4.9     74220
2018  5 26  0      0.0    240.0   0.00000000   0.00000000    278.4   62.2      4.6     74210
2018  5 26  1      0.0    243.0   0.00000000   0.00000000    278.5   58.3      4.0     74200
2018  5 26  2      0.0    244.0   0.00000000   0.00000000    278.8   57.9      5.0     74190
2018  5 26  3      0.0    245.0   0.00000000   0.00000000    278.6   60.4      5.1     74180
2018  5 26  4      9.0    252.0   0.00000000   0.00000000    278.6   62.1      4.7     74190
2018  5 26  5     86.0    259.0   0.00000000   0.00000000    278.6   63.9      4.8     74210
2018  5 26  6    168.0    254.0   0.00000000   0.00000000    278.9   63.9      4.7     74240
2018  5 26  7    452.0    256.0   0.00000000   0.00000000    279.4   62.1      3.0     74270
2018  5 26  8    661.0    269.0   0.00000000   0.00000000    280.1   59.4      1.1     74290
2018  5 26  9    688.0    277.0   0.00000000   0.00000000    280.8   58.0      1.8     74330
2018  5 26 10    804.0    270.0   0.00000000   0.00000000    281.4   53.5      2.2     74350
2018  5 26 11    994.0    263.0   0.00000000   0.00000000    281.4   53.5      3.5     74380
2018  5 26 12    951.0    279.0   0.00000000   0.00000000    281.8   53.8      3.0     74400
2018  5 26 13    789.0    278.0   0.00000000   0.00000000    281.9   55.9      3.7     74420
2018  5 26 14    844.0    276.0   0.00000000   0.00000000    282.1   51.9      5.0     74420
2018  5 26 15    556.0    272.0   0.00000000   0.00000000    282.0   55.9      5.6     74400
2018  5 26 16    415.0    281.0   0.00000000   0.00000000    281.4   63.7      6.3     74380
2018  5 26 17    407.0    272.0   0.00000000   0.00000000    281.1   74.4      6.3     74380
2018  5 26 18    122.0    278.0   0.00000000   0.00000000    280.1   85.8      7.2     74400
2018  5 26 19     22.0    271.0   0.00000000   0.00000000    279.9   89.4      4.9     74400
2018  5 26 20      0.0    291.0   0.00000000   0.00000000    279.8   81.2      3.5     74420
2018  5 26 21      0.0    305.0   0.00000000   0.00000000    280.1   72.9      2.3     74460
2018  5 26 22      0.0    307.0   0.00000000   0.00041667    279.1   88.9      4.2     74480
2018  5 26 23      0.0    304.0   0.00000000   0.00091667    277.2   94.2      7.7     74470
2018  5 27  0      0.0    299.0   0.00000000   0.00002778    277.8   77.6      1.9     74420
2018  5 27  1      0.0    244.9   0.00000000   0.00000000    277.5   79.7      2.0     74360
2018  5 27  2      0.0    247.6   0.00000000   0.00000000    278.6   71.6      1.8     74300
2018  5 27  3      0.0    247.5   0.00000000   0.00000000    278.3   75.0      3.1     74270
2018  5 27  4     27.9    247.1   0.00000000   0.00002778    278.5   71.7      3.6     74260
2018  5 27  5     48.0    246.8   0.00000000   0.00000000    278.8   68.7      3.9     74250
2018  5 27  6    177.0    247.5   0.00000000   0.00000000    278.9   67.9      6.0     74250
2018  5 27  7    454.0    248.8   0.00000000   0.00000000    279.6   62.7      3.3     74290
2018  5 27  8    581.0    249.8   0.00000000   0.00000000    280.0   60.4      2.9     74310
2018  5 27  9    766.0    254.3   0.00000000   0.00000000    280.5   62.9      1.1     74340
2018  5 27 10    817.0    255.8   0.00000000   0.00000000    280.6   64.5      3.7     74360
2018  5 27 11    982.0    257.7   0.00000000   0.00000000    280.3   71.5      5.2     74350
2018  5 27 12   1043.0    261.6   0.00000000   0.00000000    281.5   65.1      2.6     74320
2018  5 27 13   1019.0    266.5   0.00000000   0.00000000    282.6   62.0      2.5     74280
2018  5 27 14    916.0    267.4   0.00000000   0.00000000    282.6   63.4      3.0     74250
2018  5 27 15    556.0    267.3   0.00000000   0.00000000    282.1   68.6      4.6     74210
2018  5 27 16    358.0    269.1   0.00000000   0.00000000    281.3   82.1      5.9     74180
2018  5 27 17     71.0    266.9   0.00000000   0.00000000    280.3   91.3      6.2     74150
2018  5 27 18     21.0    267.1   0.00000000   0.00000000    280.4   90.3      2.1     74170
2018  5 27 19      1.0    260.7   0.00000000   0.00005556    279.5   88.3      3.2     74170
2018  5 27 20      0.0    251.1   0.00000000   0.00166667    277.8   91.7      8.1     74220
2018  5 27 21      0.0    246.2   0.00000000   0.00011111    277.2   87.0      8.9     74260
2018  5 27 22      0.0    243.4   0.00000000   0.00000000    276.1   96.6      7.5     74270
2018  5 27 23      0.0    241.4   0.00000000   0.00000000    276.1   91.0      8.6     74240
2018  5 28  0      0.0    242.7   0.00000000   0.00000000    276.8   85.5      7.6     74180
2018  5 28  1      0.0    241.7   0.00000000   0.00000000    276.9   80.2      5.5     74130
2018  5 28  2      0.0    241.4   0.00000000   0.00000000    277.2   75.7      5.1     74120
2018  5 28  3      0.0    241.7   0.00000000   0.00000000    277.4   73.8      4.9     74110
2018  5 28  4      3.0    241.6   0.00000000   0.00000000    277.5   72.5      4.3     74090
2018  5 28  5    101.0    242.6   0.00000000   0.00000000    277.8   70.8      5.0     74110
2018  5 28  6    203.0    243.4   0.00000000   0.00000000    277.9   71.3      6.0     74120
2018  5 28  7    407.0    245.4   0.00000000   0.00000000    278.0   74.3      5.5     74160
2018  5 28  8    643.0    247.5   0.00000000   0.00000000    278.2   76.3      6.8     74160
2018  5 28  9    689.0    251.0   0.00000000   0.00000000    278.8   76.1      5.8     74170
2018  5 28 10    775.0    253.8   0.00000000   0.00000000    279.3   75.8      4.8     74190
2018  5 28 11    550.0    252.5   0.00000000   0.00000000    278.9   78.1      5.6     74200
2018  5 28 12    888.0    254.7   0.00000000   0.00000000    280.0   69.2      6.3     74200
2018  5 28 13    563.0    252.3   0.00000000   0.00000000    280.0   64.8      4.9     74200
2018  5 28 14    713.0    255.1   0.00000000   0.00000000    280.9   60.2      4.7     74170
2018  5 28 15    470.0    253.7   0.00000000   0.00000000    280.6   60.9      3.5     74150
2018  5 28 16    435.0    252.1   0.00000000   0.00000000    280.4   60.2      3.5     74130
2018  5 28 17    263.0    253.1   0.00000000   0.00000000    280.1   65.1      3.7     74100
2018  5 28 18    170.0    252.8   0.00000000   0.00000000    280.0   65.7      3.1     74110
2018  5 28 19     23.0    251.0   0.00000000   0.00000000    279.2   71.2      5.0     74100
2018  5 28 20      0.0    248.0   0.00000000   0.00000000    278.4   74.9      5.0     74120
2018  5 28 21      0.0    246.7   0.00000000   0.00000000    278.2   74.6      6.1     74120
2018  5 28 22      0.0    246.2   0.00000000   0.00000000    277.9   77.3      6.6     74100
2018  5 28 23      0.0    246.4   0.00000000   0.00000000    277.9   77.7      5.6     74080
2018  5 29  0      0.0    246.5   0.00000000   0.00000000    278.0   76.6      7.9     74030
2018  5 29  1      0.0    246.2   0.00000000   0.00000000    277.8   80.0      6.4     73990
2018  5 29  2      0.0    246.2   0.00000000   0.00000000    277.8   79.9      7.1     73970
2018  5 29  3      0.0    245.3   0.00000000   0.00013889    277.4   81.8      8.5     73940
2018  5 29  4     21.7    244.5   0.00000000   0.00027778    276.5   93.0      5.2     73930
2018  5 29  5      9.0    244.0   0.00000000   0.00002778    276.8   88.7      6.0     73910
2018  5 29  6    131.0    243.9   0.00000000   0.00000000    276.8   87.0      5.3     73900
2018  5 29  7    330.0    246.4   0.00000000   0.00000000    277.2   87.3      5.3     73910
2018  5 29  8    320.0    249.6   0.00000000   0.00000000    277.8   87.9      4.6     73910
2018  5 29  9    521.0    254.0   0.00000000   0.00000000    278.8   82.7      4.8     73910
2018  5 29 10    366.0    252.0   0.00000000   0.00000000    278.6   81.0      6.6     73910
2018  5 29 11    425.0    253.8   0.00000000   0.00000000    279.2   77.0      5.6     73920
2018  5 29 12    820.0    256.1   0.00000000   0.00000000    280.8   62.9      6.1     73930
2018  5 29 13    699.0    258.4   0.00000000   0.00000000    281.5   59.8      5.5     73930
2018  5 29 14    334.0    260.7   0.00000000   0.00000000    280.6   73.7      3.4     73930
2018  5 29 15    292.0    261.9   0.00000000   0.00000000    279.4   92.7      4.8     73920
2018  5 29 16    248.0    260.1   0.00000000   0.00000000    278.9   96.0      5.3     73890
2018  5 29 17    338.0    260.4   0.00000000   0.00000000    279.1   93.8      4.6     73880
2018  5 29 18    207.0    259.9   0.00000000   0.00000000    279.2   91.0      4.0     73900
2018  5 29 19     35.0    255.7   0.00000000   0.00000000    278.2   95.9      5.0     73900
2018  5 29 20      0.0    253.7   0.00000000   0.00000000    278.1   92.2      3.2     73930
2018  5 29 21      0.0    250.0   0.00000000   0.00000000    278.1   83.1      3.9     73970
2018  5 29 22      0.0    245.8   0.00000000   0.00000000    277.8   77.6      4.7     73960
2018  5 29 23      0.0    240.5   0.00000000   0.00000000    277.6   68.9      4.8     73950
2018  5 30  0      0.0    235.8   0.00000000   0.00000000    277.4   62.1      4.1     73950
2018  5 30  1      0.0    236.6   0.00000000   0.00000000    277.2   65.8      4.6     73930
2018  5 30  2      0.0    237.6   0.00000000   0.00000000    277.1   68.8      3.4     73910
2018  5 30  3      0.0    237.1   0.00000000   0.00000000    277.3   65.7      2.8     73890
2018  5 30  4      4.0    234.5   0.00000000   0.00000000    277.4   59.8      3.3     73880
2018  5 30  5     94.0    234.4   0.00000000   0.00000000    277.8   56.6      2.5     73890
2018  5 30  6    247.0    238.2   0.00000000   0.00000000    277.9   61.4      2.9     73920
2018  5 30  7    502.0    242.0   0.00000000   0.00000000    278.3   64.0      3.7     73950
2018  5 30  8    643.0    246.5   0.00000000   0.00000000    278.9   65.9      3.4     73970
2018  5 30  9    796.0    250.0   0.00000000   0.00000000    280.0   60.7      4.0     73990
2018  5 30 10    887.0    253.0   0.00000000   0.00000000    280.9   56.9      3.8     74010
2018  5 30 11    833.0    255.9   0.00000000   0.00000000    281.8   54.1      3.5     74030
2018  5 30 12    478.0    257.1   0.00000000   0.00000000    281.8   55.8      3.5     74030
2018  5 30 13    469.0    259.3   0.00000000   0.00000000    282.2   54.6      2.0     74030
2018  5 30 14    600.0    260.7   0.00000000   0.00000000    282.8   51.5      2.0     74010
2018  5 30 15    290.0    260.2   0.00000000   0.00000000    282.4   54.1      3.2     73990
2018  5 30 16     94.0    261.1   0.00000000   0.00000000    281.4   65.3      4.1     73960
2018  5 30 17     13.0    257.5   0.00000000   0.00025000    279.8   78.4      5.9     73990
2018  5 30 18      4.0    248.8   0.00000000   0.00025000    277.5   89.0      8.6     74020
2018  5 30 19      5.0    243.2   0.00000000   0.00016667    276.5   89.8      8.5     74000
2018  5 30 20      0.0    242.9   0.00000000   0.00000000    276.8   86.1      8.7     73940
2018  5 30 21      0.0    244.6   0.00000000   0.00000000    277.2   83.1      7.5     73960
2018  5 30 22      0.0    246.3   0.00000000   0.00000000    277.5   82.8      6.2     73990
2018  5 30 23      0.0    246.6   0.00000000   0.00000000    277.4   85.0      6.2     73980
2018  5 31  0      0.0    246.7   0.00000000   0.00000000    277.5   83.7      6.7     73920
2018  5 31  1      0.0    247.5   0.00000000   0.00000000    277.9   80.1      3.9     73940
2018  5 31  2      0.0    247.1   0.00000000   0.00000000    277.5   84.8      4.0     73930
2018  5 31  3      0.0    246.3   0.00000000   0.00000000    277.6   81.4      4.4     73900
2018  5 31  4      2.0    244.7   0.00000000   0.00000000    277.2   83.2      4.5     73880
2018  5 31  5     67.0    244.1   0.00000000   0.00000000    277.3   80.5      5.4     73890
2018  5 31  6    256.0    245.0   0.00000000   0.00000000    277.5   79.8      4.3     73920
2018  5 31  7    485.0    247.7   0.00000000   0.00000000    278.1   78.1      4.0     73930
2018  5 31  8    424.0    249.0   0.00000000   0.00000000    278.6   74.5      4.1     73970
2018  5 31  9    425.0    251.2   0.00000000   0.00000000    279.2   71.7      2.9     74000
2018  5 31 10    381.0    253.6   0.00000000   0.00000000    279.3   75.4      3.1     74030
2018  5 31 11    178.0    254.3   0.00000000   0.00000000    279.0   80.7      2.2     74050
2018  5 31 12    604.0    255.3   0.00000000   0.00000000    279.4   77.7      2.2     74040
2018  5 31 13    434.0    258.9   0.00000000   0.00008333    280.2   75.0      3.8     74030
2018  5 31 14    874.0    263.9   0.00000000   0.00000000    281.3   71.5      4.4     74000
2018  5 31 15    489.0    261.1   0.00000000   0.00000000    280.8   72.1      3.6     73990
2018  5 31 16    217.0    258.0   0.00000000   0.00000000    279.9   76.9      3.0     73990
2018  5 31 17    270.0    256.4   0.00000000   0.00000000    280.4   67.8      3.8     73930
2018  5 31 18    128.0    257.0   0.00000000   0.00000000    279.6   78.6      2.6     73920
2018  5 31 19     20.0    256.9   0.00000000   0.00000000    279.1   85.3      1.8     73970
2018  5 31 20      0.0    254.9   0.00000000   0.00000000    278.5   89.1      2.3     73990
2018  5 31 21      0.0    253.1   0.00000000   0.00000000    278.2   89.2      2.8     74000
2018  5 31 22      0.0    251.2   0.00000000   0.00000000    277.9   89.0      2.5     74010
2018  5 31 23      0.0    250.7   0.00000000   0.00000000    277.4   95.3      2.6     73990
2018  6  1  0      0.0    249.7   0.00000000   0.00000000    277.6   89.8      2.3     73990
2018  6  1  1      0.0    244.0   0.00000000   0.00000000    276.5  100.0      2.9     74000
2018  6  1  2      0.0    250.0   0.00000000   0.00000000    276.8   96.7      1.5     73990
2018  6  1  3      0.0    256.0   0.00000000   0.00000000    276.8   95.0      1.2     73980
2018  6  1  4      1.0    259.0   0.00000000   0.00000000    276.2   97.8      1.0     73980
2018  6  1  5     46.0    257.0   0.00000000   0.00000000    275.8  100.0      2.2     73990
2018  6  1  6    134.0    254.0   0.00000000   0.00000000    276.1   99.6      1.4     74010
2018  6  1  7    268.0    252.0   0.00000000   0.00000000    276.5   94.7      1.1     74040
2018  6  1  8    283.0    322.0   0.00000000   0.00000000    276.8   97.4      1.0     74040
2018  6  1  9    466.0    333.0   0.00000000   0.00000000    276.9   98.9      2.2     74060
2018  6  1 10    545.0    315.0   0.00000000   0.00000000    277.5   92.5      2.2     74090
2018  6  1 11    411.0    327.0   0.00000000   0.00000000    277.8   94.4      1.8     74100
2018  6  1 12    556.0    319.0   0.00000000   0.00000000    279.5   83.9      1.3     74100
2018  6  1 13    390.0    332.0   0.00000000   0.00000000    278.0   94.5      2.4     74090
2018  6  1 14    661.0    317.0   0.00000000   0.00002778    278.3   94.9      3.7     74080
2018  6  1 15    307.0    324.0   0.00000000   0.00000000    278.1   95.8      4.5     74080
2018  6  1 16    154.0    328.0   0.00000000   0.00005556    277.5   98.0      6.2     74070
2018  6  1 17    146.0    328.0   0.00000000   0.00000000    277.5   99.4      6.8     74080
2018  6  1 18     43.0    341.0   0.00000000   0.00111111    277.6  100.0      5.9     74100
2018  6  1 19     10.0    342.0   0.00000000   0.00197222    277.1  100.0      3.7     74120
2018  6  1 20      0.0    330.0   0.00000000   0.00027778    276.2   99.3      4.4     74150
2018  6  1 21      0.0    329.0   0.00000000   0.00000000    276.8  100.0      3.9     74180
2018  6  1 22      0.0    335.0   0.00000000   0.00044444    276.8   98.8      3.6     74190
2018  6  1 23      0.0    329.0   0.00000000   0.00005556    276.4  100.0      2.8     74180
2018  6  2  0      0.0    313.0   0.00000000   0.00000000    276.5   97.0      2.2     74150
2018  6  2  1      0.0    281.0   0.00000000   0.00000000    276.3   98.4      1.7     74120
2018  6  2  2      0.0    261.0   0.00000000   0.00000000    276.6   91.6      1.3     74100
2018  6  2  3      0.0    289.0   0.00000000   0.00000000    276.4   91.8      1.3     74090
2018  6  2  4      3.0    305.0   0.00000000   0.00000000    276.9   84.2      1.7     74080
2018  6  2  5     59.0    264.0   0.00000000   0.00000000    277.1   82.3      1.8     74080
2018  6  2  6    243.0    253.0   0.00000000   0.00000000    277.3   81.7      0.7     74090
2018  6  2  7    484.0    248.0   0.00000000   0.00000000    277.8   81.3      0.8     74090
2018  6  2  8    566.0    255.0   0.00000000   0.00000000    277.8   90.8      1.0     74110
2018  6  2  9    339.0    267.0   0.00000000   0.00000000    278.1   88.9      1.1     74130
2018  6  2 10   1057.0    286.0   0.00000000   0.00000000    278.9   86.7      1.1     74150
2018  6  2 11    933.0    285.0   0.00000000   0.00008333    280.0   80.5      1.7     74160
2018  6  2 12    884.0    312.0   0.00000000   0.00000000    280.0   85.2      1.8     74150
2018  6  2 13    607.0    302.0   0.00000000   0.00000000    279.5   77.9      3.6     74130
2018  6  2 14    671.0    276.0   0.00000000   0.00000000    279.8   77.2      4.5     74110
2018  6  2 15    778.0    280.0   0.00000000   0.00000000    279.8   79.9      5.8     74100
2018  6  2 16    569.0    274.0   0.00000000   0.00000000    279.9   79.2      6.3     74090
2018  6  2 17    363.0    280.0   0.00000000   0.00000000    279.3   86.8      5.6     74090
2018  6  2 18    129.0    304.0   0.00000000   0.00000000    278.8   95.1      4.4     74100
2018  6  2 19     22.0    303.0   0.00000000   0.00000000    278.2   96.9      5.4     74110
2018  6  2 20      0.0    320.0   0.00000000   0.00000000    278.1   97.2      3.2     74150
2018  6  2 21      0.0    317.0   0.00000000   0.00000000    277.9   96.3      2.7     74170
2018  6  2 22      0.0    333.0   0.00000000   0.00000000    277.4   99.3      2.1     74180
2018  6  2 23      0.0    301.0   0.00000000   0.00002778    277.3   91.6      3.0     74190
2018  6  3  0      0.0    271.0   0.00000000   0.00000000    277.6   81.2      2.7     74180
2018  6  3  1      0.0    248.0   0.00000000   0.00000000    278.1   75.1      2.0     74160
2018  6  3  2      0.0    246.0   0.00000000   0.00000000    278.4   74.8      1.9     74120
2018  6  3  3      0.0    244.0   0.00000000   0.00000000    278.1   74.8      2.4     74090
2018  6  3  4      9.0    243.0   0.00000000   0.00000000    278.0   74.4      3.9     74080
2018  6  3  5    117.0    244.0   0.00000000   0.00000000    278.3   73.0      2.9     74080
2018  6  3  6    266.0    246.0   0.00000000   0.00000000    278.9   68.8      2.9     74100
2018  6  3  7    486.0    248.0   0.00000000   0.00000000    279.2   69.5      2.2     74120
2018  6  3  8    614.0    256.0   0.00000000   0.00000000    279.3   76.0      1.2     74130
2018  6  3  9    564.0    285.0   0.00000000   0.00000000    280.2   74.9      1.0     74140
2018  6  3 10    385.0    319.0   0.00000000   0.00000000    280.3   74.6      1.7     74150
2018  6  3 11    344.0    322.0   0.00000000   0.00000000    280.9   71.4      1.5     74150
2018  6  3 12    431.0    309.0   0.00000000   0.00000000    280.9   75.3      0.9     74140
2018  6  3 13    232.0    326.0   0.00000000   0.00000000    280.8   75.1      1.5     74120
2018  6  3 14    541.0    293.0   0.00000000   0.00000000    281.2   71.0      1.3     74080
2018  6  3 15    503.0    301.0   0.00000000   0.00000000    281.8   73.2      1.7     74040
2018  6  3 16    319.0    302.0   0.00000000   0.00000000    282.0   66.9      2.1     74010
2018  6  3 17     90.0    326.0   0.00000000   0.00000000    281.2   68.4      1.8     73980
2018  6  3 18     44.0    333.0   0.00000000   0.00000000    280.8   71.5      2.2     73960
2018  6  3 19      5.0    333.0   0.00000000   0.00058333    279.4   77.4      7.0     73950
2018  6  3 20      0.0    330.0   0.00000000   0.00002778    279.4   82.1      3.5     73940
2018  6  3 21      0.0    319.0   0.00000000   0.00000000    279.3   83.4      3.1     73960
2018  6  3 22      0.0    273.0   0.00000000   0.00000000    279.0   82.1      3.7     73940
2018  6  3 23      0.0    277.0   0.00000000   0.00000000    278.8   82.8      3.4     73910
2018  6  4  0      0.0    262.0   0.00000000   0.00000000    278.4   82.9      4.6     73890
2018  6  4  1      0.0    247.0   0.00000000   0.00000000    278.3   81.5      4.6     73840
2018  6  4  2      0.0    242.0   0.00000000   0.00000000    278.0   83.3      4.2     73790
2018  6  4  3      0.0    240.0   0.00000000   0.00000000    278.0   79.9      4.4     73750
2018  6  4  4     11.0    264.0   0.00000000   0.00000000    277.9   76.3      3.0     73740
2018  6  4  5    132.0    249.0   0.00000000   0.00000000    278.2   74.0      3.0     73710
2018  6  4  6    139.0    242.0   0.00000000   0.00000000    278.2   72.7      2.6     73690
2018  6  4  7    491.0    246.0   0.00000000   0.00000000    278.8   70.9      2.0     73700
2018  6  4  8    642.0    251.0   0.00000000   0.00000000    279.8   67.7      2.8     73700
2018  6  4  9    718.0    262.0   0.00000000   0.00000000    281.1   61.8      2.9     73680
2018  6  4 10    633.0    293.0   0.00000000   0.00000000    281.1   59.6      3.5     73690
2018  6  4 11    472.0    322.0   0.00000000   0.00000000    281.4   59.1      2.8     73680
2018  6  4 12    471.0    325.0   0.00000000   0.00000000    282.1   58.2      2.8     73650
2018  6  4 13    511.0    323.0   0.00000000   0.00000000    280.8   73.7      3.7     73620
2018  6  4 14    226.0    329.0   0.00000000   0.00000000    280.0   81.2      4.5     73610
2018  6  4 15    519.0    304.0   0.00000000   0.00000000    280.2   83.1      4.2     73560
2018  6  4 16    487.0    308.0   0.00000000   0.00005556    280.8   80.0      3.0     73540
2018  6  4 17     10.0    339.0   0.00000000   0.00230556    278.8   87.1      2.9     73550
2018  6  4 18     26.0    322.0   0.00000000   0.00000000    278.6   84.6      3.2     73530
2018  6  4 19      5.0    332.0   0.00000000   0.00027778    277.9   91.8      3.4     73540
2018  6  4 20      0.0    324.0   0.00000000   0.00033333    277.5   93.9      2.9     73540
2018  6  4 21      0.0    317.0   0.00000000   0.00000000    277.9   90.9      2.2     73580
2018  6  4 22      0.0    319.0   0.00000000   0.00000000    277.8   93.7      2.3     73590
2018  6  4 23      0.0    290.0   0.00000000   0.00000000    277.6   92.9      2.5     73540
2018  6  5  0      0.0    250.0   0.00000000   0.00000000    277.1   96.8      2.2     73510
2018  6  5  1      0.0    252.0   0.00000000   0.00000000    277.3   93.6      3.5     73500
2018  6  5  2      0.0    253.0   0.00000000   0.00000000    277.8   85.6      1.6     73510
2018  6  5  3      0.0    258.0   0.00000000   0.00000000    277.8   84.7      1.2     73510
2018  6  5  4      9.0    254.0   0.00000000   0.00000000    277.8   85.1      2.4     73500
2018  6  5  5    113.0    249.0   0.00000000   0.00000000    278.2   82.6      2.9     73500
2018  6  5  6    263.0    250.0   0.00000000   0.00000000    278.6   82.9      3.0     73530
2018  6  5  7    480.0    251.0   0.00000000   0.00000000    278.9   84.4      2.2     73550
2018  6  5  8    581.0    266.0   0.00000000   0.00000000    279.9   85.2      1.5     73560
2018  6  5  9    695.0    287.0   0.00000000   0.00000000    280.9   81.2      1.5     73570
2018  6  5 10    987.0    289.0   0.00000000   0.00000000    282.1   78.5      2.0     73580
2018  6  5 11    976.0    309.0   0.00000000   0.00000000    281.2   85.6      3.0     73590
2018  6  5 12    648.0    306.0   0.00000000   0.00000000    281.1   86.1      4.8     73590
2018  6  5 13    942.0    285.0   0.00000000   0.00000000    280.9   84.7      5.7     73580
2018  6  5 14    498.0    322.0   0.00000000   0.00000000    281.4   84.2      3.9     73570
2018  6  5 15     85.0    333.0   0.00000000   0.00027778    279.3   85.1      6.6     73570
2018  6  5 16     72.0    324.0   0.00000000   0.00000000    279.8   75.3      2.9     73570
2018  6  5 17     34.0    336.0   0.00000000   0.00044444    279.1   82.7      3.3     73600
2018  6  5 18     61.0    300.0   0.00000000   0.00000000    279.4   73.5      2.3     73600
2018  6  5 19     17.0    288.0   0.00000000   0.00000000    278.5   83.6      4.0     73630
2018  6  5 20      0.0    282.0   0.00000000   0.00000000    278.4   86.6      5.8     73650
2018  6  5 21      0.0    263.0   0.00000000   0.00000000    278.6   80.0      3.2     73680
2018  6  5 22      0.0    255.0   0.00000000   0.00000000    278.4   82.2      4.9     73670
2018  6  5 23      0.0    254.0   0.00000000   0.00000000    278.2   86.6      6.5     73660
2018  6  6  0      0.0    266.0   0.00000000   0.00000000    277.9   89.2      3.7     73670
2018  6  6  1      0.0    294.0   0.00000000   0.00000000    277.8   88.0      3.6     73650
2018  6  6  2      0.0    261.0   0.00000000   0.00000000    277.6   88.4      3.4     73630
2018  6  6  3      0.0    288.0   0.00000000   0.00000000    277.8   84.6      3.9     73620
2018  6  6  4      4.0    307.0   0.00000000   0.00000000    278.1   78.9      4.9     73630
2018  6  6  5     44.0    311.0   0.00000000   0.00000000    278.2   77.0      3.2     73660
2018  6  6  6    115.0    313.0   0.00000000   0.00000000    278.5   74.1      3.2     73680
2018  6  6  7    205.0    312.0   0.00000000   0.00000000    278.8   72.6      2.8     73700
2018  6  6  8    567.0    270.0   0.00000000   0.00000000    279.3   74.2      2.0     73720
2018  6  6  9    831.0    293.0   0.00000000   0.00000000    281.3   65.4      3.2     73760
2018  6  6 10    515.0    320.0   0.00000000   0.00000000    281.2   64.2      2.6     73800
2018  6  6 11    509.0    320.0   0.00000000   0.00000000    281.5   67.4      2.1     73820
2018  6  6 12    366.0    329.0   0.00000000   0.00000000    281.3   72.4      1.5     73820
2018  6  6 13    394.0    322.0   0.00000000   0.00000000    281.0   74.0      1.9     73810
2018  6  6 14    556.0    306.0   0.00000000   0.00000000    280.8   80.9      3.3     73810
2018  6  6 15    176.0    330.0   0.00000000   0.00000000    280.6   80.9      3.5     73800
2018  6  6 16    126.0    336.0   0.00000000   0.00022222    280.1   83.5      3.8     73820
2018  6  6 17    173.0    326.0   0.00000000   0.00005556    279.3   90.7      4.5     73820
2018  6  6 18     77.0    319.0   0.00000000   0.00000000    279.4   92.0      1.3     73830
2018  6  6 19     40.0    301.0   0.00000000   0.00000000    279.3   88.9      0.8     73840
2018  6  6 20      1.0    316.0   0.00000000   0.00000000    278.9   89.1      1.9     73880
2018  6  6 21      0.0    333.0   0.00000000   0.00041667    278.6   91.0      1.8     73910
2018  6  6 22      0.0    324.0   0.00000000   0.00025000    278.6   89.2      2.3     73910
2018  6  6 23      0.0    326.0   0.00000000   0.00000000    278.3   92.8      3.3     73910
2018  6  7  0      0.0    291.0   0.00000000   0.00000000    278.2   91.6      2.3     73900
2018  6  7  1      0.0    270.0   0.00000000   0.00000000    278.1   91.4      2.6     73880
2018  6  7  2      0.0    268.0   0.00000000   0.00000000    278.0   91.5      3.1     73860
2018  6  7  3      0.0    278.0   0.00000000   0.00000000    277.9   91.0      3.4     73860
2018  6  7  4      1.0    317.0   0.00000000   0.00000000    277.9   87.8      3.3     73870
2018  6  7  5     15.0    317.0   0.00000000   0.00000000    277.9   86.4      2.7     73890
2018  6  7  6    126.0    301.0   0.00000000   0.00000000    277.8   89.5      2.2     73900
2018  6  7  7    196.0    314.0   0.00000000   0.00000000    277.9   91.0      1.2     73930
2018  6  7  8    314.0    321.0   0.00000000   0.00000000    278.1   93.6      0.9     73930
2018  6  7  9    298.0    326.0   0.00000000   0.00000000    278.2   96.2      1.4     73950
2018  6  7 10    453.0    323.0   0.00000000   0.00000000    278.8   92.2      1.7     73970
2018  6  7 11    525.0    324.0   0.00000000   0.00000000    279.8   86.2      2.0     73980
2018  6  7 12    495.0    328.0   0.00000000   0.00000000    280.4   83.9      2.2     73980
2018  6  7 13    477.0    326.0   0.00000000   0.00000000    280.3   88.0      1.4     73950
2018  6  7 14    237.0    333.0   0.00000000   0.00000000    280.3   91.2      1.6     73930
2018  6  7 15    373.0    323.0   0.00000000   0.00000000    280.2   85.2      2.7     73920
2018  6  7 16    344.0    284.0   0.00000000   0.00000000    280.5   85.0      2.8     73890
2018  6  7 17    189.0    289.0   0.00000000   0.00000000    280.6   85.2      1.9     73890
2018  6  7 18    134.0    297.0   0.00000000   0.00000000    280.3   86.8      2.4     73890
2018  6  7 19     37.0    341.0   0.00000000   0.00033333    279.1   99.0      2.7     73890
2018  6  7 20      0.0    341.0   0.00000000   0.00522222    277.8   93.4      4.0     73900
2018  6  7 21      0.0    341.0   0.00000000   0.00147222    277.8   90.3      3.7     73920
2018  6  7 22      0.0    318.0   0.00000000   0.00005556    278.0   90.0      3.3     73920
2018  6  7 23      0.0    294.0   0.00000000   0.00000000    278.0   89.4      3.1     73900
2018  6  8  0      0.0    273.0   0.00000000   0.00000000    277.9   86.8      2.5     73870
2018  6  8  1      0.0    271.0   0.00000000   0.00000000    277.9   84.8      1.3     73790
2018  6  8  2      0.0    264.0   0.00000000   0.00000000    277.3   90.1      3.6     73790
2018  6  8  3      0.0    253.0   0.00000000   0.00000000    277.4   84.7      2.9     73740
2018  6  8  4     10.0    256.0   0.00000000   0.00000000    277.4   81.9      2.6     73710
2018  6  8  5     70.0    262.0   0.00000000   0.00000000    277.8   78.5      2.9     73730
2018  6  8  6    121.0    283.0   0.00000000   0.00000000    277.8   79.9      3.1     73740
2018  6  8  7    239.0    287.0   0.00000000   0.00000000    278.4   79.1      2.6     73720
2018  6  8  8    329.0    295.0   0.00000000   0.00000000    278.8   81.0      2.0     73710
2018  6  8  9    355.0    315.0   0.00000000   0.00000000    279.5   79.1      3.6     73710
2018  6  8 10    264.0    328.0   0.00000000   0.00000000    279.5   80.2      3.4     73720
2018  6  8 11    552.0    315.0   0.00000000   0.00000000    280.3   78.7      3.7     73700
2018  6  8 12    523.0    324.0   0.00000000   0.00000000    281.3   72.8      3.4     73690
2018  6  8 13    514.0    326.0   0.00000000   0.00000000    281.0   74.5      5.2     73690
2018  6  8 14    508.0    304.0   0.00000000   0.00000000    279.8   82.2      4.9     73680
2018  6  8 15    498.0    314.0   0.00000000   0.00000000    280.9   74.7      2.8     73660
2018  6  8 16    190.0    336.0   0.00000000   0.00000000    279.1   93.8      2.4     73660
2018  6  8 17    117.0    334.0   0.00000000   0.00000000    278.2   97.6      3.6     73640
2018  6  8 18     88.0    323.0   0.00000000   0.00000000    278.6   90.0      3.3     73680
2018  6  8 19     13.0    314.0   0.00000000   0.00000000    278.0   97.2      3.0     73670
2018  6  8 20      0.0    317.0   0.00000000   0.00000000    278.1   93.7      1.1     73710
2018  6  8 21      0.0    289.0   0.00000000   0.00000000    278.2   92.8      0.5     73720
2018  6  8 22      0.0    263.0   0.00000000   0.00000000    278.0   91.2      1.3     73690
2018  6  8 23      0.0    316.0   0.00000000   0.00000000    277.8   91.4      1.7     73690
2018  6  9  0      0.0    304.0   0.00000000   0.00000000    277.8   90.0      1.7     73700
2018  6  9  1      0.0    296.0   0.00000000   0.00000000    277.6   87.9      2.2     73680
2018  6  9  2      0.0    247.0   0.00000000   0.00000000    277.3   89.3      1.6     73660
2018  6  9  3      0.0    247.0   0.00000000   0.00000000    277.4   88.5      2.9     73650
2018  6  9  4      8.0    247.0   0.00000000   0.00000000    277.2   92.4      3.2     73650
2018  6  9  5     97.0    262.0   0.00000000   0.00000000    277.2   95.4      3.5     73700
2018  6  9  6    277.0    249.0   0.00000000   0.00000000    277.9   92.0      3.0     73700
2018  6  9  7    368.0    291.0   0.00000000   0.00000000    277.4   96.7      1.9     73730
2018  6  9  8    599.0    313.0   0.00000000   0.00005556    279.4   88.6      2.2     73750
2018  6  9  9    511.0    286.0   0.00000000   0.00000000    280.8   80.2      2.6     73760
2018  6  9 10    553.0    332.0   0.00000000   0.00008333    280.3   82.9      2.6     73800
2018  6  9 11    426.0    328.0   0.00000000   0.00000000    279.4   90.6      2.5     73810
2018  6  9 12    696.0    315.0   0.00000000   0.00000000    281.6   81.4      1.4     73810
2018  6  9 13    500.0    322.0   0.00000000   0.00008333    283.3   71.8      1.1     73810
2018  6  9 14    354.0    333.0   0.00000000   0.00000000    282.4   78.2      1.1     73820
2018  6  9 15    295.0    335.0   0.00000000   0.00000000    281.9   78.3      2.1     73820
2018  6  9 16    170.0    332.0   0.00000000   0.00000000    281.4   79.1      3.0     73830
2018  6  9 17    143.0    325.0   0.00000000   0.00000000    281.1   80.3      3.0     73830
2018  6  9 18    112.0    316.0   0.00000000   0.00000000    281.2   79.4      3.2     73850
2018  6  9 19     21.0    300.0   0.00000000   0.00000000    280.9   81.9      3.4     73860
2018  6  9 20      0.0    296.0   0.00000000   0.00000000    280.3   86.9      3.1     73850
2018  6  9 21      0.0    328.0   0.00000000   0.00000000    280.1   94.5      4.2     73890
2018  6  9 22      0.0    344.0   0.00000000   0.00027778    278.9  100.0      5.7     73910
2018  6  9 23      0.0    334.0   0.00000000   0.00000000    278.4   93.8      6.6     73920
2018  6 10  0      0.0    321.0   0.00000000   0.00000000    278.6   88.0      4.9     73910
2018  6 10  1      0.0    323.0   0.00000000   0.00000000    278.9   86.9      3.6     73900
2018  6 10  2      0.0    296.0   0.00000000   0.00000000    279.4   83.2      3.1     73870
2018  6 10  3      0.0    255.0   0.00000000   0.00000000    279.4   82.8      3.4     73830
2018  6 10  4     10.0    253.0   0.00000000   0.00000000    279.0   84.6      2.6     73820
2018  6 10  5    119.0    253.0   0.00000000   0.00000000    278.8   87.2      1.3     73830
2018  6 10  6    271.0    256.0   0.00000000   0.00000000    279.6   79.5      1.4     73840
2018  6 10  7    488.0    259.0   0.00000000   0.00000000    280.1   86.7      1.0     73860
2018  6 10  8    675.0    264.0   0.00000000   0.00000000    281.3   72.0      0.8     73880
2018  6 10  9    725.0    287.0   0.00000000   0.00000000    281.5   74.9      0.9     73900
2018  6 10 10    787.0    315.0   0.00000000   0.00000000    280.9   82.0      3.7     73920
2018  6 10 11    905.0    287.0   0.00000000   0.00000000    281.8   77.6      4.8     73930
2018  6 10 12    803.0    301.0   0.00000000   0.00000000    282.5   75.6      4.4     73920
2018  6 10 13    672.0    306.0   0.00000000   0.00000000    282.5   72.2      3.7     73930
2018  6 10 14    365.0    325.0   0.00000000   0.00000000    282.1   74.0      5.9     73930
2018  6 10 15    494.0    303.0   0.00000000   0.00000000    282.2   75.2      6.2     73920
2018  6 10 16    481.0    286.0   0.00000000   0.00000000    281.9   77.0      6.8     73910
2018  6 10 17    295.0    291.0   0.00000000   0.00000000    281.8   87.2      4.8     73910
2018  6 10 18    169.0    278.0   0.00000000   0.00000000    281.8   85.6      2.4     73910
2018  6 10 19     69.0    288.0   0.00000000   0.00000000    282.1   83.8      1.7     73910
2018  6 10 20      0.0    273.0   0.00000000   0.00000000    281.8   80.9      1.2     73930
2018  6 10 21      0.0    272.0   0.00000000   0.00000000    281.8   80.9      1.7     73960
2018  6 10 22      0.0    303.0   0.00000000   0.00000000    281.9   78.9      2.5     73980
2018  6 10 23      0.0    290.0   0.00000000   0.00000000    281.5   84.7      2.0     73980
2018  6 11  0      0.0    296.0   0.00000000   0.00000000    281.1   89.0      2.7     73960
2018  6 11  1      0.0    274.0   0.00000000   0.00000000    281.4   82.9      3.1     73930
2018  6 11  2      0.0    268.0   0.00000000   0.00000000    281.4   81.1      1.4     73900
2018  6 11  3      0.0    268.0   0.00000000   0.00000000    281.5   77.2      1.2     73860
2018  6 11  4     10.0    271.0   0.00000000   0.00000000    281.3   79.2      1.3     73840
2018  6 11  5     93.0    263.0   0.00000000   0.00000000    281.2   79.4      2.3     73800
2018  6 11  6    256.0    264.0   0.00000000   0.00000000    281.1   73.7      2.4     73820
2018  6 11  7    392.0    286.0   0.00000000   0.00000000    281.6   72.5      2.9     73850
2018  6 11  8    684.0    284.0   0.00000000   0.00002778    283.3   68.9      2.8     73840
2018  6 11  9    608.0    305.0   0.00000000   0.00000000    283.8   64.8      3.8     73840
2018  6 11 10    404.0    325.0   0.00000000   0.00000000    283.1   67.6      5.9     73840
2018  6 11 11    512.0    311.0   0.00000000   0.00000000    283.2   63.5      5.6     73820
2018  6 11 12    339.0    333.0   0.00000000   0.00000000    283.6   60.6      4.6     73780
2018  6 11 13    303.0    333.0   0.00000000   0.00005556    282.2   79.2      5.8     73740
2018  6 11 14    142.0    340.0   0.00000000   0.00002778    281.4   76.4      7.5     73710
2018  6 11 15    381.0    319.0   0.00000000   0.00000000    280.6   82.2      6.9     73690
2018  6 11 16    374.0    317.0   0.00000000   0.00000000    281.0   77.6      8.0     73640
2018  6 11 17    134.0    331.0   0.00000000   0.00000000    279.9   83.8      7.0     73650
2018  6 11 18    194.0    288.0   0.00000000   0.00000000    280.1   77.8      8.3     73640
2018  6 11 19     36.0    323.0   0.00000000   0.00000000    280.4   74.1      6.7     73650
2018  6 11 20      2.0    312.0   0.00000000   0.00000000    280.1   76.3      6.3     73640
2018  6 11 21      0.0    329.0   0.00000000   0.00000000    280.3   73.2      4.2     73660
2018  6 11 22      0.0    328.0   0.00000000   0.00000000    280.0   74.8      3.8     73630
2018  6 11 23      0.0    321.0   0.00000000   0.00000000    279.8   76.8      4.1     73610
2018  6 12  0      0.0    322.0   0.00000000   0.00000000    279.4   81.1      4.9     73580
2018  6 12  1      0.0    270.0   0.00000000   0.00000000    279.0   84.8      5.1     73560
2018  6 12  2      0.0    302.0   0.00000000   0.00000000    279.1   80.5      5.3     73530
2018  6 12  3      0.0    315.0   0.00000000   0.00000000    278.8   83.1      3.7     73510
2018  6 12  4      5.0    307.0   0.00000000   0.00000000    278.8   83.1      3.1     73480
2018  6 12  5     73.0    297.0   0.00000000   0.00000000    278.6   85.4      2.6     73460
2018  6 12  6    214.0    314.0   0.00000000   0.00000000    278.8   85.6      4.6     73450
2018  6 12  7    434.0    299.0   0.00000000   0.00000000    279.0   86.0      2.7     73460
2018  6 12  8    338.0    320.0   0.00000000   0.00000000    279.6   88.5      2.1     73450
2018  6 12  9    386.0    317.0   0.00000000   0.00005556    280.4   78.7      2.0     73440
2018  6 12 10    302.0    320.0   0.00000000   0.00000000    280.3   79.4      2.2     73430
2018  6 12 11    319.0    335.0   0.00000000   0.00000000    279.3   95.8      3.2     73430
2018  6 12 12    259.0    341.0   0.00000000   0.00000000    279.2   96.7      3.0     73410
2018  6 12 13    454.0    325.0   0.00000000   0.00000000    279.0   92.8      3.1     73390
2018  6 12 14    549.0    331.0   0.00000000   0.00000000    279.8   92.6      2.1     73360
2018  6 12 15    163.0    335.0   0.00000000   0.00000000    279.1   95.8      2.6     73340
2018  6 12 16    300.0    328.0   0.00000000   0.00052778    278.0   98.2      3.8     73310
2018  6 12 17     95.0    338.0   0.00000000   0.00033333    278.0   99.7      3.5     73290
2018  6 12 18     67.0    328.0   0.00000000   0.00000000    278.0   97.2      3.6     73260
2018  6 12 19      8.0    335.0   0.00000000   0.00022222    277.5   99.1      3.3     73250
2018  6 12 20      0.0    338.0   0.00000000   0.00230556    276.8   93.4      3.5     73260
2018  6 12 21      0.0    337.0   0.00000000   0.00136111    276.8   90.1      3.2     73270
2018  6 12 22      0.0    338.0   0.00000000   0.00161111    275.9   98.6      1.9     73260
2018  6 12 23      0.0    332.0   0.00000000   0.00036111    276.0   98.8      2.1     73230
2018  6 13  0      0.0    332.0   0.00000000   0.00044444    276.0  100.0      2.2     73190
2018  6 13  1      0.0    330.0   0.00000000   0.00013889    275.9  100.0      2.6     73160
2018  6 13  2      0.0    332.0   0.00000000   0.00016667    276.1  100.0      4.4     73130
2018  6 13  3      0.0    334.0   0.00000000   0.00027778    276.1  100.0      6.2     73090
2018  6 13  4      1.0    332.0   0.00000000   0.00030556    276.1  100.0      7.2     73080
2018  6 13  5     18.0    333.0   0.00000000   0.00047222    276.0   99.9      7.5     73070
2018  6 13  6     52.0    332.0   0.00000000   0.00052778    276.0  100.0      8.3     73070
2018  6 13  7     87.0    330.0   0.00000000   0.00061111    275.5   99.9     10.8     73070
2018  6 13  8    112.0    331.0   0.00000000   0.00088889    275.5  100.0      9.3     73100
2018  6 13  9    160.0    334.0   0.00000000   0.00097222    275.4  100.0      8.2     73140
2018  6 13 10    289.0    334.0   0.00000000   0.00061111    275.2   99.7      9.0     73170
2018  6 13 11    318.0    332.0   0.00000000   0.00030556    274.8  100.0      9.5     73200
2018  6 13 12    286.0    327.0   0.00000000   0.00036111    274.4   99.9      7.8     73230
2018  6 13 13    236.0    323.0   0.00000000   0.00044444    273.9   99.8      7.8     73250
2018  6 13 14    284.0    323.0   0.00000000   0.00013889    274.0   99.9      7.0     73260
2018  6 13 15    214.0    323.0   0.00000000   0.00002778    274.1  100.0      6.9     73280
2018  6 13 16    158.0    321.0   0.00000000   0.00008333    273.8   99.6      8.4     73290
2018  6 13 17     99.0    319.0   0.00001389   0.00012500    273.5   99.7      8.2     73310
2018  6 13 18     53.0    313.0   0.00004444   0.00006667    273.2   99.4      8.5     73350
2018  6 13 19     10.0    313.0   0.00006667   0.00004444    273.0  100.0      8.0     73380
2018  6 13 20      0.0    311.0   0.00008889   0.00002222    272.8  100.0      8.8     73420
2018  6 13 21      0.0    311.0   0.00000000   0.00000000    272.6  100.0      5.6     73470
2018  6 13 22      0.0    308.0   0.00005556   0.00000000    272.5  100.0      8.1     73470
2018  6 13 23      0.0    293.0   0.00000000   0.00000000    272.3   99.7      9.5     73460
2018  6 14  0      0.0    294.0   0.00000000   0.00000000    272.0  100.0      8.1     73440
2018  6 14  1      0.0    305.0   0.00000000   0.00000000    271.8  100.0      5.7     73440
2018  6 14  2      0.0    304.0   0.00000000   0.00000000    271.8  100.0      4.2     73430
2018  6 14  3      0.0    299.0   0.00000000   0.00000000    271.4   99.4      3.3     73400
2018  6 14  4      4.0    294.0   0.00000000   0.00000000    271.2   99.7      2.1     73410
2018  6 14  5     64.0    286.0   0.00000000   0.00000000    271.0  100.0      1.5     73400
2018  6 14  6    246.0    233.0   0.00000000   0.00000000    272.6   84.0      2.6     73400
2018  6 14  7    489.0    230.0   0.00000000   0.00000000    273.0   94.4      2.3     73430
2018  6 14  8    659.0    240.0   0.00000000   0.00000000    274.8   92.6      2.3     73450
2018  6 14  9    700.0    292.0   0.00000000   0.00000000    275.8   88.4      2.2     73480
2018  6 14 10    668.0    315.0   0.00000000   0.00000000    277.0   85.2      2.5     73510
2018  6 14 11    722.0    317.0   0.00000000   0.00000000    277.8   82.9      1.9     73540
2018  6 14 12    504.0    325.0   0.00000000   0.00000000    275.4   95.5      2.2     73560
2018  6 14 13    508.0    324.0   0.00000000   0.00000000    276.0   95.2      2.8     73570
2018  6 14 14    749.0    290.0   0.00000000   0.00000000    276.4   89.1      3.8     73590
2018  6 14 15    585.0    290.0   0.00000000   0.00000000    277.4   85.3      3.5     73590
2018  6 14 16    367.0    291.0   0.00000000   0.00000000    276.9   87.0      4.6     73610
2018  6 14 17    259.0    246.0   0.00000000   0.00000000    276.0   90.0      5.9     73610
2018  6 14 18     52.0    306.0   0.00000000   0.00000000    275.4   95.2      5.2     73620
2018  6 14 19     18.0    297.0   0.00000000   0.00000000    274.8   98.9      6.9     73640
2018  6 14 20      0.0    314.0   0.00000000   0.00000000    274.6   98.8      5.3     73680
2018  6 14 21      0.0    317.0   0.00000000   0.00000000    274.2   99.9      5.9     73720
2018  6 14 22      0.0    311.0   0.00000000   0.00000000    273.8   98.8      5.3     73750
2018  6 14 23      0.0    265.0   0.00000000   0.00000000    273.3   97.9      7.0     73730
2018  6 15  0      0.0    263.0   0.00000000   0.00000000    273.0   97.2      6.0     73710
2018  6 15  1      0.0    206.0   0.00000000   0.00000000    272.6   92.6      4.0     73690
2018  6 15  2      0.0    202.0   0.00000000   0.00000000    272.4   89.7      3.0     73650
2018  6 15  3      0.0    201.0   0.00000000   0.00000000    272.6   77.0      4.2     73620
2018  6 15  4     16.0    208.0   0.00000000   0.00000000    272.9   66.6      4.2     73610
2018  6 15  5    157.0    214.0   0.00000000   0.00000000    273.9   55.8      5.0     73610
2018  6 15  6    312.0    213.0   0.00000000   0.00000000    275.4   44.8      4.4     73620
2018  6 15  7    496.0    214.0   0.00000000   0.00000000    276.3   58.4      4.6     73630
2018  6 15  8    685.0    219.0   0.00000000   0.00000000    276.8   76.5      2.2     73640
2018  6 15  9    833.0    226.0   0.00000000   0.00000000    276.4   78.1      3.0     73660
2018  6 15 10    646.0    264.0   0.00000000   0.00000000    275.4   90.2      3.1     73690
2018  6 15 11    911.0    263.0   0.00000000   0.00000000    277.3   80.9      4.0     73720
2018  6 15 12   1056.0    256.0   0.00000000   0.00000000    278.0   78.2      5.1     73720
2018  6 15 13    884.0    272.0   0.00000000   0.00000000    278.8   77.4      5.4     73740
2018  6 15 14    542.0    257.0   0.00000000   0.00000000    278.1   81.9      5.8     73760
2018  6 15 15    667.0    266.0   0.00000000   0.00000000    278.2   83.4      5.9     73770
2018  6 15 16    737.0    264.0   0.00000000   0.00000000    278.8   81.1      6.1     73770
2018  6 15 17    316.0    275.0   0.00000000   0.00000000    278.3   88.2      6.2     73770
2018  6 15 18     80.0    274.0   0.00000000   0.00000000    277.3   95.7      7.4     73770
2018  6 15 19     21.0    294.0   0.00000000   0.00000000    276.6   99.3      8.1     73780
2018  6 15 20      2.0    286.0   0.00000000   0.00000000    276.1   98.1      7.3     73790
2018  6 15 21      0.0    294.0   0.00000000   0.00000000    275.8   98.4      6.7     73820
2018  6 15 22      0.0    313.0   0.00000000   0.00000000    275.4   99.9      4.5     73840
2018  6 15 23      0.0    232.0   0.00000000   0.00000000    275.1   95.5      3.1     73840
2018  6 16  0      0.0    218.0   0.00000000   0.00000000    274.9   92.2      1.4     73830
2018  6 16  1      0.0    214.0   0.00000000   0.00000000    274.9   90.2      1.7     73800
2018  6 16  2      0.0    211.0   0.00000000   0.00000000    275.2   84.2      2.9     73760
2018  6 16  3      0.0    212.0   0.00000000   0.00000000    275.3   82.7      3.1     73750
2018  6 16  4     12.0    212.0   0.00000000   0.00000000    275.4   78.0      1.8     73740
2018  6 16  5    129.0    212.0   0.00000000   0.00000000    275.9   71.5      2.2     73730
2018  6 16  6    274.0    214.0   0.00000000   0.00000000    277.2   63.7      0.8     73730
2018  6 16  7    510.0    218.0   0.00000000   0.00000000    278.2   74.0      1.5     73760
2018  6 16  8    691.0    222.0   0.00000000   0.00000000    278.9   70.4      1.7     73790
2018  6 16  9    841.0    228.0   0.00000000   0.00000000    279.8   50.9      2.2     73790
2018  6 16 10    949.0    239.0   0.00000000   0.00000000    280.3   64.4      3.0     73820
2018  6 16 11   1035.0    237.0   0.00000000   0.00000000    279.4   68.9      3.9     73850
2018  6 16 12   1015.0    251.0   0.00000000   0.00000000    280.4   64.8      4.1     73840
2018  6 16 13   1019.0    252.0   0.00000000   0.00000000    280.4   66.9      4.1     73840
2018  6 16 14    891.0    260.0   0.00000000   0.00000000    280.3   72.6      5.7     73840
2018  6 16 15    781.0    264.0   0.00000000   0.00000000    280.0   76.7      6.2     73850
2018  6 16 16    511.0    270.0   0.00000000   0.00000000    279.5   80.8      7.0     73850
2018  6 16 17    332.0    264.0   0.00000000   0.00000000    278.9   83.2      8.3     73860
2018  6 16 18     68.0    264.0   0.00000000   0.00000000    277.9   91.2      8.2     73880
2018  6 16 19     44.0    267.0   0.00000000   0.00000000    277.5   92.0      7.5     73890
2018  6 16 20      2.0    291.0   0.00000000   0.00000000    277.4   97.6      7.3     73920
2018  6 16 21      0.0    274.0   0.00000000   0.00000000    276.9   89.5      6.8     73960
2018  6 16 22      0.0    247.0   0.00000000   0.00000000    276.5   81.7      8.7     73970
2018  6 16 23      0.0    250.0   0.00000000   0.00000000    276.2   87.2      8.8     73980
2018  6 17  0      0.0    241.0   0.00000000   0.00000000    276.1   77.9      7.6     73980
2018  6 17  1      0.0    228.0   0.00000000   0.00000000    276.3   65.6      5.4     73960
2018  6 17  2      0.0    231.0   0.00000000   0.00000000    276.3   58.3      4.1     73950
2018  6 17  3      0.0    229.0   0.00000000   0.00000000    276.0   65.8      4.1     73930
2018  6 17  4      8.0    230.0   0.00000000   0.00000000    275.6   72.7      4.9     73940
2018  6 17  5    116.0    233.0   0.00000000   0.00000000    275.8   81.9      5.4     73970
2018  6 17  6    261.0    237.0   0.00000000   0.00000000    276.4   84.8      2.4     73980
2018  6 17  7    484.0    241.0   0.00000000   0.00000000    277.6   81.2      2.5     73990
2018  6 17  8    607.0    261.0   0.00000000   0.00000000    279.0   73.4      3.5     74010
2018  6 17  9    377.0    311.0   0.00000000   0.00000000    279.6   75.9      3.0     74030
2018  6 17 10    496.0    304.0   0.00000000   0.00000000    278.9   78.8      4.2     74040
2018  6 17 11    312.0    320.0   0.00000000   0.00000000    279.8   75.0      3.0     74060
2018  6 17 12    754.0    308.0   0.00000000   0.00000000    280.4   66.6      3.1     74060
2018  6 17 13    363.0    315.0   0.00000000   0.00000000    279.6   78.8      3.1     74050
2018  6 17 14    282.0    325.0   0.00000000   0.00000000    279.0   87.5      3.5     74050
2018  6 17 15    407.0    315.0   0.00000000   0.00000000    278.8   89.8      4.5     74040
2018  6 17 16    105.0    335.0   0.00000000   0.00000000    278.4   96.4      6.1     74040
2018  6 17 17    101.0    328.0   0.00000000   0.00000000    277.3   99.0      6.5     74060
2018  6 17 18     83.0    281.0   0.00000000   0.00000000    277.1   92.2      7.8     74080
2018  6 17 19     33.0    276.0   0.00000000   0.00000000    277.0   92.9      7.6     74100
2018  6 17 20      1.0    328.0   0.00000000   0.00000000    276.8  100.0      5.5     74120
2018  6 17 21      0.0    331.0   0.00000000   0.00000000    276.8  100.0      4.9     74160
2018  6 17 22      0.0    332.0   0.00000000   0.00002778    276.6  100.0      3.2     74170
2018  6 17 23      0.0    333.0   0.00000000   0.00008333    276.4  100.0      3.4     74180
2018  6 18  0      0.0    329.0   0.00000000   0.00008333    275.9  100.0      5.8     74170
2018  6 18  1      0.0    324.0   0.00000000   0.00000000    275.8  100.0      5.2     74160
2018  6 18  2      0.0    295.0   0.00000000   0.00000000    275.6  100.0      5.5     74130
2018  6 18  3      0.0    317.0   0.00000000   0.00000000    275.5  100.0      6.0     74120
2018  6 18  4      7.0    282.0   0.00000000   0.00000000    275.2  100.0      4.2     74150
2018  6 18  5     85.0    310.0   0.00000000   0.00000000    275.4   99.5      2.8     74170
2018  6 18  6    123.0    314.0   0.00000000   0.00000000    275.5   99.7      3.4     74180
2018  6 18  7    356.0    276.0   0.00000000   0.00000000    275.8   95.9      2.9     74210
2018  6 18  8    482.0    277.0   0.00000000   0.00000000    277.4   87.4      2.1     74240
2018  6 18  9    279.0    326.0   0.00000000   0.00000000    278.5   86.2      1.7     74250
2018  6 18 10    622.0    309.0   0.00000000   0.00000000    278.8   84.1      2.4     74280
2018  6 18 11    416.0    328.0   0.00000000   0.00008333    278.8   85.3      2.3     74300
2018  6 18 12    849.0    313.0   0.00000000   0.00000000    279.4   81.5      3.6     74320
2018  6 18 13    780.0    311.0   0.00000000   0.00000000    278.8   88.0      4.3     74330
2018  6 18 14    616.0    319.0   0.00000000   0.00000000    278.5   89.6      6.4     74330
2018  6 18 15    514.0    316.0   0.00000000   0.00000000    278.5   89.1      6.5     74340
2018  6 18 16    314.0    323.0   0.00000000   0.00000000    278.4   92.0      6.6     74340
2018  6 18 17    425.0    324.0   0.00000000   0.00000000    278.4   92.2      6.6     74360
2018  6 18 18     85.0    327.0   0.00000000   0.00000000    277.8   98.5      6.9     74380
2018  6 18 19     35.0    310.0   0.00000000   0.00000000    277.4  100.0      6.4     74390
2018  6 18 20      1.0    314.0   0.00000000   0.00000000    277.2  100.0      5.7     74420
2018  6 18 21      0.0    321.0   0.00000000   0.00000000    276.9   99.4      4.8     74460
2018  6 18 22      0.0    298.0   0.00000000   0.00000000    276.8   94.8      2.5     74490
2018  6 18 23      0.0    243.0   0.00000000   0.00000000    276.4   94.5      2.0     74490
2018  6 19  0      0.0    241.0   0.00000000   0.00000000    276.6   89.5      1.3     74470
2018  6 19  1      0.0    240.0   0.00000000   0.00000000    276.6   85.7      2.5     74440
2018  6 19  2      0.0    240.0   0.00000000   0.00000000    276.4   87.1      4.0     74440
2018  6 19  3      0.0    241.0   0.00000000   0.00000000    276.6   83.5      2.2     74440
2018  6 19  4     11.0    241.0   0.00000000   0.00000000    276.4   87.3      3.6     74450
2018  6 19  5    121.0    244.0   0.00000000   0.00000000    276.8   87.5      3.2     74460
2018  6 19  6    226.0    277.0   0.00000000   0.00000000    276.8   94.2      3.4     74470
2018  6 19  7    326.0    308.0   0.00000000   0.00000000    276.9   92.8      3.8     74500
2018  6 19  8    400.0    312.0   0.00000000   0.00000000    278.8   84.2      1.9     74550
2018  6 19  9    752.0    275.0   0.00000000   0.00000000    279.8   78.9      1.8     74560
2018  6 19 10    622.0    312.0   0.00000000   0.00000000    281.3   77.3      2.0     74570
2018  6 19 11    914.0    273.0   0.00000000   0.00000000    279.9   86.0      2.8     74590
2018  6 19 12   1039.0    258.0   0.00000000   0.00000000    280.9   77.5      3.4     74600
2018  6 19 13    946.0    268.0   0.00000000   0.00000000    281.9   77.5      3.5     74600
2018  6 19 14    949.0    276.0   0.00000000   0.00000000    282.3   75.9      3.9     74610
2018  6 19 15    697.0    278.0   0.00000000   0.00000000    282.3   78.9      4.8     74600
2018  6 19 16    404.0    279.0   0.00000000   0.00000000    281.6   87.1      5.5     74600
2018  6 19 17    167.0    271.0   0.00000000   0.00000000    280.9   91.1      6.6     74600
2018  6 19 18     54.0    259.0   0.00000000   0.00000000    280.3   94.4      7.1     74600
2018  6 19 19     19.0    286.0   0.00000000   0.00000000    279.8   98.1      7.0     74590
2018  6 19 20      1.0    279.0   0.00000000   0.00000000    279.5   98.1      4.8     74600
2018  6 19 21      0.0    255.0   0.00000000   0.00000000    279.4   95.0      4.9     74620
2018  6 19 22      0.0    247.0   0.00000000   0.00000000    279.3   90.1      3.3     74610
2018  6 19 23      0.0    246.0   0.00000000   0.00000000    280.0   74.2      2.5     74600
2018  6 20  0      0.0    248.0   0.00000000   0.00000000    280.4   67.8      2.6     74600
2018  6 20  1      0.0    249.0   0.00000000   0.00000000    280.2   66.3      2.8     74570
2018  6 20  2      0.0    250.0   0.00000000   0.00000000    279.9   70.2      3.1     74540
2018  6 20  3      0.0    252.0   0.00000000   0.00000000    279.8   73.9      4.7     74520
2018  6 20  4     11.0    252.0   0.00000000   0.00000000    279.9   74.6      6.0     74510
2018  6 20  5    120.0    253.0   0.00000000   0.00000000    280.3   69.1      4.2     74510
2018  6 20  6    257.0    256.0   0.00000000   0.00000000    281.0   64.2      1.7     74520
2018  6 20  7    485.0    259.0   0.00000000   0.00000000    281.8   65.8      1.2     74530
2018  6 20  8    657.0    263.0   0.00000000   0.00000000    282.8   64.1      0.9     74540
2018  6 20  9    843.0    277.0   0.00000000   0.00000000    284.3   67.2      1.3     74550
2018  6 20 10    940.0    310.0   0.00000000   0.00000000    285.4   63.2      1.4     74570
2018  6 20 11    952.0    306.0   0.00000000   0.00000000    284.3   71.8      2.8     74570
2018  6 20 12   1090.0    291.0   0.00000000   0.00000000    284.8   68.9      5.0     74550
2018  6 20 13    988.0    283.0   0.00000000   0.00000000    285.0   64.0      5.8     74540
2018  6 20 14    895.0    277.0   0.00000000   0.00000000    284.4   57.2      7.8     74530
2018  6 20 15    774.0    278.0   0.00000000   0.00000000    284.1   67.5      8.2     74510
2018  6 20 16    546.0    282.0   0.00000000   0.00000000    283.9   70.0      8.1     74490
2018  6 20 17    204.0    318.0   0.00000000   0.00000000    283.3   77.9      7.5     74480
2018  6 20 18    130.0    322.0   0.00000000   0.00000000    283.1   82.5      6.2     74480
2018  6 20 19     60.0    344.0   0.00000000   0.00000000    282.8   88.3      5.6     74490
2018  6 20 20      6.0    281.0   0.00000000   0.00000000    281.9   94.1      5.8     74500
2018  6 20 21      0.0    291.0   0.00000000   0.00000000    282.0   86.5      3.4     74540
2018  6 20 22      0.0    269.0   0.00000000   0.00000000    281.9   84.0      1.3     74520
2018  6 20 23      0.0    267.0   0.00000000   0.00000000    281.5   84.2      3.4     74480
2018  6 21  0      0.0    269.0   0.00000000   0.00000000    281.9   74.3      1.2     74460
2018  6 21  1      0.0    298.0   0.00000000   0.00000000    281.8   78.8      0.8     74430
2018  6 21  2      0.0    282.0   0.00000000   0.00000000    281.4   84.2      1.6     74390
2018  6 21  3      0.0    264.0   0.00000000   0.00000000    281.2   84.9      2.2     74350
2018  6 21  4      9.0    260.0   0.00000000   0.00000000    281.5   88.3      3.4     74310
2018  6 21  5     90.0    279.0   0.00000000   0.00000000    280.8   93.4      2.7     74320
2018  6 21  6    199.0    308.0   0.00000000   0.00000000    280.8   95.2      3.7     74320
2018  6 21  7    263.0    331.0   0.00000000   0.00000000    282.0   89.2      2.0     74320
2018  6 21  8    218.0    312.0   0.00000000   0.00000000    280.8   91.3      2.9     74300
2018  6 21  9    592.0    313.0   0.00000000   0.00000000    281.8   85.7      3.1     74280
2018  6 21 10    606.0    319.0   0.00000000   0.00000000    282.6   78.7      5.2     74280
2018  6 21 11    622.0    322.0   0.00000000   0.00000000    283.0   76.4      5.4     74280
2018  6 21 12    825.0    310.0   0.00000000   0.00000000    284.0   70.9      5.0     74260
2018  6 21 13    756.0    297.0   0.00000000   0.00000000    283.9   73.5      5.9     74210
2018  6 21 14    342.0    327.0   0.00000000   0.00000000    282.8   85.0      7.5     74190
2018  6 21 15    363.0    336.0   0.00000000   0.00000000    282.1   91.8      8.6     74160
2018  6 21 16    389.0    314.0   0.00000000   0.00000000    281.9   90.2      8.8     74130
2018  6 21 17    126.0    320.0   0.00000000   0.00000000    281.3   94.1      9.4     74100
2018  6 21 18     43.0    335.0   0.00000000   0.00008333    280.4   97.0      8.7     74090
2018  6 21 19     12.0    343.0   0.00000000   0.00072222    279.4   97.9      9.0     74090
2018  6 21 20      1.0    341.0   0.00000000   0.00044444    279.1   99.3      8.2     74110
2018  6 21 21      0.0    342.0   0.00000000   0.00000000    278.8  100.0      5.4     74110
2018  6 21 22      0.0    338.0   0.00000000   0.00002778    278.5   98.8      5.8     74090
2018  6 21 23      0.0    341.0   0.00000000   0.00125000    278.1   99.3      6.9     74050
2018  6 22  0      0.0    337.0   0.00000000   0.00019444    277.5   99.9      9.7     74010
2018  6 22  1      0.0    337.0   0.00000000   0.00066667    276.8  100.0     10.3     73970
2018  6 22  2      0.0    328.0   0.00000000   0.00000000    276.1  100.0     10.1     73930
2018  6 22  3      0.0    326.0   0.00000000   0.00016667    275.5  100.0      8.5     73920
2018  6 22  4     23.5    324.0   0.00000000   0.00022222    275.0  100.0      8.3     73920
2018  6 22  5     10.0    319.0   0.00000000   0.00000000    274.4   99.7      8.8     73910
2018  6 22  6     80.0    316.0   0.00000000   0.00000000    273.8   99.8      7.2     73910
2018  6 22  7    245.0    312.0   0.00000000   0.00000000    273.4   99.5      7.5     73900
2018  6 22  8    343.0    311.0   0.00000000   0.00000000    273.1   99.4      7.2     73920
2018  6 22  9    367.0    310.0   0.00000000   0.00000000    272.8   98.9      7.2     73960
2018  6 22 10    792.0    264.0   0.00000000   0.00000000    272.8   88.2      7.3     74020
2018  6 22 11   1010.0    219.0   0.00000000   0.00000000    273.2   58.6      6.5     74050
2018  6 22 12   1050.0    214.0   0.00000000   0.00000000    273.3   57.4      6.6     74050
2018  6 22 13   1011.0    217.0   0.00000000   0.00000000    273.8   55.8      6.4     74040
2018  6 22 14    932.0    242.0   0.00000000   0.00000000    274.2   65.1      5.4     74060
2018  6 22 15    520.0    293.0   0.00000000   0.00000000    274.3   74.2      6.4     74050
2018  6 22 16    220.0    297.0   0.00000000   0.00000000    272.9   87.7      7.1     74060
2018  6 22 17     78.0    305.0   0.00000000   0.00000000    272.5   94.5      7.1     74080
2018  6 22 18     65.0    260.0   0.00000000   0.00000000    272.2   93.4      8.7     74070
2018  6 22 19     33.0    247.0   0.00000000   0.00000000    271.8   91.9      4.5     74090
2018  6 22 20      1.0    277.0   0.00000000   0.00000000    271.6   92.3      4.4     74100
2018  6 22 21      0.0    288.0   0.00000000   0.00000000    271.5   94.8      4.7     74130
2018  6 22 22      0.0    284.0   0.00000000   0.00000000    271.1   96.7      3.8     74130
2018  6 22 23      0.0    290.0   0.00000000   0.00000000    270.9   97.0      2.8     74120
2018  6 23  0      0.0    275.0   0.00000000   0.00000000    270.4   95.9      2.9     74110
2018  6 23  1      0.0    208.0   0.00000000   0.00000000    270.2   91.4      3.3     74070
2018  6 23  2      0.0    199.0   0.00000000   0.00000000    269.8   89.4      1.7     74050
2018  6 23  3      0.0    200.0   0.00000000   0.00000000    270.6   72.3      2.2     74020
2018  6 23  4     11.0    201.0   0.00000000   0.00000000    270.9   60.9      3.5     74010
2018  6 23  5    124.0    202.0   0.00000000   0.00000000    271.4   49.5      4.2     74000
2018  6 23  6    264.0    204.0   0.00000000   0.00000000    271.8   49.8      3.6     74030
2018  6 23  7    499.0    208.0   0.00000000   0.00000000    273.8   52.1      2.8     74050
2018  6 23  8    676.0    212.0   0.00000000   0.00000000    272.8   66.6      2.5     74070
2018  6 23  9    833.0    218.0   0.00000000   0.00000000    273.6   57.7      2.7     74090
2018  6 23 10    939.0    223.0   0.00000000   0.00000000    274.8   55.2      3.8     74100
2018  6 23 11   1013.0    229.0   0.00000000   0.00000000    275.8   59.2      3.3     74120
2018  6 23 12    977.0    235.0   0.00000000   0.00000000    276.8   49.7      3.8     74130
2018  6 23 13   1003.0    235.0   0.00000000   0.00000000    276.2   58.9      5.9     74130
2018  6 23 14    925.0    237.0   0.00000000   0.00000000    276.3   62.0      5.9     74120
2018  6 23 15    800.0    237.0   0.00000000   0.00000000    276.2   58.3      6.1     74120
2018  6 23 16    629.0    241.0   0.00000000   0.00000000    275.9   59.0      7.1     74110
2018  6 23 17    350.0    253.0   0.00000000   0.00000000    275.3   70.2      6.6     74100
2018  6 23 18    234.0    232.0   0.00000000   0.00000000    274.8   75.3      7.4     74090
2018  6 23 19     38.0    259.0   0.00000000   0.00000000    273.8   88.9      8.7     74100
2018  6 23 20      1.0    237.0   0.00000000   0.00000000    273.3   91.2      7.4     74110
2018  6 23 21      0.0    223.0   0.00000000   0.00000000    273.1   78.9      5.8     74120
2018  6 23 22      0.0    257.0   0.00000000   0.00000000    272.6   78.6      6.6     74110
2018  6 23 23      0.0    224.0   0.00000000   0.00000000    272.8   77.3      5.4     74100
2018  6 24  0      0.0    221.0   0.00000000   0.00000000    272.9   69.6      4.7     74070
2018  6 24  1      0.0    223.0   0.00000000   0.00000000    272.9   68.4      4.9     74030
2018  6 24  2      0.0    222.0   0.00000000   0.00000000    272.9   70.8      4.2     73990
2018  6 24  3      0.0    230.0   0.00000000   0.00000000    272.9   72.4      2.4     73950
2018  6 24  4      7.0    227.0   0.00000000   0.00000000    272.8   73.7      2.0     73930
2018  6 24  5     85.0    250.0   0.00000000   0.00000000    273.0   72.6      2.1     73940
2018  6 24  6    267.0    237.0   0.00000000   0.00000000    274.0   76.5      2.4     73940
2018  6 24  7    249.0    265.0   0.00000000   0.00000000    275.0   74.7      1.8     73960
2018  6 24  8    346.0    270.0   0.00000000   0.00000000    274.9   76.9      2.1     73970
2018  6 24  9    505.0    284.0   0.00000000   0.00000000    275.8   75.8      2.4     73980
2018  6 24 10    659.0    299.0   0.00000000   0.00000000    277.0   72.8      3.1     73990
2018  6 24 11    421.0    307.0   0.00000000   0.00000000    277.3   68.7      4.6     73980
2018  6 24 12    618.0    304.0   0.00000000   0.00000000    277.0   66.1      3.9     73980
2018  6 24 13    612.0    305.0   0.00000000   0.00000000    277.1   64.4      5.6     73960
2018  6 24 14    588.0    304.0   0.00000000   0.00000000    276.8   74.8      7.3     73950
2018  6 24 15    278.0    311.0   0.00000000   0.00000000    275.8   89.5      8.3     73940
2018  6 24 16    230.0    310.0   0.00000000   0.00000000    275.4   92.6      7.9     73910
2018  6 24 17     59.0    320.0   0.00000000   0.00002778    274.8   99.2      8.2     73890
2018  6 24 18     15.0    325.0   0.00000000   0.00030556    274.2   99.9      7.5     73900
2018  6 24 19      2.0    313.0   0.00000000   0.00000000    273.8   95.4      9.2     73900
2018  6 24 20      0.0    312.0   0.00000000   0.00000000    273.8   91.2      7.0     73920
2018  6 24 21      0.0    312.0   0.00000000   0.00000000    273.6   97.0      6.6     73930
2018  6 24 22      0.0    313.0   0.00000000   0.00000000    273.6   98.2      6.0     73910
2018  6 24 23      0.0    314.0   0.00000000   0.00000000    273.6   99.5      6.7     73890
2018  6 25  0      0.0    304.0   0.00000000   0.00000000    273.5   97.1      8.7     73860
2018  6 25  1      0.0    296.0   0.00000000   0.00000000    273.2   96.6      8.0     73840
2018  6 25  2      0.0    306.0   0.00000000   0.00000000    273.0   98.8      7.2     73830
2018  6 25  3      0.0    313.0   0.00001944   0.00000833    272.9   99.6      7.1     73800
2018  6 25  4     22.8    311.0   0.00006667   0.00001667    272.8  100.0      7.0     73790
2018  6 25  5     14.0    311.0   0.00007778   0.00003333    272.9  100.0      7.2     73790
2018  6 25  6     48.0    313.0   0.00022222   0.00005556    272.8  100.0      7.2     73810
2018  6 25  7    135.0    311.0   0.00017778   0.00004444    272.8   99.6      8.7     73830
2018  6 25  8    271.0    313.0   0.00000000   0.00000000    272.8  100.0      9.1     73850
2018  6 25  9    253.0    314.0   0.00000000   0.00000000    273.5  100.0      5.8     73910
2018  6 25 10    242.0    315.0   0.00000000   0.00000000    273.8   99.6      4.8     73950
2018  6 25 11    475.0    310.0   0.00000000   0.00000000    275.1   92.0      4.3     74000
2018  6 25 12    620.0    305.0   0.00000000   0.00000000    274.9   91.5      5.8     74010
2018  6 25 13    415.0    312.0   0.00000000   0.00000000    275.3   88.5      5.0     74040
2018  6 25 14    394.0    303.0   0.00000000   0.00000000    275.1   90.6      4.7     74080
2018  6 25 15    345.0    287.0   0.00000000   0.00000000    275.0   92.8      5.5     74100
2018  6 25 16    573.0    256.0   0.00000000   0.00000000    275.9   88.0      4.6     74100
2018  6 25 17    226.0    271.0   0.00000000   0.00000000    275.8   91.9      5.1     74090
2018  6 25 18     53.0    295.0   0.00000000   0.00000000    275.0   96.9      7.0     74100
2018  6 25 19     20.0    300.0   0.00000000   0.00000000    274.8   97.0      6.5     74120
2018  6 25 20      0.0    309.0   0.00000000   0.00000000    274.1   99.1      5.9     74150
2018  6 25 21      0.0    243.0   0.00000000   0.00000000    273.8   98.4      6.6     74170
2018  6 25 22      0.0    283.0   0.00000000   0.00000000    273.6   99.2      5.9     74170
2018  6 25 23      0.0    294.0   0.00000000   0.00000000    273.2   98.7      4.4     74160
2018  6 26  0      0.0    295.0   0.00000000   0.00000000    273.0   99.0      3.1     74160
2018  6 26  1      0.0    286.0   0.00000000   0.00000000    272.9   95.6      3.3     74130
2018  6 26  2      0.0    246.0   0.00000000   0.00000000    272.6   97.4      2.6     74100
2018  6 26  3      0.0    245.0   0.00000000   0.00000000    272.3   97.4      2.8     74060
2018  6 26  4     13.0    233.0   0.00000000   0.00000000    272.1   99.2      2.4     74060
2018  6 26  5    119.0    224.0   0.00000000   0.00000000    273.3   95.1      1.9     74070
2018  6 26  6    259.0    227.0   0.00000000   0.00000000    274.6   83.1      2.7     74080
2018  6 26  7    488.0    231.0   0.00000000   0.00000000    275.8   67.6      3.9     74100
2018  6 26  8    663.0    240.0   0.00000000   0.00000000    277.3   71.7      2.5     74120
2018  6 26  9    527.0    272.0   0.00000000   0.00000000    277.8   80.6      2.6     74150
2018  6 26 10    747.0    271.0   0.00000000   0.00000000    279.5   68.0      2.9     74180
2018  6 26 11    886.0    272.0   0.00000000   0.00000000    281.0   63.6      3.9     74170
2018  6 26 12    644.0    310.0   0.00000000   0.00000000    280.1   68.0      4.4     74180
2018  6 26 13    664.0    303.0   0.00000000   0.00000000    280.1   67.3      5.1     74190
2018  6 26 14    367.0    313.0   0.00000000   0.00000000    278.8   74.4      5.2     74180
2018  6 26 15    320.0    295.0   0.00000000   0.00000000    277.8   79.7      8.4     74180
2018  6 26 16    129.0    311.0   0.00000000   0.00000000    277.5   84.2      8.2     74190
2018  6 26 17    133.0    317.0   0.00000000   0.00000000    277.1   91.1      7.8     74190
2018  6 26 18     35.0    325.0   0.00000000   0.00000000    276.6   97.4      7.9     74200
2018  6 26 19      3.0    328.0   0.00000000   0.00000000    276.2   99.6      7.0     74220
2018  6 26 20      0.0    327.0   0.00000000   0.00000000    276.0  100.0      7.1     74230
2018  6 26 21      0.0    326.0   0.00000000   0.00000000    275.9  100.0      6.3     74240
2018  6 26 22      0.0    325.0   0.00000000   0.00000000    275.8  100.0      6.3     74220
2018  6 26 23      0.0    323.0   0.00000000   0.00000000    275.5  100.0      6.5     74200
2018  6 27  0      0.0    317.0   0.00000000   0.00000000    275.2  100.0      5.8     74170
2018  6 27  1      0.0    292.0   0.00000000   0.00000000    274.8   99.9      5.2     74120
2018  6 27  2      0.0    316.0   0.00000000   0.00000000    274.9  100.0      4.7     74070
2018  6 27  3      0.0    286.0   0.00000000   0.00000000    274.8   99.5      5.4     74050
2018  6 27  4      3.0    314.0   0.00000000   0.00000000    274.4   99.9      4.2     74030
2018  6 27  5     70.0    282.0   0.00000000   0.00000000    274.2   96.8      5.4     74030
2018  6 27  6    193.0    301.0   0.00000000   0.00000000    274.8   97.1      5.5     74040
2018  6 27  7    333.0    290.0   0.00000000   0.00000000    275.0   94.1      6.0     74060
2018  6 27  8    384.0    298.0   0.00000000   0.00000000    275.1   89.9      6.5     74070
2018  6 27  9    347.0    311.0   0.00000000   0.00000000    276.1   86.1      5.8     74070
2018  6 27 10    533.0    296.0   0.00000000   0.00000000    277.9   76.7      5.7     74060
2018  6 27 11    948.0    261.0   0.00000000   0.00000000    278.6   71.3      7.5     74040
2018  6 27 12   1003.0    265.0   0.00000000   0.00000000    277.6   75.0      9.2     74020
2018  6 27 13    558.0    309.0   0.00000000   0.00000000    277.4   79.2      8.1     74020
2018  6 27 14    348.0    318.0   0.00000000   0.00000000    277.0   85.7      9.0     74010
2018  6 27 15    224.0    317.0   0.00000000   0.00000000    276.8   82.2      8.1     74010
2018  6 27 16    175.0    312.0   0.00000000   0.00000000    276.6   83.0      9.5     73970
2018  6 27 17    376.0    261.0   0.00000000   0.00000000    276.8   79.8      9.6     73970
2018  6 27 18    113.0    270.0   0.00000000   0.00000000    276.1   88.9      8.3     73970
2018  6 27 19     24.0    305.0   0.00000000   0.00000000    275.5   90.2      6.9     73970
2018  6 27 20      0.0    319.0   0.00000000   0.00033333    274.5   96.2      7.4     73950
2018  6 27 21      0.0    299.0   0.00000000   0.00000000    274.4   98.3      8.0     73970
2018  6 27 22      0.0    296.0   0.00000000   0.00000000    274.1   95.8      5.7     73960
2018  6 27 23      0.0    278.0   0.00000000   0.00000000    273.8   96.5      5.8     73940
2018  6 28  0      0.0    225.0   0.00000000   0.00000000    273.3   94.4      6.1     73900
2018  6 28  1      0.0    220.0   0.00000000   0.00000000    273.1   87.0      3.6     73860
2018  6 28  2      0.0    218.0   0.00000000   0.00000000    272.9   86.4      5.3     73810
2018  6 28  3      0.0    217.0   0.00000000   0.00000000    272.9   81.8      7.1     73750
2018  6 28  4      6.0    223.0   0.00000000   0.00000000    272.8   76.5      5.3     73740
2018  6 28  5     93.0    227.0   0.00000000   0.00000000    273.0   82.4      4.2     73720
2018  6 28  6    246.0    235.0   0.00000000   0.00000000    273.9   80.6      4.0     73710
2018  6 28  7    354.0    245.0   0.00000000   0.00000000    275.1   79.6      5.8     73710
2018  6 28  8    514.0    271.0   0.00000000   0.00000000    276.1   79.3      3.9     73730
2018  6 28  9    509.0    293.0   0.00000000   0.00000000    276.9   78.5      3.2     73750
2018  6 28 10    642.0    303.0   0.00000000   0.00000000    279.2   71.4      5.5     73760
2018  6 28 11    450.0    319.0   0.00000000   0.00000000    278.3   74.3      5.0     73770
2018  6 28 12    352.0    322.0   0.00000000   0.00000000    277.3   85.0      5.1     73760
2018  6 28 13    154.0    325.0   0.00000000   0.00000000    275.3   99.8      6.7     73750
2018  6 28 14     87.0    325.0   0.00000000   0.00000000    276.4   94.1      4.7     73750
2018  6 28 15    120.0    326.0   0.00000000   0.00000000    275.3   99.6      6.4     73730
2018  6 28 16     60.0    324.0   0.00000000   0.00000000    275.8   99.0      5.2     73740
2018  6 28 17     31.0    324.0   0.00000000   0.00000000    275.5   99.9      5.4     73750
2018  6 28 18     22.0    327.0   0.00000000   0.00002778    275.4  100.0      7.1     73740
2018  6 28 19     15.0    328.0   0.00000000   0.00002778    275.0  100.0      8.1     73740
2018  6 28 20      1.0    322.0   0.00000000   0.00000000    274.9  100.0      5.5     73740
2018  6 28 21      0.0    321.0   0.00000000   0.00000000    274.8  100.0      4.1     73750
2018  6 28 22      0.0    322.0   0.00000000   0.00000000    274.9  100.0      3.1     73740
2018  6 28 23      0.0    321.0   0.00000000   0.00000000    275.1  100.0      2.1     73740
2018  6 29  0      0.0    271.0   0.00000000   0.00000000    274.8   99.7      2.0     73720
2018  6 29  1      0.0    240.0   0.00000000   0.00000000    275.0   95.0      2.0     73710
2018  6 29  2      0.0    242.0   0.00000000   0.00000000    275.8   85.5      2.8     73700
2018  6 29  3      0.0    242.0   0.00000000   0.00000000    275.8   85.3      2.4     73690
2018  6 29  4      6.0    244.0   0.00000000   0.00000000    277.3   70.8      2.4     73680
2018  6 29  5    107.0    245.0   0.00000000   0.00000000    277.6   71.1      2.2     73670
2018  6 29  6    254.0    245.0   0.00000000   0.00000000    278.6   71.9      2.0     73690
2018  6 29  7    478.0    250.0   0.00000000   0.00000000    278.8   76.2      1.8     73710
2018  6 29  8    639.0    255.0   0.00000000   0.00000000    279.5   77.3      2.0     73740
2018  6 29  9    758.0    264.0   0.00000000   0.00000000    281.3   68.7      2.4     73760
2018  6 29 10    920.0    267.0   0.00000000   0.00000000    282.8   60.3      3.0     73790
2018  6 29 11    991.0    280.0   0.00000000   0.00000000    284.3   62.9      3.4     73810
2018  6 29 12   1039.0    297.0   0.00000000   0.00000000    285.8   61.7      2.9     73830
2018  6 29 13    671.0    324.0   0.00000000   0.00000000    284.8   69.7      3.1     73840
2018  6 29 14    580.0    323.0   0.00000000   0.00000000    282.1   85.6      5.6     73850
2018  6 29 15    348.0    339.0   0.00000000   0.00000000    283.9   75.0      4.3     73870
2018  6 29 16    170.0    341.0   0.00000000   0.00000000    283.1   80.9      3.0     73880
2018  6 29 17     86.0    301.0   0.00000000   0.00000000    281.9   88.9      4.1     73880
2018  6 29 18     60.0    304.0   0.00000000   0.00000000    281.2   94.1      4.2     73890
2018  6 29 19     24.0    343.0   0.00000000   0.00005556    281.0   98.8      3.6     73920
2018  6 29 20      6.0    344.0   0.00000000   0.00000000    280.9   99.7      4.5     73930
2018  6 29 21      0.0    338.0   0.00000000   0.00000000    280.4   99.6      3.8     73960
2018  6 29 22      0.0    274.0   0.00000000   0.00000000    279.9   96.5      2.5     73970
2018  6 29 23      0.0    259.0   0.00000000   0.00000000    279.8   92.0      1.9     73970
2018  6 30  0      0.0    258.0   0.00000000   0.00000000    280.5   82.1      3.3     73950
2018  6 30  1      0.0    257.0   0.00000000   0.00000000    280.2   86.4      2.2     73930
2018  6 30  2      0.0    257.0   0.00000000   0.00000000    280.3   82.3      0.6     73920
2018  6 30  3      0.0    256.0   0.00000000   0.00000000    280.4   79.3      1.4     73900
2018  6 30  4      8.0    257.0   0.00000000   0.00000000    280.8   75.2      1.1     73880
2018  6 30  5    111.0    259.0   0.00000000   0.00000000    280.9   72.1      2.2     73880
2018  6 30  6    242.0    281.0   0.00000000   0.00000000    281.1   77.7      1.0     73900
2018  6 30  7    497.0    271.0   0.00000000   0.00000000    282.2   78.1      1.3     73920
2018  6 30  8    520.0    311.0   0.00000000   0.00000000    282.4   77.7      1.0     73930
2018  6 30  9    134.0    322.0   0.00000000   0.00000000    281.9   78.7      2.1     73940
2018  6 30 10    794.0    307.0   0.00000000   0.00000000    282.6   81.2      4.0     73950
2018  6 30 11    846.0    291.0   0.00000000   0.00000000    283.3   71.3      5.2     73960
2018  6 30 12   1028.0    282.0   0.00000000   0.00000000    284.0   63.3      5.9     73950
2018  6 30 13   1014.0    279.0   0.00000000   0.00000000    284.2   65.6      6.0     73940
2018  6 30 14    939.0    282.0   0.00000000   0.00000000    284.6   65.0      5.7     73960
2018  6 30 15    749.0    280.0   0.00000000   0.00000000    284.4   69.5      6.9     73950
2018  6 30 16    618.0    272.0   0.00000000   0.00000000    284.2   69.5      7.2     73940
2018  6 30 17    251.0    278.0   0.00000000   0.00000000    283.3   79.1      8.5     73940
2018  6 30 18     81.0    274.0   0.00000000   0.00000000    282.2   87.2      8.9     73940
2018  6 30 19     24.0    272.0   0.00000000   0.00000000    281.6   89.2      6.1     73960
2018  6 30 20      2.0    263.0   0.00000000   0.00000000    281.3   88.2      4.4     73970
2018  6 30 21      0.0    258.0   0.00000000   0.00000000    281.5   79.0      2.8     74000
2018  6 30 22      0.0    255.0   0.00000000   0.00000000    281.5   71.6      3.1     74000
2018  6 30 23      0.0    255.0   0.00000000   0.00000000    281.1   74.4      3.4     74000
2018  7  1  0      0.0    256.0   0.00000000   0.00000000    281.0   80.2      4.7     73990
2018  7  1  1      0.0    256.0   0.00000000   0.00000000    280.6   90.3      4.0     73980
2018  7  1  2      0.0    255.0   0.00000000   0.00000000    280.8   83.8      3.7     73970
2018  7  1  3      0.0    255.0   0.00000000   0.00000000    280.8   82.2      3.3     73960
2018  7  1  4      5.0    256.0   0.00000000   0.00000000    281.2   66.7      4.1     73950
2018  7  1  5    107.0    256.0   0.00000000   0.00000000    281.2   67.0      4.3     73940
2018  7  1  6    254.0    257.0   0.00000000   0.00000000    281.4   67.3      3.1     73950
2018  7  1  7    474.0    260.0   0.00000000   0.00000000    281.8   69.8      2.8     73960
2018  7  1  8    625.0    271.0   0.00000000   0.00000000    282.4   71.4      1.8     73970
2018  7  1  9    449.0    303.0   0.00000000   0.00000000    283.8   67.9      2.4     73980
2018  7  1 10    493.0    323.0   0.00000000   0.00000000    283.8   72.2      2.8     74010
2018  7  1 11    513.0    317.0   0.00000000   0.00000000    283.6   76.8      3.4     74020
2018  7  1 12    850.0    306.0   0.00000000   0.00000000    284.8   66.0      4.4     74020
2018  7  1 13    998.0    290.0   0.00000000   0.00000000    285.0   66.1      6.4     74020
2018  7  1 14    923.0    287.0   0.00000000   0.00000000    285.1   63.1      6.5     74010
2018  7  1 15    801.0    292.0   0.00000000   0.00000000    285.1   67.6      5.7     74010
2018  7  1 16    558.0    284.0   0.00000000   0.00000000    284.8   70.5      5.8     74010
2018  7  1 17    385.0    284.0   0.00000000   0.00000000    284.3   76.0      5.9     73990
2018  7  1 18    214.0    276.0   0.00000000   0.00000000    283.9   80.8      5.0     74000
2018  7  1 19     58.0    273.0   0.00000000   0.00000000    283.2   83.4      4.4     74000
2018  7  1 20      2.0    272.0   0.00000000   0.00000000    282.8   86.6      4.0     74010
2018  7  1 21      0.0    273.0   0.00000000   0.00000000    283.2   74.4      3.7     74030
2018  7  1 22      0.0    274.0   0.00000000   0.00000000    283.2   76.0      3.8     74040
2018  7  1 23      0.0    273.0   0.00000000   0.00000000    282.9   80.8      3.9     74040
2018  7  2  0      0.0    272.0   0.00000000   0.00000000    282.6   85.3      4.0     74030
2018  7  2  1      0.0    273.0   0.00000000   0.00000000    282.8   86.3      4.7     74010
2018  7  2  2      0.0    271.0   0.00000000   0.00000000    282.6   88.9      5.5     73990
2018  7  2  3      0.0    274.0   0.00000000   0.00000000    282.5   87.1      5.1     73970
2018  7  2  4      4.0    287.0   0.00000000   0.00000000    282.6   85.0      4.8     73980
2018  7  2  5     79.0    290.0   0.00000000   0.00000000    282.5   84.4      4.1     73960
2018  7  2  6    212.0    279.0   0.00000000   0.00000000    282.6   84.9      3.1     73970
2018  7  2  7    313.0    291.0   0.00000000   0.00000000    282.9   84.3      1.2     73990
2018  7  2  8    325.0    318.0   0.00000000   0.00000000    283.6   82.1      1.3     74010
2018  7  2  9    351.0    343.0   0.00000000   0.00000000    284.0   79.7      2.4     74040
2018  7  2 10    358.0    344.0   0.00000000   0.00000000    284.9   76.4      1.7     74050
2018  7  2 11    540.0    333.0   0.00000000   0.00000000    286.3   65.6      2.8     74070
2018  7  2 12    432.0    330.0   0.00000000   0.00000000    286.1   65.1      3.4     74070
2018  7  2 13    634.0    325.0   0.00000000   0.00000000    285.6   73.3      5.3     74080
2018  7  2 14    894.0    318.0   0.00000000   0.00000000    286.0   70.4      7.5     74080
2018  7  2 15    594.0    318.0   0.00000000   0.00000000    285.2   75.2      7.8     74080
2018  7  2 16    352.0    325.0   0.00000000   0.00000000    284.6   79.8      7.3     74090
2018  7  2 17    140.0    310.0   0.00000000   0.00000000    283.9   82.7      7.3     74100
2018  7  2 18     92.0    332.0   0.00000000   0.00000000    283.3   90.6      7.6     74090
2018  7  2 19     40.0    341.0   0.00000000   0.00000000    282.8   91.8      5.5     74120
2018  7  2 20      2.0    329.0   0.00000000   0.00000000    282.8   87.9      3.9     74150
2018  7  2 21      0.0    299.0   0.00000000   0.00000000    282.4   90.6      1.9     74210
2018  7  2 22      0.0    314.0   0.00000000   0.00000000    282.2   91.5      1.7     74200
2018  7  2 23      0.0    282.0   0.00000000   0.00000000    282.1   89.6      2.7     74180
2018  7  3  0      0.0    268.0   0.00000000   0.00000000    282.2   82.8      3.2     74170
2018  7  3  1      0.0    269.0   0.00000000   0.00000000    281.9   85.4      3.1     74160
2018  7  3  2      0.0    272.0   0.00000000   0.00000000    281.6   91.1      2.0     74140
2018  7  3  3      0.0    269.0   0.00000000   0.00000000    281.5   84.6      3.0     74110
2018  7  3  4      4.0    298.0   0.00000000   0.00000000    281.4   89.3      4.3     74120
2018  7  3  5     85.0    274.0   0.00000000   0.00000000    281.0   95.7      3.8     74120
2018  7  3  6    188.0    294.0   0.00000000   0.00000000    281.2   95.9      3.1     74120
2018  7  3  7    479.0    282.0   0.00000000   0.00000000    282.2   87.3      2.9     74150
2018  7  3  8    253.0    331.0   0.00000000   0.00000000    282.2   86.9      2.1     74140
2018  7  3  9    479.0    318.0   0.00000000   0.00000000    283.8   80.3      2.0     74130
2018  7  3 10    142.0    351.0   0.00000000   0.00000000    282.2   91.3      4.0     74130
2018  7  3 11     76.0    345.0   0.00000000   0.00083333    279.1   99.9     12.0     74130
2018  7  3 12    193.0    343.0   0.00000000   0.00013889    278.9  100.0     11.6     74150
2018  7  3 13     30.0    338.0   0.00000000   0.00152778    278.4   97.5      7.0     74230
2018  7  3 14    103.0    338.0   0.00000000   0.00036111    278.5   99.5      3.1     74220
2018  7  3 15    209.0    318.0   0.00000000   0.00000000    280.0   77.5      2.1     74190
2018  7  3 16    174.0    311.0   0.00000000   0.00000000    280.4   74.9      3.8     74180
2018  7  3 17    251.0    309.0   0.00000000   0.00000000    280.4   78.4      4.1     74180
2018  7  3 18     91.0    315.0   0.00000000   0.00000000    280.2   81.9      2.8     74200
2018  7  3 19     35.0    316.0   0.00000000   0.00000000    279.6   89.9      2.8     74180
2018  7  3 20      1.0    273.0   0.00000000   0.00000000    279.6   84.4      3.6     74190
2018  7  3 21      0.0    265.0   0.00000000   0.00000000    279.3   86.4      2.9     74190
2018  7  3 22      0.0    308.0   0.00000000   0.00000000    279.5   85.7      3.4     74200
2018  7  3 23      0.0    322.0   0.00000000   0.00000000    279.8   84.3      2.9     74220
2018  7  4  0      0.0    330.0   0.00000000   0.00000000    279.8   83.9      3.2     74210
2018  7  4  1      0.0    308.0   0.00000000   0.00000000    279.5   87.7      5.8     74190
2018  7  4  2      0.0    273.0   0.00000000   0.00000000    279.1   91.6      5.9     74160
2018  7  4  3      0.0    273.0   0.00000000   0.00000000    278.9   94.7      5.4     74150
2018  7  4  4      1.0    287.0   0.00000000   0.00000000    278.8   98.0      5.8     74150
2018  7  4  5     29.0    322.0   0.00000000   0.00000000    278.8   98.3      5.5     74160
2018  7  4  6    232.0    303.0   0.00000000   0.00000000    279.0   98.3      5.5     74160
2018  7  4  7     84.0    323.0   0.00000000   0.00000000    279.1   96.7      5.3     74170
2018  7  4  8    448.0    315.0   0.00000000   0.00000000    279.3   92.5      5.9     74180
2018  7  4  9    770.0    284.0   0.00000000   0.00000000    280.0   84.2      6.6     74180
2018  7  4 10    812.0    289.0   0.00000000   0.00000000    281.3   75.5      5.7     74200
2018  7  4 11    483.0    329.0   0.00000000   0.00041667    281.1   84.8      6.9     74200
2018  7  4 12    500.0    330.0   0.00000000   0.00000000    279.4   95.7      7.4     74210
2018  7  4 13    770.0    286.0   0.00000000   0.00000000    281.3   82.0      5.4     74230
2018  7  4 14    788.0    286.0   0.00000000   0.00000000    281.6   72.3      5.4     74220
2018  7  4 15    769.0    273.0   0.00000000   0.00000000    281.9   66.5      5.3     74210
2018  7  4 16    359.0    294.0   0.00000000   0.00000000    281.8   75.1      4.7     74190
2018  7  4 17    275.0    280.0   0.00000000   0.00000000    281.9   71.5      4.3     74180
2018  7  4 18    170.0    297.0   0.00000000   0.00000000    281.5   78.4      2.4     74170
2018  7  4 19     61.0    265.0   0.00000000   0.00000000    281.8   74.4      1.4     74160
2018  7  4 20      1.0    263.0   0.00000000   0.00000000    280.9   80.4      1.6     74190
2018  7  4 21      0.0    276.0   0.00000000   0.00000000    280.8   79.4      1.2     74210
2018  7  4 22      0.0    266.0   0.00000000   0.00000000    280.2   85.8      2.6     74170
2018  7  4 23      0.0    261.0   0.00000000   0.00000000    280.2   83.7      4.2     74150
2018  7  5  0      0.0    266.0   0.00000000   0.00000000    280.4   76.8      4.9     74140
2018  7  5  1      0.0    287.0   0.00000000   0.00000000    280.2   73.2      5.9     74080
2018  7  5  2      0.0    308.0   0.00000000   0.00000000    279.6   77.1      6.5     74060
2018  7  5  3      0.0    309.0   0.00000000   0.00000000    279.2   77.2      6.4     74040
2018  7  5  4      6.0    315.0   0.00000000   0.00000000    278.4   80.4      4.3     74010
2018  7  5  5     33.0    317.0   0.00000000   0.00000000    277.6   87.1      3.2     73980
2018  7  5  6    182.0    276.0   0.00000000   0.00000000    277.9   82.6      2.8     73950
2018  7  5  7    349.0    286.0   0.00000000   0.00000000    279.1   76.1      2.6     73950
2018  7  5  8    311.0    316.0   0.00000000   0.00000000    280.3   74.2      1.2     73960
2018  7  5  9    429.0    302.0   0.00000000   0.00000000    280.9   73.0      1.7     73960
2018  7  5 10    344.0    327.0   0.00000000   0.00000000    281.6   75.3      1.4     73950
2018  7  5 11    157.0    339.0   0.00000000   0.00144444    279.9   84.5      1.8     73930
2018  7  5 12    153.0    338.0   0.00000000   0.00052778    278.8   95.9      4.7     73910
2018  7  5 13     61.0    343.0   0.00000000   0.00097222    278.4   99.9      2.8     73900
2018  7  5 14    242.0    339.0   0.00000000   0.00002778    278.8  100.0      3.5     73890
2018  7  5 15    235.0    337.0   0.00000000   0.00000000    278.4   99.7      4.5     73890
2018  7  5 16     40.0    338.0   0.00000000   0.00033333    277.3   99.2     10.1     73870
2018  7  5 17     17.0    331.0   0.00000000   0.00108333    276.1   96.6      8.7     73920
2018  7  5 18     15.0    328.0   0.00000000   0.00063889    276.0   95.3      4.2     73940
2018  7  5 19     23.0    313.0   0.00000000   0.00000000    276.4   90.3      3.6     73900
2018  7  5 20      1.0    318.0   0.00000000   0.00000000    276.4   92.8      3.2     73920
2018  7  5 21      0.0    329.0   0.00000000   0.00000000    276.5   99.7      5.6     73930
2018  7  5 22      0.0    331.0   0.00000000   0.00027778    276.0   99.9      8.4     73930
2018  7  5 23      0.0    328.0   0.00000000   0.00000000    275.9  100.0      8.6     73920
2018  7  6  0      0.0    330.0   0.00000000   0.00022222    275.8  100.0      7.6     73930
2018  7  6  1      0.0    328.0   0.00000000   0.00000000    275.9   99.9      7.7     73910
2018  7  6  2      0.0    321.0   0.00000000   0.00000000    275.8  100.0      7.2     73890
2018  7  6  3      0.0    326.0   0.00000000   0.00000000    275.8  100.0      6.5     73870
2018  7  6  4     17.8    324.0   0.00000000   0.00000000    275.8  100.0      7.9     73870
2018  7  6  5     21.0    323.0   0.00000000   0.00000000    275.8  100.0      6.5     73890
2018  7  6  6     67.0    324.0   0.00000000   0.00000000    275.8  100.0      6.9     73900
2018  7  6  7     86.0    326.0   0.00000000   0.00000000    275.8  100.0      6.8     73940
2018  7  6  8    269.0    322.0   0.00000000   0.00000000    276.0   98.5      6.8     73970
2018  7  6  9    252.0    327.0   0.00000000   0.00000000    276.3   99.4      6.5     73990
2018  7  6 10    235.0    331.0   0.00000000   0.00000000    276.6  100.0      5.2     74030
2018  7  6 11    254.0    335.0   0.00000000   0.00013889    276.8  100.0      6.5     74050
2018  7  6 12    261.0    338.0   0.00000000   0.00013889    277.1   99.8      7.4     74070
2018  7  6 13    257.0    338.0   0.00000000   0.00016667    277.3   99.7      7.4     74090
2018  7  6 14    196.0    343.0   0.00000000   0.00083333    277.6  100.0      5.8     74110
2018  7  6 15    180.0    340.0   0.00000000   0.00047222    277.6  100.0      8.7     74110
2018  7  6 16    144.0    331.0   0.00000000   0.00000000    277.0  100.0     10.7     74130
2018  7  6 17     82.0    330.0   0.00000000   0.00000000    277.0  100.0      8.8     74180
2018  7  6 18     34.0    330.0   0.00000000   0.00000000    276.9  100.0      7.7     74220
2018  7  6 19      2.0    328.0   0.00000000   0.00000000    276.8   99.8      7.8     74220
2018  7  6 20      0.0    330.0   0.00000000   0.00016667    276.6   99.8      6.4     74260
2018  7  6 21      0.0    311.0   0.00000000   0.00005556    276.0   97.7     10.9     74270
2018  7  6 22      0.0    316.0   0.00000000   0.00000000    275.9   95.4     10.7     74290
2018  7  6 23      0.0    311.0   0.00000000   0.00000000    275.8   99.8      7.5     74320
2018  7  7  0      0.0    260.0   0.00000000   0.00000000    275.5   98.8      3.8     74320
2018  7  7  1      0.0    319.0   0.00000000   0.00000000    275.5   97.8      3.9     74310
2018  7  7  2      0.0    323.0   0.00000000   0.00000000    275.8   96.5      2.6     74300
2018  7  7  3      0.0    324.0   0.00000000   0.00000000    275.6   99.4      3.7     74270
2018  7  7  4     17.2    326.0   0.00000000   0.00000000    275.8  100.0      4.7     74270
2018  7  7  5     13.0    328.0   0.00000000   0.00005556    275.8   99.3      5.0     74270
2018  7  7  6     94.0    315.0   0.00000000   0.00000000    275.6   99.0      3.9     74280
2018  7  7  7     71.0    326.0   0.00000000   0.00000000    275.9   99.8      3.9     74290
2018  7  7  8    167.0    329.0   0.00000000   0.00005556    275.8   99.5      6.5     74310
2018  7  7  9    595.0    295.0   0.00000000   0.00000000    277.1   91.6      4.5     74330
2018  7  7 10    531.0    316.0   0.00000000   0.00000000    278.1   85.3      3.2     74340
2018  7  7 11    490.0    317.0   0.00000000   0.00000000    277.5   89.5      4.4     74360
2018  7  7 12    680.0    303.0   0.00000000   0.00000000    278.8   83.8      3.9     74370
2018  7  7 13    578.0    313.0   0.00000000   0.00000000    278.8   88.0      4.9     74370
2018  7  7 14    325.0    322.0   0.00000000   0.00000000    278.5   88.1      6.5     74360
2018  7  7 15    312.0    325.0   0.00000000   0.00000000    278.6   88.1      7.4     74370
2018  7  7 16    159.0    326.0   0.00000000   0.00000000    278.3   92.6      7.1     74380
2018  7  7 17    160.0    317.0   0.00000000   0.00000000    278.3   86.1      7.7     74370
2018  7  7 18    186.0    269.0   0.00000000   0.00000000    278.3   81.4      6.5     74380
2018  7  7 19     61.0    243.0   0.00000000   0.00000000    277.6   77.5      6.0     74380
2018  7  7 20      1.0    237.0   0.00000000   0.00000000    277.0   83.0      5.9     74380
2018  7  7 21      0.0    237.0   0.00000000   0.00000000    276.8   83.6      4.9     74400
2018  7  7 22      0.0    239.0   0.00000000   0.00000000    276.3   87.6      3.6     74410
2018  7  7 23      0.0    240.0   0.00000000   0.00000000    276.5   83.5      4.1     74400
2018  7  8  0      0.0    274.0   0.00000000   0.00000000    276.2   87.4      2.4     74380
2018  7  8  1      0.0    239.0   0.00000000   0.00000000    276.1   86.7      3.7     74340
2018  7  8  2      0.0    239.0   0.00000000   0.00000000    275.9   88.2      3.8     74320
2018  7  8  3      0.0    241.0   0.00000000   0.00000000    275.8   89.7      3.9     74290
2018  7  8  4      5.0    245.0   0.00000000   0.00000000    276.0   88.7      3.9     74280
2018  7  8  5     95.0    244.0   0.00000000   0.00000000    276.5   88.4      3.2     74290
2018  7  8  6    234.0    243.0   0.00000000   0.00000000    277.4   84.4      1.9     74300
2018  7  8  7    449.0    250.0   0.00000000   0.00000000    278.1   86.5      1.6     74300
2018  7  8  8    589.0    257.0   0.00000000   0.00000000    279.5   75.6      2.3     74320
2018  7  8  9    323.0    297.0   0.00000000   0.00000000    279.9   79.3      2.3     74330
2018  7  8 10    965.0    282.0   0.00000000   0.00000000    280.0   78.3      3.2     74340
2018  7  8 11    833.0    295.0   0.00000000   0.00000000    280.2   75.5      3.6     74360
2018  7  8 12    860.0    301.0   0.00000000   0.00000000    280.4   75.5      4.0     74360
2018  7  8 13    641.0    308.0   0.00000000   0.00000000    280.8   72.6      5.6     74360
2018  7  8 14    484.0    311.0   0.00000000   0.00000000    280.8   74.8      6.3     74370
2018  7  8 15    468.0    291.0   0.00000000   0.00000000    280.8   76.8      6.7     74370
2018  7  8 16    434.0    293.0   0.00000000   0.00000000    280.5   83.3      7.6     74370
2018  7  8 17    288.0    276.0   0.00000000   0.00000000    280.0   85.7      8.6     74370
2018  7  8 18     80.0    256.0   0.00000000   0.00000000    279.4   89.1      8.2     74360
2018  7  8 19     23.0    260.0   0.00000000   0.00000000    278.8   94.9      7.4     74360
2018  7  8 20      1.0    269.0   0.00000000   0.00000000    278.4   96.7      6.2     74370
2018  7  8 21      0.0    273.0   0.00000000   0.00000000    278.1   95.8      5.8     74380
2018  7  8 22      0.0    286.0   0.00000000   0.00000000    277.9   94.9      5.0     74370
2018  7  8 23      0.0    292.0   0.00000000   0.00000000    277.8   97.0      3.7     74370
2018  7  9  0      0.0    256.0   0.00000000   0.00000000    277.8   92.1      2.7     74360
2018  7  9  1      0.0    242.0   0.00000000   0.00000000    277.4   93.9      2.1     74330
2018  7  9  2      0.0    241.0   0.00000000   0.00000000    277.2   95.0      2.4     74300
2018  7  9  3      0.0    245.0   0.00000000   0.00000000    277.1   93.8      2.9     74260
2018  7  9  4      2.0    256.0   0.00000000   0.00000000    277.1   92.2      2.2     74250
2018  7  9  5     76.0    240.0   0.00000000   0.00000000    276.9   86.0      2.8     74250
2018  7  9  6    247.0    233.0   0.00000000   0.00000000    277.5   88.9      3.0     74230
2018  7  9  7    459.0    235.0   0.00000000   0.00000000    278.1   67.5      1.9     74230
2018  7  9  8    614.0    247.0   0.00000000   0.00000000    279.8   68.5      1.3     74230
2018  7  9  9    776.0    251.0   0.00000000   0.00000000    279.3   67.6      2.6     74230
2018  7  9 10    923.0    248.0   0.00000000   0.00000000    280.9   48.0      3.1     74230
2018  7  9 11    986.0    248.0   0.00000000   0.00000000    281.0   46.4      3.6     74240
2018  7  9 12   1042.0    263.0   0.00000000   0.00000000    281.3   55.2      3.9     74250
2018  7  9 13    743.0    293.0   0.00000000   0.00000000    281.6   60.4      3.9     74230
2018  7  9 14    741.0    290.0   0.00000000   0.00000000    281.6   63.8      5.6     74220
2018  7  9 15    824.0    279.0   0.00000000   0.00000000    281.8   67.4      7.4     74220
2018  7  9 16    450.0    275.0   0.00000000   0.00000000    281.2   73.0      7.6     74200
2018  7  9 17    411.0    280.0   0.00000000   0.00000000    281.0   73.8      8.2     74200
2018  7  9 18    213.0    261.0   0.00000000   0.00000000    280.2   82.1      8.2     74190
2018  7  9 19     30.0    258.0   0.00000000   0.00000000    279.3   89.5      8.0     74180
2018  7  9 20      1.0    276.0   0.00000000   0.00000000    278.8   88.9      6.8     74210
2018  7  9 21      0.0    258.0   0.00000000   0.00000000    278.3   83.6      6.4     74220
2018  7  9 22      0.0    245.0   0.00000000   0.00000000    277.9   82.2      6.7     74200
2018  7  9 23      0.0    250.0   0.00000000   0.00000000    277.8   82.5      5.1     74180
2018  7 10  0      0.0    270.0   0.00000000   0.00000000    277.9   82.9      2.2     74140
2018  7 10  1      0.0    266.0   0.00000000   0.00000000    277.8   84.3      2.8     74100
2018  7 10  2      0.0    263.0   0.00000000   0.00000000    277.9   80.8      3.5     74050
2018  7 10  3      0.0    246.0   0.00000000   0.00000000    278.0   76.2      4.3     73990
2018  7 10  4      3.0    248.0   0.00000000   0.00000000    278.0   76.5      4.1     73970
2018  7 10  5     46.0    277.0   0.00000000   0.00000000    278.2   75.6      2.2     73970
2018  7 10  6    194.0    257.0   0.00000000   0.00000000    278.2   81.5      2.6     73970
2018  7 10  7    391.0    270.0   0.00000000   0.00000000    278.8   80.6      1.5     73950
2018  7 10  8    424.0    279.0   0.00000000   0.00000000    279.0   81.1      2.0     73930
2018  7 10  9    706.0    307.0   0.00000000   0.00000000    280.8   75.3      1.4     73910
2018  7 10 10    431.0    331.0   0.00000000   0.00000000    279.5   87.6      2.3     73900
2018  7 10 11    761.0    327.0   0.00000000   0.00000000    281.3   80.0      2.0     73880
2018  7 10 12    302.0    338.0   0.00000000   0.00000000    279.8   86.1      4.6     73850
2018  7 10 13    217.0    337.0   0.00000000   0.00000000    278.5   94.7      7.2     73840
2018  7 10 14    198.0    333.0   0.00000000   0.00000000    277.9   98.2      8.0     73820
2018  7 10 15    148.0    335.0   0.00000000   0.00000000    277.8   99.3      8.2     73810
2018  7 10 16     80.0    334.0   0.00000000   0.00000000    277.4  100.0      7.5     73810
2018  7 10 17     32.0    333.0   0.00000000   0.00000000    277.2  100.0      7.5     73800
2018  7 10 18     18.0    330.0   0.00000000   0.00000000    276.5  100.0      7.7     73790
2018  7 10 19      1.0    326.0   0.00000000   0.00000000    275.8   99.0      7.2     73810
2018  7 10 20      0.0    325.0   0.00000000   0.00000000    276.0   99.6      6.4     73830
2018  7 10 21      0.0    319.0   0.00000000   0.00000000    276.2   97.6      2.6     73830
2018  7 10 22      0.0    291.0   0.00000000   0.00000000    276.0   95.8      3.3     73810
2018  7 10 23      0.0    310.0   0.00000000   0.00000000    275.9   97.1      3.7     73760
2018  7 11  0      0.0    323.0   0.00000000   0.00000000    275.9   97.2      4.0     73740
2018  7 11  1      0.0    324.0   0.00000000   0.00000000    275.8   99.7      2.5     73700
2018  7 11  2      0.0    323.0   0.00000000   0.00000000    275.6   98.3      1.8     73680
2018  7 11  3      0.0    319.0   0.00000000   0.00000000    275.4   97.9      2.3     73660
2018  7 11  4      1.0    295.0   0.00000000   0.00000000    275.4   95.1      2.2     73630
2018  7 11  5     21.0    305.0   0.00000000   0.00000000    275.2   98.5      1.5     73640
2018  7 11  6     91.0    309.0   0.00000000   0.00000000    275.2   95.9      1.2     73640
2018  7 11  7    273.0    301.0   0.00000000   0.00000000    275.5   93.6      2.1     73650
2018  7 11  8    456.0    295.0   0.00000000   0.00000000    276.0   90.3      3.0     73650
2018  7 11  9    568.0    301.0   0.00000000   0.00000000    277.0   84.0      2.5     73650
2018  7 11 10    915.0    278.0   0.00000000   0.00000000    278.5   74.9      2.4     73680
2018  7 11 11   1051.0    277.0   0.00000000   0.00000000    279.6   66.0      2.5     73690
2018  7 11 12   1015.0    274.0   0.00000000   0.00000000    280.2   64.3      3.2     73690
2018  7 11 13    740.0    303.0   0.00000000   0.00000000    279.9   72.9      4.3     73710
2018  7 11 14    828.0    278.0   0.00000000   0.00000000    278.2   79.4      6.3     73710
2018  7 11 15    795.0    259.0   0.00000000   0.00000000    278.6   72.0      6.5     73720
2018  7 11 16    637.0    245.0   0.00000000   0.00000000    278.4   74.0      5.8     73750
2018  7 11 17    393.0    243.0   0.00000000   0.00000000    277.5   80.7      7.7     73770
2018  7 11 18    222.0    237.0   0.00000000   0.00000000    277.1   82.0      8.0     73790
2018  7 11 19     47.0    234.0   0.00000000   0.00000000    276.3   86.6      7.3     73810
2018  7 11 20      1.0    230.0   0.00000000   0.00000000    275.8   91.2      6.3     73840
2018  7 11 21      0.0    234.0   0.00000000   0.00000000    275.3   95.0      3.8     73870
2018  7 11 22      0.0    237.0   0.00000000   0.00000000    275.4   91.9      1.2     73880
2018  7 11 23      0.0    228.0   0.00000000   0.00000000    275.5   90.4      2.8     73870
2018  7 12  0      0.0    228.0   0.00000000   0.00000000    276.0   85.6      3.9     73870
2018  7 12  1      0.0    226.0   0.00000000   0.00000000    276.5   79.6      3.4     73850
2018  7 12  2      0.0    230.0   0.00000000   0.00000000    277.0   61.0      4.1     73830
2018  7 12  3      0.0    230.0   0.00000000   0.00000000    277.8   39.9      4.1     73810
2018  7 12  4      4.0    232.0   0.00000000   0.00000000    277.6   52.1      2.7     73810
2018  7 12  5     92.0    237.0   0.00000000   0.00000000    277.8   74.2      2.0     73820
2018  7 12  6    224.0    250.0   0.00000000   0.00000000    278.1   77.2      2.4     73840
2018  7 12  7    452.0    265.0   0.00000000   0.00000000    278.5   73.6      1.1     73860
2018  7 12  8    637.0    250.0   0.00000000   0.00000000    279.2   74.5      1.5     73890
2018  7 12  9    688.0    275.0   0.00000000   0.00000000    280.6   75.9      1.5     73910
2018  7 12 10    991.0    285.0   0.00000000   0.00000000    282.2   70.6      1.3     73940
2018  7 12 11   1023.0    286.0   0.00000000   0.00000000    283.8   64.5      1.3     73970
2018  7 12 12   1051.0    306.0   0.00000000   0.00000000    284.4   61.0      1.4     73990
2018  7 12 13    474.0    321.0   0.00000000   0.00000000    282.2   74.2      2.3     74000
2018  7 12 14    593.0    304.0   0.00000000   0.00000000    281.0   77.7      5.5     74010
2018  7 12 15    710.0    275.0   0.00000000   0.00000000    281.2   73.1      6.3     74010
2018  7 12 16    533.0    274.0   0.00000000   0.00000000    280.9   77.4      6.7     74010
2018  7 12 17    226.0    303.0   0.00000000   0.00000000    280.3   86.1      7.6     74020
2018  7 12 18     62.0    309.0   0.00000000   0.00000000    278.9   94.3      8.2     74050
2018  7 12 19     17.0    318.0   0.00000000   0.00002778    278.4   96.6      7.4     74070
2018  7 12 20      0.0    282.0   0.00000000   0.00002778    278.0   96.1      5.2     74110
2018  7 12 21      0.0    291.0   0.00000000   0.00000000    278.0   94.4      4.3     74150
2018  7 12 22      0.0    276.0   0.00000000   0.00002778    277.8   94.1      3.8     74150
2018  7 12 23      0.0    246.0   0.00000000   0.00000000    277.3   96.1      2.1     74150
2018  7 13  0      0.0    239.0   0.00000000   0.00000000    277.1   96.0      1.8     74150
2018  7 13  1      0.0    236.0   0.00000000   0.00002778    276.8   97.2      1.6     74140
2018  7 13  2      0.0    236.0   0.00000000   0.00000000    277.1   93.9      1.5     74140
2018  7 13  3      0.0    237.0   0.00000000   0.00002778    277.0   94.9      2.0     74150
2018  7 13  4      3.0    234.0   0.00000000   0.00000000    277.2   90.1      2.1     74150
2018  7 13  5     91.0    232.0   0.00000000   0.00000000    277.3   83.2      2.0     74160
2018  7 13  6    245.0    230.0   0.00000000   0.00005556    278.0   67.1      1.4     74170
2018  7 13  7    466.0    232.0   0.00000000   0.00000000    279.3   48.7      2.3     74190
2018  7 13  8    649.0    239.0   0.00000000   0.00000000    279.8   49.7      2.4     74230
2018  7 13  9    579.0    252.0   0.00000000   0.00000000    281.2   57.8      1.8     74240
2018  7 13 10    904.0    249.0   0.00000000   0.00000000    281.5   46.6      2.0     74270
2018  7 13 11    983.0    253.0   0.00000000   0.00000000    282.9   44.2      2.8     74300
2018  7 13 12    928.0    263.0   0.00000000   0.00000000    283.8   47.0      4.1     74300
2018  7 13 13    905.0    266.0   0.00000000   0.00000000    282.5   51.2      5.3     74300
2018  7 13 14    874.0    263.0   0.00000000   0.00000000    283.4   48.4      4.5     74300
2018  7 13 15    773.0    261.0   0.00000000   0.00000000    282.9   54.0      5.8     74310
2018  7 13 16    607.0    262.0   0.00000000   0.00000000    282.8   57.0      7.2     74300
2018  7 13 17    424.0    261.0   0.00000000   0.00000000    282.4   59.6      8.3     74310
2018  7 13 18    231.0    260.0   0.00000000   0.00000000    281.6   67.1      7.5     74300
2018  7 13 19     44.0    261.0   0.00000000   0.00000000    280.3   80.1      6.6     74320
2018  7 13 20      0.0    260.0   0.00000000   0.00000000    279.8   83.6      5.5     74340
2018  7 13 21      0.0    281.0   0.00000000   0.00002778    279.6   83.7      6.0     74370
2018  7 13 22      0.0    325.0   0.00000000   0.00000000    279.5   84.0      5.2     74390
2018  7 13 23      0.0    335.0   0.00000000   0.00011111    278.8   93.8      2.7     74410
2018  7 14  0      0.0    298.0   0.00000000   0.00013889    279.3   77.0      3.2     74370
2018  7 14  1      0.0    278.0   0.00000000   0.00002778    279.5   72.9      2.8     74360
2018  7 14  2      0.0    256.0   0.00000000   0.00000000    280.1   68.9      1.9     74340
2018  7 14  3      0.0    268.0   0.00000000   0.00000000    280.0   68.1      2.0     74340
2018  7 14  4      3.0    285.0   0.00000000   0.00002778    279.8   70.9      2.9     74320
2018  7 14  5     38.0    305.0   0.00000000   0.00000000    279.5   76.0      3.4     74320
2018  7 14  6    172.0    268.0   0.00000000   0.00002778    279.6   78.3      1.2     74330
2018  7 14  7    176.0    321.0   0.00000000   0.00002778    280.0   78.5      2.1     74350
2018  7 14  8    298.0    314.0   0.00000000   0.00000000    280.8   77.4      1.2     74350
2018  7 14  9    368.0    317.0   0.00000000   0.00000000    280.2   81.0      2.8     74350
2018  7 14 10    676.0    308.0   0.00000000   0.00002778    281.8   80.0      2.6     74350
2018  7 14 11    268.0    337.0   0.00000000   0.00002778    281.9   79.8      2.8     74360
2018  7 14 12    321.0    334.0   0.00000000   0.00002778    280.8   85.6      3.8     74360
2018  7 14 13    672.0    304.0   0.00000000   0.00000000    282.6   71.7      2.0     74350
2018  7 14 14    499.0    305.0   0.00000000   0.00000000    283.6   65.5      2.7     74320
2018  7 14 15    579.0    286.0   0.00000000   0.00000000    283.6   63.7      3.9     74290
2018  7 14 16    625.0    285.0   0.00000000   0.00000000    283.5   64.3      6.3     74260
2018  7 14 17    336.0    282.0   0.00000000   0.00000000    282.8   71.8      7.1     74230
2018  7 14 18     64.0    311.0   0.00000000   0.00000000    281.8   80.7      6.4     74210
2018  7 14 19      6.0    333.0   0.00000000   0.00000000    280.9   91.8      6.2     74210
2018  7 14 20      0.0    341.0   0.00000000   0.00016667    279.3   94.1      6.6     74240
2018  7 14 21      0.0    331.0   0.00000000   0.00008333    278.5   85.3      4.0     74260
2018  7 14 22      0.0    320.0   0.00000000   0.00002778    278.8   79.5      2.5     74240
2018  7 14 23      0.0    301.0   0.00000000   0.00000000    279.4   73.8      1.9     74210
2018  7 15  0      0.0    320.0   0.00000000   0.00000000    279.5   74.9      3.2     74200
2018  7 15  1      0.0    318.0   0.00000000   0.00000000    279.5   82.5      2.8     74170
2018  7 15  2      0.0    324.0   0.00000000   0.00000000    279.0   91.6      3.5     74130
2018  7 15  3      0.0    325.0   0.00000000   0.00000000    278.8   85.1      3.7     74110
2018  7 15  4     13.9    321.0   0.00000000   0.00002778    278.3   88.6      3.0     74090
2018  7 15  5     23.0    317.0   0.00000000   0.00000000    278.1   91.5      1.9     74060
2018  7 15  6     52.0    326.0   0.00000000   0.00002778    278.3   89.3      2.4     74070
2018  7 15  7    117.0    319.0   0.00000000   0.00000000    279.0   89.2      1.6     74100
2018  7 15  8    302.0    315.0   0.00000000   0.00002778    279.8   86.0      1.0     74110
2018  7 15  9    277.0    324.0   0.00000000   0.00002778    280.0   85.3      1.2     74120
2018  7 15 10    312.0    330.0   0.00000000   0.00000000    280.0   82.4      1.5     74130
2018  7 15 11    412.0    330.0   0.00000000   0.00000000    281.0   77.5      1.7     74120
2018  7 15 12    312.0    326.0   0.00000000   0.00002778    280.8   78.4      2.9     74110
2018  7 15 13    744.0    307.0   0.00000000   0.00000000    282.6   66.7      3.4     74100
2018  7 15 14    628.0    303.0   0.00000000   0.00000000    284.0   60.9      2.2     74080
2018  7 15 15    608.0    296.0   0.00000000   0.00000000    283.0   64.5      5.2     74050
2018  7 15 16    294.0    312.0   0.00000000   0.00000000    281.8   72.4      8.7     74010
2018  7 15 17     92.0    332.0   0.00000000   0.00088889    279.4   87.0      6.5     74030
2018  7 15 18    147.0    282.0   0.00000000   0.00000000    279.8   80.2      2.5     74020
2018  7 15 19     11.0    306.0   0.00000000   0.00000000    279.2   80.8      5.9     74000
2018  7 15 20      0.0    328.0   0.00000000   0.00008333    277.9   89.9      8.6     74030
2018  7 15 21      0.0    330.0   0.00000000   0.00052778    277.5   87.4      8.0     74080
2018  7 15 22      0.0    329.0   0.00000000   0.00011111    277.0   94.6      2.2     74080
2018  7 15 23      0.0    330.0   0.00000000   0.00019444    277.1   98.8      3.6     74050
2018  7 16  0      0.0    299.0   0.00000000   0.00000000    276.9   96.3      3.6     73990
2018  7 16  1      0.0    264.0   0.00000000   0.00000000    277.1   87.9      3.7     73950
2018  7 16  2      0.0    264.0   0.00000000   0.00000000    277.8   78.7      2.7     73950
2018  7 16  3      0.0    255.0   0.00000000   0.00002778    277.8   77.2      3.2     73930
2018  7 16  4      1.0    243.0   0.00000000   0.00000000    277.4   79.3      1.8     73910
2018  7 16  5     79.0    242.0   0.00000000   0.00002778    277.4   79.0      2.6     73910
2018  7 16  6    230.0    243.0   0.00000000   0.00000000    277.5   80.4      1.8     73900
2018  7 16  7    310.0    249.0   0.00000000   0.00000000    278.1   79.1      2.0     73900
2018  7 16  8    622.0    264.0   0.00000000   0.00002778    278.9   69.5      1.9     73890
2018  7 16  9    856.0    267.0   0.00000000   0.00000000    280.4   64.1      1.5     73880
2018  7 16 10    976.0    276.0   0.00000000   0.00000000    281.0   56.8      2.0     73900
2018  7 16 11    914.0    271.0   0.00000000   0.00000000    282.0   51.3      3.3     73900
2018  7 16 12   1014.0    264.0   0.00000000   0.00000000    282.8   43.7      3.1     73870
2018  7 16 13    944.0    295.0   0.00000000   0.00000000    283.6   50.6      2.9     73820
2018  7 16 14    676.0    301.0   0.00000000   0.00000000    283.1   53.4      4.3     73810
2018  7 16 15    739.0    271.0   0.00000000   0.00000000    282.6   51.8      5.9     73790
2018  7 16 16    627.0    272.0   0.00000000   0.00000000    282.0   62.2      7.0     73740
2018  7 16 17    357.0    273.0   0.00000000   0.00000000    281.2   70.3      7.6     73720
2018  7 16 18    119.0    279.0   0.00000000   0.00000000    280.4   78.7      8.9     73710
2018  7 16 19     27.0    297.0   0.00000000   0.00000000    279.8   82.6      7.5     73760
2018  7 16 20      0.0    259.0   0.00000000   0.00000000    279.2   83.4      7.8     73800
2018  7 16 21      0.0    249.0   0.00000000   0.00000000    278.5   88.9      9.2     73780
2018  7 16 22      0.0    310.0   0.00000000   0.00002778    278.1   88.7      6.8     73820
2018  7 16 23      0.0    319.0   0.00000000   0.00002778    277.8   93.3      6.1     73840
2018  7 17  0      0.0    327.0   0.00000000   0.00002778    277.6   97.1      7.5     73850
2018  7 17  1      0.0    327.0   0.00000000   0.00002778    277.4   98.5      7.3     73850
2018  7 17  2      0.0    317.0   0.00000000   0.00002778    277.1   98.2      6.4     73850
2018  7 17  3      0.0    310.0   0.00000000   0.00002778    277.0   99.4      6.7     73850
2018  7 17  4      1.0    265.0   0.00000000   0.00000000    276.8   97.3      7.1     73860
2018  7 17  5     52.0    259.0   0.00000000   0.00005556    276.5   95.1      7.1     73890
2018  7 17  6    133.0    287.0   0.00000000   0.00002778    276.6   94.4      6.7     73910
2018  7 17  7    161.0    302.0   0.00000000   0.00000000    276.8   90.9      6.3     73940
2018  7 17  8    346.0    284.0   0.00000000   0.00002778    277.3   87.8      6.2     73970
2018  7 17  9    448.0    290.0   0.00000000   0.00002778    277.9   84.5      5.7     74000
2018  7 17 10    379.0    313.0   0.00000000   0.00002778    278.8   82.0      5.8     74030
2018  7 17 11    319.0    321.0   0.00000000   0.00000000    279.9   75.9      5.2     74050
2018  7 17 12    152.0    326.0   0.00000000   0.00000000    277.9   86.0      7.7     74060
2018  7 17 13    335.0    311.0   0.00000000   0.00002778    278.0   75.0      7.8     74080
2018  7 17 14    663.0    292.0   0.00000000   0.00000000    279.1   68.5      6.9     74110
2018  7 17 15    504.0    300.0   0.00000000   0.00000000    279.0   76.3      7.5     74120
2018  7 17 16    403.0    277.0   0.00000000   0.00000000    278.8   74.0      7.6     74120
2018  7 17 17    251.0    299.0   0.00000000   0.00000000    279.3   75.9      6.6     74130
2018  7 17 18     60.0    304.0   0.00000000   0.00000000    278.5   87.4      6.3     74140
2018  7 17 19     15.0    282.0   0.00000000   0.00000000    278.1   91.9      5.7     74150
2018  7 17 20      0.0    259.0   0.00000000   0.00000000    277.8   93.2      5.4     74190
2018  7 17 21      0.0    262.0   0.00000000   0.00000000    277.5   95.5      4.3     74210
2018  7 17 22      0.0    250.0   0.00000000   0.00000000    277.4   95.6      4.5     74210
2018  7 17 23      0.0    244.0   0.00000000   0.00000000    277.2   88.1      3.7     74210
2018  7 18  0      0.0    243.0   0.00000000   0.00000000    277.3   88.0      3.0     74200
2018  7 18  1      0.0    244.0   0.00000000   0.00000000    277.2   85.1      1.6     74190
2018  7 18  2      0.0    244.0   0.00000000   0.00000000    277.1   84.5      2.6     74180
2018  7 18  3      0.0    244.0   0.00000000   0.00000000    277.4   76.9      3.4     74160
2018  7 18  4      1.0    242.0   0.00000000   0.00000000    277.3   79.1      3.9     74160
2018  7 18  5     75.0    242.0   0.00000000   0.00000000    277.1   84.0      3.0     74150
2018  7 18  6    212.0    243.0   0.00000000   0.00000000    278.2   82.4      2.0     74160
2018  7 18  7    338.0    259.0   0.00000000   0.00000000    278.9   81.2      1.4     74170
2018  7 18  8    255.0    296.0   0.00000000   0.00000000    279.2   81.8      1.5     74190
2018  7 18  9    273.0    303.0   0.00000000   0.00000000    279.8   77.8      1.2     74210
2018  7 18 10    574.0    282.0   0.00000000   0.00000000    282.0   65.0      1.6     74220
2018  7 18 11    833.0    274.0   0.00000000   0.00000000    282.1   62.4      2.1     74230
2018  7 18 12    783.0    266.0   0.00000000   0.00000000    283.2   50.3      2.2     74240
2018  7 18 13    995.0    258.0   0.00000000   0.00000000    283.5   40.3      5.3     74230
2018  7 18 14    916.0    243.0   0.00000000   0.00000000    283.6   30.4      5.5     74230
2018  7 18 15    782.0    246.0   0.00000000   0.00000000    284.0   33.7      5.9     74220
2018  7 18 16    614.0    252.0   0.00000000   0.00000000    283.8   40.6      6.3     74210
2018  7 18 17    422.0    254.0   0.00000000   0.00000000    283.8   44.7      6.5     74200
2018  7 18 18    223.0    254.0   0.00000000   0.00000000    283.0   56.0      5.8     74190
2018  7 18 19     47.0    250.0   0.00000000   0.00000000    282.0   63.9      6.0     74180
2018  7 18 20      0.0    248.0   0.00000000   0.00000000    281.3   63.2      5.2     74190
2018  7 18 21      0.0    248.0   0.00000000   0.00000000    280.8   68.7      4.7     74200
2018  7 18 22      0.0    248.0   0.00000000   0.00000000    280.6   63.3      5.0     74200
2018  7 18 23      0.0    248.0   0.00000000   0.00000000    280.8   51.0      5.2     74180
2018  7 19  0      0.0    250.0   0.00000000   0.00000000    280.5   41.6      4.3     74180
2018  7 19  1      0.0    255.0   0.00000000   0.00000000    280.8   35.2      1.2     74190
2018  7 19  2      0.0    260.0   0.00000000   0.00000000    280.9   41.3      1.0     74180
2018  7 19  3      0.0    262.0   0.00000000   0.00000000    280.9   52.1      0.7     74160
2018  7 19  4      1.0    258.0   0.00000000   0.00000000    280.8   59.2      2.2     74140
2018  7 19  5     64.0    258.0   0.00000000   0.00000000    280.8   62.4      2.8     74140
2018  7 19  6    210.0    255.0   0.00000000   0.00000000    280.8   61.8      2.0     74140
2018  7 19  7    432.0    256.0   0.00000000   0.00000000    281.8   51.8      2.2     74140
2018  7 19  8    614.0    256.0   0.00000000   0.00000000    281.6   61.4      2.3     74150
2018  7 19  9    639.0    264.0   0.00000000   0.00000000    282.3   63.9      1.7     74170
2018  7 19 10    439.0    280.0   0.00000000   0.00000000    282.1   66.3      3.7     74190
2018  7 19 11    741.0    277.0   0.00000000   0.00000000    283.4   61.8      4.6     74190
2018  7 19 12    748.0    281.0   0.00000000   0.00000000    283.8   56.8      4.3     74200
2018  7 19 13    970.0    271.0   0.00000000   0.00000000    284.8   47.3      5.3     74200
2018  7 19 14    883.0    270.0   0.00000000   0.00000000    285.4   45.9      5.0     74190
2018  7 19 15    759.0    269.0   0.00000000   0.00000000    285.3   46.5      6.5     74180
2018  7 19 16    596.0    269.0   0.00000000   0.00000000    284.9   54.6      6.8     74150
2018  7 19 17    381.0    271.0   0.00000000   0.00000000    284.4   60.7      7.0     74150
2018  7 19 18     72.0    271.0   0.00000000   0.00000000    283.4   68.0      6.3     74160
2018  7 19 19     22.0    281.0   0.00000000   0.00000000    282.3   76.0      4.3     74180
2018  7 19 20      0.0    298.0   0.00000000   0.00000000    281.5   83.2      5.3     74190
2018  7 19 21      0.0    295.0   0.00000000   0.00000000    280.9   88.2      3.4     74190
2018  7 19 22      0.0    301.0   0.00000000   0.00000000    281.1   87.0      2.8     74190
2018  7 19 23      0.0    271.0   0.00000000   0.00000000    281.0   86.9      1.3     74180
2018  7 20  0      0.0    281.0   0.00000000   0.00000000    281.2   85.2      0.8     74170
2018  7 20  1      0.0    269.0   0.00000000   0.00000000    281.6   77.6      1.2     74140
2018  7 20  2      0.0    306.0   0.00000000   0.00000000    281.6   74.2      0.8     74110
2018  7 20  3      0.0    300.0   0.00000000   0.00000000    281.5   76.2      1.5     74090
2018  7 20  4      1.0    275.0   0.00000000   0.00000000    281.6   72.6      1.5     74080
2018  7 20  5     47.0    295.0   0.00000000   0.00000000    281.5   73.9      1.5     74080
2018  7 20  6    185.0    276.0   0.00000000   0.00000000    281.8   69.2      2.5     74080
2018  7 20  7    428.0    268.0   0.00000000   0.00000000    282.1   70.4      1.8     74080
2018  7 20  8    308.0    300.0   0.00000000   0.00000000    282.2   74.0      1.4     74100
2018  7 20  9    202.0    333.0   0.00000000   0.00000000    282.3   75.0      2.1     74100
2018  7 20 10    497.0    311.0   0.00000000   0.00000000    282.8   72.6      4.2     74090
2018  7 20 11    530.0    332.0   0.00000000   0.00000000    283.8   69.0      4.2     74090
2018  7 20 12    280.0    325.0   0.00000000   0.00000000    283.6   67.6      4.0     74070
2018  7 20 13    121.0    339.0   0.00000000   0.00000000    282.4   71.1      4.0     74050
2018  7 20 14    321.0    329.0   0.00000000   0.00000000    281.9   76.0      2.4     74060
2018  7 20 15    416.0    303.0   0.00000000   0.00000000    281.8   90.4      6.2     74010
2018  7 20 16    294.0    320.0   0.00000000   0.00000000    282.8   82.1      3.2     73990
2018  7 20 17     23.0    346.0   0.00000000   0.00000000    281.0   88.2      4.5     73970
2018  7 20 18      4.0    343.0   0.00000000   0.00000000    278.1   99.0     11.7     73960
2018  7 20 19      2.0    337.0   0.00000000   0.00000000    277.6   98.2     10.1     73970
2018  7 20 20      0.0    336.0   0.00000000   0.00000000    277.8   98.2      2.1     74030
2018  7 20 21      0.0    331.0   0.00000000   0.00000000    277.8   94.9      3.4     73980
2018  7 20 22      0.0    332.0   0.00000000   0.00000000    277.8   90.6      2.6     73940
2018  7 20 23      0.0    331.0   0.00000000   0.00000000    277.6   90.0      2.5     73890
2018  7 21  0      0.0    329.0   0.00000000   0.00000000    277.6   94.9      3.8     73850
2018  7 21  1      0.0    333.0   0.00000000   0.00000000    277.1   96.8      4.8     73800
2018  7 21  2      0.0    328.0   0.00000000   0.00000000    276.3   94.8      5.2     73730
2018  7 21  3      0.0    325.0   0.00000000   0.00000000    276.1   95.7      3.7     73690
2018  7 21  4      7.6    326.0   0.00000000   0.00000000    276.8   86.9      2.4     73660
2018  7 21  5     13.0    315.0   0.00000000   0.00000000    276.9   89.5      2.5     73640
2018  7 21  6     47.0    323.0   0.00000000   0.00000000    276.9   92.6      1.4     73650
2018  7 21  7    175.0    307.0   0.00000000   0.00000000    276.9   93.2      1.1     73680
2018  7 21  8    243.0    325.0   0.00000000   0.00000000    277.6   94.6      1.3     73690
2018  7 21  9    225.0    332.0   0.00000000   0.00000000    278.1   95.6      1.1     73680
2018  7 21 10    188.0    335.0   0.00000000   0.00000000    277.9   97.0      2.5     73700
2018  7 21 11    372.0    327.0   0.00000000   0.00000000    278.0   90.6      5.4     73710
2018  7 21 12    273.0    329.0   0.00000000   0.00000000    278.8   90.2      4.9     73720
2018  7 21 13    230.0    333.0   0.00000000   0.00000000    278.8   91.2      3.1     73720
2018  7 21 14    110.0    340.0   0.00000000   0.00000000    278.8   98.8      2.8     73720
2018  7 21 15     74.0    345.0   0.00000000   0.00000000    278.0   96.8      2.2     73720
2018  7 21 16     87.0    340.0   0.00000000   0.00000000    277.6  100.0      5.4     73720
2018  7 21 17    107.0    337.0   0.00000000   0.00000000    277.5   99.8      4.4     73720
2018  7 21 18     63.0    332.0   0.00000000   0.00000000    277.4  100.0      6.4     73700
2018  7 21 19      7.0    330.0   0.00000000   0.00000000    276.8   99.3      7.9     73710
2018  7 21 20      0.0    328.0   0.00000000   0.00000000    276.5   98.9      8.4     73740
2018  7 21 21      0.0    330.0   0.00000000   0.00000000    276.6   99.9      6.7     73780
2018  7 21 22      0.0    329.0   0.00000000   0.00000000    276.6  100.0      8.4     73760
2018  7 21 23      0.0    330.0   0.00000000   0.00000000    276.8  100.0      8.4     73750
2018  7 22  0      0.0    330.0   0.00000000   0.00000000    276.8  100.0      7.7     73750
2018  7 22  1      0.0    328.0   0.00000000   0.00000000    276.6   99.9      8.0     73750
2018  7 22  2      0.0    329.0   0.00000000   0.00000000    276.6  100.0      7.7     73720
2018  7 22  3      0.0    328.0   0.00000000   0.00000000    276.5  100.0      7.2     73700
2018  7 22  4      5.1    325.0   0.00000000   0.00000000    276.3   99.6      7.0     73710
2018  7 22  5      2.0    331.0   0.00000000   0.00000000    276.3  100.0      5.0     73730
2018  7 22  6     42.0    332.0   0.00000000   0.00000000    276.3  100.0      6.6     73740
2018  7 22  7    108.0    326.0   0.00000000   0.00000000    276.1   99.9      9.0     73740
2018  7 22  8    126.0    325.0   0.00000000   0.00000000    276.0   99.4      7.5     73770
2018  7 22  9    223.0    322.0   0.00000000   0.00000000    275.9   97.9      7.5     73790
2018  7 22 10    308.0    325.0   0.00000000   0.00000000    276.4   95.9      6.2     73820
2018  7 22 11    452.0    326.0   0.00000000   0.00000000    277.0   91.8      4.6     73860
2018  7 22 12    272.0    332.0   0.00000000   0.00000000    278.2   93.3      1.8     73860
2018  7 22 13    464.0    329.0   0.00000000   0.00000000    278.8   93.0      3.0     73860
2018  7 22 14    216.0    331.0   0.00000000   0.00000000    277.5   97.0      5.1     73840
2018  7 22 15    194.0    325.0   0.00000000   0.00000000    277.5   94.3      5.2     73860
2018  7 22 16    188.0    330.0   0.00000000   0.00000000    277.6   97.7      6.4     73850
2018  7 22 17    105.0    332.0   0.00000000   0.00000000    277.6   99.7      6.5     73840
2018  7 22 18     42.0    334.0   0.00000000   0.00000000    277.5  100.0      5.9     73850
2018  7 22 19      3.0    334.0   0.00000000   0.00000000    277.4  100.0      4.8     73880
2018  7 22 20      0.0    337.0   0.00000000   0.00000000    277.5  100.0      3.3     73910
2018  7 22 21      0.0    334.0   0.00000000   0.00000000    277.4  100.0      4.9     73930
2018  7 22 22      0.0    331.0   0.00000000   0.00000000    277.0  100.0      7.7     73920
2018  7 22 23      0.0    325.0   0.00000000   0.00000000    276.8   99.8      5.4     73940
2018  7 23  0      0.0    323.0   0.00000000   0.00000000    276.8   99.8      5.6     73910
2018  7 23  1      0.0    329.0   0.00000000   0.00000000    276.8  100.0      5.4     73880
2018  7 23  2      0.0    331.0   0.00000000   0.00000000    276.9  100.0      5.8     73870
2018  7 23  3      0.0    333.0   0.00000000   0.00000000    277.0  100.0      5.1     73870
2018  7 23  4      4.1    337.0   0.00000000   0.00000000    277.0  100.0      5.3     73870
2018  7 23  5      4.0    337.0   0.00000000   0.00000000    277.3  100.0      6.6     73880
2018  7 23  6     18.0    337.0   0.00000000   0.00000000    277.5  100.0      7.2     73890
2018  7 23  7     53.0    338.0   0.00000000   0.00000000    277.6  100.0      7.4     73910
2018  7 23  8     46.0    342.0   0.00000000   0.00000000    277.8  100.0      7.0     73960
2018  7 23  9    187.0    334.0   0.00000000   0.00000000    277.6   99.1      5.0     74010
2018  7 23 10    381.0    334.0   0.00000000   0.00000000    278.1   99.4      4.7     74040
2018  7 23 11    345.0    338.0   0.00000000   0.00000000    279.4   97.1      3.4     74060
2018  7 23 12    391.0    332.0   0.00000000   0.00000000    280.0   91.7      3.6     74090
2018  7 23 13    646.0    324.0   0.00000000   0.00000000    282.1   78.4      4.4     74100
2018  7 23 14    522.0    331.0   0.00000000   0.00000000    282.3   80.5      4.2     74120
2018  7 23 15    198.0    340.0   0.00000000   0.00000000    281.8   83.5      4.6     74130
2018  7 23 16    258.0    325.0   0.00000000   0.00000000    281.4   85.8      4.5     74140
2018  7 23 17    154.0    311.0   0.00000000   0.00000000    281.0   85.7      4.2     74150
2018  7 23 18     61.0    295.0   0.00000000   0.00000000    280.2   91.3      4.0     74170
2018  7 23 19     34.0    293.0   0.00000000   0.00000000    280.0   92.5      3.4     74180
2018  7 23 20      0.0    254.0   0.00000000   0.00000000    279.4   89.9      2.1     74210
2018  7 23 21      0.0    251.0   0.00000000   0.00000000    279.2   86.1      2.4     74220
2018  7 23 22      0.0    249.0   0.00000000   0.00000000    279.1   79.6      2.5     74200
2018  7 23 23      0.0    249.0   0.00000000   0.00000000    279.5   73.8      1.9     74180
2018  7 24  0      0.0    248.0   0.00000000   0.00000000    279.3   77.2      1.9     74170
2018  7 24  1      0.0    247.0   0.00000000   0.00000000    279.0   79.2      4.1     74140
2018  7 24  2      0.0    247.0   0.00000000   0.00000000    279.5   66.0      2.9     74100
2018  7 24  3      0.0    247.0   0.00000000   0.00000000    280.2   58.1      3.0     74080
2018  7 24  4      1.0    246.0   0.00000000   0.00000000    279.8   63.4      5.0     74080
2018  7 24  5     67.0    250.0   0.00000000   0.00000000    280.1   63.3      4.8     74080
2018  7 24  6    207.0    252.0   0.00000000   0.00000000    280.4   68.3      4.6     74070
2018  7 24  7    426.0    254.0   0.00000000   0.00000000    280.8   69.7      3.6     74090
2018  7 24  8    603.0    257.0   0.00000000   0.00000000    281.6   67.0      2.0     74100
2018  7 24  9    780.0    263.0   0.00000000   0.00000000    282.1   63.5      2.4     74110
2018  7 24 10    669.0    286.0   0.00000000   0.00000000    283.8   61.5      1.7     74120
2018  7 24 11    831.0    292.0   0.00000000   0.00000000    283.4   60.1      5.3     74110
2018  7 24 12    993.0    282.0   0.00000000   0.00000000    284.1   60.0      7.3     74100
2018  7 24 13    766.0    296.0   0.00000000   0.00000000    284.0   58.0      6.7     74100
2018  7 24 14    586.0    328.0   0.00000000   0.00000000    283.8   63.2      7.8     74100
2018  7 24 15    511.0    330.0   0.00000000   0.00000000    283.8   66.0      7.3     74100
2018  7 24 16    190.0    326.0   0.00000000   0.00000000    282.8   83.6      7.1     74090
2018  7 24 17    252.0    333.0   0.00000000   0.00000000    282.8   84.1      7.7     74090
2018  7 24 18     80.0    333.0   0.00000000   0.00000000    282.3   85.0      7.4     74090
2018  7 24 19     35.0    312.0   0.00000000   0.00000000    281.8   86.5      6.6     74100
2018  7 24 20      0.0    294.0   0.00000000   0.00000000    281.3   92.3      6.5     74120
2018  7 24 21      0.0    285.0   0.00000000   0.00000000    281.0   96.0      5.5     74140
2018  7 24 22      0.0    276.0   0.00000000   0.00000000    280.8   96.3      5.8     74140
2018  7 24 23      0.0    268.0   0.00000000   0.00000000    280.8   91.6      7.1     74130
2018  7 25  0      0.0    277.0   0.00000000   0.00000000    280.5   89.3      7.2     74120
2018  7 25  1      0.0    314.0   0.00000000   0.00000000    280.4   93.0      6.6     74110
2018  7 25  2      0.0    298.0   0.00000000   0.00000000    280.1   96.0      5.5     74100
2018  7 25  3      0.0    284.0   0.00000000   0.00000000    279.9   95.1      5.2     74090
2018  7 25  4      2.2    272.0   0.00000000   0.00000000    279.8   95.9      4.6     74100
2018  7 25  5     34.0    289.0   0.00000000   0.00000000    279.6   97.3      4.9     74110
2018  7 25  6    136.0    298.0   0.00000000   0.00000000    279.5   97.9      4.9     74130
2018  7 25  7    341.0    288.0   0.00000000   0.00000000    280.3   90.4      4.3     74130
2018  7 25  8    674.0    301.0   0.00000000   0.00000000    282.9   75.4      3.7     74150
2018  7 25  9    596.0    317.0   0.00000000   0.00000000    281.9   76.8      4.5     74180
2018  7 25 10    572.0    303.0   0.00000000   0.00000000    282.5   75.9      4.5     74190
2018  7 25 11    855.0    291.0   0.00000000   0.00000000    282.8   73.9      4.7     74190
2018  7 25 12    843.0    297.0   0.00000000   0.00000000    283.3   72.9      6.5     74180
2018  7 25 13    982.0    281.0   0.00000000   0.00000000    284.0   69.0      6.3     74180
2018  7 25 14    745.0    303.0   0.00000000   0.00000000    283.9   70.4      7.5     74180
2018  7 25 15    480.0    308.0   0.00000000   0.00000000    284.1   70.0      8.1     74170
2018  7 25 16    370.0    323.0   0.00000000   0.00000000    283.9   69.6      7.8     74170
2018  7 25 17    266.0    311.0   0.00000000   0.00000000    283.4   72.7      9.3     74160
2018  7 25 18    195.0    277.0   0.00000000   0.00000000    283.0   76.7      7.8     74170
2018  7 25 19     32.0    285.0   0.00000000   0.00000000    282.3   82.4      7.4     74180
2018  7 25 20      0.0    274.0   0.00000000   0.00000000    281.8   87.0      6.6     74210
2018  7 25 21      0.0    266.0   0.00000000   0.00000000    281.3   87.9      5.9     74230
2018  7 25 22      0.0    263.0   0.00000000   0.00000000    281.1   88.1      6.7     74240
2018  7 25 23      0.0    261.0   0.00000000   0.00000000    280.9   86.5      5.5     74230
2018  7 26  0      0.0    261.0   0.00000000   0.00000000    280.8   83.9      4.1     74200
2018  7 26  1      0.0    262.0   0.00000000   0.00000000    281.0   75.1      4.5     74170
2018  7 26  2      0.0    261.0   0.00000000   0.00000000    280.9   72.6      5.3     74160
2018  7 26  3      0.0    256.0   0.00000000   0.00000000    280.3   82.9      5.8     74130
2018  7 26  4      1.3    251.0   0.00000000   0.00000000    280.0   83.4      5.2     74120
2018  7 26  5     62.0    250.0   0.00000000   0.00000000    280.4   80.4      4.4     74120
2018  7 26  6    202.0    253.0   0.00000000   0.00000000    280.8   76.6      4.1     74140
2018  7 26  7    418.0    260.0   0.00000000   0.00000000    282.0   71.4      4.6     74150
2018  7 26  8    609.0    277.0   0.00000000   0.00000000    283.6   64.3      4.0     74160
2018  7 26  9    750.0    286.0   0.00000000   0.00000000    284.5   59.4      3.2     74160
2018  7 26 10    571.0    295.0   0.00000000   0.00000000    284.4   59.5      2.7     74160
2018  7 26 11    445.0    304.0   0.00000000   0.00000000    284.2   59.1      3.9     74140
2018  7 26 12    628.0    296.0   0.00000000   0.00000000    286.0   53.8      4.4     74130
2018  7 26 13    873.0    288.0   0.00000000   0.00000000    284.6   62.1      5.9     74110
2018  7 26 14    747.0    287.0   0.00000000   0.00000000    285.0   61.6      5.8     74100
2018  7 26 15    328.0    324.0   0.00000000   0.00000000    284.1   69.9      7.7     74090
2018  7 26 16    342.0    338.0   0.00000000   0.00000000    283.5   78.7      7.8     74090
2018  7 26 17    159.0    313.0   0.00000000   0.00000000    282.8   84.4      7.6     74090
2018  7 26 18    110.0    311.0   0.00000000   0.00000000    282.5   85.7      8.3     74090
2018  7 26 19     45.0    286.0   0.00000000   0.00000000    282.0   88.6      8.6     74100
2018  7 26 20      0.0    278.0   0.00000000   0.00000000    281.5   90.9      8.3     74120
2018  7 26 21      0.0    284.0   0.00000000   0.00000000    281.3   93.0      4.5     74160
2018  7 26 22      0.0    264.0   0.00000000   0.00000000    281.0   93.8      2.0     74170
2018  7 26 23      0.0    261.0   0.00000000   0.00000000    280.9   91.6      1.4     74150
2018  7 27  0      0.0    259.0   0.00000000   0.00000000    281.1   87.9      2.0     74130
2018  7 27  1      0.0    257.0   0.00000000   0.00000000    281.1   78.6      2.7     74110
2018  7 27  2      0.0    256.0   0.00000000   0.00000000    280.8   86.3      2.3     74070
2018  7 27  3      0.0    252.0   0.00000000   0.00000000    280.4   89.7      1.6     74030
2018  7 27  4      0.0    260.0   0.00000000   0.00000000    280.4   88.8      1.3     74010
2018  7 27  5     58.0    252.0   0.00000000   0.00000000    280.4   87.5      1.3     74010
2018  7 27  6    201.0    251.0   0.00000000   0.00000000    280.5   86.8      1.3     74020
2018  7 27  7    115.0    266.0   0.00000000   0.00000000    280.5   91.2      2.3     74030
2018  7 27  8    564.0    254.0   0.00000000   0.00000000    282.2   67.2      2.2     74050
2018  7 27  9    396.0    276.0   0.00000000   0.00000000    281.9   67.2      2.0     74040
2018  7 27 10    609.0    290.0   0.00000000   0.00000000    282.5   69.1      3.9     74030
2018  7 27 11    767.0    294.0   0.00000000   0.00000000    283.2   66.6      3.2     74050
2018  7 27 12   1000.0    282.0   0.00000000   0.00000000    284.8   57.9      2.9     74040
2018  7 27 13    690.0    286.0   0.00000000   0.00000000    285.6   55.1      3.4     74040
2018  7 27 14    848.0    276.0   0.00000000   0.00000000    285.2   55.6      5.4     74030
2018  7 27 15    752.0    274.0   0.00000000   0.00000000    285.1   56.3      6.4     74010
2018  7 27 16    582.0    274.0   0.00000000   0.00000000    285.2   55.0      7.0     74000
2018  7 27 17    398.0    270.0   0.00000000   0.00000000    284.8   63.8      7.8     74000
2018  7 27 18    200.0    269.0   0.00000000   0.00000000    283.9   71.0      7.7     74000
2018  7 27 19     26.0    269.0   0.00000000   0.00000000    283.0   77.3      6.8     74010
2018  7 27 20      0.0    268.0   0.00000000   0.00000000    282.5   78.9      6.8     74020
2018  7 27 21      0.0    269.0   0.00000000   0.00000000    282.3   78.1      4.0     74060
2018  7 27 22      0.0    271.0   0.00000000   0.00000000    282.6   74.3      2.9     74050
2018  7 27 23      0.0    287.0   0.00000000   0.00000000    282.4   74.7      1.2     74030
2018  7 28  0      0.0    295.0   0.00000000   0.00000000    282.3   75.9      2.3     74010
2018  7 28  1      0.0    291.0   0.00000000   0.00000000    282.2   74.4      2.7     73990
2018  7 28  2      0.0    269.0   0.00000000   0.00000000    282.1   70.8      2.7     73980
2018  7 28  3      0.0    261.0   0.00000000   0.00000000    281.9   68.5      3.3     73940
2018  7 28  4      0.0    267.0   0.00000000   0.00000000    282.0   67.1      4.2     73920
2018  7 28  5     43.0    290.0   0.00000000   0.00000000    282.1   69.3      5.3     73920
2018  7 28  6    157.0    290.0   0.00000000   0.00000000    282.1   71.3      3.9     73920
2018  7 28  7    274.0    293.0   0.00000000   0.00000000    282.3   72.9      4.9     73930
2018  7 28  8    134.0    336.0   0.00000000   0.00000000    281.8   80.0      5.9     73950
2018  7 28  9    202.0    338.0   0.00000000   0.00000000    280.3   80.3      8.0     73980
2018  7 28 10    182.0    337.0   0.00000000   0.00000000    279.3   92.2      7.6     74020
2018  7 28 11    339.0    336.0   0.00000000   0.00000000    280.1   83.5      4.8     74040
2018  7 28 12    623.0    323.0   0.00000000   0.00000000    282.2   80.8      1.5     74040
2018  7 28 13    505.0    332.0   0.00000000   0.00000000    283.8   74.1      1.9     74060
2018  7 28 14    444.0    307.0   0.00000000   0.00000000    282.8   69.7      3.4     74050
2018  7 28 15    426.0    307.0   0.00000000   0.00000000    283.1   70.4      3.8     74050
2018  7 28 16    153.0    334.0   0.00000000   0.00000000    281.9   83.6      4.4     74070
2018  7 28 17     32.0    348.0   0.00000000   0.00000000    280.8   98.9      2.7     74080
2018  7 28 18     21.0    350.0   0.00000000   0.00000000    280.5   99.6      2.7     74080
2018  7 28 19     26.0    303.0   0.00000000   0.00000000    280.5   93.7      2.4     74070
2018  7 28 20      0.0    307.0   0.00000000   0.00000000    280.8   86.9      3.4     74110
2018  7 28 21      0.0    311.0   0.00000000   0.00000000    280.3   91.7      2.9     74150
2018  7 28 22      0.0    302.0   0.00000000   0.00000000    279.6   99.0      3.9     74170
2018  7 28 23      0.0    270.0   0.00000000   0.00000000    280.0   87.1      2.0     74160
2018  7 29  0      0.0    261.0   0.00000000   0.00000000    280.0   84.7      2.7     74150
2018  7 29  1      0.0    262.0   0.00000000   0.00000000    279.8   88.0      3.3     74130
2018  7 29  2      0.0    253.0   0.00000000   0.00000000    279.3   88.4      3.8     74130
2018  7 29  3      0.0    252.0   0.00000000   0.00000000    279.1   88.1      4.1     74110
2018  7 29  4      0.0    252.0   0.00000000   0.00000000    278.9   89.8      4.1     74110
2018  7 29  5     56.0    252.0   0.00000000   0.00000000    279.2   87.4      3.4     74130
2018  7 29  6    186.0    252.0   0.00000000   0.00000000    280.1   80.0      2.6     74130
2018  7 29  7    411.0    254.0   0.00000000   0.00000000    281.3   75.9      2.9     74130
2018  7 29  8    575.0    259.0   0.00000000   0.00000000    282.1   68.8      2.7     74150
2018  7 29  9    745.0    268.0   0.00000000   0.00000000    283.2   66.4      2.5     74180
2018  7 29 10    855.0    273.0   0.00000000   0.00000000    284.8   59.0      2.8     74200
2018  7 29 11    909.0    278.0   0.00000000   0.00000000    286.0   57.6      2.5     74200
2018  7 29 12    869.0    292.0   0.00000000   0.00000000    286.6   58.1      2.3     74220
2018  7 29 13    914.0    305.0   0.00000000   0.00000000    286.6   61.1      1.8     74230
2018  7 29 14    820.0    300.0   0.00000000   0.00000000    287.3   59.5      2.6     74230
2018  7 29 15    742.0    294.0   0.00000000   0.00000000    287.4   59.8      2.5     74240
2018  7 29 16    424.0    302.0   0.00000000   0.00000000    286.8   65.3      3.5     74240
2018  7 29 17    349.0    296.0   0.00000000   0.00000000    285.9   69.2      5.2     74240
2018  7 29 18    207.0    285.0   0.00000000   0.00000000    285.4   68.8      5.1     74260
2018  7 29 19     23.0    278.0   0.00000000   0.00000000    284.8   70.0      3.6     74290
2018  7 29 20      0.0    272.0   0.00000000   0.00000000    283.8   78.3      3.0     74320
2018  7 29 21      0.0    268.0   0.00000000   0.00000000    282.9   88.5      2.6     74360
2018  7 29 22      0.0    269.0   0.00000000   0.00000000    283.0   86.9      2.2     74370
2018  7 29 23      0.0    269.0   0.00000000   0.00000000    282.2   91.7      3.6     74390
2018  7 30  0      0.0    271.0   0.00000000   0.00000000    282.3   88.9      3.8     74380
2018  7 30  1      0.0    272.0   0.00000000   0.00000000    282.5   88.5      3.1     74380
2018  7 30  2      0.0    273.0   0.00000000   0.00000000    282.5   87.4      3.7     74370
2018  7 30  3      0.0    271.0   0.00000000   0.00000000    282.3   89.1      4.4     74350
2018  7 30  4      0.0    270.0   0.00000000   0.00000000    281.9   90.6      3.6     74350
2018  7 30  5     49.0    270.0   0.00000000   0.00000000    281.9   90.7      3.7     74370
2018  7 30  6    186.0    273.0   0.00000000   0.00000000    282.8   86.6      4.0     74380
2018  7 30  7    381.0    275.0   0.00000000   0.00000000    284.3   81.0      3.7     74400
2018  7 30  8    519.0    277.0   0.00000000   0.00000000    284.4   74.1      3.4     74420
2018  7 30  9    676.0    296.0   0.00000000   0.00000000    285.8   69.9      3.2     74440
2018  7 30 10    958.0    329.0   0.00000000   0.00000000    287.8   63.6      2.9     74440
2018  7 30 11    309.0    334.0   0.00000000   0.00000000    285.6   71.7      3.1     74450
2018  7 30 12    918.0    305.0   0.00000000   0.00000000    286.3   69.0      4.1     74440
2018  7 30 13    689.0    316.0   0.00000000   0.00000000    286.8   65.3      5.4     74430
2018  7 30 14    774.0    299.0   0.00000000   0.00000000    286.6   64.8      6.3     74430
2018  7 30 15    669.0    298.0   0.00000000   0.00000000    286.8   66.1      7.1     74420
2018  7 30 16    571.0    295.0   0.00000000   0.00000000    286.8   67.8      6.3     74410
2018  7 30 17    399.0    294.0   0.00000000   0.00000000    286.6   70.8      5.5     74440
2018  7 30 18    150.0    325.0   0.00000000   0.00000000    285.8   64.8      2.9     74480
2018  7 30 19     11.0    334.0   0.00000000   0.00000000    284.8   69.0      2.7     74500
2018  7 30 20      0.0    329.0   0.00000000   0.00000000    284.4   76.5      3.0     74540
2018  7 30 21      0.0    319.0   0.00000000   0.00000000    283.8   82.7      3.9     74560
2018  7 30 22      0.0    300.0   0.00000000   0.00000000    283.5   84.6      3.9     74560
2018  7 30 23      0.0    281.0   0.00000000   0.00000000    283.4   83.8      2.6     74550
2018  7 31  0      0.0    279.0   0.00000000   0.00000000    283.4   83.5      2.3     74530
2018  7 31  1      0.0    279.0   0.00000000   0.00000000    283.8   79.0      2.3     74510
2018  7 31  2      0.0    278.0   0.00000000   0.00000000    284.4   70.8      1.9     74480
2018  7 31  3      0.0    279.0   0.00000000   0.00000000    284.6   63.3      1.7     74460
2018  7 31  4      0.0    278.0   0.00000000   0.00000000    284.8   59.9      2.1     74440
2018  7 31  5     47.0    278.0   0.00000000   0.00000000    284.8   57.8      1.6     74450
2018  7 31  6    178.0    279.0   0.00000000   0.00000000    284.9   58.5      0.8     74460
2018  7 31  7    392.0    282.0   0.00000000   0.00000000    285.2   68.6      1.1     74490
2018  7 31  8    580.0    287.0   0.00000000   0.00000000    286.1   59.2      1.3     74510
2018  7 31  9    609.0    292.0   0.00000000   0.00000000    286.8   57.9      2.9     74530
2018  7 31 10    836.0    289.0   0.00000000   0.00000000    286.8   55.0      5.5     74540
2018  7 31 11    862.0    288.0   0.00000000   0.00000000    286.8   55.2      6.4     74550
2018  7 31 12    980.0    288.0   0.00000000   0.00000000    287.1   53.0      7.3     74550
2018  7 31 13    907.0    305.0   0.00000000   0.00000000    288.0   54.5      7.2     74550
2018  7 31 14    566.0    324.0   0.00000000   0.00000000    287.9   59.5      7.4     74550
2018  7 31 15    571.0    332.0   0.00000000   0.00000000    287.8   61.1      6.8     74560
2018  7 31 16    475.0    294.0   0.00000000   0.00000000    287.0   64.3      8.3     74560
2018  7 31 17    363.0    288.0   0.00000000   0.00000000    286.9   63.5      7.3     74570
2018  7 31 18    183.0    284.0   0.00000000   0.00000000    286.2   65.6      6.6     74580
2018  7 31 19     18.0    279.0   0.00000000   0.00000000    285.4   65.3      5.9     74610
2018  7 31 20      0.0    278.0   0.00000000   0.00000000    285.1   59.8      5.6     74630
2018  7 31 21      0.0    278.0   0.00000000   0.00000000    284.8   59.3      5.7     74650
2018  7 31 22      0.0    276.0   0.00000000   0.00000000    284.5   61.5      5.1     74640
2018  7 31 23      0.0    275.0   0.00000000   0.00000000    284.2   65.7      4.5     74640
