2016  9  1  0      0.0    334.8   0.00000000   0.00004537    278.6   99.9      7.6     86474
2016  9  1  1      0.0    337.3   0.00000000   0.00001099    278.3   99.1      6.5     86420
2016  9  1  2      0.0    335.2   0.00000000   0.00002754    278.4   99.9      9.4     86406
2016  9  1  3      0.0    335.1   0.00000000   0.00000195    277.9   99.9      8.6     86412
2016  9  1  4      0.0    337.8   0.00000000   0.00000474    277.7   99.8      9.5     86414
2016  9  1  5      1.5    335.2   0.00000000   0.00001020    277.7   99.9      9.2     86417
2016  9  1  6     10.4    337.4   0.00000000   0.00003648    277.9   99.9      8.2     86434
2016  9  1  7     23.6    337.4   0.00000000   0.00002514    277.7   99.9      7.8     86504
2016  9  1  8     39.6    337.3   0.00000000   0.00001084    277.7   99.9      6.3     86585
2016  9  1  9     39.3    335.7   0.00000000   0.00001043    277.6   99.3      7.5     86622
2016  9  1 10    160.4    333.8   0.00000000   0.00002094    278.3   99.4      5.7     86626
2016  9  1 11    266.8    328.8   0.00000000   0.00000820    279.0   98.2      6.5     86612
2016  9  1 12    129.5    337.5   0.00000000   0.00000728    278.5   99.6      4.4     86642
2016  9  1 13     97.0    338.6   0.00000000   0.00003655    278.9   99.5      6.8     86649
2016  9  1 14    228.3    331.3   0.00000000   0.00001304    278.8   99.2      6.8     86664
2016  9  1 15    105.6    331.7   0.00000000   0.00004215    278.1   95.3      8.3     86676
2016  9  1 16    253.1    297.5   0.00000000   0.00000006    277.8   94.3      7.6     86678
2016  9  1 17    129.5    312.5   0.00000000   0.00000058    277.3   98.3      6.9     86645
2016  9  1 18     10.2    332.1   0.00000000   0.00001506    277.1   99.9      7.7     86619
2016  9  1 19      0.7    333.2   0.00000000   0.00000785    277.1   99.9      5.0     86600
2016  9  1 20      0.0    332.7   0.00000000   0.00001761    276.8   99.9      7.1     86539
2016  9  1 21      0.0    331.4   0.00000000   0.00002745    276.8   99.9      6.4     86492
2016  9  1 22      0.0    333.1   0.00000000   0.00005277    277.2   99.9      6.0     86500
2016  9  1 23      0.0    333.9   0.00000000   0.00005086    277.1   99.9      7.4     86489
2016  9  2  0      0.0    333.6   0.00000000   0.00004667    277.2   99.9      6.7     86474
2016  9  2  1      0.0    334.9   0.00000000   0.00004103    277.3   99.9      5.3     86475
2016  9  2  2      0.0    333.1   0.00000000   0.00001944    276.9   99.9      6.3     86498
2016  9  2  3     -0.1    331.7   0.00000000   0.00001067    276.7   99.9      6.3     86501
2016  9  2  4      0.0    331.3   0.00000000   0.00001595    276.7   99.9      4.5     86490
2016  9  2  5      1.0    331.4   0.00000000   0.00000854    276.8   99.9      5.0     86493
2016  9  2  6     16.3    332.0   0.00000000   0.00000345    277.0   99.8      3.5     86503
2016  9  2  7     30.4    333.0   0.00000000   0.00000290    277.3   99.8      2.2     86509
2016  9  2  8     87.4    334.7   0.00000000   0.00000036    278.0   98.3      2.0     86519
2016  9  2  9    209.1    330.5   0.00000000   0.00000050    279.1   95.0      2.4     86523
2016  9  2 10    290.6    327.3   0.00000000   0.00000099    279.9   94.7      2.8     86518
2016  9  2 11    296.7    333.2   0.00000000   0.00000060    280.2   96.0      3.8     86514
2016  9  2 12    302.6    331.2   0.00000000   0.00000349    280.6   93.8      2.2     86464
2016  9  2 13    213.6    334.7   0.00000000   0.00000663    280.6   90.1      2.6     86453
2016  9  2 14    197.8    334.3   0.00000000   0.00000785    280.5   94.0      3.3     86428
2016  9  2 15    150.8    339.7   0.00000000   0.00000366    280.4   96.5      3.0     86384
2016  9  2 16    144.1    334.1   0.00000000   0.00000228    280.6   94.9      2.8     86352
2016  9  2 17     28.7    342.3   0.00000000   0.00001314    280.3   95.3      2.3     86332
2016  9  2 18     27.0    332.4   0.00000000   0.00000771    279.9   95.7      3.7     86320
2016  9  2 19      0.2    332.4   0.00000000   0.00003812    279.7   97.1      2.8     86285
2016  9  2 20      0.0    340.2   0.00000000   0.00005655    279.6   99.2      1.8     86218
2016  9  2 21      0.0    345.0   0.00000000   0.00003624    279.4   98.5      3.7     86211
2016  9  2 22      0.0    342.5   0.00000000   0.00002780    279.0   99.9      4.1     86184
2016  9  2 23      0.0    341.0   0.00000000   0.00000970    278.5   99.8      4.2     86179
2016  9  3  0      0.0    339.2   0.00000000   0.00001599    278.4   99.9      3.0     86182
2016  9  3  1      0.0    335.1   0.00000000   0.00007091    278.2   98.6      5.5     86187
2016  9  3  2      0.0    330.0   0.00000000   0.00008156    277.3   98.3      8.2     86167
2016  9  3  3      0.0    327.1   0.00000000   0.00000447    276.8   99.9      7.4     86168
2016  9  3  4      0.0    327.9   0.00000000   0.00000557    276.0   99.5      7.2     86177
2016  9  3  5      1.4    327.4   0.00000000   0.00000149    276.0  100.0      5.9     86180
2016  9  3  6     15.2    329.0   0.00000000   0.00001299    276.1   99.7      6.1     86197
2016  9  3  7     85.5    325.4   0.00000000   0.00001147    276.2  100.0      6.8     86220
2016  9  3  8    165.0    325.1   0.00000000   0.00000622    276.5   99.3      6.7     86241
2016  9  3  9    210.4    327.4   0.00000000   0.00000404    276.9   99.6      6.5     86245
2016  9  3 10    296.8    323.9   0.00000000   0.00000823    277.4   99.7      6.5     86248
2016  9  3 11    332.0    320.3   0.00000000   0.00001377    277.5   97.9      6.9     86268
2016  9  3 12     86.7    336.6   0.00000000   0.00001119    277.4   99.9      5.9     86301
2016  9  3 13    111.9    333.6   0.00000000   0.00001193    277.5   99.8      4.0     86337
2016  9  3 14     79.3    334.3   0.00000000   0.00002158    277.7   99.9      4.6     86330
2016  9  3 15     56.0    334.8   0.00000000   0.00001217    277.6   99.9      4.2     86324
2016  9  3 16     42.2    336.0   0.00000000   0.00001136    277.8   99.4      4.6     86348
2016  9  3 17     29.0    335.0   0.00000000   0.00002089    277.6   99.9      5.2     86364
2016  9  3 18     14.6    333.9   0.00000000   0.00000850    277.4   99.9      4.7     86385
2016  9  3 19      0.8    330.1   0.00000000   0.00000232    277.1   99.8      5.1     86386
2016  9  3 20      0.0    332.6   0.00000000   0.00000058    277.0   99.6      5.3     86381
2016  9  3 21      0.0    330.6   0.00000000   0.00000036    276.9   99.3      4.7     86375
2016  9  3 22      0.0    330.3   0.00000000   0.00000094    277.0   98.9      3.9     86392
2016  9  3 23      0.0    328.5   0.00000000   0.00000145    277.0   94.3      4.9     86405
2016  9  4  0      0.0    329.1   0.00000000   0.00000174    277.0   96.8      2.3     86422
2016  9  4  1      0.0    331.1   0.00000000   0.00001572    276.8   99.8      4.6     86406
2016  9  4  2      0.0    297.7   0.00000000   0.00000000    276.2   97.0      3.6     86380
2016  9  4  3      0.0    245.6   0.00000000   0.00000000    275.3   98.5      2.8     86341
2016  9  4  4      0.0    244.1   0.00000000   0.00000000    274.8   96.9      2.1     86335
2016  9  4  5      4.4    233.7   0.00000000   0.00000000    273.8   98.2      0.9     86369
2016  9  4  6     75.5    234.2   0.00000000   0.00000000    274.4   93.0      1.4     86406
2016  9  4  7    195.3    236.0   0.00000000   0.00000000    276.4   89.3      0.9     86410
2016  9  4  8    322.9    239.3   0.00000000   0.00000000    278.0   88.3      1.5     86404
2016  9  4  9    437.7    242.5   0.00000000   0.00000000    279.3   84.4      3.1     86408
2016  9  4 10    526.8    244.8   0.00000000   0.00000000    279.7   86.6      3.6     86446
2016  9  4 11    583.5    246.0   0.00000000   0.00000000    280.4   81.1      3.3     86472
2016  9  4 12    600.6    251.3   0.00000000   0.00000000    281.7   72.9      3.3     86556
2016  9  4 13    580.6    251.3   0.00000000   0.00000000    281.9   70.6      2.6     86571
2016  9  4 14    523.1    251.7   0.00000000   0.00000000    282.4   68.3      1.9     86563
2016  9  4 15    431.6    252.8   0.00000000   0.00000000    282.5   67.3      1.7     86589
2016  9  4 16    314.7    254.4   0.00000000   0.00000000    282.4   66.3      1.4     86624
2016  9  4 17    187.3    253.0   0.00000000   0.00000000    281.9   68.6      1.1     86658
2016  9  4 18     69.1    250.8   0.00000000   0.00000000    280.8   87.8      0.8     86706
2016  9  4 19      2.9    248.2   0.00000000   0.00000000    279.7   85.7      1.1     86747
2016  9  4 20      0.0    247.1   0.00000000   0.00000000    278.5   84.1      1.2     86791
2016  9  4 21      0.0    245.8   0.00000000   0.00000000    277.1   83.2      2.3     86804
2016  9  4 22      0.0    243.3   0.00000000   0.00000000    276.0   85.2      2.7     86862
2016  9  4 23      0.0    241.6   0.00000000   0.00000000    275.6   88.4      2.5     86906
2016  9  5  0      0.0    241.1   0.00000000   0.00000000    275.5   88.4      2.8     86945
2016  9  5  1      0.0    240.9   0.00000000   0.00000000    275.3   88.9      2.8     86974
2016  9  5  2      0.0    240.1   0.00000000   0.00000000    275.3   89.4      2.3     87006
2016  9  5  3      0.0    239.9   0.00000000   0.00000000    275.2   89.4      1.8     87044
2016  9  5  4      0.1    239.5   0.00000000   0.00000000    275.2   89.2      1.8     87085
2016  9  5  5      3.4    239.3   0.00000000   0.00000000    275.0   89.4      1.6     87114
2016  9  5  6     72.0    239.9   0.00000000   0.00000000    274.8   90.9      1.1     87148
2016  9  5  7    190.7    242.6   0.00000000   0.00000000    277.4   85.6      1.6     87176
2016  9  5  8    317.5    246.1   0.00000000   0.00000000    279.4   79.2      1.1     87230
2016  9  5  9    432.0    249.9   0.00000000   0.00000000    281.4   74.7      2.4     87286
2016  9  5 10    521.7    251.5   0.00000000   0.00000000    281.8   73.9      3.6     87340
2016  9  5 11    572.9    255.2   0.00000000   0.00000000    282.2   76.4      3.6     87374
2016  9  5 12    531.3    269.5   0.00000000   0.00000000    282.0   75.5      3.5     87344
2016  9  5 13    573.9    254.4   0.00000000   0.00000000    282.3   75.8      3.7     87367
2016  9  5 14    507.8    258.9   0.00000000   0.00000000    282.3   80.6      3.8     87405
2016  9  5 15    411.0    261.5   0.00000000   0.00000000    281.9   81.9      3.3     87387
2016  9  5 16    283.2    275.1   0.00000000   0.00000000    281.3   86.4      2.7     87394
2016  9  5 17    146.6    293.4   0.00000000   0.00000003    280.5   88.5      2.6     87422
2016  9  5 18     54.4    274.8   0.00000000   0.00000000    279.5   93.1      1.2     87425
2016  9  5 19      1.9    255.3   0.00000000   0.00000000    277.7   99.3      0.9     87438
2016  9  5 20      0.0    261.3   0.00000000   0.00000000    277.1   95.4      2.1     87443
2016  9  5 21      0.0    263.9   0.00000000  -0.00000004    276.4   95.5      2.7     87458
2016  9  5 22      0.0    266.4   0.00000000   0.00000000    276.4   95.4      3.0     87445
2016  9  5 23      0.0    268.5   0.00000000   0.00000000    276.4   92.1      2.5     87447
2016  9  6  0      0.0    271.3   0.00000000   0.00000000    276.3   92.3      3.1     87444
2016  9  6  1      0.0    273.5   0.00000000   0.00000000    276.7   91.9      3.2     87433
2016  9  6  2      0.0    282.7   0.00000000   0.00000000    276.9   92.1      3.3     87423
2016  9  6  3      0.0    287.4   0.00000000   0.00000000    277.4   93.1      2.4     87426
2016  9  6  4      0.1    291.1   0.00000000   0.00000000    277.6   93.9      1.6     87384
2016  9  6  5      2.2    282.0   0.00000000   0.00000000    278.3   91.9      3.0     87354
2016  9  6  6     59.5    273.3   0.00000000   0.00000000    279.5   89.4      4.1     87304
2016  9  6  7    173.2    271.0   0.00000000   0.00000000    280.7   90.6      4.7     87274
2016  9  6  8    232.8    305.0   0.00000000   0.00000005    281.4   92.4      5.1     87229
2016  9  6  9    156.3    348.7   0.00000000   0.00000021    281.6   97.2      6.1     87164
2016  9  6 10    142.7    354.5   0.00000000   0.00000039    281.9   99.2      6.7     87105
2016  9  6 11     70.3    355.7   0.00000000   0.00000193    281.6   99.6      6.3     87063
2016  9  6 12    190.0    360.0   0.00000000   0.00000052    283.2   96.8      7.9     87013
2016  9  6 13    150.5    361.2   0.00000000   0.00000211    283.1   98.9      7.7     86985
2016  9  6 14     28.0    362.7   0.00000000   0.00000781    283.2   99.8      8.6     86906
2016  9  6 15     56.1    365.7   0.00000000   0.00000253    283.6   99.8     10.5     86881
2016  9  6 16     35.4    367.4   0.00000000   0.00000854    283.7   99.8      9.9     86915
2016  9  6 17      4.1    366.9   0.00000000   0.00002793    283.5   99.8     13.3     86880
2016  9  6 18      3.2    365.0   0.00000000   0.00000777    282.9   99.9     14.4     86864
2016  9  6 19     -0.0    353.4   0.00000000   0.00000505    280.9   95.9     16.1     86848
2016  9  6 20      0.0    309.3   0.00000000   0.00000008    279.8   99.4     15.4     86847
2016  9  6 21      0.0    299.5   0.00000000   0.00000005    279.0   95.9     15.6     86865
2016  9  6 22      0.0    265.4   0.00000000   0.00000002    278.4   97.7     15.6     86878
2016  9  6 23      0.0    310.9   0.00000000  -0.00000003    278.3   99.2     15.9     86891
2016  9  7  0      0.0    326.3   0.00000000   0.00000012    278.0   99.3     15.8     86883
2016  9  7  1      0.0    323.4   0.00000000   0.00000008    277.8   99.6     15.5     86896
2016  9  7  2      0.0    329.7   0.00000000   0.00000006    277.7   99.6     15.2     86910
2016  9  7  3      0.0    322.8   0.00000000   0.00000007    277.7   98.7     14.1     86944
2016  9  7  4      0.0    273.8   0.00000000  -0.00000006    277.4   96.7     13.8     86943
2016  9  7  5      0.9    300.5   0.00000000   0.00000008    277.5   99.8     13.3     86960
2016  9  7  6     32.8    331.3   0.00000000   0.00000004    277.6   99.1     12.3     86996
2016  9  7  7    117.9    319.8   0.00000000   0.00000004    277.8   97.1     10.6     87092
2016  9  7  8    205.6    318.7   0.00000000   0.00000008    278.3   95.5      8.2     87181
2016  9  7  9    287.0    323.0   0.00000000   0.00000001    278.9   94.7      6.9     87227
2016  9  7 10    447.5    288.4   0.00000000   0.00000001    280.1   89.2      5.7     87264
2016  9  7 11    549.8    264.6   0.00000000  -0.00000004    281.1   87.8      4.8     87263
2016  9  7 12    567.3    266.5   0.00000000   0.00000000    281.6   83.5      7.4     87257
2016  9  7 13    548.2    267.5   0.00000000   0.00000000    282.1   81.1      6.3     87278
2016  9  7 14    489.2    271.4   0.00000000   0.00000000    282.6   80.3      5.3     87258
2016  9  7 15    384.5    281.7   0.00000000   0.00000000    282.6   82.3      4.8     87243
2016  9  7 16    201.9    314.5   0.00000000   0.00000000    282.1   80.3      4.2     87221
2016  9  7 17     39.2    344.1   0.00000000   0.00000070    281.5   82.9      3.9     87212
2016  9  7 18      3.0    345.6   0.00000000   0.00000529    281.1   87.8      2.6     87213
2016  9  7 19      0.1    346.3   0.00000000   0.00000060    280.9   90.2      1.8     87215
2016  9  7 20      0.0    347.1   0.00000000   0.00000037    280.8   90.0      0.8     87189
2016  9  7 21      0.0    344.3   0.00000000   0.00000001    280.8   90.8      2.0     87162
2016  9  7 22      0.0    349.1   0.00000000   0.00000019    281.1   92.0      2.1     87152
2016  9  7 23      0.0    349.0   0.00000000   0.00000000    281.5   92.6      1.1     87138
2016  9  8  0      0.0    350.7   0.00000000   0.00000002    281.7   94.3      2.6     87137
2016  9  8  1      0.0    351.4   0.00000000   0.00000007    281.6   96.6      2.1     87139
2016  9  8  2      0.0    330.1   0.00000000   0.00000000    281.3   99.2      1.5     87104
2016  9  8  3      0.0    318.7   0.00000000   0.00000003    280.7   99.9      1.0     87083
2016  9  8  4      0.0    343.4   0.00000000   0.00000000    280.7   98.4      2.2     87098
2016  9  8  5      0.7    321.0   0.00000000   0.00000000    280.4   99.9      2.5     87095
2016  9  8  6     18.0    351.2   0.00000000   0.00000000    281.1   99.9      2.4     87090
2016  9  8  7     50.9    355.5   0.00000000   0.00000013    281.8   99.2      3.4     87077
2016  9  8  8    111.3    357.5   0.00000000   0.00000013    282.4   97.8      3.7     87067
2016  9  8  9    192.6    357.7   0.00000000   0.00000013    283.2   93.4      4.2     87024
2016  9  8 10    287.7    359.2   0.00000000   0.00000000    284.1   91.8      4.5     86995
2016  9  8 11    280.2    362.8   0.00000000   0.00000019    284.8   90.2      5.2     86978
2016  9  8 12    327.8    360.2   0.00000000   0.00000005    284.8   89.1      5.4     86936
2016  9  8 13    395.0    350.0   0.00000000   0.00000005    285.7   86.8      5.7     86901
2016  9  8 14    328.3    353.0   0.00000000   0.00000002    286.3   78.3      6.8     86854
2016  9  8 15    301.9    341.0   0.00000000   0.00000001    286.1   80.2      6.8     86779
2016  9  8 16    154.7    356.1   0.00000000   0.00000008    285.4   83.5      7.4     86806
2016  9  8 17    109.7    332.5   0.00000000   0.00000005    285.0   80.5      7.2     86767
2016  9  8 18     17.6    359.5   0.00000000   0.00000011    284.3   87.0      8.0     86736
2016  9  8 19      0.0    361.1   0.00000000   0.00000041    283.8   88.9      6.2     86726
2016  9  8 20      0.0    361.8   0.00000000   0.00000041    283.3   97.3      6.3     86694
2016  9  8 21      0.0    353.1   0.00000000   0.00000020    283.1   92.8      6.1     86694
2016  9  8 22      0.0    331.0   0.00000000   0.00000000    282.4   89.4      4.7     86683
2016  9  8 23      0.0    349.2   0.00000000   0.00000030    282.2   96.6      3.5     86612
2016  9  9  0      0.0    357.7   0.00000000   0.00000557    282.3   99.8      4.6     86568
2016  9  9  1      0.0    359.4   0.00000000   0.00001682    282.4   99.9      4.4     86536
2016  9  9  2      0.0    360.6   0.00000000   0.00008089    282.4   99.9      4.9     86508
2016  9  9  3      0.0    360.2   0.00000000   0.00006959    282.5   99.9      5.3     86513
2016  9  9  4      0.1    360.5   0.00000000   0.00017480    282.4   99.9      5.5     86506
2016  9  9  5      0.1    360.0   0.00000000   0.00006343    282.5   99.8      4.3     86523
2016  9  9  6      1.6    357.7   0.00000000   0.00012806    282.3   94.1      4.4     86589
2016  9  9  7     88.6    316.7   0.00000000   0.00002164    281.7   92.0      4.4     86656
2016  9  9  8    263.0    283.7   0.00000000   0.00000001    281.9   93.9      2.3     86671
2016  9  9  9    183.2    346.2   0.00000000   0.00000034    281.7   94.2      4.1     86690
2016  9  9 10    416.7    297.1   0.00000000   0.00000006    282.8   86.5      3.6     86713
2016  9  9 11    519.1    281.0   0.00000000   0.00000008    283.2   86.0      3.2     86736
2016  9  9 12     51.1    348.3   0.00000000   0.00000145    281.0   94.7      2.6     86752
2016  9  9 13    198.1    342.4   0.00000000   0.00000016    282.6   87.7      2.9     86779
2016  9  9 14    453.9    281.8   0.00000000   0.00000009    283.2   87.0      4.9     86781
2016  9  9 15    170.1    337.7   0.00000000   0.00000093    282.7   86.8      4.4     86794
2016  9  9 16     76.3    346.1   0.00000000   0.00000199    282.4   88.2      5.4     86777
2016  9  9 17     37.3    348.1   0.00000000   0.00000069    282.2   88.6      3.8     86798
2016  9  9 18     26.0    319.1   0.00000000   0.00000000    281.7   91.1      4.2     86796
2016  9  9 19      0.0    318.4   0.00000000   0.00000000    281.7   89.4      4.4     86808
2016  9  9 20      0.0    310.5   0.00000000   0.00000000    281.5   91.9      5.2     86788
2016  9  9 21      0.0    293.2   0.00000000   0.00000009    281.1   97.4      4.5     86731
2016  9  9 22      0.0    351.5   0.00000000   0.00000037    281.4   96.7      4.5     86707
2016  9  9 23      0.0    351.9   0.00000000   0.00000291    281.3   98.4      4.0     86698
2016  9 10  0      0.0    353.0   0.00000000   0.00000472    281.3   99.1      4.5     86714
2016  9 10  1      0.0    350.7   0.00000000   0.00000194    281.3   93.2      4.7     86724
2016  9 10  2      0.0    349.7   0.00000000   0.00001980    281.0   99.1      4.6     86672
2016  9 10  3      0.0    351.3   0.00000000   0.00000976    281.0   99.6      4.1     86630
2016  9 10  4      0.0    353.1   0.00000000   0.00006126    281.3   99.8      4.4     86596
2016  9 10  5     -0.1    354.5   0.00000000   0.00009268    281.7   99.2      5.7     86527
2016  9 10  6      2.9    355.9   0.00000000   0.00012909    281.7   99.9      6.1     86498
2016  9 10  7     14.4    356.6   0.00000000   0.00013201    282.0   99.9      4.8     86531
2016  9 10  8     15.7    358.6   0.00000000   0.00006200    282.4   99.7      5.1     86520
2016  9 10  9     20.5    359.7   0.00000000   0.00019700    282.9   97.2      3.9     86567
2016  9 10 10     27.8    359.8   0.00000000   0.00012508    282.9   98.3      3.7     86613
2016  9 10 11     49.1    361.8   0.00000000   0.00003429    283.1   99.8      2.9     86618
2016  9 10 12    328.2    326.6   0.00000000   0.00000015    284.2   88.4      6.6     86698
2016  9 10 13    195.7    337.2   0.00000000   0.00000319    283.2   94.4      5.5     86721
2016  9 10 14    191.4    342.4   0.00000000   0.00000215    283.4   95.2      2.2     86676
2016  9 10 15     11.7    359.3   0.00000000   0.00013175    283.1   95.3      6.4     86690
2016  9 10 16      9.7    344.2   0.00000000   0.00013338    282.6   85.8      3.9     86718
2016  9 10 17      4.7    338.0   0.00000000   0.00003927    281.8   91.1      0.6     86677
2016  9 10 18      1.2    338.5   0.00000000   0.00005885    281.5   90.7      1.7     86605
2016  9 10 19      0.0    338.9   0.00000000   0.00006586    281.2   95.1      2.1     86578
2016  9 10 20      0.0    338.7   0.00000000   0.00004195    281.0   96.8      2.4     86541
2016  9 10 21      0.0    342.5   0.00000000   0.00004847    280.9   97.8      0.7     86476
2016  9 10 22      0.0    349.4   0.00000000   0.00005208    280.9   98.3      0.9     86431
2016  9 10 23      0.0    350.3   0.00000000   0.00013512    280.9   98.8      2.8     86338
2016  9 11  0      0.0    346.3   0.00000000   0.00018174    280.9   96.9      4.2     86230
2016  9 11  1      0.0    338.5   0.00000000   0.00017830    280.8   96.8      0.4     86156
2016  9 11  2      0.0    332.9   0.00000000   0.00015449    280.7   93.9      3.9     86061
2016  9 11  3      0.0    336.1   0.00000000   0.00022365    279.8   90.7      2.5     86066
2016  9 11  4      0.0    338.5   0.00000000   0.00017479    279.3   93.8      5.6     86068
2016  9 11  5      0.1    330.8   0.00000000   0.00004124    278.7   94.5      4.6     86104
2016  9 11  6     42.0    281.1   0.00000000   0.00000094    278.1   95.8      6.7     86195
2016  9 11  7    119.1    298.0   0.00000000  -0.00000007    278.2   98.2      6.6     86243
2016  9 11  8     91.9    333.9   0.00000000   0.00000092    277.9   97.4      7.0     86310
2016  9 11  9    361.5    261.6   0.00000000  -0.00000003    278.2   89.2      7.2     86403
2016  9 11 10    492.2    236.6   0.00000000   0.00000002    278.6   88.9      7.4     86496
2016  9 11 11    540.3    242.1   0.00000000   0.00000033    278.4   98.5      7.1     86581
2016  9 11 12    368.1    309.8   0.00000000   0.00000064    278.8   98.2      5.0     86600
2016  9 11 13    105.7    335.4   0.00000000   0.00000406    277.9   98.2      7.1     86680
2016  9 11 14    131.5    331.9   0.00000000   0.00000664    278.2   99.4      4.0     86777
2016  9 11 15     31.4    337.4   0.00000000   0.00001504    278.0   99.9      2.5     86844
2016  9 11 16     14.2    337.9   0.00000000   0.00001602    278.0   99.9      2.4     86908
2016  9 11 17      6.2    338.1   0.00000000   0.00001554    278.1   99.9      1.7     86945
2016  9 11 18     11.6    292.9   0.00000000   0.00000064    277.6   89.7      2.3     87040
2016  9 11 19      0.1    289.6   0.00000000   0.00000005    276.8   95.7      0.6     87034
2016  9 11 20      0.0    318.8   0.00000000   0.00000008    277.2   98.2      1.8     87053
2016  9 11 21      0.0    247.7   0.00000000  -0.00000000    276.2   96.3      0.5     87122
2016  9 11 22      0.0    239.1   0.00000000   0.00000001    275.0   98.3      3.0     87163
2016  9 11 23      0.0    242.6   0.00000000   0.00000001    274.2   99.8      3.2     87197
2016  9 12  0      0.0    239.3   0.00000000   0.00000000    274.2   98.0      4.2     87198
2016  9 12  1      0.0    234.2   0.00000000  -0.00000003    274.1   97.9      4.3     87199
2016  9 12  2      0.0    232.2   0.00000000   0.00000003    274.0   96.5      4.6     87191
2016  9 12  3      0.0    231.2   0.00000000  -0.00000003    274.1   92.6      4.8     87168
2016  9 12  4      0.0    232.3   0.00000000   0.00000004    274.1   90.9      5.2     87149
2016  9 12  5     -0.1    231.6   0.00000000  -0.00000002    274.4   86.8      4.8     87125
2016  9 12  6     45.3    231.6   0.00000000   0.00000000    275.1   82.1      4.8     87117
2016  9 12  7    157.6    232.1   0.00000000   0.00000000    276.0   82.0      4.8     87135
2016  9 12  8    283.4    234.3   0.00000000   0.00000002    277.1   80.8      4.5     87178
2016  9 12  9    396.7    237.4   0.00000000  -0.00000002    278.3   81.1      4.4     87215
2016  9 12 10    485.4    240.7   0.00000000  -0.00000001    279.4   84.7      4.5     87241
2016  9 12 11    538.0    247.1   0.00000000  -0.00000000    281.2   83.6      4.4     87261
2016  9 12 12    552.8    254.1   0.00000000   0.00000000    282.3   80.5      3.9     87312
2016  9 12 13    513.0    268.2   0.00000000   0.00000000    282.9   89.2      4.2     87324
2016  9 12 14    294.9    337.9   0.00000000   0.00000015    282.9   92.5      4.3     87334
2016  9 12 15    183.7    348.6   0.00000000   0.00000020    282.6   96.0      3.7     87314
2016  9 12 16    119.5    350.6   0.00000000   0.00000021    282.5   97.2      4.2     87312
2016  9 12 17     51.4    354.3   0.00000000   0.00000027    282.0   99.4      4.7     87330
2016  9 12 18      8.9    354.6   0.00000000   0.00000007    281.6   99.2      4.5     87387
2016  9 12 19      0.0    352.8   0.00000000   0.00000000    281.2   99.4      4.6     87404
2016  9 12 20      0.0    325.6   0.00000000   0.00000003    280.4   97.7      4.6     87428
2016  9 12 21      0.0    269.4   0.00000000  -0.00000006    279.2   98.9      4.7     87444
2016  9 12 22      0.0    276.0   0.00000000   0.00000007    278.5   99.5      4.6     87492
2016  9 12 23      0.0    317.1   0.00000000   0.00000000    278.4   99.9      4.5     87520
2016  9 13  0      0.0    339.7   0.00000000   0.00000000    278.9   99.9      3.7     87538
2016  9 13  1      0.0    344.3   0.00000000   0.00000000    279.7   99.9      3.9     87523
2016  9 13  2      0.0    346.6   0.00000000   0.00000000    280.5   99.9      4.8     87501
2016  9 13  3      0.0    347.5   0.00000000   0.00000000    280.8   99.9      4.8     87508
2016  9 13  4      0.0    350.6   0.00000000   0.00000000    281.0   99.9      4.5     87550
2016  9 13  5      0.0    353.5   0.00000000   0.00000000    281.1   99.9      4.2     87605
2016  9 13  6     13.5    353.6   0.00000000   0.00000012    281.1   99.9      3.4     87630
2016  9 13  7     62.3    353.5   0.00000000   0.00000013    281.2   99.9      3.3     87648
2016  9 13  8    151.7    352.3   0.00000000   0.00000000    281.6   99.4      3.1     87665
2016  9 13  9    299.5    330.4   0.00000000   0.00000000    282.8   97.1      3.2     87690
2016  9 13 10    440.6    295.4   0.00000000   0.00000000    284.3   94.6      3.3     87697
2016  9 13 11    507.7    288.5   0.00000000   0.00000001    286.4   87.6      2.9     87694
2016  9 13 12    524.5    303.5   0.00000000   0.00000000    288.6   80.6      1.3     87659
2016  9 13 13    501.9    307.2   0.00000000   0.00000000    288.9   84.5      1.9     87654
2016  9 13 14    442.0    308.4   0.00000000   0.00000001    289.0   82.9      2.3     87640
2016  9 13 15    354.7    305.5   0.00000000   0.00000000    288.6   84.9      1.9     87638
2016  9 13 16    243.3    303.0   0.00000000   0.00000000    287.9   88.2      1.9     87665
2016  9 13 17    124.5    300.0   0.00000000   0.00000000    286.8   92.8      0.8     87684
2016  9 13 18     26.2    294.0   0.00000000   0.00000000    284.9   98.2      0.6     87716
2016  9 13 19     -0.1    288.7   0.00000000   0.00000001    283.5   95.8      0.6     87743
2016  9 13 20      0.0    294.9   0.00000000  -0.00000003    282.7   97.2      0.3     87735
2016  9 13 21      0.0    342.1   0.00000000   0.00000000    282.6   98.0      1.0     87721
2016  9 13 22      0.0    351.3   0.00000000   0.00000000    282.8   99.9      1.8     87736
2016  9 13 23      0.0    360.1   0.00000000   0.00000005    283.2   98.5      1.7     87745
2016  9 14  0      0.0    303.6   0.00000000   0.00000000    282.9   95.5      2.6     87743
2016  9 14  1      0.0    286.5   0.00000000   0.00000000    282.1   97.5      2.9     87721
2016  9 14  2      0.0    316.8   0.00000000   0.00000000    282.1   98.7      3.3     87717
2016  9 14  3      0.0    360.1   0.00000000   0.00000000    282.3   99.9      3.3     87713
2016  9 14  4      0.0    360.8   0.00000000   0.00000000    282.6   99.9      3.5     87686
2016  9 14  5      0.0    359.5   0.00000000   0.00000005    282.5   99.9      3.1     87678
2016  9 14  6     21.7    357.9   0.00000000   0.00000000    282.3   99.9      2.8     87665
2016  9 14  7     91.5    352.6   0.00000000   0.00000000    282.9   99.3      2.2     87663
2016  9 14  8    205.4    310.5   0.00000000   0.00000000    284.3   93.6      2.3     87686
2016  9 14  9    336.3    302.2   0.00000000   0.00000000    286.2   89.0      2.0     87703
2016  9 14 10    429.0    309.5   0.00000000   0.00000000    288.5   82.2      1.6     87722
2016  9 14 11    470.9    314.8   0.00000000   0.00000000    288.8   82.6      3.1     87736
2016  9 14 12    403.5    338.4   0.00000000   0.00000282    288.0   88.8      3.7     87760
2016  9 14 13    228.3    346.8   0.00000000   0.00000394    287.4   89.4      3.1     87764
2016  9 14 14    422.7    311.3   0.00000000  -0.00000000    288.1   87.3      3.7     87735
2016  9 14 15    340.3    309.0   0.00000000   0.00000000    287.9   87.3      3.7     87724
2016  9 14 16    234.2    306.5   0.00000000   0.00000000    287.4   88.5      2.9     87726
2016  9 14 17    117.3    304.3   0.00000000   0.00000000    286.6   91.4      1.8     87731
2016  9 14 18     22.4    300.0   0.00000000   0.00000000    284.8   96.5      1.7     87737
2016  9 14 19      0.0    295.8   0.00000000   0.00000000    283.5   95.4      1.9     87731
2016  9 14 20      0.0    293.4   0.00000000   0.00000000    282.7   96.3      1.9     87736
2016  9 14 21      0.0    291.1   0.00000000   0.00000000    282.4   97.2      2.1     87734
2016  9 14 22      0.0    289.4   0.00000000   0.00000000    282.3   97.0      2.7     87754
2016  9 14 23      0.0    288.6   0.00000000   0.00000000    282.3   97.6      2.9     87761
2016  9 15  0      0.0    287.5   0.00000000   0.00000000    282.2   97.3      2.6     87762
2016  9 15  1      0.0    285.6   0.00000000   0.00000000    282.0   95.3      1.8     87759
2016  9 15  2      0.0    284.2   0.00000000   0.00000000    280.9   95.1      1.2     87748
2016  9 15  3      0.0    282.6   0.00000000   0.00000000    280.4   95.2      1.2     87715
2016  9 15  4      0.0    282.2   0.00000000   0.00000000    280.3   92.4      1.3     87682
2016  9 15  5      0.0    283.0   0.00000000   0.00000000    279.8   88.2      1.5     87664
2016  9 15  6     32.1    284.0   0.00000000   0.00000000    280.6   88.3      2.0     87671
2016  9 15  7    134.3    284.6   0.00000000   0.00000000    282.8   86.9      1.8     87683
2016  9 15  8    253.2    287.9   0.00000000   0.00000000    285.4   81.4      0.6     87690
2016  9 15  9    361.6    292.4   0.00000000   0.00000000    287.0   78.8      1.1     87714
2016  9 15 10    438.1    296.9   0.00000000   0.00000000    288.0   76.1      2.1     87714
2016  9 15 11    482.5    300.7   0.00000000   0.00000000    288.5   76.4      2.7     87707
2016  9 15 12    496.9    301.0   0.00000000   0.00000000    288.9   73.6      3.1     87706
2016  9 15 13    474.7    302.3   0.00000000   0.00000000    289.0   74.3      3.0     87671
2016  9 15 14    420.5    302.5   0.00000000   0.00000000    289.3   73.4      3.5     87644
2016  9 15 15    338.4    299.0   0.00000000   0.00000000    288.9   68.3      3.9     87631
2016  9 15 16    232.9    287.8   0.00000000   0.00000000    287.9   74.3      2.4     87605
2016  9 15 17    115.6    283.6   0.00000000   0.00000000    286.7   84.1      1.7     87579
2016  9 15 18     20.1    278.9   0.00000000   0.00000000    284.7   87.3      1.2     87578
2016  9 15 19      0.0    274.9   0.00000000   0.00000000    283.1   91.2      1.7     87575
2016  9 15 20      0.0    272.1   0.00000000   0.00000000    282.5   87.0      2.1     87549
2016  9 15 21      0.0    270.4   0.00000000   0.00000000    282.0   86.9      2.4     87536
2016  9 15 22      0.0    271.4   0.00000000   0.00000000    281.7   88.0      2.7     87554
2016  9 15 23      0.0    274.1   0.00000000   0.00000000    281.4   89.6      2.6     87569
2016  9 16  0      0.0    276.2   0.00000000   0.00000000    281.3   90.9      2.8     87555
2016  9 16  1      0.0    279.0   0.00000000   0.00000000    281.2   91.5      2.9     87518
2016  9 16  2      0.0    287.1   0.00000000   0.00000000    281.2   91.8      3.0     87492
2016  9 16  3      0.0    281.1   0.00000000   0.00000000    281.0   92.4      3.1     87469
2016  9 16  4      0.1    277.3   0.00000000   0.00000000    280.6   94.4      3.1     87438
2016  9 16  5     -0.0    276.0   0.00000000   0.00000000    280.3   95.8      2.5     87415
2016  9 16  6     28.0    279.6   0.00000000   0.00000000    280.4   96.7      2.5     87391
2016  9 16  7     89.0    324.4   0.00000000   0.00000000    282.1   96.1      3.4     87380
2016  9 16  8     86.3    359.2   0.00000000   0.00000005    282.4   99.2      4.1     87379
2016  9 16  9     66.3    359.7   0.00000000   0.00000026    282.6   99.6      4.3     87388
2016  9 16 10     86.0    363.3   0.00000000   0.00000032    283.2   99.6      4.0     87410
2016  9 16 11     49.6    364.5   0.00000000   0.00000147    283.7   98.0      6.0     87403
2016  9 16 12    220.2    371.7   0.00000000   0.00000031    284.8   98.8      6.2     87429
2016  9 16 13    175.9    372.6   0.00000000   0.00000053    284.9   98.5      6.2     87408
2016  9 16 14    102.4    369.7   0.00000000   0.00000430    284.6   99.4      5.7     87371
2016  9 16 15     36.8    370.9   0.00000000   0.00000330    284.3   99.6      6.4     87346
2016  9 16 16     44.0    369.8   0.00000000   0.00000179    284.0   99.6      5.7     87353
2016  9 16 17     14.6    367.9   0.00000000   0.00000253    283.7   99.8      5.0     87374
2016  9 16 18      1.6    366.3   0.00000000   0.00000170    283.3   99.8      4.9     87409
2016  9 16 19      0.0    364.1   0.00000000   0.00000127    283.0   99.8      4.2     87443
2016  9 16 20      0.0    363.0   0.00000000   0.00000099    282.8   99.9      4.1     87450
2016  9 16 21      0.0    362.3   0.00000000   0.00000156    282.7   99.9      4.0     87451
2016  9 16 22      0.0    361.4   0.00000000   0.00000157    282.4   99.8      4.6     87467
2016  9 16 23      0.0    359.4   0.00000000   0.00000084    282.0   99.8      4.4     87485
2016  9 17  0      0.0    357.6   0.00000000   0.00000114    281.7   99.8      3.8     87498
2016  9 17  1      0.0    356.1   0.00000000   0.00000083    281.5   99.8      3.5     87528
2016  9 17  2      0.0    355.1   0.00000000   0.00000104    281.3   99.8      3.8     87535
2016  9 17  3      0.0    353.0   0.00000000   0.00000290    281.0   99.4      3.5     87559
2016  9 17  4      0.0    345.9   0.00000000   0.00000021    280.7   97.1      3.1     87579
2016  9 17  5      0.0    340.8   0.00000000   0.00000000    280.4   96.0      3.3     87603
2016  9 17  6     26.6    282.8   0.00000000   0.00000000    280.0   94.1      3.3     87621
2016  9 17  7    127.5    266.5   0.00000000   0.00000000    280.5   91.0      3.1     87621
2016  9 17  8    246.1    267.3   0.00000000   0.00000000    281.5   88.6      3.2     87644
2016  9 17  9    355.0    270.3   0.00000000   0.00000000    282.6   84.6      3.3     87656
2016  9 17 10    436.3    275.8   0.00000000   0.00000000    283.7   83.2      2.7     87688
2016  9 17 11    432.4    298.6   0.00000000   0.00000010    284.7   81.8      1.8     87711
2016  9 17 12    310.7    331.8   0.00000000   0.00000186    285.4   85.0      0.9     87702
2016  9 17 13    115.6    360.0   0.00000000   0.00000434    285.1   88.2      3.2     87708
2016  9 17 14     80.0    357.8   0.00000000   0.00000332    284.4   88.7      3.3     87734
2016  9 17 15    327.1    285.2   0.00000000   0.00000000    284.4   91.1      4.2     87742
2016  9 17 16    216.1    283.0   0.00000000  -0.00000001    283.9   91.8      4.0     87744
2016  9 17 17     91.4    304.2   0.00000000   0.00000000    283.4   92.2      3.4     87745
2016  9 17 18     11.6    307.1   0.00000000   0.00000000    282.7   93.9      2.9     87763
2016  9 17 19      0.0    304.6   0.00000000   0.00000001    282.0   96.5      2.3     87778
2016  9 17 20      0.0    281.3   0.00000000  -0.00000001    281.0   98.1      2.2     87784
2016  9 17 21      0.0    321.1   0.00000000   0.00000000    281.1   99.1      2.2     87772
2016  9 17 22      0.0    349.6   0.00000000   0.00000000    281.4   97.6      1.9     87762
2016  9 17 23      0.0    351.4   0.00000000   0.00000001    281.6   96.4      1.7     87778
2016  9 18  0      0.0    351.0   0.00000000   0.00000002    281.6   95.4      1.5     87788
2016  9 18  1      0.0    336.6   0.00000000   0.00000000    281.5   95.8      1.1     87791
2016  9 18  2      0.0    314.0   0.00000000  -0.00000003    280.8   99.8      0.9     87790
2016  9 18  3      0.0    340.2   0.00000000   0.00000001    280.5   99.6      0.8     87761
2016  9 18  4      0.0    336.9   0.00000000   0.00000002    280.3   99.0      0.8     87726
2016  9 18  5      0.0    289.0   0.00000000   0.00000000    280.0   98.4      0.5     87701
2016  9 18  6     23.5    271.8   0.00000000  -0.00000001    280.0   93.6      1.0     87675
2016  9 18  7    118.3    272.4   0.00000000  -0.00000001    280.4   93.3      2.3     87676
2016  9 18  8    232.9    275.4   0.00000000   0.00000001    280.9   97.4      3.1     87672
2016  9 18  9    255.4    333.0   0.00000000   0.00000000    281.5   97.6      3.2     87682
2016  9 18 10    252.3    352.4   0.00000000   0.00000005    282.1   97.3      3.2     87698
2016  9 18 11    257.8    355.9   0.00000000   0.00000011    282.7   96.3      3.0     87694
2016  9 18 12    259.9    354.5   0.00000000   0.00000009    282.5   94.5      3.5     87716
2016  9 18 13    270.0    353.9   0.00000000   0.00000008    283.1   92.5      3.5     87686
2016  9 18 14    221.4    354.8   0.00000000   0.00000002    283.6   90.9      3.3     87645
2016  9 18 15    138.5    357.3   0.00000000   0.00000014    283.8   89.6      2.8     87638
2016  9 18 16    133.2    325.6   0.00000000   0.00000018    283.8   86.8      2.9     87599
2016  9 18 17     96.8    276.7   0.00000000  -0.00000000    283.1   89.3      2.2     87570
2016  9 18 18     12.0    276.8   0.00000000  -0.00000000    281.6   94.4      2.1     87559
2016  9 18 19      0.0    305.1   0.00000000   0.00000000    280.8   96.5      1.6     87564
2016  9 18 20      0.0    279.7   0.00000000   0.00000001    279.7   98.0      1.4     87561
2016  9 18 21      0.0    267.7   0.00000000  -0.00000000    278.8   99.4      1.5     87551
2016  9 18 22      0.0    298.7   0.00000000   0.00000000    278.7   99.9      2.3     87542
2016  9 18 23      0.0    337.1   0.00000000   0.00000000    279.3   99.9      2.3     87533
2016  9 19  0      0.0    337.1   0.00000000   0.00000001    279.2   99.9      2.0     87532
2016  9 19  1      0.0    332.2   0.00000000   0.00000000    278.9   99.6      1.5     87519
2016  9 19  2      0.0    334.9   0.00000000   0.00000000    278.5   99.2      1.8     87496
2016  9 19  3      0.0    335.6   0.00000000   0.00000001    278.8   99.6      2.2     87482
2016  9 19  4      0.0    333.0   0.00000000   0.00000001    279.0   94.9      1.6     87474
2016  9 19  5     -0.0    342.7   0.00000000   0.00000013    279.2   99.9      1.8     87490
2016  9 19  6      6.5    345.5   0.00000000   0.00000014    279.6   99.9      2.0     87504
2016  9 19  7     55.3    344.3   0.00000000   0.00000011    279.8   96.1      1.9     87512
2016  9 19  8    202.8    295.5   0.00000000   0.00000000    280.2   93.5      2.5     87520
2016  9 19  9    346.0    260.4   0.00000000   0.00000000    281.1   91.3      2.9     87540
2016  9 19 10    431.9    262.9   0.00000000   0.00000000    282.0   88.8      2.8     87556
2016  9 19 11    484.3    265.5   0.00000000   0.00000000    282.9   85.6      2.8     87556
2016  9 19 12    495.2    271.2   0.00000000  -0.00000001    283.6   83.8      3.4     87602
2016  9 19 13    473.0    271.2   0.00000000   0.00000000    284.0   78.6      3.0     87595
2016  9 19 14    412.9    270.9   0.00000000   0.00000000    284.1   77.0      3.1     87594
2016  9 19 15    321.2    270.3   0.00000000   0.00000000    284.0   75.7      3.0     87591
2016  9 19 16    208.8    269.3   0.00000000   0.00000000    283.4   78.4      3.3     87577
2016  9 19 17     92.4    268.9   0.00000000   0.00000000    282.5   81.1      3.3     87565
2016  9 19 18      9.9    266.4   0.00000000   0.00000000    280.9   89.5      3.1     87563
2016  9 19 19      0.0    262.4   0.00000000   0.00000001    279.5   94.8      2.4     87569
2016  9 19 20      0.0    258.1   0.00000000   0.00000000    278.7   93.5      1.7     87562
2016  9 19 21      0.0    256.7   0.00000000   0.00000000    278.3   91.0      1.6     87550
2016  9 19 22      0.0    256.9   0.00000000   0.00000000    277.2   91.9      1.5     87564
2016  9 19 23      0.0    257.8   0.00000000   0.00000000    277.8   89.1      2.3     87594
2016  9 20  0      0.0    259.0   0.00000000   0.00000000    277.7   91.0      2.4     87602
2016  9 20  1      0.0    257.8   0.00000000   0.00000000    277.6   92.7      2.2     87576
2016  9 20  2      0.0    255.2   0.00000000   0.00000000    277.3   92.7      2.0     87550
2016  9 20  3      0.0    252.2   0.00000000   0.00000000    276.9   93.2      2.2     87522
2016  9 20  4      0.0    273.2   0.00000000   0.00000000    276.7   93.5      2.1     87512
2016  9 20  5     -0.0    314.0   0.00000000   0.00000000    277.2   95.6      1.8     87514
2016  9 20  6     17.2    293.9   0.00000000   0.00000000    277.5   94.2      1.5     87518
2016  9 20  7    111.7    254.3   0.00000000   0.00000000    278.1   94.2      1.4     87520
2016  9 20  8    231.1    254.7   0.00000000   0.00000000    279.8   91.0      2.0     87546
2016  9 20  9    341.7    257.8   0.00000000   0.00000000    281.2   89.5      3.6     87565
2016  9 20 10    426.6    260.5   0.00000000   0.00000000    282.0   86.8      4.3     87592
2016  9 20 11    478.5    262.9   0.00000000   0.00000000    282.7   84.4      4.1     87617
2016  9 20 12    493.9    263.7   0.00000000   0.00000000    283.4   79.0      3.7     87627
2016  9 20 13    468.2    268.0   0.00000000   0.00000000    284.4   73.5      3.6     87598
2016  9 20 14    406.9    270.9   0.00000000   0.00000000    285.0   67.8      3.4     87572
2016  9 20 15    310.1    275.9   0.00000000   0.00000000    284.8   65.5      3.2     87572
2016  9 20 16    201.5    269.6   0.00000000   0.00000000    284.0   67.6      2.4     87580
2016  9 20 17     87.3    265.4   0.00000000   0.00000000    282.5   77.2      1.4     87578
2016  9 20 18      8.0    260.7   0.00000000   0.00000000    280.3   86.6      1.1     87596
2016  9 20 19      0.0    257.4   0.00000000   0.00000000    278.8   92.3      1.0     87603
2016  9 20 20      0.0    255.4   0.00000000   0.00000000    277.5   93.9      1.8     87617
2016  9 20 21      0.0    254.5   0.00000000   0.00000000    277.5   89.8      2.9     87635
2016  9 20 22      0.0    254.1   0.00000000   0.00000000    277.2   91.1      3.2     87646
2016  9 20 23      0.0    253.8   0.00000000   0.00000000    277.0   92.3      3.1     87658
2016  9 21  0      0.0    253.4   0.00000000   0.00000000    276.8   92.7      2.9     87663
2016  9 21  1      0.0    253.1   0.00000000   0.00000000    276.6   93.2      3.1     87640
2016  9 21  2      0.0    253.2   0.00000000   0.00000000    276.5   94.3      3.1     87614
2016  9 21  3      0.0    253.2   0.00000000   0.00000000    276.5   94.8      3.1     87595
2016  9 21  4      0.0    253.0   0.00000000   0.00000000    276.5   95.2      3.0     87587
2016  9 21  5     -0.0    253.0   0.00000000   0.00000000    276.4   95.5      3.1     87606
2016  9 21  6     17.1    254.5   0.00000000   0.00000000    276.3   95.5      3.0     87630
2016  9 21  7    106.7    258.1   0.00000000   0.00000000    277.5   95.5      2.7     87643
2016  9 21  8    219.2    260.6   0.00000000   0.00000000    279.4   90.7      3.4     87643
2016  9 21  9    329.4    261.2   0.00000000   0.00000000    280.5   89.2      3.9     87650
2016  9 21 10    411.3    265.7   0.00000000   0.00000000    281.4   87.7      4.1     87662
2016  9 21 11    453.7    273.7   0.00000000   0.00000000    282.2   86.8      4.2     87652
2016  9 21 12    435.9    285.0   0.00000000   0.00000000    284.0   68.2      4.9     87647
2016  9 21 13    430.8    276.3   0.00000000   0.00000000    284.2   65.4      5.5     87636
2016  9 21 14    377.2    275.7   0.00000000   0.00000000    284.1   64.9      5.6     87622
2016  9 21 15    290.7    278.4   0.00000000   0.00000000    283.9   65.4      5.2     87595
2016  9 21 16    157.3    299.8   0.00000000   0.00000002    283.4   66.8      5.0     87599
2016  9 21 17     65.4    291.5   0.00000000   0.00000002    282.7   70.2      4.7     87620
2016  9 21 18      6.0    270.1   0.00000000   0.00000001    281.5   76.9      4.1     87635
2016  9 21 19      0.0    276.6   0.00000000   0.00000071    280.7   84.5      3.5     87655
2016  9 21 20      0.0    324.3   0.00000000   0.00000627    280.7   89.7      3.8     87663
2016  9 21 21      0.0    287.4   0.00000000   0.00000002    279.7   96.6      3.4     87650
2016  9 21 22      0.0    342.8   0.00000000   0.00003184    280.1   98.8      3.8     87649
2016  9 21 23      0.0    347.9   0.00000000   0.00005842    280.2   99.5      1.8     87644
2016  9 22  0      0.0    346.8   0.00000000   0.00002550    280.3   99.7      2.4     87626
2016  9 22  1      0.0    301.9   0.00000000   0.00000002    280.0   93.0      2.6     87609
2016  9 22  2      0.0    282.6   0.00000000   0.00000000    279.0   97.4      2.2     87582
2016  9 22  3      0.0    307.6   0.00000000   0.00000686    279.1   96.8      2.1     87558
2016  9 22  4      0.0    340.8   0.00000000   0.00000423    279.6   99.0      1.8     87524
2016  9 22  5      0.0    342.2   0.00000000   0.00000016    279.8   98.9      3.0     87490
2016  9 22  6      4.2    344.9   0.00000000   0.00000046    279.6   99.2      4.1     87474
2016  9 22  7     30.3    343.1   0.00000000   0.00000051    279.4   99.9      4.2     87476
2016  9 22  8     45.6    343.7   0.00000000   0.00000086    279.2   99.9      4.2     87472
2016  9 22  9     69.5    344.6   0.00000000   0.00000485    279.5   99.9      4.7     87468
2016  9 22 10     72.6    346.1   0.00000000   0.00000226    279.9   99.9      5.6     87457
2016  9 22 11    200.7    321.7   0.00000000   0.00000461    280.6   91.4      6.1     87471
2016  9 22 12    202.0    322.5   0.00000000   0.00000427    281.1   92.8      6.0     87446
2016  9 22 13    352.6    304.8   0.00000000   0.00000001    281.5   83.6      5.6     87409
2016  9 22 14    273.0    316.6   0.00000000   0.00000000    281.4   80.9      5.7     87379
2016  9 22 15    179.0    322.8   0.00000000   0.00000004    281.1   81.5      5.8     87340
2016  9 22 16     80.5    335.8   0.00000000   0.00000034    280.7   84.5      5.5     87308
2016  9 22 17     22.6    338.8   0.00000000   0.00000668    280.2   89.8      4.2     87304
2016  9 22 18      1.2    338.4   0.00000000   0.00001618    279.7   94.3      2.9     87292
2016  9 22 19      0.0    341.0   0.00000000   0.00001215    279.5   97.3      2.9     87254
2016  9 22 20      0.0    341.9   0.00000000   0.00000495    279.4   97.6      3.5     87237
2016  9 22 21      0.0    342.4   0.00000000   0.00002452    279.2   99.9      4.5     87206
2016  9 22 22      0.0    343.1   0.00000000   0.00002538    279.2   99.1      4.4     87194
2016  9 22 23      0.0    339.6   0.00000000   0.00002617    279.1   97.6      4.7     87160
2016  9 23  0      0.0    335.3   0.00000000   0.00000809    278.7   98.3      4.2     87131
2016  9 23  1      0.0    335.6   0.00000000   0.00000028    278.3   99.0      3.9     87082
2016  9 23  2      0.0    336.6   0.00000000   0.00000032    278.0   98.7      4.6     87064
2016  9 23  3      0.0    326.2   0.00000000   0.00000016    277.7   96.8      3.8     87032
2016  9 23  4      0.0    332.0   0.00000000   0.00000004    277.6   99.9      3.1     86982
2016  9 23  5      0.0    335.3   0.00000000   0.00000055    277.7   99.3      4.4     86953
2016  9 23  6      3.0    332.1   0.00000000   0.00002051    277.6   97.3      4.0     86938
2016  9 23  7      4.7    334.9   0.00000000   0.00010361    277.8   99.6      3.8     86904
2016  9 23  8     12.4    336.6   0.00000000   0.00013387    278.2   99.3      1.1     86912
2016  9 23  9     19.9    338.1   0.00000000   0.00005090    278.5   99.5      1.4     86913
2016  9 23 10    120.0    330.1   0.00000000   0.00004232    278.5   99.5      4.5     86898
2016  9 23 11     59.1    332.4   0.00000000   0.00003602    276.2  100.0      6.6     86911
2016  9 23 12    102.6    333.2   0.00000000   0.00000683    276.7   99.7      5.6     86910
2016  9 23 13    194.5    323.1   0.00000000   0.00000679    277.3   94.3      5.1     86943
2016  9 23 14    274.7    296.0   0.00000000   0.00000005    277.2   92.1      6.7     86920
2016  9 23 15    264.1    266.7   0.00000000   0.00000053    276.5   99.0      8.8     86938
2016  9 23 16     61.8    328.9   0.00000000   0.00001024    276.4   99.9      7.7     86947
2016  9 23 17     18.0    325.4   0.00000000   0.00000474    276.0   99.4      6.4     86980
2016  9 23 18      0.7    325.4   0.00000000   0.00000300    275.8   99.9      6.3     87036
2016  9 23 19      0.0    321.2   0.00000000   0.00000288    275.0   97.3      6.5     87089
2016  9 23 20      0.0    290.2   0.00000000   0.00000008    274.7   99.2      6.8     87079
2016  9 23 21      0.0    311.1   0.00000000   0.00000011    274.6   97.2      5.7     87063
2016  9 23 22      0.0    286.4   0.00000000   0.00000002    274.2   98.8      2.9     87090
2016  9 23 23      0.0    280.5   0.00000000   0.00000002    273.9   99.1      2.8     87116
2016  9 24  0      0.0    245.0   0.00000000   0.00000000    273.7   95.6      2.6     87151
2016  9 24  1      0.0    241.4   0.00000000   0.00000000    273.3   99.3      2.5     87114
2016  9 24  2      0.0    251.3   0.00000000   0.00000000    273.2   98.9      2.2     87119
2016  9 24  3      0.0    247.5   0.00000000   0.00000000    273.4   95.4      1.6     87083
2016  9 24  4      0.0    258.4   0.00000000   0.00000000    273.2   96.8      2.6     87111
2016  9 24  5      0.0    248.8   0.00000000  -0.00000003    273.0   95.5      3.2     87115
2016  9 24  6      9.9    241.8   0.00000000   0.00000001    273.2   93.1      3.1     87118
2016  9 24  7     86.1    245.1   0.00000000   0.00000000    274.1   89.0      3.4     87104
2016  9 24  8    175.2    252.4   0.00000000   0.00000000    275.2   84.6      3.7     87125
2016  9 24  9    283.5    252.1   0.00000000   0.00000000    276.4   82.9      4.1     87125
2016  9 24 10    387.1    254.9   0.00000000   0.00000000    278.0   81.8      3.8     87134
2016  9 24 11    418.2    267.5   0.00000000   0.00000000    279.6   81.5      3.4     87132
2016  9 24 12    442.5    270.2   0.00000000   0.00000000    281.1   83.1      3.6     87099
2016  9 24 13    170.1    324.0   0.00000000   0.00000000    280.9   82.5      3.2     87069
2016  9 24 14    188.0    312.3   0.00000000   0.00000000    281.1   84.5      3.9     87055
2016  9 24 15    229.1    281.0   0.00000000   0.00000000    280.8   86.9      5.2     87016
2016  9 24 16    137.4    278.6   0.00000000   0.00000000    280.0   89.9      5.5     87024
2016  9 24 17     38.2    294.6   0.00000000   0.00000000    279.2   90.6      5.0     87020
2016  9 24 18      1.5    298.7   0.00000000   0.00000000    278.8   90.6      4.9     87009
2016  9 24 19      0.0    279.2   0.00000000   0.00000000    278.2   94.4      5.2     87050
2016  9 24 20      0.0    274.1   0.00000000   0.00000000    277.9   95.5      4.9     87075
2016  9 24 21      0.0    321.4   0.00000000   0.00000002    278.0   97.8      4.8     87065
2016  9 24 22      0.0    288.1   0.00000000   0.00000000    278.7   90.6      4.0     87029
2016  9 24 23      0.0    295.0   0.00000000   0.00000001    279.3   89.5      5.5     87041
2016  9 25  0      0.0    306.5   0.00000000   0.00000000    279.3   89.4      4.9     87053
2016  9 25  1      0.0    312.3   0.00000000   0.00000000    279.9   86.6      8.0     86988
2016  9 25  2      0.0    312.1   0.00000000   0.00000000    280.0   86.5      7.2     86958
2016  9 25  3      0.0    303.5   0.00000000   0.00000000    279.3   90.2      4.8     87010
2016  9 25  4      0.0    289.9   0.00000000   0.00000000    278.9   92.0      5.0     87011
2016  9 25  5      0.0    266.8   0.00000000   0.00000000    278.9   91.8      6.3     87039
2016  9 25  6      6.1    277.0   0.00000000   0.00000000    278.9   91.8      5.0     87076
2016  9 25  7     47.2    292.0   0.00000000   0.00000000    279.1   93.8      4.5     87105
2016  9 25  8    151.5    283.4   0.00000000   0.00000000    279.9   93.7      5.2     87111
2016  9 25  9    202.1    325.4  -0.00000000  -0.00000000    280.8   91.8      6.0     87113
2016  9 25 10    268.8    321.6   0.00000000   0.00000003    281.4   89.3      7.8     87084
2016  9 25 11    371.3    287.1  -0.00000000   0.00000007    281.9   87.8      7.4     87092
2016  9 25 12    458.3    263.0   0.00000000   0.00000004    282.8   82.9      8.1     87010
2016  9 25 13    443.2    255.5   0.00000000  -0.00000005    282.6   80.6      9.1     86994
2016  9 25 14    380.2    255.6   0.00000000   0.00000000    282.6   79.3      8.5     87006
2016  9 25 15    274.4    266.2   0.00000000   0.00000000    282.4   79.0     10.8     86947
2016  9 25 16    175.8    251.3   0.00000000   0.00000000    282.0   80.4      9.5     86977
2016  9 25 17     62.2    254.4   0.00000000   0.00000000    281.3   82.1      9.4     86977
2016  9 25 18      1.5    254.8   0.00000000   0.00000000    280.8   81.5     10.5     86979
2016  9 25 19      0.0    252.8   0.00000000   0.00000000    280.5   84.2     10.9     86961
2016  9 25 20      0.0    252.0   0.00000000   0.00000000    280.2   84.1     11.5     86923
2016  9 25 21      0.0    250.3   0.00000000   0.00000000    280.1   88.9     11.0     86932
2016  9 25 22      0.0    256.3   0.00000000   0.00000007    280.1   91.3     10.0     86957
2016  9 25 23      0.0    319.4   0.00000000   0.00000020    280.4   91.8      8.4     86967
2016  9 26  0      0.0    346.0   0.00000000   0.00000150    280.2   99.3      6.9     86933
2016  9 26  1      0.0    348.4   0.00000000   0.00000365    280.3   99.9      6.3     86909
2016  9 26  2      0.0    349.4   0.00000000   0.00019677    280.6   98.9      5.2     86914
2016  9 26  3      0.0    346.6   0.00000000   0.00026996    279.7   99.6      1.3     86980
2016  9 26  4      0.0    331.7   0.00000000   0.00011610    278.6   89.1      6.3     87040
2016  9 26  5      0.0    317.7   0.00000000   0.00003122    278.5   89.3      5.8     87078
2016  9 26  6      8.6    248.2   0.00000000   0.00000144    277.5   91.8      4.4     87125
2016  9 26  7     90.3    238.3   0.00000000   0.00000008    277.6   89.8      3.1     87149
2016  9 26  8    201.0    240.5   0.00000000  -0.00000005    278.3   87.3      2.5     87214
2016  9 26  9    307.5    239.9   0.00000000   0.00000007    278.5   84.8      3.2     87283
2016  9 26 10    394.9    240.3   0.00000000  -0.00000004    279.2   83.4      3.1     87319
2016  9 26 11    446.2    243.3   0.00000000  -0.00000001    279.7   82.4      4.2     87338
2016  9 26 12    271.6    297.9   0.00000000   0.00000582    279.3   83.2      5.9     87374
2016  9 26 13    435.8    242.5   0.00000000   0.00000000    279.7   78.2      3.6     87413
2016  9 26 14    362.9    249.6   0.00000000  -0.00000001    279.7   79.0      4.3     87416
2016  9 26 15    207.1    294.2   0.00000000   0.00000011    279.3   82.8      2.8     87444
2016  9 26 16    123.4    281.5   0.00000000   0.00000069    278.4   82.9      4.4     87470
2016  9 26 17     54.6    243.7   0.00000000   0.00000007    277.4   84.8      3.6     87483
2016  9 26 18      0.7    244.9   0.00000000  -0.00000000    276.0   91.7      1.1     87486
2016  9 26 19      0.0    273.8   0.00000000   0.00000141    275.6   93.6      1.6     87490
2016  9 26 20      0.0    326.0   0.00000000   0.00000693    276.5   94.6      2.5     87519
2016  9 26 21      0.0    294.1   0.00000000   0.00000003    276.8   93.4      3.2     87556
2016  9 26 22      0.0    274.1   0.00000000   0.00000000    276.3   90.1      2.0     87557
2016  9 26 23      0.0    260.1   0.00000000  -0.00000001    275.5   95.2      3.0     87551
2016  9 27  0      0.0    253.4   0.00000000   0.00000001    274.9   96.1      2.6     87528
2016  9 27  1      0.0    253.2   0.00000000   0.00000002    274.7   95.4      2.6     87483
2016  9 27  2      0.0    246.1   0.00000000  -0.00000003    274.4   94.4      2.8     87464
2016  9 27  3      0.0    236.4   0.00000000   0.00000002    273.9   96.8      3.1     87455
2016  9 27  4      0.0    270.1   0.00000000  -0.00000003    273.6   99.9      3.6     87440
2016  9 27  5      0.0    316.7   0.00000000   0.00000011    274.0   99.8      3.4     87428
2016  9 27  6      3.6    316.2   0.00000000   0.00000015    273.7   99.8      3.7     87442
2016  9 27  7     33.5    318.5   0.00000000   0.00000027    274.5   99.8      4.3     87380
2016  9 27  8     67.9    321.9   0.00000000   0.00000023    276.1   95.5      5.5     87328
2016  9 27  9    141.3    321.1   0.00000000   0.00000251    276.8   95.9      6.2     87284
2016  9 27 10    127.0    326.7   0.00000000   0.00002599    277.3   95.0      5.8     87250
2016  9 27 11     83.1    330.0   0.00000000   0.00000589    277.7   94.9      6.3     87208
2016  9 27 12     31.6    332.6   0.00000000   0.00000171    277.6   97.0      7.7     87005
2016  9 27 13     51.7    333.2   0.00000000   0.00000121    277.5   99.7      7.2     86813
2016  9 27 14     25.6    335.9   0.00000000   0.00006895    277.7   99.8      9.8     86541
2016  9 27 15     22.0    336.4   0.00000000   0.00019663    278.0   99.9     11.7     86335
2016  9 27 16      6.0    336.6   0.00000000   0.00035620    278.4   96.2      9.4     86285
2016  9 27 17      1.2    333.7   0.00000000   0.00034302    277.9   94.5     10.8     86092
2016  9 27 18      0.0    333.2   0.00000005   0.00049695    278.5   94.6      8.8     86018
2016  9 27 19      0.0    334.0   0.00000008   0.00072081    278.0   99.7      9.2     85970
2016  9 27 20      0.0    291.2   0.00000000   0.00004525    276.6   91.3     10.6     85945
2016  9 27 21      0.0    251.5   0.00000000   0.00002126    275.6   94.6      7.9     85904
2016  9 27 22      0.0    272.8   0.00000000   0.00001770    276.0   91.8      5.7     85801
2016  9 27 23      0.0    278.4   0.00000052   0.00008285    275.9   87.3      8.5     85743
2016  9 28  0      0.0    266.7   0.00000018   0.00008163    275.8   88.4      8.9     85646
2016  9 28  1      0.0    258.6   0.00000230   0.00016782    276.1   87.0     11.5     85515
2016  9 28  2      0.0    277.9   0.00000008   0.00012697    276.1   90.0      8.5     85446
2016  9 28  3      0.0    286.2   0.00000007   0.00008470    275.6   93.1      3.5     85431
2016  9 28  4      0.0    265.8   0.00000008   0.00004630    275.1   94.6      3.9     85445
2016  9 28  5      0.0    266.3   0.00000029   0.00005796    275.3   92.0      4.3     85415
2016  9 28  6      1.0    304.0   0.00000166   0.00018221    275.6   99.9      8.5     85414
2016  9 28  7     11.9    329.5   0.00000009   0.00007251    276.7   99.9     10.2     85377
2016  9 28  8     56.4    330.2  -0.00000003   0.00009562    277.0   99.2     12.4     85382
2016  9 28  9    162.0    322.6   0.00000001   0.00002377    277.0   99.2     13.1     85410
2016  9 28 10    182.0    322.3   0.00000001   0.00004880    276.7   99.9     12.7     85488
2016  9 28 11    173.2    330.8  -0.00000001   0.00001196    276.8   99.9     12.6     85531
2016  9 28 12    139.9    330.5   0.00000001   0.00003215    276.7   99.9     11.4     85720
2016  9 28 13    135.0    330.5  -0.00000000   0.00003770    276.3  100.0     10.3     85816
2016  9 28 14     66.4    328.1   0.00000009   0.00011227    275.8  100.0      9.4     85929
2016  9 28 15     38.4    326.3   0.00000001   0.00001588    275.9  100.0      9.1     85888
2016  9 28 16     32.5    327.2  -0.00000002   0.00001555    275.7  100.0     11.4     85885
2016  9 28 17     10.8    325.8   0.00000000   0.00000441    275.0  100.0      9.6     85966
2016  9 28 18      0.1    322.6   0.00000000   0.00000208    275.0  100.0      5.9     86024
2016  9 28 19      0.0    322.4   0.00000000   0.00000347    274.6   99.9      5.0     86029
2016  9 28 20      0.0    322.0   0.00000000   0.00000234    274.8  100.0      3.2     86001
2016  9 28 21      0.0    313.3   0.00000000   0.00000056    274.4   95.2      2.7     85953
2016  9 28 22      0.0    233.5   0.00000000   0.00000005    273.4   97.5      0.9     85921
2016  9 28 23      0.0    314.5   0.00000052   0.00000499    273.8   99.9      4.1     85831
2016  9 29  0      0.0    317.3   0.00000240   0.00001486    274.0   99.1      4.6     85713
2016  9 29  1      0.0    317.2   0.00001059   0.00003794    274.1   99.0      5.2     85508
2016  9 29  2      0.0    319.6   0.00000205   0.00018149    274.7   99.6      5.0     85223
2016  9 29  3      0.0    323.8   0.00000000   0.00033313    275.7   98.3      6.6     84974
2016  9 29  4      0.0    327.8  -0.00000001   0.00051998    276.7   96.0      5.4     84751
2016  9 29  5      0.0    332.5   0.00000003   0.00068288    278.2   91.6      8.7     84648
2016  9 29  6      1.8    328.0  -0.00000000   0.00023357    278.0   95.4     11.9     84619
2016  9 29  7     25.5    308.2  -0.00000002   0.00007920    277.2   99.9     11.5     84524
2016  9 29  8     37.8    327.9   0.00000004   0.00011541    276.7   94.0     11.2     84402
2016  9 29  9     28.5    310.8   0.00004019   0.00027086    275.2   94.7      8.4     84336
2016  9 29 10    190.1    268.8   0.00006850   0.00014330    275.2   92.2      8.5     84365
2016  9 29 11     81.2    290.9   0.00006377   0.00013119    274.9   91.1      9.0     84266
2016  9 29 12    158.4    284.8   0.00004568   0.00013553    275.5   88.9     10.0     84080
2016  9 29 13    143.2    276.6   0.00004436   0.00013262    275.4   86.9     12.7     83953
2016  9 29 14    135.5    271.9   0.00007985   0.00011969    275.4   85.8     11.7     83836
2016  9 29 15    162.8    262.8   0.00003983   0.00019059    275.8   88.2     12.3     83664
2016  9 29 16     53.8    282.8   0.00001707   0.00017756    275.4   97.6     18.7     83731
2016  9 29 17     29.3    285.1   0.00000031   0.00005570    275.3  100.0     12.5     83896
2016  9 29 18      0.1    319.9   0.00000093   0.00003774    274.8  100.0     13.8     84031
2016  9 29 19      0.0    284.3   0.00008546   0.00007519    274.0   92.0     14.8     84209
2016  9 29 20      0.0    245.4   0.00009817   0.00000331    273.4   90.4     16.7     84222
2016  9 29 21      0.0    241.4   0.00008608  -0.00000007    273.0   93.5     15.8     84275
2016  9 29 22      0.0    246.7   0.00002990   0.00000006    271.6   97.7     15.4     84422
2016  9 29 23      0.0    273.3   0.00003850  -0.00000002    271.7   94.3     14.5     84499
2016  9 30  0      0.0    231.6   0.00001314   0.00000004    271.2   95.8     13.6     84603
2016  9 30  1      0.0    239.9   0.00002125  -0.00000002    271.2   97.7     10.3     84641
2016  9 30  2      0.0    242.0   0.00003467   0.00000006    271.8   92.1     12.6     84660
2016  9 30  3      0.0    265.7   0.00003573  -0.00000001    272.0   94.2     11.4     84673
2016  9 30  4      0.0    287.6   0.00007200  -0.00000005    272.2   95.7      8.8     84709
2016  9 30  5      0.0    281.0   0.00003404   0.00000008    272.2   95.1     11.1     84694
2016  9 30  6      3.4    242.4   0.00005717  -0.00000000    272.7   87.1     11.5     84710
2016  9 30  7     62.9    239.5   0.00007872  -0.00000012    272.7   87.0     12.8     84702
2016  9 30  8    138.7    242.8   0.00008262   0.00000013    273.1   88.5     11.5     84743
2016  9 30  9    261.3    228.6   0.00003112  -0.00000010    273.5   86.4     12.0     84738
2016  9 30 10    223.5    252.3   0.00007512  -0.00000002    273.6   86.1     11.5     84786
2016  9 30 11    252.2    257.5   0.00008353   0.00000009    273.9   85.1      7.8     84759
2016  9 30 12    162.6    272.6   0.00022681   0.00000000    272.6   90.9     11.0     84860
2016  9 30 13    262.0    250.8   0.00006822   0.00000000    273.1   89.2     13.6     84904
2016  9 30 14    202.5    264.4   0.00011092   0.00000000    273.3   93.8      8.9     84946
2016  9 30 15    112.9    289.3   0.00003442   0.00000006    273.5   91.0     10.8     84930
2016  9 30 16     90.5    250.9   0.00007449   0.00000000    273.0   91.9     10.4     84999
2016  9 30 17     28.4    270.3   0.00001588   0.00000001    272.5   93.6     11.9     85071
2016  9 30 18     -0.1    244.2   0.00000248   0.00000001    272.0  100.0     12.0     85116
2016  9 30 19      0.0    289.8   0.00000556   0.00000000    272.2   96.7     10.7     85200
2016  9 30 20      0.0    294.0   0.00000843   0.00000001    271.7   99.4     10.9     85270
2016  9 30 21      0.0    299.5   0.00000208   0.00000010    271.8  100.0      8.2     85349
2016  9 30 22      0.0    288.7   0.00001148   0.00000001    272.3   95.1      7.4     85401
2016  9 30 23      0.0    306.7   0.00001413   0.00000012    272.3   99.0      7.1     85441
2016 10  1  0      0.0    309.0   0.00000696   0.00000033    272.3  100.0      6.5     85472
2016 10  1  1      0.0    309.1   0.00000852   0.00000011    272.4   96.9      6.3     85520
2016 10  1  2      0.0    308.0   0.00001414   0.00000011    272.4   97.6      5.5     85573
2016 10  1  3      0.0    308.1   0.00000617   0.00000022    272.3   99.3      7.0     85624
2016 10  1  4      0.0    283.0   0.00000117   0.00000000    272.0  100.0      5.9     85669
2016 10  1  5      0.0    306.4   0.00000148   0.00000011    272.0  100.0      6.1     85707
2016 10  1  6      1.4    306.9   0.00000094   0.00000011    271.9  100.0      6.5     85760
2016 10  1  7     37.0    305.1   0.00000106   0.00000000    272.0  100.0      5.7     85828
2016 10  1  8     99.9    304.9   0.00000123   0.00000000    272.4   98.2      4.9     85915
2016 10  1  9    205.5    291.1   0.00000090   0.00000000    272.9   94.6      4.1     85983
2016 10  1 10    316.4    273.3   0.00000022   0.00000000    273.1   91.0      4.2     86045
2016 10  1 11    415.8    232.8   0.00000004   0.00000000    273.0   92.7      4.5     86089
2016 10  1 12    326.9    300.5   0.00000014   0.00000003    273.9   95.6      4.8     86137
2016 10  1 13    324.1    286.9   0.00000009   0.00000015    274.2   94.6      3.7     86161
2016 10  1 14    303.6    253.1   0.00000013   0.00000059    274.4   92.8      4.0     86166
2016 10  1 15    190.9    279.9   0.00000002   0.00000026    273.9   96.3      3.1     86182
2016 10  1 16     99.8    283.1   0.00000149   0.00000073    273.7   96.1      1.0     86193
2016 10  1 17     20.5    297.1   0.00000370   0.00000066    273.6   97.8      2.0     86236
2016 10  1 18      0.1    291.5   0.00000005   0.00000011    272.8   99.3      2.3     86285
2016 10  1 19      0.0    291.4   0.00000012   0.00000000    272.6   97.9      2.5     86335
2016 10  1 20      0.0    284.4   0.00000003   0.00000000    272.0   96.5      2.7     86351
2016 10  1 21      0.0    278.0   0.00000003   0.00000000    271.8   98.5      2.9     86368
2016 10  1 22      0.0    252.2   0.00000004   0.00000000    270.9  100.0      2.7     86403
2016 10  1 23      0.0    234.8   0.00000002  -0.00000000    269.8  100.0      3.4     86416
2016 10  2  0      0.0    213.1  -0.00000002   0.00000000    269.9   98.2      3.5     86426
2016 10  2  1      0.0    210.8   0.00000001   0.00000000    269.7   99.1      3.7     86440
2016 10  2  2      0.0    210.5   0.00000002  -0.00000006    269.9   94.6      2.6     86468
2016 10  2  3      0.0    210.4   0.00000001   0.00000000    269.7   92.6      3.1     86499
2016 10  2  4      0.0    211.0  -0.00000001   0.00000006    269.6   89.0      1.9     86512
2016 10  2  5      0.0    210.3  -0.00000001  -0.00000004    269.0   85.9      2.0     86555
2016 10  2  6      1.8    209.1  -0.00000000   0.00000003    268.5   86.8      2.0     86622
2016 10  2  7     65.7    209.3   0.00000001   0.00000000    269.2   85.2      2.2     86689
2016 10  2  8    179.0    211.3   0.00000001   0.00000001    270.8   85.7      1.9     86753
2016 10  2  9    289.2    213.9  -0.00000001   0.00000000    272.3   85.8      1.9     86792
2016 10  2 10    375.4    214.8   0.00000001   0.00000000    273.2   84.5      2.1     86863
2016 10  2 11    426.6    217.0  -0.00000001  -0.00000009    273.8   88.4      2.7     86919
2016 10  2 12    435.4    220.9   0.00000000   0.00000000    274.4   85.8      3.8     87008
2016 10  2 13    408.7    220.4   0.00000000   0.00000000    274.5   85.2      3.9     87068
2016 10  2 14    342.9    220.5   0.00000000   0.00000000    274.5   84.8      3.5     87090
2016 10  2 15    246.4    220.3   0.00000000   0.00000000    274.3   86.2      3.0     87124
2016 10  2 16    133.1    218.8   0.00000000   0.00000000    273.4   92.2      1.9     87185
2016 10  2 17     29.7    216.6   0.00000000   0.00000000    272.0   90.4      2.7     87249
2016 10  2 18      0.1    215.0   0.00000000   0.00000000    271.1   89.7      2.5     87327
2016 10  2 19      0.0    214.3   0.00000000   0.00000000    270.7   89.9      2.2     87405
2016 10  2 20      0.0    213.5   0.00000000   0.00000000    270.1   90.9      2.3     87485
2016 10  2 21      0.0    212.7   0.00000000   0.00000000    269.7   91.6      2.4     87542
2016 10  2 22      0.0    211.9   0.00000000   0.00000000    269.5   92.5      2.6     87594
2016 10  2 23      0.0    210.8   0.00000000   0.00000000    269.2   92.8      2.3     87622
2016 10  3  0      0.0    210.2   0.00000000   0.00000000    268.9   93.3      2.2     87672
2016 10  3  1      0.0    210.5   0.00000000   0.00000000    268.8   93.7      2.5     87732
2016 10  3  2      0.0    211.2   0.00000000   0.00000000    268.7   95.1      3.0     87779
2016 10  3  3      0.0    211.8   0.00000000   0.00000000    268.9   94.4      2.9     87819
2016 10  3  4      0.0    211.4   0.00000000   0.00000000    268.9   93.5      2.1     87861
2016 10  3  5     -0.1    211.4   0.00000000   0.00000000    267.4   99.3      1.6     87934
2016 10  3  6      1.2    211.5   0.00000000   0.00000000    266.8   97.0      1.2     88007
2016 10  3  7     60.3    213.0   0.00000000   0.00000000    267.1   85.7      0.9     88090
2016 10  3  8    171.0    216.2   0.00000000   0.00000000    270.3   72.6      1.8     88168
2016 10  3  9    279.7    219.9   0.00000000   0.00000000    273.8   68.7      2.9     88225
2016 10  3 10    364.9    221.4   0.00000000   0.00000000    274.8   72.3      2.7     88300
2016 10  3 11    415.4    223.3   0.00000000   0.00000000    275.5   71.6      2.6     88365
2016 10  3 12    426.9    223.2   0.00000000   0.00000000    276.2   69.8      1.0     88392
2016 10  3 13    399.5    224.0   0.00000000   0.00000000    276.4   68.6      0.7     88458
2016 10  3 14    333.1    224.4   0.00000000   0.00000000    276.3   68.0      0.9     88514
2016 10  3 15    237.5    223.9   0.00000000   0.00000000    275.6   76.7      1.6     88557
2016 10  3 16    124.7    222.9   0.00000000   0.00000000    274.4   72.2      2.5     88619
2016 10  3 17     25.3    220.9   0.00000000   0.00000000    273.3   70.4      3.2     88667
2016 10  3 18     -0.0    221.2   0.00000000   0.00000000    272.9   70.6      3.2     88720
2016 10  3 19      0.0    223.2   0.00000000   0.00000000    273.2   67.6      2.4     88776
2016 10  3 20      0.0    224.0   0.00000000   0.00000000    272.9   65.6      3.1     88818
2016 10  3 21      0.0    223.2   0.00000000   0.00000000    272.3   71.0      3.2     88879
2016 10  3 22      0.0    222.2   0.00000000   0.00000000    271.5   77.2      2.4     88939
2016 10  3 23      0.0    220.2   0.00000000   0.00000000    271.2   77.4      3.0     88979
2016 10  4  0      0.0    218.4   0.00000000   0.00000000    271.0   72.9      3.1     89009
2016 10  4  1      0.0    217.4   0.00000000   0.00000000    270.9   69.1      3.0     89049
2016 10  4  2      0.0    217.3   0.00000000   0.00000000    270.8   67.4      3.0     89083
2016 10  4  3      0.0    216.9   0.00000000   0.00000000    270.6   66.6      3.3     89106
2016 10  4  4      0.0    216.7   0.00000000   0.00000000    270.1   69.7      2.9     89129
2016 10  4  5      0.0    215.7   0.00000000   0.00000000    269.8   71.5      3.0     89188
2016 10  4  6      0.8    216.5   0.00000000   0.00000000    269.6   72.7      2.9     89244
2016 10  4  7     54.8    218.9   0.00000000   0.00000000    270.2   72.7      3.0     89275
2016 10  4  8    163.1    219.1   0.00000000   0.00000000    271.7   74.8      2.7     89320
2016 10  4  9    272.6    219.8   0.00000000   0.00000000    273.7   70.9      2.9     89346
2016 10  4 10    357.4    220.6   0.00000000   0.00000000    274.3   70.0      3.8     89366
2016 10  4 11    407.7    222.2   0.00000000   0.00000000    274.8   68.2      4.0     89404
2016 10  4 12    423.3    216.9   0.00000000   0.00000000    274.7   66.2      3.9     89426
2016 10  4 13    394.5    218.2   0.00000000   0.00000000    274.9   69.6      3.7     89426
2016 10  4 14    328.2    219.0   0.00000000   0.00000000    274.9   73.4      3.1     89400
2016 10  4 15    232.0    219.5   0.00000000   0.00000000    274.6   78.4      2.7     89401
2016 10  4 16    120.1    218.8   0.00000000   0.00000000    273.8   83.0      2.7     89419
2016 10  4 17     22.2    217.5   0.00000000   0.00000000    272.7   81.6      3.3     89441
2016 10  4 18     -0.0    216.7   0.00000000   0.00000000    271.9   83.4      3.1     89481
2016 10  4 19      0.0    216.5   0.00000000   0.00000000    271.4   82.4      2.8     89482
2016 10  4 20      0.0    215.4   0.00000000   0.00000000    271.2   78.9      2.7     89490
2016 10  4 21      0.0    213.7   0.00000000   0.00000000    271.1   75.2      3.0     89473
2016 10  4 22      0.0    213.4   0.00000000   0.00000000    270.5   77.2      3.2     89473
2016 10  4 23      0.0    212.4   0.00000000   0.00000000    270.0   80.0      3.4     89472
2016 10  5  0      0.0    211.7   0.00000000   0.00000000    269.6   82.2      3.3     89468
2016 10  5  1      0.0    211.3   0.00000000   0.00000000    269.3   82.4      3.2     89485
2016 10  5  2      0.0    210.8   0.00000000   0.00000000    269.4   78.9      3.3     89475
2016 10  5  3      0.0    210.2   0.00000000   0.00000000    269.2   77.5      3.5     89461
2016 10  5  4      0.0    208.6   0.00000000   0.00000000    269.2   74.1      3.3     89454
2016 10  5  5      0.0    207.9   0.00000000   0.00000000    269.5   67.3      2.9     89422
2016 10  5  6      0.4    207.7   0.00000000   0.00000000    269.8   59.9      2.6     89442
2016 10  5  7     53.2    208.4   0.00000000   0.00000000    270.5   57.3      2.7     89471
2016 10  5  8    163.0    210.5   0.00000000   0.00000000    271.9   62.3      2.9     89488
2016 10  5  9    271.1    212.1   0.00000000   0.00000000    273.8   67.9      2.3     89514
2016 10  5 10    357.7    213.2   0.00000000   0.00000000    275.0   64.4      2.4     89492
2016 10  5 11    407.5    215.2   0.00000000   0.00000000    275.9   62.6      2.6     89467
2016 10  5 12    422.4    214.1   0.00000000   0.00000000    275.9   62.8      2.5     89426
2016 10  5 13    393.6    215.0   0.00000000   0.00000000    276.4   64.0      2.1     89403
2016 10  5 14    325.6    215.5   0.00000000   0.00000000    276.3   70.3      1.8     89356
2016 10  5 15    229.3    215.0   0.00000000   0.00000000    275.8   78.0      1.7     89353
2016 10  5 16    116.1    214.2   0.00000000   0.00000000    275.1   68.7      1.9     89355
2016 10  5 17     19.4    213.4   0.00000000   0.00000000    274.1   54.6      2.4     89351
2016 10  5 18      0.0    213.5   0.00000000   0.00000000    273.6   47.6      2.8     89337
2016 10  5 19      0.0    213.9   0.00000000   0.00000000    273.3   54.5      3.2     89334
2016 10  5 20      0.0    213.4   0.00000000   0.00000000    273.1   54.2      3.0     89311
2016 10  5 21      0.0    213.3   0.00000000   0.00000000    272.9   50.6      3.2     89272
2016 10  5 22      0.0    212.9   0.00000000   0.00000000    272.7   52.5      3.5     89262
2016 10  5 23      0.0    211.8   0.00000000   0.00000000    272.0   56.8      3.3     89264
2016 10  6  0      0.0    209.2   0.00000000   0.00000000    271.7   54.8      3.3     89274
2016 10  6  1      0.0    208.5   0.00000000   0.00000000    271.5   52.8      3.2     89252
2016 10  6  2      0.0    208.8   0.00000000   0.00000000    271.4   51.5      3.2     89224
2016 10  6  3      0.0    207.9   0.00000000   0.00000000    271.3   49.6      3.0     89187
2016 10  6  4      0.0    208.5   0.00000000   0.00000000    271.4   47.2      2.8     89170
2016 10  6  5      0.0    210.9   0.00000000   0.00000000    271.4   46.1      2.4     89116
2016 10  6  6      0.1    211.7   0.00000000   0.00000000    272.1   42.9      4.2     89068
2016 10  6  7     49.9    211.2   0.00000000   0.00000000    272.4   46.8      2.8     89097
2016 10  6  8    159.0    210.7   0.00000000   0.00000000    273.7   51.5      2.5     89081
2016 10  6  9    267.3    213.2   0.00000000   0.00000000    275.4   63.6      2.2     89070
2016 10  6 10    351.9    215.1   0.00000000   0.00000000    276.5   67.8      1.3     89088
2016 10  6 11    401.5    217.4   0.00000000   0.00000000    277.6   62.1      1.3     89107
2016 10  6 12    416.7    212.7   0.00000000   0.00000000    277.4   56.8      1.1     89003
2016 10  6 13    385.8    215.6   0.00000000   0.00000000    277.5   58.5      1.4     88942
2016 10  6 14    317.7    217.4   0.00000000   0.00000000    277.2   65.2      1.5     88920
2016 10  6 15    219.4    218.3   0.00000000   0.00000000    276.3   69.2      1.3     88903
2016 10  6 16    108.4    217.6   0.00000000   0.00000000    274.6   72.0      1.1     88871
2016 10  6 17     16.4    217.1   0.00000000   0.00000000    272.8   78.8      1.1     88846
2016 10  6 18      0.0    221.4   0.00000000   0.00000000    271.9   83.1      1.6     88830
2016 10  6 19      0.0    228.8   0.00000000   0.00000000    272.2   73.7      2.5     88837
2016 10  6 20      0.0    235.9   0.00000000   0.00000000    272.3   72.1      2.1     88835
2016 10  6 21      0.0    229.1   0.00000000   0.00000000    272.6   69.3      2.6     88818
2016 10  6 22      0.0    222.6   0.00000000   0.00000000    272.4   70.0      3.3     88799
2016 10  6 23      0.0    220.9   0.00000000   0.00000000    271.9   73.6      3.6     88769
2016 10  7  0      0.0    221.5   0.00000000   0.00000000    271.8   75.5      3.7     88733
2016 10  7  1      0.0    223.2   0.00000000   0.00000000    271.8   76.7      3.7     88690
2016 10  7  2      0.0    228.7   0.00000000   0.00000000    271.8   76.9      3.5     88667
2016 10  7  3      0.0    229.9   0.00000000   0.00000000    271.6   81.3      3.4     88661
2016 10  7  4      0.0    228.0   0.00000000   0.00000000    271.3   85.4      3.2     88659
2016 10  7  5      0.0    226.3   0.00000000   0.00000000    271.0   87.7      3.4     88658
2016 10  7  6     -0.0    225.1   0.00000000   0.00000000    270.8   91.4      3.6     88630
2016 10  7  7     42.1    226.2   0.00000000   0.00000000    271.7   92.6      3.7     88606
2016 10  7  8    143.3    229.3   0.00000000   0.00000000    273.9   89.3      4.3     88586
2016 10  7  9    245.4    232.1   0.00000000   0.00000000    275.3   86.6      5.4     88587
2016 10  7 10    326.9    232.7   0.00000000   0.00000000    275.8   85.1      6.0     88573
2016 10  7 11    377.3    232.8   0.00000000   0.00000000    276.1   84.4      6.4     88564
2016 10  7 12    388.3    231.0   0.00000000   0.00000000    275.8   81.2      6.5     88484
2016 10  7 13    362.4    231.0   0.00000000   0.00000000    275.9   78.8      6.5     88451
2016 10  7 14    298.4    230.3   0.00000000   0.00000000    275.7   79.6      5.7     88435
2016 10  7 15    205.3    230.2   0.00000000   0.00000000    275.3   81.8      4.2     88426
2016 10  7 16     98.4    229.3   0.00000000   0.00000000    274.3   87.4      2.4     88437
2016 10  7 17     13.0    227.2   0.00000000   0.00000000    273.2   90.4      2.2     88458
2016 10  7 18      0.0    226.5   0.00000000   0.00000000    272.8   91.4      2.3     88457
2016 10  7 19      0.0    227.0   0.00000000   0.00000000    272.7   93.7      2.6     88442
2016 10  7 20      0.0    227.4   0.00000000  -0.00000000    272.6   95.5      2.6     88415
2016 10  7 21      0.0    226.8   0.00000000   0.00000000    272.5   95.3      3.2     88431
2016 10  7 22      0.0    224.1   0.00000000   0.00000000    272.1   96.4      2.9     88430
2016 10  7 23      0.0    263.4   0.00000001  -0.00000000    272.4   96.5      2.8     88438
2016 10  8  0      0.0    297.9   0.00000003   0.00000000    272.9   94.9      3.2     88432
2016 10  8  1      0.0    291.7   0.00000004   0.00000000    272.5   95.3      2.8     88414
2016 10  8  2      0.0    280.8   0.00000004  -0.00000000    271.8   96.8      2.1     88373
2016 10  8  3      0.0    237.1   0.00000002   0.00000000    270.8   99.6      1.2     88343
2016 10  8  4      0.0    208.4   0.00000000  -0.00000000    269.8   98.5      0.7     88316
2016 10  8  5     -0.1    204.5   0.00000000  -0.00000000    269.2   91.6      0.9     88318
2016 10  8  6      0.0    204.1  -0.00000000   0.00000000    268.0   95.0      2.2     88360
2016 10  8  7     40.1    203.8   0.00000000  -0.00000000    267.9  100.0      1.9     88423
2016 10  8  8    142.0    206.4   0.00000004  -0.00000000    269.4  100.0      1.8     88458
2016 10  8  9    248.3    206.9   0.00000001   0.00000000    271.4   88.7      1.1     88453
2016 10  8 10    334.0    207.9  -0.00000000  -0.00000000    273.1   78.9      2.1     88435
2016 10  8 11    384.6    208.6   0.00000000   0.00000000    273.6   77.4      2.5     88440
2016 10  8 12    392.7    215.1   0.00000000   0.00000000    275.0   73.0      2.6     88482
2016 10  8 13    363.0    216.8   0.00000000   0.00000000    275.0   74.4      3.0     88439
2016 10  8 14    297.7    216.8   0.00000000   0.00000000    275.2   69.4      2.5     88423
2016 10  8 15    203.3    216.1   0.00000000   0.00000000    274.8   72.5      2.2     88412
2016 10  8 16     95.5    213.9   0.00000000   0.00000000    273.5   82.2      2.4     88414
2016 10  8 17     11.0    211.3   0.00000000   0.00000000    272.2   84.4      2.3     88434
2016 10  8 18      0.0    210.4   0.00000000   0.00000000    271.6   87.8      1.9     88448
2016 10  8 19      0.0    209.5   0.00000000   0.00000000    271.4   88.6      1.9     88462
2016 10  8 20      0.0    209.2   0.00000000   0.00000000    270.9   90.9      2.2     88465
2016 10  8 21      0.0    208.7   0.00000000   0.00000000    270.4   92.3      2.0     88460
2016 10  8 22      0.0    207.6   0.00000000   0.00000000    270.0   91.2      2.0     88452
2016 10  8 23      0.0    206.0   0.00000000   0.00000000    269.3   93.0      1.5     88452
2016 10  9  0      0.0    205.2   0.00000000   0.00000000    268.9   92.5      1.8     88430
2016 10  9  1      0.0    205.1   0.00000000   0.00000000    268.4   93.5      2.0     88407
2016 10  9  2      0.0    204.7   0.00000000   0.00000000    268.1   92.9      1.9     88373
2016 10  9  3      0.0    204.2   0.00000000   0.00000000    267.8   92.7      1.7     88342
2016 10  9  4      0.0    203.8   0.00000000   0.00000000    267.3   93.2      1.5     88304
2016 10  9  5      0.0    203.9   0.00000000   0.00000000    266.8   94.5      1.3     88280
2016 10  9  6      0.1    204.0   0.00000000   0.00000000    266.3  100.0      1.8     88287
2016 10  9  7     36.2    203.7   0.00000000   0.00000000    267.5   95.6      2.3     88344
2016 10  9  8    137.7    204.2   0.00000000   0.00000000    268.9   95.0      2.1     88364
2016 10  9  9    242.2    205.6   0.00000000   0.00000000    271.0   86.3      2.7     88364
2016 10  9 10    321.3    212.8   0.00000000   0.00000000    272.3   79.7      4.3     88367
2016 10  9 11    367.8    217.7   0.00000000  -0.00000000    272.8   78.5      4.3     88383
2016 10  9 12    352.3    236.8   0.00000002  -0.00000000    272.7   84.6      5.3     88334
2016 10  9 13    316.2    241.2   0.00000002   0.00000000    272.7   85.0      5.0     88336
2016 10  9 14    228.3    253.9   0.00000002  -0.00000000    272.4   85.7      4.3     88352
2016 10  9 15    136.0    277.6   0.00000002   0.00000000    272.2   86.4      4.2     88357
2016 10  9 16     48.3    296.4   0.00000003  -0.00000000    271.9   88.0      4.5     88356
2016 10  9 17      4.1    298.7   0.00000005   0.00000000    271.5   89.9      5.0     88382
2016 10  9 18      0.0    291.0   0.00000007   0.00000000    271.3   91.1      5.5     88399
2016 10  9 19      0.0    291.9   0.00000013  -0.00000000    271.4   92.0      4.7     88422
2016 10  9 20      0.0    298.7   0.00000033  -0.00000000    271.4   93.6      4.3     88442
2016 10  9 21      0.0    296.7   0.00000026   0.00000000    271.4   92.3      4.2     88445
2016 10  9 22      0.0    293.9   0.00000021  -0.00000000    271.3   92.9      3.8     88477
2016 10  9 23      0.0    289.6   0.00000024   0.00000000    271.2   93.7      3.2     88522
2016 10 10  0      0.0    296.7   0.00000022   0.00000000    271.2   94.6      3.0     88530
2016 10 10  1      0.0    296.0   0.00000028  -0.00000000    271.1   95.4      3.6     88528
2016 10 10  2      0.0    284.0   0.00000042   0.00000000    270.9   98.2      3.8     88498
2016 10 10  3      0.0    279.4   0.00000040   0.00000000    270.6  100.0      3.6     88487
2016 10 10  4      0.0    287.0   0.00000022  -0.00000000    270.4  100.0      3.6     88455
2016 10 10  5     -0.0    292.4   0.00000019   0.00000000    270.3  100.0      2.9     88437
2016 10 10  6      0.0    299.4   0.00000026  -0.00000000    270.2  100.0      2.3     88439
2016 10 10  7     14.8    300.5   0.00000037   0.00000004    270.4  100.0      1.3     88488
2016 10 10  8     65.1    300.5   0.00000039   0.00000000    271.2   98.1      0.4     88530
2016 10 10  9    173.5    276.8   0.00000012   0.00000000    272.3   92.1      1.3     88531
2016 10 10 10    302.5    231.4  -0.00000000   0.00000000    273.2   86.4      1.6     88543
2016 10 10 11    357.1    226.5   0.00000000   0.00000000    273.8   87.5      2.4     88528
2016 10 10 12    276.2    289.4   0.00000002   0.00000003    273.3   92.9      3.8     88477
2016 10 10 13    244.1    293.7   0.00000004   0.00000000    273.4   92.7      3.4     88451
2016 10 10 14    219.9    274.0   0.00000002   0.00000000    273.6   91.0      3.0     88426
2016 10 10 15    177.8    232.5   0.00000000   0.00000000    273.4   90.7      2.4     88431
2016 10 10 16     80.8    224.9   0.00000000   0.00000000    272.9   94.0      1.5     88458
2016 10 10 17      6.8    222.5   0.00000000   0.00000000    272.1   92.7      2.1     88470
2016 10 10 18      0.0    221.1  -0.00000001   0.00000000    271.6   91.7      2.4     88459
2016 10 10 19      0.0    221.2   0.00000000   0.00000000    271.3   92.2      1.7     88456
2016 10 10 20      0.0    221.7   0.00000000   0.00000000    271.3   91.2      1.7     88464
2016 10 10 21      0.0    222.1   0.00000000   0.00000000    271.2   90.3      2.1     88466
2016 10 10 22      0.0    221.0   0.00000000   0.00000000    270.8   91.1      2.7     88469
2016 10 10 23      0.0    219.2   0.00000000   0.00000000    270.4   92.7      2.5     88472
2016 10 11  0      0.0    216.9   0.00000000   0.00000000    270.0   97.4      2.1     88489
2016 10 11  1      0.0    221.9   0.00000001   0.00000000    269.3  100.0      2.1     88476
2016 10 11  2      0.0    281.4   0.00000011  -0.00000000    269.8  100.0      1.7     88445
2016 10 11  3      0.0    276.6   0.00000009   0.00000000    270.1  100.0      1.6     88423
2016 10 11  4      0.0    231.6   0.00000001   0.00000000    269.9   88.9      1.7     88412
2016 10 11  5      0.0    204.1   0.00000000   0.00000000    269.4   76.0      2.4     88405
2016 10 11  6      0.0    204.4   0.00000000   0.00000000    269.1   74.6      2.3     88408
2016 10 11  7     29.8    204.9   0.00000000   0.00000000    269.2   73.9      2.2     88418
2016 10 11  8    128.8    206.3   0.00000000   0.00000000    270.5   77.6      2.0     88410
2016 10 11  9    232.3    208.5   0.00000000   0.00000000    272.7   73.0      1.9     88408
2016 10 11 10    314.6    210.3   0.00000000   0.00000000    273.8   67.5      1.9     88402
2016 10 11 11    363.6    211.4   0.00000000   0.00000001    274.5   68.0      1.9     88422
2016 10 11 12    375.4    210.7   0.00000000   0.00000000    274.7   70.3      1.9     88381
2016 10 11 13    346.8    210.5   0.00000000   0.00000000    275.0   70.3      1.8     88384
2016 10 11 14    280.9    210.1   0.00000000   0.00000000    274.9   74.9      2.0     88378
2016 10 11 15    186.4    208.9   0.00000000   0.00000000    274.3   80.1      1.9     88334
2016 10 11 16     80.1    206.6   0.00000000   0.00000000    273.2   80.3      1.6     88322
2016 10 11 17      5.6    205.8   0.00000000   0.00000000    272.3   73.0      1.9     88347
2016 10 11 18      0.0    205.7   0.00000000   0.00000000    272.0   60.4      2.3     88381
2016 10 11 19      0.0    205.5   0.00000000   0.00000000    271.8   59.7      2.2     88397
2016 10 11 20      0.0    205.4   0.00000000   0.00000000    271.5   59.2      3.3     88381
2016 10 11 21      0.0    204.8   0.00000000   0.00000000    270.8   64.8      2.7     88378
2016 10 11 22      0.0    203.8   0.00000000   0.00000000    270.3   63.2      2.0     88387
2016 10 11 23      0.0    203.3   0.00000000   0.00000000    269.8   60.9      1.9     88397
2016 10 12  0      0.0    203.2   0.00000000   0.00000000    269.4   61.2      1.9     88412
2016 10 12  1      0.0    203.2   0.00000000   0.00000000    269.6   55.7      2.4     88403
2016 10 12  2      0.0    202.9   0.00000000   0.00000000    269.7   54.8      2.6     88386
2016 10 12  3      0.0    202.8   0.00000000   0.00000000    269.4   55.7      2.1     88360
2016 10 12  4      0.0    203.0   0.00000000   0.00000000    269.2   56.3      2.2     88345
2016 10 12  5      0.0    203.8   0.00000000   0.00000000    269.8   52.4      2.7     88327
2016 10 12  6      0.0    203.7   0.00000000   0.00000000    269.8   53.6      2.5     88323
2016 10 12  7     27.2    204.9   0.00000000   0.00000000    269.8   56.2      2.1     88356
2016 10 12  8    124.6    207.7   0.00000000   0.00000000    271.4   55.7      1.8     88378
2016 10 12  9    227.5    211.1   0.00000000   0.00000000    274.3   54.8      2.1     88372
2016 10 12 10    309.2    213.9   0.00000000   0.00000000    275.9   66.1      1.7     88389
2016 10 12 11    357.6    215.2   0.00000000   0.00000000    276.5   61.6      1.4     88401
2016 10 12 12    368.8    212.6   0.00000000   0.00000000    275.6   57.8      2.2     88367
2016 10 12 13    339.4    213.0   0.00000000   0.00000000    275.8   56.6      1.7     88338
2016 10 12 14    273.4    213.5   0.00000000   0.00000000    275.9   58.8      1.5     88300
2016 10 12 15    179.4    213.5   0.00000000   0.00000000    275.5   66.8      1.1     88267
2016 10 12 16     74.4    212.8   0.00000000   0.00000000    274.6   62.7      2.0     88268
2016 10 12 17      4.1    211.7   0.00000000   0.00000000    273.3   64.4      2.2     88312
2016 10 12 18      0.0    209.4   0.00000000   0.00000000    272.6   58.1      2.7     88316
2016 10 12 19      0.0    207.4   0.00000000   0.00000000    272.2   58.5      3.0     88299
2016 10 12 20      0.0    205.8   0.00000000   0.00000000    271.9   57.4      3.1     88283
2016 10 12 21      0.0    204.9   0.00000000   0.00000000    271.5   59.4      3.1     88282
2016 10 12 22      0.0    203.7   0.00000000   0.00000000    270.7   61.7      3.1     88283
2016 10 12 23      0.0    202.3   0.00000000   0.00000000    270.2   62.0      2.8     88281
2016 10 13  0      0.0    201.8   0.00000000   0.00000000    270.1   60.4      2.8     88265
2016 10 13  1      0.0    201.6   0.00000000   0.00000000    269.5   63.8      2.9     88249
2016 10 13  2      0.0    200.0   0.00000000   0.00000000    269.2   63.6      2.7     88210
2016 10 13  3      0.0    198.8   0.00000000   0.00000000    269.0   64.1      2.4     88186
2016 10 13  4      0.0    197.9   0.00000000   0.00000000    268.8   64.3      2.2     88180
2016 10 13  5      0.0    197.3   0.00000000   0.00000000    267.2   75.3      2.1     88171
2016 10 13  6      0.0    198.3   0.00000000   0.00000000    268.6   63.1      3.0     88201
2016 10 13  7     24.4    198.3   0.00000000   0.00000000    269.0   62.5      2.5     88210
2016 10 13  8    120.7    200.2   0.00000000   0.00000000    270.3   65.1      2.6     88213
2016 10 13  9    223.3    202.5   0.00000000   0.00000000    272.3   64.9      2.2     88211
2016 10 13 10    304.9    204.9   0.00000000   0.00000000    273.8   60.2      2.5     88205
2016 10 13 11    353.4    206.6   0.00000000   0.00000000    274.5   62.2      3.0     88193
2016 10 13 12    362.1    210.1   0.00000000   0.00000000    274.5   59.6      2.6     88118
2016 10 13 13    332.4    210.5   0.00000000   0.00000000    274.3   63.2      3.0     88116
2016 10 13 14    266.7    209.4   0.00000000   0.00000000    274.0   64.6      3.0     88100
2016 10 13 15    173.0    208.3   0.00000000   0.00000000    273.4   66.9      2.6     88068
2016 10 13 16     69.3    206.6   0.00000000   0.00000000    272.2   72.7      2.4     88045
2016 10 13 17      3.0    205.0   0.00000000   0.00000000    271.2   72.2      2.7     88066
2016 10 13 18      0.0    204.0   0.00000000   0.00000000    270.2   76.5      2.7     88072
2016 10 13 19      0.0    202.8   0.00000000   0.00000000    269.8   76.3      3.1     88058
2016 10 13 20      0.0    202.0   0.00000000   0.00000000    269.1   78.9      2.8     88077
2016 10 13 21      0.0    201.0   0.00000000   0.00000000    268.6   81.0      3.2     88097
2016 10 13 22      0.0    199.7   0.00000000   0.00000000    268.2   83.2      3.4     88110
2016 10 13 23      0.0    198.4   0.00000000   0.00000000    267.9   84.0      3.4     88102
2016 10 14  0      0.0    198.0   0.00000000   0.00000000    267.7   84.8      3.7     88085
2016 10 14  1      0.0    197.3   0.00000000   0.00000000    267.6   85.0      3.4     88063
2016 10 14  2      0.0    196.8   0.00000000   0.00000000    267.5   84.0      3.3     88036
2016 10 14  3      0.0    196.4   0.00000000   0.00000000    267.5   82.3      3.2     88025
2016 10 14  4      0.0    196.2   0.00000000   0.00000000    267.5   81.1      3.1     88014
2016 10 14  5      0.0    195.9   0.00000000   0.00000000    267.4   82.1      2.9     88011
2016 10 14  6      0.0    194.6   0.00000000   0.00000000    267.2   82.2      2.7     88028
2016 10 14  7     21.5    194.0   0.00000000   0.00000000    267.4   80.8      2.2     88030
2016 10 14  8    115.4    195.8   0.00000000   0.00000000    268.8   78.3      2.2     88029
2016 10 14  9    217.3    198.6   0.00000000   0.00000000    271.1   70.9      2.4     88003
2016 10 14 10    298.9    201.4   0.00000000   0.00000000    272.7   67.0      3.3     88001
2016 10 14 11    347.3    203.2   0.00000000   0.00000000    273.4   67.5      4.1     87992
2016 10 14 12    356.4    205.3   0.00000000   0.00000000    273.8   66.3      4.6     87882
2016 10 14 13    325.7    205.0   0.00000000   0.00000000    273.9   61.0      5.6     87852
2016 10 14 14    256.0    207.0   0.00000000   0.00000000    273.8   59.9      6.0     87800
2016 10 14 15    149.0    220.0   0.00000000   0.00000000    273.3   59.9      6.2     87762
2016 10 14 16     52.3    226.8   0.00000000   0.00000000    272.3   61.2      6.5     87749
2016 10 14 17      1.7    212.2   0.00000000   0.00000000    271.4   62.8      5.9     87738
2016 10 14 18      0.0    204.9   0.00000000   0.00000000    270.4   67.7      5.2     87776
2016 10 14 19      0.0    202.0   0.00000000   0.00000000    269.6   71.5      5.4     87777
2016 10 14 20      0.0    200.0   0.00000000   0.00000000    269.0   76.6      4.8     87798
2016 10 14 21      0.0    198.7   0.00000000   0.00000000    268.6   78.0      4.4     87801
2016 10 14 22      0.0    197.7   0.00000000   0.00000000    268.2   80.0      4.3     87818
2016 10 14 23      0.0    197.2   0.00000000   0.00000000    268.0   79.6      4.6     87795
2016 10 15  0      0.0    198.0   0.00000000   0.00000000    267.9   80.8      4.2     87785
2016 10 15  1      0.0    198.8   0.00000000   0.00000000    267.5   82.9      3.8     87774
2016 10 15  2      0.0    202.6   0.00000000   0.00000000    267.5   82.8      4.0     87751
2016 10 15  3      0.0    201.0   0.00000000   0.00000000    267.4   84.0      3.8     87737
2016 10 15  4      0.0    200.9   0.00000000   0.00000000    267.1   85.5      3.7     87732
2016 10 15  5      0.0    204.3   0.00000000   0.00000000    267.0   87.3      3.8     87725
2016 10 15  6     -0.0    203.5   0.00000000   0.00000000    267.3   84.8      4.4     87722
2016 10 15  7     18.3    201.6   0.00000000   0.00000000    267.8   82.2      5.0     87719
2016 10 15  8    107.5    201.7   0.00000000   0.00000000    268.8   80.6      5.5     87732
2016 10 15  9    207.0    203.6   0.00000000   0.00000000    269.9   79.6      5.9     87741
2016 10 15 10    287.2    204.9   0.00000000   0.00000000    271.2   75.0      6.9     87748
2016 10 15 11    335.2    206.6   0.00000000   0.00000000    272.3   68.4      7.4     87743
2016 10 15 12    336.5    211.3   0.00000000   0.00000000    272.9   63.0      7.4     87657
2016 10 15 13    314.4    209.9   0.00000000   0.00000000    273.2   61.3      8.2     87664
2016 10 15 14    238.7    214.7   0.00000000   0.00000000    272.9   62.3      8.6     87647
2016 10 15 15    146.4    214.5   0.00000000   0.00000000    272.3   64.4      8.7     87600
2016 10 15 16     54.8    211.3   0.00000000   0.00000000    271.5   66.8      8.5     87605
2016 10 15 17      1.2    212.6   0.00000000   0.00000000    270.7   70.5      7.5     87650
2016 10 15 18      0.0    226.5   0.00000000   0.00000000    270.5   73.0      6.9     87697
2016 10 15 19      0.0    238.3   0.00000000   0.00000000    270.1   78.3      6.7     87731
2016 10 15 20      0.0    225.4   0.00000000   0.00000000    269.8   81.6      7.1     87714
2016 10 15 21      0.0    226.2   0.00000000   0.00000000    269.5   83.9      6.8     87720
2016 10 15 22      0.0    226.2   0.00000000   0.00000000    269.2   87.1      7.0     87713
2016 10 15 23      0.0    227.0   0.00000000   0.00000000    269.1   89.4      7.5     87697
2016 10 16  0      0.0    229.2   0.00000000   0.00000000    269.1   90.0      6.9     87693
2016 10 16  1      0.0    235.7   0.00000000   0.00000000    269.0   92.0      7.3     87704
2016 10 16  2      0.0    240.2   0.00000000   0.00000000    268.7   95.8      7.8     87732
2016 10 16  3      0.0    260.9   0.00000000  -0.00000000    268.5   98.2      7.6     87741
2016 10 16  4      0.0    286.3   0.00000004   0.00000000    268.6   97.5      7.3     87736
2016 10 16  5     -0.1    287.5   0.00000020   0.00000000    268.8   95.0      6.8     87726
2016 10 16  6      0.1    284.3   0.00000003  -0.00000000    268.9   94.9      7.0     87728
2016 10 16  7      5.3    288.5   0.00000003  -0.00000000    268.8   97.5      6.9     87746
2016 10 16  8     64.7    244.0   0.00000008  -0.00000000    269.1   96.5      7.2     87746
2016 10 16  9    133.5    243.6   0.00000257   0.00000000    269.6   94.6      7.3     87755
2016 10 16 10    162.4    263.9   0.00001021  -0.00000000    270.0   95.5      7.9     87755
2016 10 16 11    117.7    285.2   0.00001611  -0.00000000    270.2   97.4      6.6     87776
2016 10 16 12    192.5    253.5   0.00000003   0.00000000    270.6   91.4      6.0     87793
2016 10 16 13    206.6    248.7   0.00000003   0.00000000    270.9   92.7      6.0     87810
2016 10 16 14    176.9    255.7   0.00000007  -0.00000000    270.9   92.9      7.1     87778
2016 10 16 15     85.3    282.3   0.00000142   0.00000000    270.8   95.1      6.1     87801
2016 10 16 16     17.7    296.7   0.00000588   0.00000002    270.5   98.6      5.7     87805
2016 10 16 17      0.4    297.0   0.00000855   0.00000000    270.4  100.0      5.6     87799
2016 10 16 18      0.0    299.1   0.00000440   0.00000002    270.3  100.0      5.5     87803
2016 10 16 19      0.0    300.2   0.00000221   0.00000000    270.3  100.0      5.7     87780
2016 10 16 20      0.0    300.7   0.00000307   0.00000002    270.3  100.0      5.9     87785
2016 10 16 21      0.0    301.0   0.00000304   0.00000002    270.4  100.0      6.2     87788
2016 10 16 22      0.0    301.9   0.00000345   0.00000001    270.5  100.0      6.2     87816
2016 10 16 23      0.0    302.0   0.00000366   0.00000001    270.7  100.0      6.2     87816
2016 10 17  0      0.0    302.4   0.00000325   0.00000001    270.8  100.0      6.1     87802
2016 10 17  1      0.0    303.2   0.00000341   0.00000003    270.9  100.0      5.7     87775
2016 10 17  2      0.0    303.5   0.00000294  -0.00000000    271.0  100.0      5.5     87738
2016 10 17  3      0.0    304.5   0.00000265  -0.00000000    271.1  100.0      5.5     87702
2016 10 17  4      0.0    305.2   0.00000260   0.00000001    271.3  100.0      5.6     87658
2016 10 17  5      0.0    306.4   0.00000295   0.00000001    271.5  100.0      5.9     87611
2016 10 17  6      0.0    307.0   0.00000407   0.00000004    271.6  100.0      6.0     87629
2016 10 17  7      2.4    307.1   0.00000530   0.00000004    271.7  100.0      5.9     87650
2016 10 17  8     17.7    307.6   0.00000430   0.00000001    271.8  100.0      6.2     87641
2016 10 17  9     35.9    308.4   0.00000342   0.00000000    272.0  100.0      6.2     87642
2016 10 17 10     55.1    309.0   0.00000337   0.00000004    272.2  100.0      6.5     87607
2016 10 17 11     99.0    310.4   0.00000132   0.00000000    272.6   99.8      6.6     87576
2016 10 17 12     73.3    309.7   0.00000409   0.00000004    272.4   99.8      6.5     87458
2016 10 17 13     54.3    310.1   0.00001055   0.00000004    272.5   99.8      6.5     87421
2016 10 17 14     42.7    310.5   0.00000601   0.00000004    272.6   99.9      4.8     87402
2016 10 17 15     19.1    310.9   0.00000841   0.00000004    272.6  100.0      5.5     87331
2016 10 17 16      5.2    310.3   0.00005633   0.00000000    272.6   98.0      7.0     87271
2016 10 17 17      0.1    304.8   0.00003912   0.00000000    272.5   97.7      6.6     87274
2016 10 17 18      0.0    307.5   0.00001968   0.00000000    272.3   99.8      5.8     87287
2016 10 17 19      0.0    309.6   0.00000970   0.00000000    272.3  100.0      4.7     87294
2016 10 17 20      0.0    309.1   0.00001436   0.00000004    272.3   99.1      4.6     87250
2016 10 17 21      0.0    308.6   0.00001284   0.00000000    272.3   99.1      5.1     87192
2016 10 17 22      0.0    309.2   0.00001107   0.00000000    272.2  100.0      5.1     87168
2016 10 17 23      0.0    310.3   0.00000936  -0.00000000    272.4  100.0      5.2     87131
2016 10 18  0      0.0    309.3   0.00005050   0.00000000    272.5   98.2      5.0     87109
2016 10 18  1      0.0    310.3   0.00001600   0.00000004    272.5   99.7      5.1     87089
2016 10 18  2      0.0    310.4   0.00002335  -0.00000002    272.6   99.4      5.2     87058
2016 10 18  3      0.0    311.3   0.00005058   0.00000002    272.8   98.2      5.4     87032
2016 10 18  4      0.0    312.2   0.00002009   0.00000002    272.8  100.0      6.1     87009
2016 10 18  5      0.0    313.3   0.00001848   0.00000002    272.9  100.0      5.9     86982
2016 10 18  6      0.0    313.7   0.00001246   0.00000005    273.0  100.0      5.9     86958
2016 10 18  7      1.4    314.0   0.00001806   0.00000003    273.0   99.9      5.6     86968
2016 10 18  8     12.6    313.9   0.00002953   0.00000002    273.1   99.8      6.2     86974
2016 10 18  9     24.5    311.7   0.00004965   0.00000001    273.3   96.7      6.1     86978
2016 10 18 10     36.6    306.8   0.00007407   0.00000001    273.3   96.8      7.2     86949
2016 10 18 11    124.7    306.6   0.00001186   0.00000077    273.6   99.6      6.7     86942
2016 10 18 12     82.7    314.4   0.00000810   0.00000024    273.5   98.8      6.1     86990
2016 10 18 13     78.8    315.2   0.00000317   0.00000161    273.6   99.5      6.2     86988
2016 10 18 14     58.5    315.5   0.00000310   0.00000227    273.5   99.4      6.8     86955
2016 10 18 15     38.1    315.0   0.00000282   0.00000076    273.3   99.8      6.7     86942
2016 10 18 16     11.2    314.7   0.00000601   0.00000014    273.2   99.7      6.0     86957
2016 10 18 17     -0.0    314.3   0.00000668   0.00000000    273.2   99.5      5.6     86975
2016 10 18 18      0.0    313.4   0.00000735   0.00000000    273.3   97.8      5.5     86998
2016 10 18 19      0.0    310.4   0.00000789   0.00000000    273.1   98.5      5.2     87002
2016 10 18 20      0.0    311.5   0.00000633   0.00000000    272.9   99.8      5.0     87025
2016 10 18 21      0.0    312.3   0.00000310   0.00000000    272.8  100.0      5.0     87020
2016 10 18 22      0.0    312.6   0.00000119   0.00000005    272.7  100.0      4.8     87024
2016 10 18 23      0.0    312.4   0.00000108   0.00000002    272.7  100.0      4.4     87051
2016 10 19  0      0.0    312.0   0.00000149  -0.00000000    272.5  100.0      4.4     87064
2016 10 19  1      0.0    310.7   0.00000113   0.00000013    272.5  100.0      4.2     87099
2016 10 19  2      0.0    309.8   0.00000093  -0.00000001    272.5   99.8      4.1     87118
2016 10 19  3      0.0    306.1   0.00000056  -0.00000002    272.4   99.1      3.8     87125
2016 10 19  4      0.0    287.7   0.00000022  -0.00000000    272.3   98.1      3.5     87133
2016 10 19  5     -0.1    275.0   0.00000011   0.00000000    271.7  100.0      3.1     87157
2016 10 19  6      0.1    280.8   0.00000023   0.00000002    271.7  100.0      2.8     87192
2016 10 19  7      6.4    293.8   0.00000017   0.00000001    271.7  100.0      2.8     87245
2016 10 19  8     56.1    298.5   0.00000020   0.00000000    271.8  100.0      2.7     87293
2016 10 19  9    113.4    298.2   0.00000021   0.00000000    272.4   96.0      3.3     87331
2016 10 19 10    162.3    300.4   0.00000017   0.00000000    272.7   94.4      3.0     87379
2016 10 19 11    194.2    300.4   0.00000016   0.00000006    272.9   92.9      2.9     87416
2016 10 19 12    270.3    258.0   0.00000010   0.00000000    273.7   94.6      2.0     87396
2016 10 19 13    243.0    259.9   0.00000007  -0.00000000    273.8   92.0      1.7     87403
2016 10 19 14    206.5    236.7   0.00000001   0.00000000    273.7   90.2      1.3     87407
2016 10 19 15    128.1    226.0  -0.00000000   0.00000001    273.2   95.6      0.8     87411
2016 10 19 16     37.0    224.9   0.00000000  -0.00000004    271.7   99.0      2.4     87424
2016 10 19 17      0.0    222.0   0.00000000  -0.00000000    270.8   98.9      1.9     87468
2016 10 19 18      0.0    220.1  -0.00000000   0.00000000    270.5   97.8      2.1     87489
2016 10 19 19      0.0    223.0   0.00000001   0.00000000    270.1  100.0      1.7     87503
2016 10 19 20      0.0    237.6   0.00000002  -0.00000000    270.1   97.7      1.5     87528
2016 10 19 21      0.0    238.3   0.00000002   0.00000000    270.1   97.7      1.2     87536
2016 10 19 22      0.0    224.1   0.00000001   0.00000000    269.7   97.9      1.6     87539
2016 10 19 23      0.0    272.5   0.00000001   0.00000000    270.3   97.3      2.0     87545
2016 10 20  0      0.0    298.6   0.00000005   0.00000000    271.1   96.1      2.1     87539
2016 10 20  1      0.0    298.4   0.00000008  -0.00000000    271.5   96.0      2.0     87529
2016 10 20  2      0.0    301.8   0.00000024  -0.00000000    271.8   96.1      1.8     87502
2016 10 20  3      0.0    307.2   0.00000142   0.00000000    271.9   99.9      1.4     87495
2016 10 20  4      0.0    308.6   0.00000240  -0.00000000    272.0  100.0      1.4     87486
2016 10 20  5      0.0    309.0   0.00000275   0.00000005    272.1  100.0      2.3     87502
2016 10 20  6      0.0    308.5   0.00000183  -0.00000000    272.0  100.0      2.8     87530
2016 10 20  7      4.2    304.0   0.00000121   0.00000000    271.8  100.0      2.7     87561
2016 10 20  8     48.5    296.5   0.00000142   0.00000000    272.0   99.1      3.1     87571
2016 10 20  9    123.0    277.5   0.00000142  -0.00000000    272.6   93.9      3.9     87574
2016 10 20 10    141.4    294.4   0.00000199   0.00000010    272.7   94.4      5.1     87593
2016 10 20 11    179.8    287.2   0.00000115   0.00000005    272.9   92.7      5.2     87602
2016 10 20 12    167.6    295.9   0.00000260   0.00000006    273.3   92.5      4.7     87648
2016 10 20 13    152.2    297.1   0.00000188   0.00000009    273.1   93.2      4.6     87633
2016 10 20 14     83.7    305.9   0.00000161   0.00000012    272.9   93.2      4.3     87628
2016 10 20 15     66.3    297.5   0.00000067   0.00000005    272.7   93.8      4.2     87647
2016 10 20 16     21.3    280.5   0.00000048   0.00000002    272.3   95.9      4.2     87657
2016 10 20 17      0.0    266.9   0.00000040   0.00000000    271.9   95.5      4.0     87671
2016 10 20 18      0.0    264.9   0.00000037   0.00000000    271.7   95.9      4.0     87675
2016 10 20 19      0.0    289.7   0.00000079   0.00000000    271.7   97.6      4.0     87669
2016 10 20 20      0.0    283.7   0.00000100   0.00000000    271.6   99.2      3.7     87680
2016 10 20 21      0.0    301.9   0.00000233  -0.00000001    271.7  100.0      3.8     87711
2016 10 20 22      0.0    302.9   0.00000418   0.00000001    271.6   99.2      4.3     87719
2016 10 20 23      0.0    293.1   0.00000310   0.00000001    271.4   98.9      3.7     87722
2016 10 21  0      0.0    299.2   0.00000238   0.00000003    271.2  100.0      3.4     87714
2016 10 21  1      0.0    301.2   0.00000201   0.00000005    271.1  100.0      3.2     87684
2016 10 21  2      0.0    301.4   0.00000165   0.00000008    270.9  100.0      3.2     87641
2016 10 21  3      0.0    300.3   0.00000135   0.00000006    270.7  100.0      3.2     87636
2016 10 21  4      0.0    300.5   0.00000196   0.00000009    270.7  100.0      3.0     87647
2016 10 21  5      0.0    300.4   0.00000182   0.00000009    270.7   99.2      3.4     87650
2016 10 21  6      0.0    297.6   0.00000155   0.00000007    270.5   98.1      4.1     87670
2016 10 21  7      2.2    296.8   0.00000219   0.00000010    270.2   97.8      4.3     87707
2016 10 21  8     34.1    294.3   0.00000152   0.00000002    269.9   97.3      3.9     87725
2016 10 21  9     76.0    294.6   0.00000103   0.00000007    270.0   98.4      3.1     87737
2016 10 21 10     95.8    296.6   0.00000131   0.00000004    270.2   98.8      3.5     87761
2016 10 21 11    115.7    296.4   0.00000128   0.00000005    270.3   96.4      4.2     87763
2016 10 21 12    184.6    290.0   0.00000034   0.00000002    270.4   94.7      4.1     87672
2016 10 21 13    186.5    281.2   0.00000021  -0.00000001    270.6   91.7      4.7     87667
2016 10 21 14    144.8    277.2   0.00000017   0.00000001    270.2   93.1      4.9     87657
2016 10 21 15     79.5    280.1   0.00000026   0.00000002    269.8   94.9      4.5     87669
2016 10 21 16     19.2    282.6   0.00000036   0.00000000    269.6   95.5      4.0     87686
2016 10 21 17      0.0    276.6   0.00000035  -0.00000001    269.6   95.3      3.4     87703
2016 10 21 18      0.0    245.4   0.00000018   0.00000001    268.8   97.0      2.7     87708
2016 10 21 19      0.0    254.1   0.00000032   0.00000000    268.7   98.8      2.4     87719
2016 10 21 20      0.0    256.5   0.00000047   0.00000001    268.8   99.9      2.2     87724
2016 10 21 21      0.0    278.2   0.00000071  -0.00000003    269.3  100.0      2.5     87730
2016 10 21 22      0.0    292.4   0.00000127   0.00000000    269.9   97.8      3.4     87736
2016 10 21 23      0.0    289.8   0.00000143   0.00000002    270.0   96.2      3.9     87735
2016 10 22  0      0.0    286.7   0.00000141   0.00000001    269.9   96.2      3.9     87733
2016 10 22  1      0.0    286.8   0.00000133  -0.00000002    269.8   95.6      3.7     87724
2016 10 22  2      0.0    290.2   0.00000094   0.00000000    269.5   95.8      3.4     87693
2016 10 22  3      0.0    290.7   0.00000077   0.00000000    269.0   97.2      3.0     87672
2016 10 22  4      0.0    287.6   0.00000079   0.00000000    268.5  100.0      2.9     87649
2016 10 22  5      0.0    288.0   0.00000078   0.00000004    268.1  100.0      3.5     87642
2016 10 22  6      0.0    285.5   0.00000086   0.00000000    267.9   99.3      3.0     87660
2016 10 22  7      2.4    285.1   0.00000084   0.00000000    267.8   97.5      3.5     87680
2016 10 22  8     38.4    282.5   0.00000068   0.00000000    268.0   97.7      3.5     87684
2016 10 22  9     81.2    284.9   0.00000061   0.00000005    268.3   96.8      3.5     87681
2016 10 22 10    137.3    280.2   0.00000041   0.00000000    268.7   92.6      4.6     87682
2016 10 22 11    202.2    269.9   0.00000027   0.00000000    268.7   92.6      4.7     87672
2016 10 22 12    183.7    283.6   0.00000038   0.00000000    269.8   91.7      6.0     87596
2016 10 22 13    180.7    274.2   0.00000031   0.00000003    269.5   91.6      6.0     87584
2016 10 22 14    152.6    256.2   0.00000026   0.00000000    269.3   91.1      5.9     87574
2016 10 22 15     77.4    259.4   0.00000022   0.00000000    268.7   93.9      5.2     87588
2016 10 22 16     12.6    281.3   0.00000039   0.00000000    268.3   94.3      5.1     87571
2016 10 22 17      0.0    277.7   0.00000161   0.00000000    268.0   92.8      5.8     87576
2016 10 22 18      0.0    273.7   0.00000336   0.00000001    267.6   92.6      6.5     87591
2016 10 22 19      0.0    265.1   0.00000351   0.00000001    267.5   92.1      6.7     87601
2016 10 22 20      0.0    250.7   0.00000374  -0.00000004    267.2   93.3      7.1     87617
2016 10 22 21      0.0    224.0   0.00000140   0.00000000    266.9   95.4      6.6     87597
2016 10 22 22      0.0    247.6   0.00000088   0.00000001    267.0   96.1      6.9     87589
2016 10 22 23      0.0    270.9   0.00000101   0.00000001    267.3   96.3      5.6     87611
2016 10 23  0      0.0    282.4   0.00000157   0.00000001    267.4   97.3      5.3     87608
2016 10 23  1      0.0    282.5   0.00000178   0.00000001    267.5   95.2      4.9     87583
2016 10 23  2      0.0    281.8   0.00000171   0.00000001    267.5   93.6      5.5     87557
2016 10 23  3      0.0    280.6   0.00000179   0.00000000    267.5   92.5      6.7     87528
2016 10 23  4      0.0    275.7   0.00000165   0.00000000    267.5   94.2      7.3     87499
2016 10 23  5      0.0    271.5   0.00000082   0.00000000    267.4   95.4      7.3     87521
2016 10 23  6      0.0    277.2   0.00000105   0.00000000    267.4   95.5      6.9     87545
2016 10 23  7      2.2    278.4   0.00000123   0.00000001    267.3   95.6      7.6     87542
2016 10 23  8     43.6    265.9   0.00000106   0.00000000    267.6   92.0      8.3     87521
2016 10 23  9     91.4    264.9   0.00000112   0.00000000    267.9   91.2      9.4     87500
2016 10 23 10    100.2    267.3   0.00000094   0.00000000    268.2   91.6      9.9     87487
2016 10 23 11    192.8    244.6   0.00000111   0.00000000    268.7   91.1     10.5     87454
2016 10 23 12    251.1    224.9   0.00000115   0.00000000    269.0   91.7     10.2     87430
2016 10 23 13    219.9    236.1   0.00000068  -0.00000000    269.4   90.5      9.8     87399
2016 10 23 14    168.8    234.1   0.00000035   0.00000000    269.4   90.8      9.2     87393
2016 10 23 15     95.8    228.7   0.00000052   0.00000000    269.2   91.0      8.2     87400
2016 10 23 16     18.1    256.7   0.00000101  -0.00000000    269.1   91.0      7.8     87418
2016 10 23 17      0.0    282.1   0.00000162   0.00000000    269.2   89.8      8.3     87425
2016 10 23 18      0.0    279.7   0.00000233   0.00000000    269.4   88.8      9.1     87432
2016 10 23 19      0.0    248.2   0.00000311  -0.00000000    269.3   88.6     10.0     87402
2016 10 23 20      0.0    215.1   0.00000284   0.00000000    269.2   88.9     10.1     87402
2016 10 23 21      0.0    215.9   0.00000180   0.00000000    269.2   89.8      9.5     87413
2016 10 23 22      0.0    249.2   0.00000148   0.00000000    269.4   90.8      8.6     87446
2016 10 23 23      0.0    286.4   0.00000184  -0.00000000    269.6   91.4      8.0     87468
2016 10 24  0      0.0    289.4   0.00000184   0.00000000    269.8   90.8      7.4     87496
2016 10 24  1      0.0    288.8   0.00000218   0.00000000    269.9   89.2      7.1     87491
2016 10 24  2      0.0    283.4   0.00000243   0.00000000    269.8   89.9      8.0     87462
2016 10 24  3      0.0    251.5   0.00000170   0.00000000    269.5   92.6      8.5     87442
2016 10 24  4      0.0    248.6   0.00000106   0.00000000    269.4   94.1      8.0     87442
2016 10 24  5      0.0    273.3   0.00000097   0.00000000    269.5   96.7      7.3     87482
2016 10 24  6      0.0    294.0   0.00000231   0.00000000    269.7   98.7      6.6     87559
2016 10 24  7      1.6    292.6   0.00000289   0.00000000    269.8   99.2      6.4     87622
2016 10 24  8     44.3    269.7   0.00000233   0.00000000    270.0   97.3      6.6     87657
2016 10 24  9    136.2    227.7   0.00000192   0.00000000    270.3   94.6      6.6     87660
2016 10 24 10    222.1    214.0   0.00000085   0.00000000    270.9   90.9      6.4     87639
2016 10 24 11    263.7    217.9   0.00000017   0.00000000    271.0   90.1      7.0     87621
2016 10 24 12    151.5    294.0   0.00000133   0.00000004    271.6   91.8      5.7     87636
2016 10 24 13    152.2    287.2   0.00000112   0.00000004    271.6   91.7      5.2     87620
2016 10 24 14    114.5    289.7   0.00000036   0.00000000    271.4   92.0      5.5     87595
2016 10 24 15     56.0    292.8   0.00000054   0.00000004    271.0   94.0      5.5     87588
2016 10 24 16     11.9    287.7   0.00000064   0.00000004    270.5   96.4      4.7     87589
2016 10 24 17      0.1    294.4   0.00000084   0.00000004    270.4   96.7      3.3     87602
2016 10 24 18      0.0    295.0   0.00000099   0.00000000    270.3   96.7      3.6     87633
2016 10 24 19      0.0    293.5   0.00000172   0.00000000    270.1   96.1      3.7     87644
2016 10 24 20      0.0    289.0   0.00000123   0.00000000    270.1   96.2      3.2     87620
2016 10 24 21      0.0    293.0   0.00000097  -0.00000002    270.2   94.3      2.9     87620
2016 10 24 22      0.0    293.8   0.00000090  -0.00000001    270.2   94.7      2.7     87628
2016 10 24 23      0.0    294.3   0.00000134   0.00000001    270.3   95.7      2.6     87626
2016 10 25  0      0.0    293.9   0.00000125   0.00000000    270.3   95.9      2.4     87598
2016 10 25  1      0.0    294.6   0.00000134   0.00000000    270.2   96.5      2.7     87580
2016 10 25  2      0.0    295.4   0.00000143   0.00000011    270.0   98.6      2.4     87542
2016 10 25  3      0.0    295.9   0.00000146   0.00000005    269.8  100.0      2.4     87523
2016 10 25  4      0.0    296.9   0.00000175   0.00000011    269.7  100.0      2.5     87497
2016 10 25  5      0.0    297.5   0.00000197   0.00000011    269.7  100.0      2.5     87507
2016 10 25  6      0.0    295.9   0.00000161   0.00000011    269.4  100.0      3.2     87512
2016 10 25  7      1.1    289.6   0.00000091  -0.00000000    269.3  100.0      2.8     87529
2016 10 25  8     35.7    283.1   0.00000055   0.00000005    269.3   95.6      2.7     87540
2016 10 25  9    110.9    259.4   0.00000026   0.00000000    269.3   93.3      2.7     87555
2016 10 25 10    196.6    232.7   0.00000012   0.00000000    269.5   92.7      2.5     87556
2016 10 25 11    256.7    216.8   0.00000005   0.00000000    269.9   91.6      2.6     87536
2016 10 25 12    257.9    224.1   0.00000008  -0.00000001    270.6   91.2      2.7     87505
2016 10 25 13    244.9    209.9   0.00000000   0.00000001    270.8   92.4      2.8     87485
2016 10 25 14    181.7    210.8   0.00000003   0.00000000    270.7   93.1      2.1     87487
2016 10 25 15     97.7    209.2   0.00000000   0.00000000    270.4   95.0      1.2     87490
2016 10 25 16     16.9    210.5  -0.00000000  -0.00000003    269.1   99.6      1.3     87493
2016 10 25 17      0.1    205.6   0.00000002   0.00000000    268.1   94.2      2.8     87487
2016 10 25 18      0.0    203.8  -0.00000000   0.00000000    267.4   95.6      2.4     87481
2016 10 25 19      0.0    204.2  -0.00000002   0.00000000    267.2   95.9      2.9     87461
2016 10 25 20      0.0    207.7   0.00000002   0.00000000    267.0   95.7      3.0     87435
2016 10 25 21      0.0    215.0  -0.00000001   0.00000000    267.2   96.4      3.1     87421
2016 10 25 22      0.0    210.5   0.00000001   0.00000000    267.1   98.1      2.3     87408
2016 10 25 23      0.0    212.4   0.00000001   0.00000000    267.0   97.8      1.8     87403
2016 10 26  0      0.0    221.5  -0.00000002   0.00000000    267.1   97.0      2.3     87377
2016 10 26  1      0.0    230.9   0.00000000   0.00000000    267.2   95.8      2.8     87313
2016 10 26  2      0.0    241.9   0.00000000   0.00000000    267.6   96.5      3.2     87268
2016 10 26  3      0.0    238.9   0.00000000   0.00000000    268.0   94.9      2.8     87226
2016 10 26  4      0.0    241.7   0.00000001   0.00000000    268.3   94.3      2.4     87198
2016 10 26  5      0.0    245.1   0.00000000   0.00000000    268.4   94.0      2.8     87176
2016 10 26  6      0.0    253.6   0.00000001   0.00000000    268.6   96.4      3.5     87162
2016 10 26  7      0.4    265.3   0.00000012  -0.00000000    268.9  100.0      2.9     87136
2016 10 26  8     35.1    261.5   0.00000023   0.00000000    269.9   99.6      2.3     87114
2016 10 26  9    130.2    229.9   0.00000024   0.00000000    271.0   92.7      4.3     87076
2016 10 26 10    208.7    221.6   0.00000078   0.00000000    272.0   90.3      4.3     87037
2016 10 26 11    243.9    227.3   0.00000152   0.00000000    273.0   87.2      4.6     86981
2016 10 26 12    144.0    292.5   0.00000820   0.00000000    273.7   85.2      4.3     86894
2016 10 26 13    197.2    250.6   0.00000622  -0.00000000    274.1   87.1      4.8     86838
2016 10 26 14     90.5    293.5   0.00000254   0.00000209    274.4   89.1      2.6     86781
2016 10 26 15     52.4    282.0   0.00000182   0.00000948    274.6   88.7      4.9     86678
2016 10 26 16     11.8    246.7   0.00000084   0.00001643    274.6   88.1      6.9     86575
2016 10 26 17     -0.0    246.4  -0.00000001   0.00002145    274.9   86.9      8.9     86485
2016 10 26 18      0.0    256.0   0.00000001   0.00004715    275.0   86.4      7.4     86508
2016 10 26 19      0.0    243.7  -0.00000000   0.00002400    274.5   90.2      6.7     86519
2016 10 26 20      0.0    248.1   0.00000286   0.00004546    274.1   94.5      6.9     86532
2016 10 26 21      0.0    294.9   0.00002671   0.00006887    274.0   97.5     10.4     86586
2016 10 26 22      0.0    269.3   0.00002788   0.00004209    273.8   94.6      9.3     86603
2016 10 26 23      0.0    313.4   0.00001236   0.00001293    273.7   99.3      9.2     86620
2016 10 27  0      0.0    308.1   0.00002055   0.00000517    273.6   97.1     11.4     86605
2016 10 27  1      0.0    254.2   0.00001353   0.00000132    273.5   93.4     11.4     86623
2016 10 27  2      0.0    239.5   0.00001488  -0.00000008    273.0   97.1     13.3     86640
2016 10 27  3      0.0    298.3   0.00000656   0.00000007    272.8   99.8     15.2     86616
2016 10 27  4      0.0    309.1   0.00000308   0.00000003    272.7  100.0     15.4     86599
2016 10 27  5      0.0    311.6   0.00000359  -0.00000002    273.0   99.9     15.7     86563
2016 10 27  6      0.0    251.9   0.00001395   0.00000006    273.8   89.8     15.3     86572
2016 10 27  7      0.8    254.0   0.00001936   0.00000367    273.8   93.5     15.0     86604
2016 10 27  8     31.6    283.3   0.00000424   0.00001119    273.8   99.5     14.1     86587
2016 10 27  9     55.2    316.4   0.00000335   0.00000676    273.6  100.0     11.6     86604
2016 10 27 10     45.1    316.9   0.00000853   0.00001067    273.8   99.8     12.0     86553
2016 10 27 11     72.2    316.2   0.00000645   0.00001323    274.0   97.2     10.6     86500
2016 10 27 12    119.4    289.3   0.00000010   0.00003793    274.7   99.5     12.9     86400
2016 10 27 13     69.0    321.0  -0.00000000   0.00001367    274.7  100.0     11.1     86321
2016 10 27 14     37.2    322.7  -0.00000000   0.00001027    274.9  100.0     11.1     86273
2016 10 27 15     30.1    320.7   0.00000001   0.00002917    275.0   99.9     11.5     86280
2016 10 27 16      3.5    314.0   0.00000002   0.00001632    274.7   97.4     12.0     86228
2016 10 27 17      0.0    234.1   0.00000016   0.00003180    274.6   92.6     11.0     86194
2016 10 27 18      0.0    232.7   0.00000298   0.00005986    274.5   92.5      9.9     86169
2016 10 27 19      0.0    259.9   0.00002238   0.00010567    274.4   93.2      8.4     86116
2016 10 27 20      0.0    269.0   0.00005341   0.00011950    274.5   89.1      7.8     86058
2016 10 27 21      0.0    277.3   0.00007171   0.00016080    275.2   93.6     13.1     85990
2016 10 27 22      0.0    288.5   0.00005336   0.00026563    274.5   99.0     12.2     86011
2016 10 27 23      0.0    315.2   0.00005643   0.00007144    273.8   94.3     12.1     86040
2016 10 28  0      0.0    279.2   0.00003735   0.00000222    273.5   97.9     10.7     86038
2016 10 28  1      0.0    308.0   0.00006163   0.00000013    272.7   97.3      9.6     86074
2016 10 28  2      0.0    307.8   0.00004664   0.00000027    272.3   91.6     13.1     86079
2016 10 28  3      0.0    288.1   0.00002903   0.00000014    271.4   96.8     11.4     86106
2016 10 28  4      0.0    285.2   0.00003615   0.00000002    270.8   94.3     12.1     86138
2016 10 28  5      0.0    277.5   0.00012031   0.00000001    270.7   93.9     11.2     86185
2016 10 28  6     -0.0    280.2   0.00001076  -0.00000004    270.2   96.7     10.1     86225
2016 10 28  7      0.3    281.8   0.00006525   0.00000006    270.5   97.7     12.7     86258
2016 10 28  8     28.7    261.6   0.00003540  -0.00000006    270.4   94.6     14.9     86294
2016 10 28  9     73.5    257.8   0.00004624   0.00000001    270.9   95.6      8.7     86269
2016 10 28 10     11.3    293.4   0.00031156   0.00000000    270.4   91.9     14.0     86270
2016 10 28 11    147.6    249.6   0.00003804   0.00000005    270.8   93.1     12.7     86323
2016 10 28 12    111.0    265.4   0.00008654   0.00000000    270.8   93.4     15.8     86295
2016 10 28 13     56.9    290.3   0.00006068   0.00000000    270.5   95.9     14.4     86320
2016 10 28 14     57.8    276.4   0.00015881   0.00000000    270.7   94.6     14.6     86376
2016 10 28 15     28.5    280.4   0.00005326   0.00000000    270.8   93.1     15.6     86410
2016 10 28 16      5.9    280.3   0.00002393   0.00000000    270.5   93.6     14.3     86443
2016 10 28 17      0.0    287.4   0.00002273   0.00000000    269.8   96.7     13.8     86521
2016 10 28 18      0.0    290.6   0.00002758   0.00000000    269.9   94.8     14.6     86555
2016 10 28 19      0.0    288.2   0.00005444   0.00000000    270.2   94.8     14.6     86566
2016 10 28 20      0.0    294.9   0.00015930   0.00000000    270.4   94.6     13.3     86577
2016 10 28 21      0.0    296.0   0.00015131   0.00000000    270.2   95.0     14.5     86666
2016 10 28 22      0.0    242.8   0.00003614   0.00000000    269.6   94.7     16.4     86682
2016 10 28 23      0.0    223.7   0.00001100   0.00000000    269.3   97.8     16.2     86720
2016 10 29  0      0.0    271.0   0.00001086   0.00000000    269.3   96.4     14.0     86812
2016 10 29  1      0.0    283.5   0.00000631   0.00000000    269.0   99.6     12.5     86909
2016 10 29  2      0.0    288.5   0.00001484   0.00000000    269.1   98.5     12.7     86951
2016 10 29  3      0.0    288.3   0.00002275   0.00000000    269.3   98.7     10.1     87089
2016 10 29  4      0.0    284.6   0.00001514   0.00000000    269.0   99.3     11.3     87141
2016 10 29  5      0.0    261.4   0.00001001   0.00000000    268.8  100.0     12.1     87122
2016 10 29  6     -0.0    255.1   0.00000464   0.00000000    268.7  100.0     11.8     87121
2016 10 29  7      0.1    267.9   0.00000398   0.00000000    268.7  100.0     12.0     87138
2016 10 29  8     25.9    285.3   0.00000510   0.00000009    268.9  100.0     12.9     87169
2016 10 29  9     88.4    279.2   0.00000253   0.00000009    269.0  100.0     12.8     87197
2016 10 29 10    140.8    278.0   0.00000244  -0.00000000    269.1  100.0     13.0     87194
2016 10 29 11    164.9    281.9   0.00000218   0.00000009    269.4  100.0     14.2     87193
2016 10 29 12    134.0    294.8   0.00000261   0.00000010    270.3  100.0     15.2     87295
2016 10 29 13    132.5    288.5   0.00000158   0.00000003    270.1  100.0     14.5     87347
2016 10 29 14     99.8    285.4   0.00000075   0.00000005    270.2   98.8     13.2     87399
2016 10 29 15     52.4    282.3   0.00000049  -0.00000000    269.8   99.7     11.8     87429
2016 10 29 16      5.7    287.1   0.00000049  -0.00000000    269.6  100.0     10.0     87458
2016 10 29 17      0.0    277.5   0.00000038   0.00000003    269.2  100.0      9.8     87485
2016 10 29 18      0.0    247.5   0.00000027   0.00000001    268.7  100.0      9.2     87517
2016 10 29 19      0.0    221.5   0.00000021  -0.00000004    268.3  100.0      7.3     87582
2016 10 29 20      0.0    210.5   0.00000004   0.00000002    267.9  100.0      5.0     87631
2016 10 29 21      0.0    210.4   0.00000001   0.00000002    267.5   98.6      4.4     87648
2016 10 29 22      0.0    212.9   0.00000003   0.00000000    267.7   96.6      4.1     87696
2016 10 29 23      0.0    214.0  -0.00000001   0.00000000    267.7   95.4      4.1     87721
2016 10 30  0      0.0    216.0  -0.00000003   0.00000000    267.9   92.7      4.2     87735
2016 10 30  1      0.0    216.7   0.00000002   0.00000000    268.1   91.3      4.8     87764
2016 10 30  2      0.0    217.4  -0.00000003   0.00000000    268.5   90.8      5.1     87775
2016 10 30  3      0.0    217.6   0.00000001   0.00000000    268.8   88.9      5.1     87724
2016 10 30  4      0.0    223.9  -0.00000001  -0.00000006    269.3   85.7      5.6     87701
2016 10 30  5      0.0    228.5   0.00000000   0.00000000    269.4   84.4      5.8     87719
2016 10 30  6     -0.0    236.8  -0.00000002   0.00000000    269.4   85.2      5.8     87730
2016 10 30  7      0.0    277.0   0.00000000  -0.00000000    270.1   83.8      5.5     87749
2016 10 30  8     14.8    289.8   0.00000000   0.00000000    270.9   81.5      5.6     87759
2016 10 30  9     63.0    285.7   0.00000004   0.00000000    271.5   79.8      5.5     87775
2016 10 30 10    131.1    268.0   0.00000000   0.00000001    271.9   79.8      5.5     87783
2016 10 30 11    213.6    238.0   0.00000011   0.00000001    272.3   81.4      6.0     87790
2016 10 30 12    235.1    235.1   0.00000001  -0.00000000    273.1   79.0      5.5     87746
2016 10 30 13    207.6    236.9   0.00000004   0.00000000    273.2   82.5      6.2     87726
2016 10 30 14    145.6    238.6   0.00000016   0.00000000    273.0   84.7      6.2     87719
2016 10 30 15     62.6    251.5   0.00000069   0.00000000    273.1   88.6      5.7     87729
2016 10 30 16      5.2    290.1   0.00000129   0.00000009    273.3   91.2      5.3     87732
2016 10 30 17      0.0    303.8   0.00000074   0.00000058    273.7   92.9      4.9     87730
2016 10 30 18      0.0    317.1   0.00000001   0.00000246    274.1   93.7      4.6     87734
2016 10 30 19      0.0    318.3  -0.00000003   0.00000270    274.1   94.5      4.5     87746
2016 10 30 20      0.0    318.7  -0.00000000   0.00000424    274.0   96.3      4.3     87755
2016 10 30 21      0.0    319.0   0.00000004   0.00000581    274.0   99.0      4.2     87751
2016 10 30 22      0.0    319.9   0.00000005   0.00000602    274.2   99.8      4.2     87746
2016 10 30 23      0.0    320.9  -0.00000004   0.00000602    274.4  100.0      4.2     87735
2016 10 31  0      0.0    321.0   0.00000007   0.00000801    274.3   99.9      4.5     87697
2016 10 31  1      0.0    321.2  -0.00000002   0.00000699    274.5  100.0      5.4     87676
2016 10 31  2      0.0    321.2   0.00000004   0.00000411    274.5   99.9      6.6     87637
2016 10 31  3      0.0    322.3  -0.00000014   0.00000464    274.8   99.9      7.9     87606
2016 10 31  4      0.0    323.2   0.00000002   0.00000696    275.0   99.9      8.5     87575
2016 10 31  5      0.0    324.5   0.00000000   0.00000310    275.1   99.9      7.6     87554
2016 10 31  6      0.0    325.0   0.00000000   0.00000512    275.2  100.0      6.4     87554
2016 10 31  7      0.0    324.7   0.00000001   0.00000809    275.2  100.0      5.4     87540
2016 10 31  8      3.8    324.5   0.00000000   0.00000633    275.2   99.9      4.6     87520
2016 10 31  9      8.7    324.7   0.00000000   0.00001361    275.1  100.0      3.0     87504
2016 10 31 10     12.6    324.3   0.00000000   0.00001388    275.0  100.0      2.5     87484
2016 10 31 11     29.6    326.3   0.00000000   0.00001563    275.4  100.0      3.6     87445
2016 10 31 12     39.1    328.0   0.00000000   0.00000767    275.7   99.9      2.4     87380
2016 10 31 13     33.4    328.1   0.00000000   0.00001062    275.6  100.0      2.6     87343
2016 10 31 14     22.2    325.9   0.00000000   0.00002097    275.1  100.0      2.2     87283
2016 10 31 15     10.3    324.3   0.00000000   0.00002041    274.8  100.0      1.5     87210
2016 10 31 16      0.6    322.8   0.00000000   0.00003490    274.4  100.0      1.1     87142
2016 10 31 17      0.0    321.9   0.00000000   0.00004680    274.3  100.0      1.7     87075
2016 10 31 18      0.0    321.3   0.00000030   0.00005426    274.1  100.0      1.8     87005
2016 10 31 19      0.0    320.0   0.00000124   0.00005537    273.9  100.0      1.7     86903
2016 10 31 20      0.0    319.0   0.00000399   0.00005506    273.8  100.0      2.0     86828
2016 10 31 21      0.0    316.8   0.00000566   0.00003984    273.7   99.7      2.4     86758
2016 10 31 22      0.0    315.5   0.00000586   0.00002662    273.7   99.5      3.1     86701
2016 10 31 23      0.0    309.6   0.00001217   0.00000822    273.5   97.3      4.0     86622
2016 11  1  0      0.0    307.4   0.00001338   0.00000008    273.2   97.6      4.9     86546
2016 11  1  1      0.0    309.6   0.00001879  -0.00000005    272.9   97.7      6.3     86493
2016 11  1  2      0.0    307.1   0.00001820   0.00000000    272.3   98.9      7.7     86431
2016 11  1  3      0.0    304.3   0.00000958   0.00000009    271.2  100.0      8.0     86382
2016 11  1  4      0.0    302.4   0.00000463  -0.00000002    270.1  100.0      8.6     86321
2016 11  1  5      0.0    298.2   0.00000101   0.00000002    269.4  100.0      9.3     86269
2016 11  1  6      0.0    295.2   0.00000136   0.00000012    269.4  100.0     10.1     86199
2016 11  1  7      0.0    295.8   0.00000202   0.00000002    269.3  100.0     10.4     86161
2016 11  1  8     11.9    295.0   0.00000235   0.00000007    269.1  100.0     10.2     86141
2016 11  1  9     50.7    292.8   0.00000167   0.00000009    268.9  100.0      9.5     86126
2016 11  1 10     81.9    290.7   0.00000129  -0.00000004    269.0  100.0     10.0     86082
2016 11  1 11    113.8    288.0   0.00000090   0.00000002    269.5  100.0      9.4     86069
2016 11  1 12     82.6    293.6   0.00000706   0.00000005    270.8   97.9      7.0     86121
2016 11  1 13     86.2    285.4   0.00000775   0.00000004    270.8   96.7      7.0     86086
2016 11  1 14     74.7    258.4   0.00000565   0.00000002    270.5   97.4      6.6     86056
2016 11  1 15     36.2    262.9   0.00000430   0.00000001    270.3   98.1      6.6     86024
2016 11  1 16      2.7    257.1   0.00000423  -0.00000000    270.0   98.0      7.1     86010
2016 11  1 17      0.0    256.7   0.00000679   0.00000001    269.9   98.4      6.8     85982
2016 11  1 18      0.0    261.3   0.00001055  -0.00000001    269.8   98.5      6.4     85986
2016 11  1 19      0.0    258.4   0.00001126   0.00000002    269.8   98.2      6.0     85984
2016 11  1 20      0.0    257.7   0.00001080  -0.00000003    269.9   95.0      6.1     85977
2016 11  1 21      0.0    260.3   0.00001845   0.00000000    270.1   92.3      5.3     85976
2016 11  1 22      0.0    262.6   0.00002453   0.00000001    269.2   89.3      5.5     86025
2016 11  1 23      0.0    242.6   0.00000834   0.00000000    268.3   92.2      4.8     86062
2016 11  2  0      0.0    225.5   0.00000364   0.00000000    267.5   95.6      3.4     86101
2016 11  2  1      0.0    217.2   0.00000187   0.00000002    266.9   97.5      2.9     86137
2016 11  2  2      0.0    214.2   0.00000072   0.00000001    266.2   99.4      2.6     86154
2016 11  2  3      0.0    203.4   0.00000006   0.00000000    265.4  100.0      1.5     86168
2016 11  2  4      0.0    196.1  -0.00000002  -0.00000005    265.1   98.6      1.9     86216
2016 11  2  5      0.0    195.1   0.00000003   0.00000000    264.9   95.5      3.4     86252
2016 11  2  6      0.0    195.6  -0.00000000   0.00000000    265.0   96.3      3.3     86291
2016 11  2  7     -0.0    195.9  -0.00000001   0.00000000    264.9   97.2      2.7     86329
2016 11  2  8     28.1    195.8   0.00000002   0.00000000    265.2   95.5      2.0     86368
2016 11  2  9    107.3    196.9  -0.00000002   0.00000000    266.2   93.8      1.9     86411
2016 11  2 10    177.9    198.6  -0.00000001   0.00000000    267.6   89.2      1.6     86457
2016 11  2 11    220.8    199.7  -0.00000000   0.00000000    268.3   90.1      1.9     86476
2016 11  2 12    226.7    201.2   0.00000006   0.00000000    269.2   85.0      3.1     86471
2016 11  2 13    198.7    200.5   0.00000007   0.00000000    269.1   85.9      2.8     86483
2016 11  2 14    139.6    199.1   0.00000002  -0.00000000    268.8   88.4      0.7     86514
2016 11  2 15     61.1    197.8   0.00000000   0.00000000    268.2   94.7      1.7     86526
2016 11  2 16      3.4    196.4  -0.00000000  -0.00000000    267.0   94.7      2.2     86546
2016 11  2 17     -0.0    193.7   0.00000000   0.00000000    266.3   90.2      1.9     86563
2016 11  2 18      0.0    193.6   0.00000000   0.00000000    265.5   93.7      1.2     86580
2016 11  2 19      0.0    193.4   0.00000000   0.00000000    264.9   99.3      1.0     86579
2016 11  2 20      0.0    193.5   0.00000000   0.00000000    264.6  100.0      1.0     86599
2016 11  2 21      0.0    194.3   0.00000000   0.00000000    264.7   96.8      1.8     86599
2016 11  2 22      0.0    195.3  -0.00000000   0.00000000    265.2   91.8      3.0     86575
2016 11  2 23      0.0    195.4  -0.00000000   0.00000000    265.3   91.9      3.6     86581
2016 11  3  0      0.0    196.3   0.00000000   0.00000000    265.6   92.5      3.9     86581
2016 11  3  1      0.0    197.2   0.00000000   0.00000000    265.7   94.1      4.2     86571
2016 11  3  2      0.0    197.7   0.00000006   0.00000000    265.7   95.5      4.4     86558
2016 11  3  3      0.0    198.7   0.00000028   0.00000000    265.8   97.8      4.8     86540
2016 11  3  4      0.0    206.8   0.00000112  -0.00000000    266.1   99.2      4.4     86516
2016 11  3  5      0.0    217.0   0.00000108   0.00000000    266.6  100.0      4.1     86481
2016 11  3  6      0.0    246.7   0.00000115  -0.00000000    267.2  100.0      4.3     86468
2016 11  3  7      0.0    246.6   0.00000104   0.00000000    267.4  100.0      4.2     86467
2016 11  3  8     16.9    262.9   0.00000077  -0.00000000    267.6  100.0      4.2     86459
2016 11  3  9     67.0    272.2   0.00000059   0.00000000    268.0  100.0      4.0     86449
2016 11  3 10    124.3    261.2   0.00000035   0.00000000    268.3   99.4      3.6     86444
2016 11  3 11    184.5    231.9   0.00000023  -0.00000000    268.5   99.3      3.4     86452
2016 11  3 12    223.0    197.7   0.00000000   0.00000000    268.7   80.8      1.8     86409
2016 11  3 13    194.5    198.6   0.00000000   0.00000000    269.0   78.9      1.7     86379
2016 11  3 14    134.6    198.6   0.00000000   0.00000000    268.6   82.0      2.1     86363
2016 11  3 15     57.0    197.5   0.00000000   0.00000000    267.7   86.9      2.2     86336
2016 11  3 16      2.5    197.8   0.00000000   0.00000000    266.9   90.0      2.0     86329
2016 11  3 17      0.0    198.5   0.00000000   0.00000000    266.2   92.6      1.4     86309
2016 11  3 18      0.0    198.7   0.00000000   0.00000000    265.3   99.9      1.1     86308
2016 11  3 19      0.0    198.5   0.00000000   0.00000000    265.4   96.4      1.9     86272
2016 11  3 20      0.0    201.5   0.00000000   0.00000000    265.6   94.0      2.7     86236
2016 11  3 21      0.0    205.2   0.00000020   0.00000000    265.4   95.8      3.3     86202
2016 11  3 22      0.0    207.5   0.00000048  -0.00000000    265.5   96.6      3.4     86182
2016 11  3 23      0.0    211.7   0.00000006   0.00000000    265.6   97.2      3.1     86155
2016 11  4  0      0.0    222.6   0.00000001   0.00000000    265.6   98.2      2.8     86132
2016 11  4  1      0.0    239.1   0.00000014   0.00000000    265.6   99.9      3.2     86096
2016 11  4  2      0.0    260.0   0.00000766   0.00000000    266.2  100.0      3.6     86059
2016 11  4  3      0.0    266.9   0.00001566   0.00000000    266.6  100.0      3.8     86014
2016 11  4  4      0.0    268.3   0.00001789   0.00000000    266.8   99.7      4.2     85973
2016 11  4  5      0.0    267.6   0.00001728  -0.00000000    266.7  100.0      4.4     85940
2016 11  4  6      0.0    266.8   0.00001740   0.00000000    266.6  100.0      4.6     85920
2016 11  4  7      0.0    265.7   0.00001798   0.00000000    266.4  100.0      4.7     85920
2016 11  4  8      7.9    267.3   0.00001996   0.00000000    266.4  100.0      4.9     85919
2016 11  4  9     31.5    272.8   0.00002556  -0.00000000    266.5   99.6      5.3     85913
2016 11  4 10     45.7    271.8   0.00002863   0.00000000    266.6   99.0      5.3     85910
2016 11  4 11     44.3    277.5   0.00002917   0.00000000    266.7   98.6      5.3     85906
2016 11  4 12     51.8    270.8   0.00002881  -0.00000000    265.8   98.3      5.4     85966
2016 11  4 13     43.7    271.1   0.00003149   0.00000000    265.8   98.5      5.2     85937
2016 11  4 14     28.5    271.3   0.00003046   0.00000000    265.8   99.0      5.2     85908
2016 11  4 15     16.6    269.2   0.00002766   0.00000000    265.8   99.7      5.3     85904
2016 11  4 16      0.5    270.8   0.00003437   0.00000000    265.8   99.7      5.2     85902
2016 11  4 17      0.0    272.4   0.00004296   0.00000000    265.9   99.1      5.0     85893
2016 11  4 18      0.0    275.0   0.00003860   0.00000000    265.9   99.1      5.1     85883
2016 11  4 19      0.0    275.4   0.00004599   0.00000000    265.9   98.4      5.5     85872
2016 11  4 20      0.0    276.2   0.00005210   0.00000000    266.0   97.6      6.0     85857
2016 11  4 21      0.0    275.7   0.00004537   0.00000000    266.0   96.9      6.2     85858
2016 11  4 22      0.0    276.0   0.00005511   0.00000005    266.1   96.1      6.7     85852
2016 11  4 23      0.0    276.1   0.00005377  -0.00000000    266.2   94.7      6.8     85841
2016 11  5  0      0.0    276.5   0.00004227   0.00000000    266.3   93.4      7.1     85830
2016 11  5  1      0.0    275.9   0.00006466   0.00000000    266.3   92.3      7.8     85796
2016 11  5  2      0.0    276.5   0.00008875  -0.00000005    266.2   92.1      8.3     85775
2016 11  5  3      0.0    275.4   0.00008115   0.00000000    266.1   91.4      8.6     85763
2016 11  5  4      0.0    273.9   0.00002766  -0.00000000    266.1   90.7      8.9     85770
2016 11  5  5      0.0    272.6   0.00002811   0.00000000    266.0   91.2      9.4     85752
2016 11  5  6      0.0    271.0   0.00002627   0.00000000    265.9   91.4      9.9     85756
2016 11  5  7     -0.0    272.3   0.00002504  -0.00000000    265.8   91.2     10.1     85777
2016 11  5  8      8.5    271.4   0.00001880   0.00000000    265.8   90.4     10.4     85809
2016 11  5  9     46.1    259.9   0.00001638  -0.00000000    265.8   89.9     10.8     85825
2016 11  5 10     78.7    260.2   0.00001486  -0.00000000    265.9   89.3     11.2     85843
2016 11  5 11     76.2    267.5   0.00001484   0.00000000    265.8   88.8     10.8     85870
2016 11  5 12     85.3    257.7   0.00002608   0.00000000    266.3   88.5     13.5     85750
2016 11  5 13     77.7    251.3   0.00002639   0.00000000    266.2   90.0     13.8     85736
2016 11  5 14     36.0    262.9   0.00002540  -0.00000000    265.9   90.1     14.7     85726
2016 11  5 15     20.8    250.6   0.00002225   0.00000000    265.6   90.6     14.1     85749
2016 11  5 16      0.5    254.4   0.00002053   0.00000000    265.5   91.0     13.7     85771
2016 11  5 17      0.0    257.7   0.00001952   0.00000000    265.5   90.6     13.0     85784
2016 11  5 18      0.0    265.7   0.00002501  -0.00000000    265.4   90.5     12.2     85854
2016 11  5 19      0.0    265.4   0.00001149   0.00000000    265.0   90.7     12.1     85907
2016 11  5 20      0.0    250.2   0.00000556   0.00000000    264.7   91.3     11.4     85961
2016 11  5 21      0.0    249.0   0.00000425  -0.00000000    264.4   91.7     11.1     85988
2016 11  5 22      0.0    251.7   0.00000453   0.00000000    264.1   92.1     10.8     86031
2016 11  5 23      0.0    253.6   0.00000310   0.00000000    263.6   93.6     10.7     86061
2016 11  6  0      0.0    253.0   0.00000164   0.00000000    263.2   94.7     10.3     86080
2016 11  6  1      0.0    254.1   0.00000130   0.00000000    262.7   96.0      9.8     86124
2016 11  6  2      0.0    253.2   0.00000124  -0.00000000    262.4   97.9      8.9     86163
2016 11  6  3      0.0    249.0   0.00000098   0.00000000    261.9   99.8      8.0     86188
2016 11  6  4      0.0    216.5   0.00000043   0.00000000    261.2  100.0      6.3     86207
2016 11  6  5      0.0    187.5   0.00000024   0.00000000    260.7  100.0      5.5     86223
2016 11  6  6      0.0    181.5   0.00000024  -0.00000000    260.3  100.0      4.7     86267
2016 11  6  7      0.0    178.4   0.00000025   0.00000000    259.9  100.0      4.5     86295
2016 11  6  8     17.1    175.8   0.00000030   0.00000000    259.9  100.0      4.3     86310
2016 11  6  9     89.9    175.2   0.00000025   0.00000000    260.4  100.0      4.2     86339
2016 11  6 10    159.7    175.3   0.00000022   0.00000000    261.0  100.0      3.9     86387
2016 11  6 11    200.7    176.9   0.00000013   0.00000000    261.4  100.0      3.5     86411
2016 11  6 12    210.6    177.1   0.00000026   0.00000000    261.7  100.0      3.5     86404
2016 11  6 13    179.1    179.6   0.00000038   0.00000000    261.7  100.0      2.9     86371
2016 11  6 14    117.3    184.4   0.00000042   0.00000000    261.3  100.0      2.5     86367
2016 11  6 15     40.5    198.6   0.00000053   0.00000000    260.5  100.0      2.3     86377
2016 11  6 16      0.6    206.3   0.00000045   0.00000000    259.9  100.0      2.5     86393
2016 11  6 17      0.0    185.4   0.00000038   0.00000000    259.4  100.0      2.6     86393
2016 11  6 18      0.0    199.7   0.00000064   0.00000000    259.2  100.0      2.3     86409
2016 11  6 19      0.0    232.5   0.00000113   0.00000000    259.7  100.0      2.3     86407
2016 11  6 20      0.0    247.7   0.00000152   0.00000000    260.3  100.0      2.5     86435
2016 11  6 21      0.0    248.2   0.00000172   0.00000000    260.5  100.0      3.0     86436
2016 11  6 22      0.0    253.0   0.00000213   0.00000000    260.7  100.0      3.6     86432
2016 11  6 23      0.0    252.3   0.00000208   0.00000000    260.6  100.0      3.7     86430
2016 11  7  0      0.0    243.8   0.00000172   0.00000000    260.1  100.0      3.4     86442
2016 11  7  1      0.0    229.9   0.00000148   0.00000000    259.6  100.0      2.9     86445
2016 11  7  2      0.0    231.8   0.00000146   0.00000005    259.4  100.0      2.3     86429
2016 11  7  3      0.0    205.3   0.00000114  -0.00000005    258.8  100.0      2.3     86409
2016 11  7  4      0.0    187.5   0.00000090   0.00000000    258.2  100.0      2.5     86432
2016 11  7  5      0.0    204.6   0.00000120   0.00000000    258.3  100.0      2.4     86450
2016 11  7  6      0.0    206.7   0.00000123   0.00000000    258.0  100.0      2.6     86464
2016 11  7  7      0.0    182.0   0.00000070   0.00000000    257.4  100.0      2.5     86474
2016 11  7  8     15.5    158.4   0.00000034   0.00000000    256.8  100.0      2.1     86495
2016 11  7  9     88.1    157.7   0.00000025   0.00000000    257.3  100.0      1.6     86504
2016 11  7 10    158.7    159.0   0.00000015   0.00000000    258.7  100.0      1.5     86519
2016 11  7 11    202.4    160.7   0.00000015   0.00000000    259.5   98.8      2.0     86535
2016 11  7 12    212.1    154.8   0.00000000   0.00000000    259.4   94.2      2.1     86531
2016 11  7 13    183.1    155.6   0.00000000   0.00000000    259.6   90.3      1.8     86527
2016 11  7 14    122.3    155.3  -0.00000000  -0.00000000    259.6   87.0      1.6     86512
2016 11  7 15     44.5    154.7  -0.00000000   0.00000000    258.9   91.8      1.5     86500
2016 11  7 16      0.4    155.0   0.00000000  -0.00000000    257.7   93.1      2.0     86509
2016 11  7 17      0.0    155.8   0.00000000   0.00000000    257.1   96.9      1.9     86513
2016 11  7 18      0.0    157.5   0.00000000   0.00000000    257.1   98.0      2.2     86510
2016 11  7 19      0.0    159.0   0.00000000   0.00000000    257.1  100.0      2.0     86517
2016 11  7 20      0.0    160.0   0.00000000   0.00000000    257.2  100.0      1.9     86517
2016 11  7 21      0.0    160.9   0.00000001   0.00000000    257.2  100.0      2.2     86512
2016 11  7 22      0.0    161.0  -0.00000000   0.00000000    257.1  100.0      1.9     86518
2016 11  7 23      0.0    160.7   0.00000000   0.00000000    257.0  100.0      1.6     86507
2016 11  8  0      0.0    160.2   0.00000001   0.00000000    256.6  100.0      1.3     86476
2016 11  8  1      0.0    161.0   0.00000001   0.00000000    256.0  100.0      1.0     86473
2016 11  8  2      0.0    162.3   0.00000002   0.00000000    255.9  100.0      1.3     86462
2016 11  8  3      0.0    163.4   0.00000002   0.00000000    256.6  100.0      1.5     86454
2016 11  8  4      0.0    164.3   0.00000003   0.00000000    256.8  100.0      1.6     86425
2016 11  8  5      0.0    164.9   0.00000002   0.00000000    257.2  100.0      2.0     86393
2016 11  8  6      0.0    165.3   0.00000002   0.00000000    257.3  100.0      1.9     86375
2016 11  8  7      0.0    164.8   0.00000004   0.00000000    257.2  100.0      2.0     86364
2016 11  8  8     13.1    163.8   0.00000005   0.00000000    257.4  100.0      2.5     86364
2016 11  8  9     82.5    164.4   0.00000012   0.00000000    258.4  100.0      2.7     86376
2016 11  8 10    151.1    165.1   0.00000019   0.00000000    259.3  100.0      3.0     86371
2016 11  8 11    193.4    166.7   0.00000025  -0.00000000    260.1  100.0      3.6     86364
2016 11  8 12    196.6    175.0   0.00000047   0.00000000    261.0   96.1      5.6     86341
2016 11  8 13    165.5    177.6   0.00000061   0.00000000    261.0   96.8      5.6     86327
2016 11  8 14    103.9    183.6   0.00000095   0.00000000    260.7   98.5      5.4     86292
2016 11  8 15     36.4    182.5   0.00000099   0.00000000    260.2  100.0      5.2     86277
2016 11  8 16      0.1    192.8   0.00000117   0.00000000    260.0  100.0      4.8     86283
2016 11  8 17      0.0    204.3   0.00000134   0.00000000    260.1  100.0      4.7     86278
2016 11  8 18      0.0    208.2   0.00000128   0.00000000    260.2  100.0      5.0     86268
2016 11  8 19      0.0    211.1   0.00000134   0.00000000    260.4  100.0      6.3     86242
2016 11  8 20      0.0    211.4   0.00000151   0.00000000    260.4  100.0      6.7     86232
2016 11  8 21      0.0    218.9   0.00000189   0.00000000    260.6  100.0      7.1     86238
2016 11  8 22      0.0    221.3   0.00000222   0.00000000    260.7  100.0      7.2     86246
2016 11  8 23      0.0    224.8   0.00000225   0.00000000    260.7  100.0      7.4     86234
2016 11  9  0      0.0    253.4   0.00000350   0.00000000    261.0  100.0      7.6     86320
2016 11  9  1      0.0    254.5   0.00000358   0.00000004    261.0  100.0      7.2     86299
2016 11  9  2      0.0    255.1   0.00000401   0.00000009    261.0  100.0      6.7     86288
2016 11  9  3      0.0    255.0   0.00000411   0.00000005    261.1  100.0      6.3     86296
2016 11  9  4      0.0    254.8   0.00000384   0.00000001    261.1  100.0      6.2     86298
2016 11  9  5      0.0    250.3   0.00000296   0.00000005    260.8  100.0      5.5     86267
2016 11  9  6      0.0    235.9   0.00000233   0.00000001    260.5  100.0      5.1     86253
2016 11  9  7      0.0    226.3   0.00000247   0.00000000    260.4  100.0      5.4     86248
2016 11  9  8      6.2    236.1   0.00000292   0.00000005    260.6  100.0      5.6     86237
2016 11  9  9     45.3    235.2   0.00000287   0.00000000    260.8  100.0      5.9     86228
2016 11  9 10     81.8    242.1   0.00000302   0.00000005    261.2  100.0      6.2     86210
2016 11  9 11    105.9    242.9   0.00000263   0.00000005    261.6   97.8      5.9     86185
2016 11  9 12    169.5    191.8   0.00000210   0.00000001    261.6   98.5      5.5     86118
2016 11  9 13    149.5    188.5   0.00000124   0.00000001    261.7   98.0      4.6     86103
2016 11  9 14     95.8    188.5   0.00000092   0.00000000    261.4  100.0      4.1     86075
2016 11  9 15     31.8    186.6   0.00000109   0.00000001    260.7  100.0      3.0     86057
2016 11  9 16      0.0    192.3   0.00000131   0.00000000    260.3  100.0      3.2     86066
2016 11  9 17      0.0    230.7   0.00000210   0.00000001    260.6  100.0      3.5     86063
2016 11  9 18      0.0    248.8   0.00000233   0.00000003    261.1  100.0      4.3     86056
2016 11  9 19      0.0    253.1   0.00000263   0.00000004    261.3  100.0      5.1     86034
2016 11  9 20      0.0    251.9   0.00000305   0.00000001    261.2  100.0      5.2     86017
2016 11  9 21      0.0    249.4   0.00000327   0.00000005    261.2  100.0      4.8     86017
2016 11  9 22      0.0    252.1   0.00000368   0.00000001    261.3  100.0      4.8     86016
2016 11  9 23      0.0    254.7   0.00000421   0.00000004    261.5   99.5      4.8     86010
2016 11 10  0      0.0    253.7   0.00000394   0.00000005    261.5   98.1      4.7     85993
2016 11 10  1      0.0    251.8   0.00000366   0.00000004    261.6   96.9      4.8     85981
2016 11 10  2      0.0    242.8   0.00000315   0.00000000    261.4   98.1      4.7     85952
2016 11 10  3      0.0    231.8   0.00000291   0.00000004    261.2  100.0      4.4     85944
2016 11 10  4      0.0    229.1   0.00000271   0.00000000    260.9  100.0      4.3     85948
2016 11 10  5      0.0    230.6   0.00000262   0.00000004    260.7  100.0      4.5     85956
2016 11 10  6      0.0    232.1   0.00000263   0.00000000    260.6  100.0      4.3     85971
2016 11 10  7      0.0    233.2   0.00000220   0.00000000    260.6  100.0      4.1     86008
2016 11 10  8      5.8    234.4   0.00000191   0.00000004    260.6  100.0      4.2     86055
2016 11 10  9     45.5    231.3   0.00000150   0.00000000    261.1  100.0      4.6     86093
2016 11 10 10     91.2    225.9   0.00000115  -0.00000000    261.5  100.0      4.7     86125
2016 11 10 11    118.4    231.4   0.00000114   0.00000003    261.9  100.0      4.9     86176
2016 11 10 12    155.5    198.2   0.00000040   0.00000000    261.8  100.0      3.7     86191
2016 11 10 13    141.5    190.2   0.00000006   0.00000001    262.6   96.9      2.9     86230
2016 11 10 14     93.9    187.1  -0.00000001   0.00000000    262.8   96.5      2.8     86278
2016 11 10 15     30.4    182.6   0.00000001   0.00000000    262.2  100.0      2.1     86334
2016 11 10 16      0.0    181.7   0.00000000   0.00000000    261.5  100.0      2.1     86425
2016 11 10 17      0.0    184.5  -0.00000002   0.00000000    261.4   96.6      2.2     86473
2016 11 10 18      0.0    184.0   0.00000000   0.00000000    261.5   91.8      1.6     86516
2016 11 10 19      0.0    181.9   0.00000000   0.00000000    261.2   94.4      1.5     86566
2016 11 10 20      0.0    182.1   0.00000000   0.00000000    261.3   93.2      2.7     86641
2016 11 10 21      0.0    180.3   0.00000000   0.00000000    260.9   97.5      3.0     86685
2016 11 10 22      0.0    179.5   0.00000000   0.00000000    261.2   95.7      2.7     86727
2016 11 10 23      0.0    180.3   0.00000000   0.00000000    261.4   95.2      1.7     86761
2016 11 11  0      0.0    181.3   0.00000000   0.00000000    261.0   96.7      1.3     86779
2016 11 11  1      0.0    182.6   0.00000000   0.00000000    261.5   91.4      1.4     86794
2016 11 11  2      0.0    185.2   0.00000000  -0.00000004    262.6   86.3      4.0     86812
2016 11 11  3      0.0    187.0   0.00000000   0.00000000    263.1   84.2      4.4     86838
2016 11 11  4      0.0    192.2  -0.00000001   0.00000000    263.5   83.9      4.6     86877
2016 11 11  5      0.0    191.2   0.00000000   0.00000000    263.7   84.6      4.5     86901
2016 11 11  6      0.0    184.9   0.00000000  -0.00000000    263.7   84.7      4.5     86927
2016 11 11  7      0.0    182.2   0.00000000   0.00000000    263.8   85.0      4.8     86974
2016 11 11  8      7.6    181.8   0.00000000   0.00000000    264.0   86.2      5.1     87034
2016 11 11  9     68.5    182.9   0.00000000  -0.00000000    264.7   85.3      5.4     87061
2016 11 11 10    134.7    183.7   0.00000000   0.00000000    265.3   84.4      5.4     87078
2016 11 11 11    176.3    184.3   0.00000000   0.00000000    265.7   85.0      5.8     87087
2016 11 11 12    140.5    224.1   0.00000001  -0.00000000    266.5   89.4      6.0     87038
2016 11 11 13    115.2    224.7   0.00000223   0.00000000    266.4   93.6      6.2     87063
2016 11 11 14     71.7    219.2   0.00000422   0.00000000    266.3  100.0      6.2     87083
2016 11 11 15     26.0    205.3   0.00000180  -0.00000000    266.4  100.0      6.0     87070
2016 11 11 16      0.0    210.0   0.00000103   0.00000000    266.5  100.0      5.6     87084
2016 11 11 17      0.0    228.6   0.00000075   0.00000000    266.9  100.0      5.7     87088
2016 11 11 18      0.0    211.1   0.00000100   0.00000000    266.9  100.0      6.1     87092
2016 11 11 19      0.0    244.9   0.00000111   0.00000000    267.2  100.0      5.6     87089
2016 11 11 20      0.0    268.0   0.00000056   0.00000003    267.2  100.0      4.7     87090
2016 11 11 21      0.0    206.7   0.00000022   0.00000000    266.8  100.0      3.7     87066
2016 11 11 22      0.0    200.7   0.00000005   0.00000000    266.2  100.0      1.9     87058
2016 11 11 23      0.0    195.7   0.00000000   0.00000000    265.6  100.0      2.1     87044
2016 11 12  0      0.0    194.2   0.00000001   0.00000000    265.3   99.3      2.5     87031
2016 11 12  1      0.0    194.8  -0.00000001   0.00000000    265.3   94.9      1.8     86979
2016 11 12  2      0.0    195.3   0.00000000   0.00000000    264.5   97.8      1.4     86953
2016 11 12  3      0.0    195.1   0.00000000   0.00000000    265.3   88.6      2.4     86905
2016 11 12  4      0.0    194.5   0.00000000   0.00000000    265.4   86.9      2.4     86881
2016 11 12  5      0.0    195.5   0.00000000  -0.00000000    265.6   85.3      2.7     86852
2016 11 12  6      0.0    196.4   0.00000000   0.00000000    265.7   87.1      2.9     86815
2016 11 12  7      0.0    196.5   0.00000000   0.00000000    265.7   90.3      3.3     86817
2016 11 12  8      5.8    198.1   0.00000000  -0.00000000    265.6   95.0      3.3     86839
2016 11 12  9     60.8    199.6   0.00000000   0.00000000    266.4   96.3      2.6     86858
2016 11 12 10    106.0    215.2   0.00000000  -0.00000000    268.1   94.9      1.9     86846
2016 11 12 11    141.2    219.5   0.00000001   0.00000000    269.3   89.6      2.0     86823
2016 11 12 12    138.8    234.2   0.00000075   0.00000000    270.5   89.4      7.1     86745
2016 11 12 13     87.4    258.7   0.00000795   0.00000000    270.8   88.4      6.6     86775
2016 11 12 14     40.2    276.0   0.00000998   0.00000000    270.3   86.1      8.0     86786
2016 11 12 15      7.3    283.3   0.00002064   0.00000000    269.9   90.7      3.6     86872
2016 11 12 16      0.0    282.5   0.00002788   0.00000000    269.8   90.6      4.6     86861
2016 11 12 17      0.0    270.7   0.00003112   0.00000000    269.6   90.4      5.1     86869
2016 11 12 18      0.0    276.5   0.00002565   0.00000000    269.8   89.5      4.8     86865
2016 11 12 19      0.0    286.1   0.00002081   0.00000000    269.7   94.3      3.7     86894
2016 11 12 20      0.0    287.2   0.00001540   0.00000000    269.9   93.3      3.2     86909
2016 11 12 21      0.0    287.8   0.00001139   0.00000000    269.9   95.4      3.0     86922
2016 11 12 22      0.0    287.9   0.00000790   0.00000000    270.0   95.4      2.4     86939
2016 11 12 23      0.0    286.5   0.00000454   0.00000000    270.0   96.3      3.1     86952
2016 11 13  0      0.0    289.4   0.00000410   0.00000000    270.0   96.9      3.1     86974
2016 11 13  1      0.0    287.8   0.00000310   0.00000000    270.0   97.6      3.3     86973
2016 11 13  2      0.0    267.0   0.00000210   0.00000000    269.5   98.7      4.9     86963
2016 11 13  3      0.0    246.1   0.00000194   0.00000000    269.3   98.5      3.9     86995
2016 11 13  4      0.0    243.6   0.00000136   0.00000000    269.2   98.9      4.4     87015
2016 11 13  5      0.0    264.7   0.00000154   0.00000000    269.5   99.7      4.3     87048
2016 11 13  6      0.0    291.1   0.00000388   0.00000000    269.6  100.0      4.3     87092
2016 11 13  7      0.0    287.8   0.00000688   0.00000000    269.6  100.0      4.1     87135
2016 11 13  8      4.1    248.3   0.00000679   0.00000000    269.2  100.0      3.9     87159
2016 11 13  9     53.0    222.6   0.00000268   0.00000000    269.4  100.0      3.7     87198
2016 11 13 10    111.6    223.6   0.00000054   0.00000000    270.2   99.7      3.4     87258
2016 11 13 11    149.3    224.1   0.00000017   0.00000000    270.8   98.6      3.0     87297
2016 11 13 12    154.4    228.9   0.00000018  -0.00000000    272.0   88.0      1.9     87393
2016 11 13 13    133.4    224.4   0.00000015   0.00000000    271.7   91.0      1.6     87397
2016 11 13 14     88.2    213.4   0.00000009   0.00000000    271.0   96.0      1.1     87406
2016 11 13 15     22.5    213.4   0.00000007   0.00000000    269.7   99.7      0.5     87444
2016 11 13 16      0.0    228.1   0.00000006   0.00000000    268.7  100.0      0.7     87508
2016 11 13 17      0.0    210.8   0.00000004   0.00000000    267.8  100.0      1.1     87531
2016 11 13 18      0.0    201.4   0.00000001   0.00000000    266.6  100.0      1.1     87544
2016 11 13 19      0.0    200.7   0.00000001   0.00000000    265.7  100.0      1.2     87530
2016 11 13 20      0.0    201.3   0.00000003   0.00000000    265.2  100.0      2.2     87511
2016 11 13 21      0.0    206.4  -0.00000004  -0.00000000    266.0  100.0      3.2     87490
2016 11 13 22      0.0    214.4   0.00000004   0.00000000    266.7  100.0      3.0     87485
2016 11 13 23      0.0    216.2  -0.00000000   0.00000000    266.9  100.0      2.7     87434
2016 11 14  0      0.0    216.5   0.00000001   0.00000000    267.6  100.0      2.7     87416
2016 11 14  1      0.0    218.8   0.00000001   0.00000000    268.0   98.1      2.4     87352
2016 11 14  2      0.0    232.8   0.00000001   0.00000000    268.3   95.7      1.9     87295
2016 11 14  3      0.0    239.5   0.00000002   0.00000000    267.3  100.0      1.6     87242
2016 11 14  4      0.0    250.2   0.00000002   0.00000000    269.3   93.3      2.7     87178
2016 11 14  5      0.0    280.2   0.00000068   0.00000000    270.4   94.2      2.9     87132
2016 11 14  6      0.0    297.7   0.00000235   0.00000000    271.6   93.6      2.2     87086
2016 11 14  7      0.0    304.1   0.00000651   0.00000000    272.1   94.5      1.5     87047
2016 11 14  8      0.1    308.9   0.00001928   0.00000118    272.6   94.4      1.9     87002
2016 11 14  9      1.2    310.4   0.00003236   0.00000310    273.1   94.0      2.0     86966
2016 11 14 10      2.4    309.7   0.00003438   0.00000002    273.2   94.3      1.2     86937
2016 11 14 11      5.4    310.5   0.00002596  -0.00000007    273.5   92.5      1.8     86924
2016 11 14 12     65.3    301.1   0.00000000   0.00000427    274.7   92.1      3.1     86773
2016 11 14 13     28.3    317.1   0.00000000   0.00000595    274.6   95.7      2.6     86751
2016 11 14 14      4.8    321.1  -0.00000000   0.00000224    274.3   99.9      3.0     86709
2016 11 14 15      1.0    322.9   0.00000001   0.00000176    274.8  100.0      2.9     86714
2016 11 14 16      0.0    324.6   0.00000000   0.00000430    275.1  100.0      4.2     86724
2016 11 14 17      0.0    324.6  -0.00000001   0.00000539    275.3  100.0      4.4     86742
2016 11 14 18      0.0    324.8   0.00000002   0.00000759    275.2  100.0      3.5     86761
2016 11 14 19      0.0    324.6  -0.00000002   0.00000624    275.2  100.0      3.7     86742
2016 11 14 20      0.0    324.5   0.00000001   0.00000811    275.0  100.0      3.1     86739
2016 11 14 21      0.0    323.4   0.00000000   0.00000899    274.7  100.0      2.3     86719
2016 11 14 22      0.0    322.2  -0.00000002   0.00000921    274.6  100.0      2.6     86714
2016 11 14 23      0.0    321.7   0.00000000   0.00000695    274.7  100.0      2.6     86676
2016 11 15  0      0.0    322.8   0.00000001   0.00000165    274.8  100.0      4.1     86650
2016 11 15  1      0.0    322.4   0.00000000   0.00000171    274.3  100.0      1.2     86621
2016 11 15  2      0.0    320.7  -0.00000001   0.00000346    274.4  100.0      2.9     86535
2016 11 15  3      0.0    322.1  -0.00000001   0.00000578    274.6   97.4      1.2     86412
2016 11 15  4      0.0    321.4   0.00000001   0.00004411    275.0   93.9      1.4     86321
2016 11 15  5      0.0    324.3   0.00000001   0.00006878    275.7   95.4      4.8     86172
2016 11 15  6      0.0    327.2  -0.00000001   0.00008993    276.0  100.0     10.0     86008
2016 11 15  7      0.0    329.3   0.00000000   0.00009731    276.2   99.9     14.1     85969
2016 11 15  8      0.5    328.2  -0.00000001   0.00006198    275.5   99.9     13.9     85970
2016 11 15  9     14.4    319.9   0.00000034   0.00001981    273.4   99.8     16.9     86014
2016 11 15 10     31.1    310.8   0.00000230   0.00000058    272.4  100.0     16.1     86086
2016 11 15 11     31.4    306.2   0.00000538   0.00000092    271.9  100.0     13.4     86236
2016 11 15 12     33.0    300.1   0.00000655   0.00000049    272.3   96.5     10.2     86271
2016 11 15 13     17.4    305.5   0.00002976   0.00000063    271.9   97.8     12.7     86296
2016 11 15 14     33.1    287.2   0.00000521   0.00000030    271.6   98.6     13.4     86309
2016 11 15 15      7.5    290.4   0.00000975   0.00000058    271.3  100.0     15.2     86249
2016 11 15 16      0.0    292.3   0.00000341   0.00000012    271.1  100.0     17.3     86144
2016 11 15 17      0.0    257.0   0.00000543   0.00000003    271.1   99.2     18.3     86043
2016 11 15 18      0.0    211.9   0.00000611   0.00000001    271.0   99.5     19.5     86007
2016 11 15 19      0.0    214.4   0.00000585  -0.00000001    271.2   98.1     17.3     85989
2016 11 15 20      0.0    245.4   0.00001354   0.00000000    271.4   93.6     14.4     86065
2016 11 15 21      0.0    235.5   0.00002608   0.00000000    271.3   97.8      7.1     86154
2016 11 15 22      0.0    301.7   0.00004099  -0.00000001    272.1   92.9      9.8     86146
2016 11 15 23      0.0    290.9   0.00001937  -0.00000000    271.8   91.8      8.0     86122
2016 11 16  0      0.0    259.6   0.00002481   0.00000002    271.4   94.7      7.8     86053
2016 11 16  1      0.0    225.5   0.00001487  -0.00000001    271.7   90.0      8.1     86008
2016 11 16  2      0.0    231.5   0.00001109   0.00000003    271.1   94.5      7.4     85969
2016 11 16  3      0.0    220.5   0.00000788  -0.00000000    270.8   95.6      7.8     85925
2016 11 16  4      0.0    215.4   0.00000119  -0.00000001    270.4   97.3      4.4     85861
2016 11 16  5      0.0    248.4   0.00001170  -0.00000001    269.3  100.0      0.8     85764
2016 11 16  6     -0.0    232.4   0.00002430   0.00000002    271.1   91.7      7.7     85603
2016 11 16  7      0.0    218.2   0.00000951  -0.00000003    271.2   93.7      6.5     85532
2016 11 16  8      1.7    219.3   0.00000355   0.00000002    271.0   93.5      5.2     85501
2016 11 16  9     20.2    270.3   0.00000886  -0.00000000    271.5   96.3      5.5     85425
2016 11 16 10     53.5    271.3   0.00000518   0.00000000    272.1   89.0      6.8     85261
2016 11 16 11     57.3    276.5   0.00000036   0.00000001    272.3   87.8      6.8     85089
2016 11 16 12     37.8    288.8   0.00000533   0.00000000    272.5   88.8     10.2     84686
2016 11 16 13     49.0    246.8   0.00003719   0.00000000    272.4   89.9     12.2     84495
2016 11 16 14     38.5    256.7   0.00014560   0.00000000    272.5   87.4      7.2     84448
2016 11 16 15      7.8    253.2   0.00006714   0.00000000    271.9   85.3      9.9     84322
2016 11 16 16     -0.0    271.3   0.00006842   0.00000000    270.0   96.1      8.2     84433
2016 11 16 17      0.0    274.3   0.00005052   0.00000000    269.0   95.8      8.0     84406
2016 11 16 18      0.0    263.5   0.00002748   0.00000000    269.0   97.9      4.4     84379
2016 11 16 19      0.0    273.9   0.00007108   0.00000000    268.8   96.6      9.2     84338
2016 11 16 20      0.0    233.8   0.00000583   0.00000000    268.2   96.1     11.1     84328
2016 11 16 21      0.0    234.3   0.00002790   0.00000000    268.4   93.1      9.7     84311
2016 11 16 22      0.0    246.2   0.00012393   0.00000000    267.9   92.8     10.5     84312
2016 11 16 23      0.0    210.9   0.00003790   0.00000000    267.5   92.2      9.5     84255
2016 11 17  0      0.0    208.2   0.00000882   0.00000000    267.5   91.6      7.8     84203
2016 11 17  1      0.0    221.2   0.00001490   0.00000000    267.7   95.0      9.7     84166
2016 11 17  2      0.0    219.6   0.00006029   0.00000000    267.9   88.3     12.2     84171
2016 11 17  3      0.0    223.5   0.00007629   0.00000000    267.9   94.1      8.0     84204
2016 11 17  4      0.0    269.8   0.00012922   0.00000000    267.9   96.8      5.0     84197
2016 11 17  5      0.0    221.2   0.00003460   0.00000000    267.4   94.4      9.2     84152
2016 11 17  6      0.0    199.9   0.00000335   0.00000000    267.4   92.0      9.7     84139
2016 11 17  7      0.0    196.3   0.00002525   0.00000000    267.3   90.3      8.7     84160
2016 11 17  8      1.0    203.6   0.00002450  -0.00000000    266.2   95.0      2.9     84184
2016 11 17  9     27.4    227.3   0.00005577   0.00000000    267.4   90.1     10.0     84144
2016 11 17 10     84.5    204.8   0.00003445   0.00000000    267.5   92.1      6.5     84196
2016 11 17 11    123.2    200.5   0.00001113   0.00000000    267.3   92.9      7.5     84210
2016 11 17 12    144.9    202.0   0.00000073   0.00000000    268.3   93.7      3.9     84189
2016 11 17 13     71.3    246.4   0.00003027   0.00000000    268.8   87.9      5.0     84191
2016 11 17 14     35.0    260.7   0.00003765  -0.00000000    268.0   99.4      1.2     84251
2016 11 17 15      2.1    280.5   0.00002435   0.00000000    268.1   98.3      1.3     84230
2016 11 17 16      0.0    221.9   0.00000019   0.00000000    266.3   96.7      2.2     84195
2016 11 17 17      0.0    225.8   0.00000003   0.00000000    265.0  100.0      2.3     84183
2016 11 17 18      0.0    203.7   0.00000038  -0.00000000    264.2  100.0      2.9     84163
2016 11 17 19      0.0    236.2   0.00000073   0.00000000    265.7  100.0      4.6     84165
2016 11 17 20      0.0    285.3   0.00000071   0.00000000    266.9  100.0      5.3     84166
2016 11 17 21      0.0    281.7   0.00000062   0.00000008    266.7  100.0      6.1     84130
2016 11 17 22      0.0    283.7   0.00000533   0.00000020    266.6  100.0      7.4     84066
2016 11 17 23      0.0    284.1   0.00000502   0.00000017    266.3  100.0      7.0     84004
2016 11 18  0      0.0    283.0   0.00000538   0.00000022    266.2  100.0      6.7     83974
2016 11 18  1      0.0    285.2   0.00000643   0.00000021    266.9  100.0      7.4     83919
2016 11 18  2      0.0    286.4   0.00001347   0.00000002    267.6  100.0      7.4     83879
2016 11 18  3      0.0    281.3   0.00001581   0.00000002    267.8   99.3      6.7     83838
2016 11 18  4      0.0    274.3   0.00001003   0.00000000    268.0   98.5      5.4     83800
2016 11 18  5      0.0    238.6   0.00000099  -0.00000007    267.2   93.0      6.4     83744
2016 11 18  6      0.0    251.6   0.00000171   0.00000000    267.2   93.0      6.3     83719
2016 11 18  7      0.0    259.5   0.00000072   0.00000000    267.6   93.3      6.1     83720
2016 11 18  8      0.3    281.5   0.00000339   0.00000000    267.7   93.9      5.4     83730
2016 11 18  9     16.9    271.8   0.00000496   0.00000000    267.8   94.9      5.2     83732
2016 11 18 10     32.9    271.7   0.00000871  -0.00000000    267.9   94.9      4.5     83745
2016 11 18 11     45.2    273.3   0.00000713   0.00000006    268.1   94.0      3.9     83734
2016 11 18 12     35.6    284.9   0.00003362   0.00000000    268.6   94.1      1.2     83487
2016 11 18 13     25.7    284.5   0.00004131   0.00000000    268.7   93.9      1.2     83508
2016 11 18 14     27.0    277.2   0.00001222   0.00000000    268.6   95.5      0.7     83518
2016 11 18 15      6.0    265.5   0.00001017   0.00000000    268.3   96.5      1.5     83536
2016 11 18 16      0.0    268.5   0.00000563   0.00000000    268.2   95.7      2.7     83566
2016 11 18 17      0.0    268.5   0.00000937   0.00000000    268.2   95.2      2.8     83598
2016 11 18 18      0.0    274.4   0.00001454   0.00000000    268.4   94.0      2.2     83644
2016 11 18 19      0.0    270.3   0.00001521   0.00000000    268.4   93.7      5.0     83671
2016 11 18 20      0.0    247.7   0.00000887   0.00000000    268.1   96.3      4.9     83713
2016 11 18 21      0.0    236.9   0.00000161  -0.00000000    267.9   98.4      5.7     83767
2016 11 18 22      0.0    231.1   0.00000311   0.00000000    268.0   94.2      6.0     83814
2016 11 18 23      0.0    216.8   0.00000660   0.00000000    268.2   94.2      8.4     83849
2016 11 19  0      0.0    214.6   0.00001789   0.00000000    268.4   90.4     10.0     83886
2016 11 19  1      0.0    230.8   0.00002707  -0.00000000    268.4   91.0      7.1     83947
2016 11 19  2      0.0    250.2   0.00003207   0.00000000    268.5   91.4      9.2     83974
2016 11 19  3      0.0    250.2   0.00005638  -0.00000000    268.3   92.6      8.7     84065
2016 11 19  4      0.0    230.6   0.00001829   0.00000000    267.9   93.1      9.0     84132
2016 11 19  5      0.0    245.1   0.00001291   0.00000000    267.9   95.4      8.0     84209
2016 11 19  6      0.0    237.3   0.00000118   0.00000000    267.2   96.8      6.5     84319
2016 11 19  7      0.0    202.3   0.00000011   0.00000000    266.1   99.2      3.5     84391
2016 11 19  8      0.4    201.2   0.00000007  -0.00000000    265.8   95.9      4.6     84458
2016 11 19  9     32.3    205.6   0.00000025   0.00000000    266.3   96.0      4.2     84539
2016 11 19 10     93.3    194.7   0.00000075   0.00000000    267.0   92.7      5.2     84602
2016 11 19 11    129.9    198.1   0.00000289  -0.00000000    267.4   94.8      4.4     84695
2016 11 19 12     77.2    239.4   0.00000435   0.00000000    268.1   97.0      1.4     84749
2016 11 19 13     88.4    226.9   0.00000840   0.00000000    268.1   94.1      2.5     84794
2016 11 19 14     58.3    209.4   0.00000223   0.00000000    267.2   97.8      2.5     84842
2016 11 19 15     10.2    204.9   0.00000344   0.00000000    266.0  100.0      2.5     84846
2016 11 19 16      0.0    200.7   0.00000466   0.00000000    265.1  100.0      3.8     84884
2016 11 19 17      0.0    193.3   0.00000387   0.00000000    264.6  100.0      2.9     84918
2016 11 19 18      0.0    189.4   0.00000075   0.00000000    263.8  100.0      3.7     84932
2016 11 19 19      0.0    201.0   0.00000043   0.00000000    264.0  100.0      4.3     84933
2016 11 19 20      0.0    264.1   0.00000034  -0.00000000    265.2  100.0      4.1     84959
2016 11 19 21      0.0    279.3   0.00000068   0.00000004    265.7  100.0      3.2     84944
2016 11 19 22      0.0    242.8   0.00000078   0.00000004    264.7  100.0      2.7     84936
2016 11 19 23      0.0    205.3   0.00000666  -0.00000000    263.6  100.0      2.8     84931
2016 11 20  0      0.0    204.8   0.00000539   0.00000000    263.4  100.0      3.2     84944
2016 11 20  1      0.0    202.2   0.00000616  -0.00000004    263.2  100.0      2.7     84962
2016 11 20  2      0.0    190.8   0.00000222   0.00000000    263.0  100.0      3.1     84980
2016 11 20  3      0.0    223.0   0.00000116   0.00000005    264.0  100.0      3.5     84991
2016 11 20  4      0.0    234.7   0.00000050   0.00000000    264.4  100.0      2.6     85037
2016 11 20  5      0.0    186.4   0.00000047   0.00000000    263.3  100.0      3.4     85059
2016 11 20  6      0.0    207.1   0.00000062   0.00000000    263.3  100.0      3.3     85088
2016 11 20  7      0.0    186.6   0.00000030   0.00000000    262.8  100.0      3.4     85126
2016 11 20  8      0.1    218.5   0.00000091   0.00000000    263.7  100.0      3.9     85149
2016 11 20  9     15.5    270.2   0.00000184   0.00000001    265.3  100.0      4.4     85184
2016 11 20 10     29.0    279.9   0.00000223   0.00000000    266.2  100.0      5.7     85221
2016 11 20 11     54.8    278.0   0.00000124   0.00000000    266.7  100.0      5.3     85226
2016 11 20 12     20.9    284.5   0.00001507   0.00000004    266.9  100.0      5.6     85151
2016 11 20 13     23.3    285.2   0.00000288   0.00000001    267.1  100.0      6.7     85147
2016 11 20 14     13.8    285.1   0.00002341   0.00000003    267.3  100.0      6.4     85112
2016 11 20 15      2.1    280.4   0.00005369   0.00000000    267.3  100.0      6.7     85070
2016 11 20 16      0.0    283.8   0.00005191  -0.00000001    267.6  100.0      8.2     85055
2016 11 20 17      0.0    286.8   0.00003071   0.00000000    267.6  100.0      9.0     85018
2016 11 20 18      0.0    286.6   0.00003572   0.00000003    267.8  100.0      9.5     84989
2016 11 20 19      0.0    287.5   0.00004877   0.00000000    268.1  100.0     10.2     84931
2016 11 20 20      0.0    280.0   0.00004144   0.00000000    268.0  100.0     10.7     84896
2016 11 20 21      0.0    266.3   0.00003199   0.00000000    267.9  100.0     10.6     84851
2016 11 20 22      0.0    229.4   0.00002806   0.00000002    267.6   99.3      8.9     84828
2016 11 20 23      0.0    227.4   0.00002006  -0.00000002    267.4   96.8      6.8     84794
2016 11 21  0      0.0    244.1   0.00001894   0.00000001    267.6   94.4      5.4     84749
2016 11 21  1      0.0    252.8   0.00001771   0.00000000    267.7   93.6      4.6     84719
2016 11 21  2      0.0    278.1   0.00001273   0.00000000    267.9   94.5      3.3     84712
2016 11 21  3      0.0    278.3   0.00001145   0.00000000    268.0   96.5      1.6     84710
2016 11 21  4      0.0    279.4   0.00001474   0.00000000    268.0   97.8      1.1     84739
2016 11 21  5      0.0    270.5   0.00001405   0.00000000    268.0   99.0      1.0     84815
2016 11 21  6      0.0    249.2   0.00000381   0.00000000    267.3   94.3      2.7     84924
2016 11 21  7      0.0    239.2   0.00000030   0.00000000    266.6   97.8      3.6     85024
2016 11 21  8      0.0    246.1   0.00000108   0.00000000    267.5   99.7      6.2     85142
2016 11 21  9     30.5    209.0   0.00000333   0.00000000    267.6   97.4      5.7     85269
2016 11 21 10     88.7    201.2   0.00000379   0.00000000    268.1   96.9      5.5     85358
2016 11 21 11    123.6    206.4   0.00000875   0.00000001    268.6   97.1      6.7     85454
2016 11 21 12     82.9    239.2   0.00000138   0.00000000    268.0   95.4      2.1     85589
2016 11 21 13    112.0    201.2   0.00000016   0.00000000    267.9   96.5      1.7     85654
2016 11 21 14     62.2    200.3   0.00000002   0.00000000    266.9  100.0      2.4     85720
2016 11 21 15      8.7    200.1   0.00000004   0.00000000    265.9  100.0      2.2     85785
2016 11 21 16      0.0    198.4   0.00000007   0.00000000    264.8  100.0      2.8     85870
2016 11 21 17      0.0    246.1   0.00000031   0.00000025    265.8  100.0      3.0     85937
2016 11 21 18      0.0    273.8   0.00000027   0.00000008    267.7  100.0      3.5     85970
2016 11 21 19      0.0    223.1   0.00000005   0.00000003    266.8  100.0      2.1     85994
2016 11 21 20      0.0    212.3   0.00000002  -0.00000001    265.9  100.0      2.9     86021
2016 11 21 21      0.0    203.7   0.00000007   0.00000000    264.8  100.0      3.0     86078
2016 11 21 22      0.0    216.1   0.00000008   0.00000000    264.9  100.0      3.0     86098
2016 11 21 23      0.0    269.7   0.00000001   0.00000000    266.6   97.9      3.8     86078
2016 11 22  0      0.0    268.8   0.00001109   0.00000000    267.4   95.5      3.7     86025
2016 11 22  1      0.0    283.8   0.00003486   0.00000000    268.0   96.9      3.6     85977
2016 11 22  2      0.0    289.7   0.00009175   0.00000000    268.3   99.7      4.6     85942
2016 11 22  3      0.0    293.7   0.00004025   0.00000000    268.8  100.0      6.3     85880
2016 11 22  4      0.0    294.4   0.00006614   0.00000000    269.3  100.0      8.6     85792
2016 11 22  5      0.0    294.4   0.00006500   0.00000000    269.5  100.0      7.3     85789
2016 11 22  6      0.0    298.3   0.00003783   0.00000000    269.9  100.0      7.5     85753
2016 11 22  7     -0.0    298.6   0.00010975   0.00000000    270.3   99.4      6.3     85792
2016 11 22  8      0.0    301.2   0.00001833   0.00000000    270.7  100.0      6.2     85814
2016 11 22  9      4.2    304.5   0.00001631   0.00000004    271.2  100.0      5.2     85840
2016 11 22 10     16.9    306.1   0.00000489   0.00000000    271.7   99.6      3.8     85891
2016 11 22 11     21.4    308.1   0.00000398  -0.00000000    272.1   99.1      4.1     85940
2016 11 22 12    132.3    218.1   0.00000069   0.00000000    271.9   96.2      7.1     85789
2016 11 22 13    109.0    218.0   0.00000033  -0.00000000    272.3   96.8      7.8     85793
2016 11 22 14     59.2    219.5   0.00000059  -0.00000000    272.3   99.1      6.2     85822
2016 11 22 15      7.2    234.2   0.00000082   0.00000000    272.9   99.5      8.0     85824
2016 11 22 16      0.0    236.7   0.00000040   0.00000088    273.4   97.8      9.1     85835
2016 11 22 17      0.0    247.4   0.00000087   0.00000406    273.8   97.3      9.7     85873
2016 11 22 18      0.0    294.6   0.00000051   0.00000275    273.7   96.9     10.4     85940
2016 11 22 19      0.0    294.6   0.00000182   0.00000162    273.5   96.7      9.4     85980
2016 11 22 20      0.0    228.8   0.00000097   0.00000005    273.0   94.9      8.9     85986
2016 11 22 21      0.0    222.7   0.00000171   0.00000001    272.7   97.5      8.8     85982
2016 11 22 22      0.0    222.7   0.00000138   0.00000000    272.4   97.2      9.2     85956
2016 11 22 23      0.0    234.8   0.00000833   0.00000002    272.5   96.3      9.2     85960
2016 11 23  0      0.0    225.0   0.00000211   0.00000001    272.5   94.4      9.5     85962
2016 11 23  1      0.0    239.6   0.00001696  -0.00000001    272.5   96.8      8.2     85956
2016 11 23  2      0.0    238.4   0.00004362   0.00000003    272.1   94.4      5.9     85972
2016 11 23  3      0.0    236.2   0.00002017  -0.00000003    271.8   94.9      4.4     86000
2016 11 23  4      0.0    252.4   0.00004974   0.00000000    271.2   94.7      2.0     86027
2016 11 23  5      0.0    282.9   0.00003882   0.00000000    272.1   89.6      2.9     86040
2016 11 23  6      0.0    267.5   0.00002835   0.00000000    271.6   91.8      2.5     86107
2016 11 23  7     -0.0    276.3   0.00001519   0.00000000    271.4   93.6      2.4     86150
2016 11 23  8      0.0    272.5   0.00001132  -0.00000000    271.7   94.0      3.8     86185
2016 11 23  9     13.3    261.4   0.00000760   0.00000001    272.2   97.1      5.4     86237
2016 11 23 10     18.9    306.9   0.00000645   0.00000001    271.4   98.8      7.2     86304
2016 11 23 11     40.4    300.7   0.00000361   0.00000012    270.3  100.0      8.5     86348
2016 11 23 12     30.7    298.4   0.00000406   0.00000083    269.4  100.0     10.1     86403
2016 11 23 13     16.9    297.3   0.00001188   0.00000145    269.4  100.0      9.7     86426
2016 11 23 14     11.8    292.7   0.00000495   0.00000046    269.4  100.0      9.6     86475
2016 11 23 15      2.2    285.4   0.00000727   0.00000000    269.1   97.8     10.1     86534
2016 11 23 16      0.0    275.8   0.00000725   0.00000000    267.9   97.9     10.9     86600
2016 11 23 17      0.0    267.6   0.00000636   0.00000002    267.7  100.0     10.8     86645
2016 11 23 18      0.0    286.7   0.00002101   0.00000000    267.9  100.0     12.4     86684
2016 11 23 19      0.0    279.9   0.00000546   0.00000015    267.3  100.0     10.5     86736
2016 11 23 20      0.0    282.8   0.00000579   0.00000004    267.2   98.8     12.0     86814
2016 11 23 21      0.0    275.3   0.00000223  -0.00000000    267.0  100.0      9.2     86836
2016 11 23 22      0.0    284.3   0.00001391   0.00000003    267.6   99.9      7.0     86843
2016 11 23 23      0.0    264.5   0.00002215  -0.00000001    267.9   95.3     10.8     86796
2016 11 24  0      0.0    232.7   0.00002677   0.00000001    268.6   94.5     14.3     86755
2016 11 24  1      0.0    260.3   0.00004701   0.00000000    269.3   95.0     13.8     86774
2016 11 24  2      0.0    293.0   0.00004494   0.00000000    269.8   98.5     13.4     86850
2016 11 24  3      0.0    295.4   0.00001293   0.00000000    269.5  100.0     15.6     86868
2016 11 24  4      0.0    290.2   0.00000183  -0.00000001    268.9  100.0     16.5     86830
2016 11 24  5      0.0    272.3   0.00000042   0.00000002    268.3  100.0     15.3     86880
2016 11 24  6      0.0    267.8   0.00000026  -0.00000002    267.9  100.0     14.0     86934
2016 11 24  7      0.0    283.0   0.00000040   0.00000002    267.9  100.0     13.6     86986
2016 11 24  8      0.0    290.1   0.00000097   0.00000029    268.2  100.0     13.6     87024
2016 11 24  9      6.5    291.1   0.00000137   0.00000041    268.2  100.0     13.4     87064
2016 11 24 10     24.9    290.5   0.00000096   0.00000025    268.3  100.0     13.1     87076
2016 11 24 11     37.6    291.3   0.00000172   0.00000026    268.4  100.0     13.9     87083
2016 11 24 12     54.9    293.0   0.00000151   0.00000031    268.9  100.0     14.2     87109
2016 11 24 13     40.9    294.8   0.00000169   0.00000038    269.1  100.0     13.6     87133
2016 11 24 14     24.9    291.5   0.00000560   0.00000009    269.3  100.0     11.7     87156
2016 11 24 15      3.1    274.8   0.00001145   0.00000003    269.6  100.0     10.5     87173
2016 11 24 16      0.0    291.8   0.00001441  -0.00000000    270.2   99.7      9.5     87204
2016 11 24 17      0.0    297.8   0.00001799   0.00000000    270.7   96.3      9.6     87236
2016 11 24 18      0.0    301.9   0.00002188   0.00000000    271.2   95.4      9.0     87269
2016 11 24 19      0.0    302.2   0.00002703   0.00000002    271.5   94.7      7.9     87289
2016 11 24 20      0.0    301.2   0.00003710   0.00000000    271.8   94.7      6.9     87299
2016 11 24 21      0.0    304.7   0.00003095  -0.00000000    272.1   94.7      7.7     87286
2016 11 24 22      0.0    305.9   0.00002028   0.00000002    272.4   93.6      9.4     87283
2016 11 24 23      0.0    304.4   0.00001987   0.00000000    272.7   93.8     10.4     87271
2016 11 25  0      0.0    303.9   0.00002086  -0.00000000    273.0   93.8     11.9     87230
2016 11 25  1      0.0    303.6   0.00002270   0.00000000    273.2   93.3     13.1     87176
2016 11 25  2      0.0    307.9   0.00002610   0.00000000    273.4   93.2     13.6     87141
2016 11 25  3      0.0    310.9   0.00002514  -0.00000000    273.6   93.3     14.8     87079
2016 11 25  4      0.0    310.1   0.00002491   0.00000088    273.8   92.9     16.1     87038
2016 11 25  5      0.0    310.0   0.00002652   0.00000399    274.0   92.8     17.8     86984
2016 11 25  6      0.0    313.3   0.00002091   0.00001030    273.9   93.6     19.0     86931
2016 11 25  7      0.0    312.9   0.00002331   0.00000619    273.8   95.0     18.3     86920
2016 11 25  8      0.0    313.9   0.00002212   0.00000674    273.8   95.6     17.6     86964
2016 11 25  9      3.1    314.3   0.00002388   0.00000520    273.6   97.9     16.3     87001
2016 11 25 10     12.8    313.8   0.00002283   0.00000178    273.6   94.1     16.6     86934
2016 11 25 11     31.1    310.5   0.00001570  -0.00000000    273.3   95.5     17.4     86883
2016 11 25 12     14.5    313.4   0.00001127   0.00000006    273.4   96.6     17.4     86757
2016 11 25 13     37.2    298.0   0.00001254   0.00000020    273.4   93.8     18.0     86704
2016 11 25 14     37.2    258.0   0.00001749   0.00000102    273.4   93.3     18.3     86666
2016 11 25 15      4.4    238.7   0.00001950   0.00000163    273.4   93.8     18.2     86626
2016 11 25 16      0.0    240.7   0.00001593   0.00000142    273.6   94.7     19.2     86532
2016 11 25 17      0.0    240.4   0.00001532   0.00000876    273.7   95.0     19.4     86490
2016 11 25 18      0.0    277.5   0.00001693   0.00001342    273.8   96.7     18.4     86488
2016 11 25 19      0.0    316.5   0.00000961   0.00002392    273.9   98.3     16.6     86544
2016 11 25 20      0.0    317.8   0.00000380   0.00003196    274.0   99.9     15.2     86547
2016 11 25 21      0.0    319.2   0.00000055   0.00003294    274.1   99.9     14.4     86530
2016 11 25 22      0.0    319.5   0.00000098   0.00002923    274.1  100.0     13.4     86515
2016 11 25 23      0.0    316.5   0.00000229   0.00003695    274.2   98.4     12.8     86475
2016 11 26  0      0.0    311.2   0.00000521   0.00003792    274.0   98.0     13.0     86433
2016 11 26  1      0.0    307.4   0.00000845   0.00002602    274.1   96.0     14.2     86402
2016 11 26  2      0.0    302.9   0.00000708   0.00001034    273.4   98.3     15.2     86372
2016 11 26  3      0.0    305.2   0.00003481   0.00000067    273.3   93.7     12.8     86292
2016 11 26  4      0.0    297.7   0.00003835   0.00000001    272.9   94.9     12.9     86230
2016 11 26  5      0.0    306.2   0.00001804   0.00000161    271.7   99.9     15.1     86181
2016 11 26  6      0.0    300.6   0.00001210   0.00000075    270.6  100.0     15.4     86138
2016 11 26  7      0.0    299.2   0.00003661   0.00000011    270.7   92.3     14.0     86111
2016 11 26  8      0.0    294.7   0.00003709  -0.00000000    270.4   95.8     13.9     86123
2016 11 26  9      2.5    292.3   0.00003334   0.00000000    270.0   93.9     15.0     86061
2016 11 26 10     18.2    282.5   0.00004189   0.00000000    269.6   96.3     12.1     85970
2016 11 26 11     10.8    291.0   0.00006239   0.00000011    269.2   97.0     15.7     85882
2016 11 26 12     44.8    268.6   0.00001500   0.00000008    268.0   98.8     18.0     85858
2016 11 26 13      9.0    287.3   0.00003397   0.00000003    268.4   99.4     18.9     85777
2016 11 26 14      4.0    289.3   0.00003564   0.00000002    268.8   98.1     18.3     85732
2016 11 26 15      0.4    288.7   0.00003641   0.00000000    269.0   94.3     17.8     85828
2016 11 26 16      0.0    282.6   0.00002637  -0.00000000    269.0   94.3     16.1     85858
2016 11 26 17      0.0    260.5   0.00002669   0.00000001    268.5   96.8     13.6     85924
2016 11 26 18      0.0    210.6   0.00001099   0.00000000    268.8   94.1     14.0     85953
2016 11 26 19      0.0    196.4   0.00000265  -0.00000001    268.0   99.0     11.7     86016
2016 11 26 20      0.0    200.9   0.00000479   0.00000000    268.5   99.3     12.6     86084
2016 11 26 21      0.0    199.6   0.00000173   0.00000000    268.6   94.3     12.6     86201
2016 11 26 22      0.0    198.7   0.00000416   0.00000000    269.0   90.1     12.9     86290
2016 11 26 23      0.0    190.9   0.00000049   0.00000000    268.3   89.5     13.0     86324
2016 11 27  0      0.0    188.4   0.00000170   0.00000000    267.5   88.8     15.1     86355
2016 11 27  1      0.0    180.3   0.00000007   0.00000000    266.7   89.5     13.4     86418
2016 11 27  2      0.0    179.4   0.00000011   0.00000000    266.3   90.6     13.5     86498
2016 11 27  3      0.0    178.8  -0.00000001   0.00000000    266.1   91.5     11.5     86606
2016 11 27  4      0.0    182.2   0.00000089   0.00000000    265.7   98.6      9.9     86701
2016 11 27  5      0.0    182.7   0.00000047   0.00000000    266.1   93.4     10.1     86786
2016 11 27  6      0.0    182.8   0.00000016   0.00000000    265.8   94.8      8.2     86922
2016 11 27  7      0.0    184.2   0.00000007   0.00000000    265.3   96.9      6.8     86992
2016 11 27  8     -0.0    187.2   0.00000112   0.00000000    265.8   95.7      8.8     87032
2016 11 27  9     10.9    221.0   0.00000257   0.00000000    266.7   92.8      6.9     87170
2016 11 27 10     67.7    196.7   0.00000080   0.00000000    266.1   93.7      4.7     87249
2016 11 27 11    109.3    188.0   0.00000002  -0.00000000    266.0   90.1      4.7     87284
2016 11 27 12    109.4    203.4   0.00000055   0.00000000    267.8   90.8      6.1     87308
2016 11 27 13     87.3    204.2   0.00000070   0.00000000    267.6   91.4      5.0     87353
2016 11 27 14     47.7    193.0   0.00000065   0.00000000    266.9   93.9      4.3     87404
2016 11 27 15      3.8    189.2   0.00000005   0.00000000    265.9   94.8      4.4     87466
2016 11 27 16      0.0    187.1   0.00000007   0.00000000    264.6   99.6      4.2     87508
2016 11 27 17      0.0    184.4   0.00000003   0.00000000    264.1   98.4      4.8     87556
2016 11 27 18      0.0    183.4  -0.00000000   0.00000000    264.3   92.3      5.1     87604
2016 11 27 19      0.0    183.4   0.00000000   0.00000000    264.3   90.3      4.8     87648
2016 11 27 20      0.0    183.5   0.00000001   0.00000000    263.2   95.4      1.6     87762
2016 11 27 21      0.0    184.2  -0.00000000   0.00000000    261.7  100.0      1.2     87813
2016 11 27 22      0.0    184.1  -0.00000000   0.00000000    261.2   97.6      1.4     87846
2016 11 27 23      0.0    184.8   0.00000000   0.00000000    262.3   88.8      2.4     87884
2016 11 28  0      0.0    187.0  -0.00000000   0.00000000    262.4   87.3      2.2     87897
2016 11 28  1      0.0    190.2  -0.00000000   0.00000000    262.9   83.9      2.3     87899
2016 11 28  2      0.0    192.0   0.00000000   0.00000000    263.5   80.6      3.2     87887
2016 11 28  3      0.0    192.8   0.00000000   0.00000000    263.9   82.1      4.1     87881
2016 11 28  4      0.0    193.2  -0.00000000   0.00000000    264.2   83.1      4.4     87881
2016 11 28  5      0.0    195.7   0.00000000   0.00000000    264.6   83.5      4.5     87884
2016 11 28  6      0.0    201.0  -0.00000000   0.00000000    265.1   82.6      4.9     87892
2016 11 28  7      0.0    204.5  -0.00000001   0.00000000    265.5   81.9      5.6     87895
2016 11 28  8      0.0    204.0   0.00000001   0.00000000    265.7   81.8      5.7     87917
2016 11 28  9     13.2    212.4  -0.00000001   0.00000000    266.0   80.3      6.1     87930
2016 11 28 10     52.5    226.3  -0.00000000   0.00000000    266.4   78.4      6.3     87920
2016 11 28 11     84.0    221.1   0.00000002   0.00000000    266.5   77.2      6.3     87927
2016 11 28 12     93.6    212.8   0.00000000   0.00000000    266.3   76.2      7.8     87848
2016 11 28 13     72.4    215.4   0.00000000   0.00000000    266.2   73.5      7.8     87823
2016 11 28 14     34.0    219.0   0.00000000   0.00000000    265.9   72.7      7.5     87798
2016 11 28 15      2.7    203.8   0.00000000   0.00000000    265.3   74.7      7.2     87797
2016 11 28 16      0.0    205.6   0.00000000   0.00000000    265.1   79.3      7.2     87800
2016 11 28 17      0.0    208.5   0.00000000   0.00000000    264.8   85.1      7.0     87800
2016 11 28 18      0.0    206.3   0.00000000   0.00000000    264.9   84.4      6.6     87800
2016 11 28 19      0.0    217.4   0.00000000   0.00000000    265.3   84.8      7.5     87786
2016 11 28 20      0.0    228.2   0.00000000   0.00000000    265.4   86.6      7.6     87768
2016 11 28 21      0.0    231.7   0.00000000   0.00000000    265.5   88.7      7.7     87739
2016 11 28 22      0.0    237.8   0.00000000   0.00000000    265.7   89.2      8.1     87711
2016 11 28 23      0.0    239.8   0.00000000   0.00000000    265.9   91.3      8.0     87685
2016 11 29  0      0.0    238.5   0.00000000   0.00000000    266.1   93.0      7.1     87646
2016 11 29  1      0.0    233.2   0.00000000   0.00000000    266.3   95.5      7.5     87587
2016 11 29  2      0.0    236.1   0.00000002   0.00000000    266.8   96.9      9.0     87521
2016 11 29  3      0.0    231.2   0.00000003   0.00000000    266.6  100.0      8.8     87491
2016 11 29  4      0.0    219.7   0.00000009   0.00000000    266.5  100.0      8.4     87444
2016 11 29  5      0.0    220.0   0.00000018   0.00000000    266.6  100.0      8.4     87389
2016 11 29  6      0.0    276.4   0.00000058   0.00000000    267.1  100.0      6.4     87316
2016 11 29  7      0.0    287.9   0.00000068   0.00000006    267.3  100.0      8.5     87206
2016 11 29  8      0.0    287.7   0.00000094   0.00000012    267.5  100.0      9.6     87113
2016 11 29  9      5.6    282.4   0.00000210   0.00000001    268.0  100.0      9.5     87027
2016 11 29 10     17.3    290.5   0.00000410   0.00000002    268.6  100.0     12.4     86889
2016 11 29 11     59.7    261.1   0.00000681   0.00000002    268.7  100.0     16.3     86772
2016 11 29 12     52.1    274.4   0.00001034   0.00000004    269.1   96.6     12.4     86704
2016 11 29 13     83.7    212.3   0.00003414   0.00000000    269.0   95.7     10.9     86602
2016 11 29 14     39.0    216.9   0.00006727   0.00000000    269.5   92.6     12.5     86465
2016 11 29 15      2.3    233.6   0.00010443  -0.00000004    269.6   95.1     13.6     86466
2016 11 29 16      0.0    272.4   0.00002617   0.00000005    269.9   97.5     14.0     86482
2016 11 29 17      0.0    267.4   0.00004572   0.00000000    268.6   98.4     15.6     86443
2016 11 29 18      0.0    246.4   0.00005095   0.00000000    268.5   96.9     15.9     86398
2016 11 29 19      0.0    267.7   0.00007079   0.00000000    268.4   94.5     15.1     86380
2016 11 29 20      0.0    284.2   0.00017040   0.00000000    268.4   94.9     14.0     86382
2016 11 29 21      0.0    277.1   0.00011772   0.00000000    268.2   97.8     12.5     86320
2016 11 29 22      0.0    268.3   0.00010868   0.00000000    268.3   95.0     18.2     86300
2016 11 29 23      0.0    270.7   0.00005530   0.00000000    268.5   97.7     13.0     86219
2016 11 30  0      0.0    267.7   0.00011230   0.00000000    268.5   96.4     13.0     86238
2016 11 30  1      0.0    268.7   0.00010140   0.00000000    267.6  100.0     14.4     86292
2016 11 30  2      0.0    265.1   0.00003597   0.00000000    267.9   93.7     11.7     86393
2016 11 30  3      0.0    220.7   0.00001581   0.00000000    266.9  100.0     11.0     86450
2016 11 30  4      0.0    220.0   0.00001798   0.00000000    266.7   99.4      8.0     86486
2016 11 30  5      0.0    283.8   0.00008516   0.00000000    267.4   99.8     11.9     86485
2016 11 30  6      0.0    279.1   0.00003916   0.00000000    267.4   97.3     12.4     86465
2016 11 30  7      0.0    267.5   0.00001459   0.00000000    267.5   98.2      9.8     86475
2016 11 30  8     -0.0    282.2   0.00005479   0.00000000    267.3   97.6     12.8     86484
2016 11 30  9      5.6    265.3   0.00001348   0.00000000    267.1   97.7     11.7     86498
2016 11 30 10     16.7    268.8   0.00005018   0.00000000    267.5   97.8     11.5     86484
2016 11 30 11     13.8    279.6   0.00003113   0.00000000    267.4   96.1     11.6     86491
2016 11 30 12     34.2    281.2   0.00001577   0.00000000    267.7   97.7     10.8     86394
2016 11 30 13     49.2    259.3   0.00000949   0.00000000    267.4   99.2     10.1     86386
2016 11 30 14     30.1    239.1   0.00001524   0.00000000    267.2   98.9      9.0     86386
2016 11 30 15      0.9    270.5   0.00002628   0.00000000    267.4   98.9      7.7     86372
2016 11 30 16      0.0    227.6   0.00001531   0.00000000    267.3   99.8      6.7     86329
2016 11 30 17      0.0    209.8   0.00000623   0.00000000    267.3  100.0      6.8     86300
2016 11 30 18      0.0    214.7   0.00000200   0.00000000    267.5  100.0      7.5     86273
2016 11 30 19      0.0    223.4   0.00000181   0.00000000    267.6  100.0      7.0     86252
2016 11 30 20      0.0    234.4   0.00000170   0.00000000    267.8  100.0      7.2     86258
2016 11 30 21      0.0    233.2   0.00000237   0.00000000    268.3  100.0      7.1     86265
2016 11 30 22      0.0    238.2   0.00000436   0.00000000    268.8   97.8      7.7     86221
2016 11 30 23      0.0    250.6   0.00001415   0.00000000    269.3   95.5      9.4     86142
2016 12  1  0      0.0    258.8   0.00002988   0.00000000    270.0   93.1     11.5     86076
2016 12  1  1      0.0    283.4   0.00003053   0.00000000    270.6   94.3     10.7     86070
2016 12  1  2      0.0    296.3   0.00004823   0.00000000    270.9   97.0     11.9     86053
2016 12  1  3      0.0    298.6   0.00004367   0.00000000    270.9   98.2     10.6     85988
2016 12  1  4      0.0    298.4   0.00005889   0.00000000    271.2   96.7      8.9     85935
2016 12  1  5      0.0    299.6   0.00010984   0.00000000    271.3   97.1      9.3     85869
2016 12  1  6      0.0    297.6   0.00009667   0.00000000    271.3   97.0      8.8     85836
2016 12  1  7      0.0    298.0   0.00009873   0.00000000    271.3   97.1     11.5     85808
2016 12  1  8      0.0    298.3   0.00006913   0.00000000    271.2   97.9     10.4     85797
2016 12  1  9      2.4    294.6   0.00003064   0.00000000    271.4   93.4     13.7     85769
2016 12  1 10     15.6    289.6   0.00001411   0.00000000    270.7   93.3     13.4     85767
2016 12  1 11     58.4    258.7   0.00000466   0.00000000    269.8   93.3     15.7     85748
2016 12  1 12     90.7    221.6   0.00000256   0.00000000    268.6   92.3     16.1     85850
2016 12  1 13     59.2    240.1   0.00000790   0.00000000    268.0   94.7     17.2     85836
2016 12  1 14      8.1    278.3   0.00002079   0.00000000    267.3   91.0     15.7     85902
2016 12  1 15      0.3    276.5   0.00003060   0.00000000    266.5   95.3     13.2     85945
2016 12  1 16      0.0    273.0   0.00001495   0.00000000    266.1   92.9     13.4     85987
2016 12  1 17      0.0    261.4   0.00000554   0.00000000    266.0   92.1     13.0     86065
2016 12  1 18      0.0    202.7   0.00000736   0.00000000    265.5   97.1     11.4     86124
2016 12  1 19      0.0    203.0   0.00001287   0.00000000    266.0   96.6     12.4     86187
2016 12  1 20      0.0    197.2   0.00001346   0.00000000    266.0   96.2     12.1     86284
2016 12  1 21      0.0    194.8   0.00001023  -0.00000000    265.8   98.7     11.4     86338
2016 12  1 22      0.0    195.8   0.00000893   0.00000000    265.7   99.2     10.4     86389
2016 12  1 23      0.0    191.6   0.00000511   0.00000000    265.7  100.0     10.7     86430
2016 12  2  0      0.0    194.7   0.00000655   0.00000000    265.9  100.0      9.8     86506
2016 12  2  1      0.0    195.4   0.00000528   0.00000000    266.2   96.4      9.2     86613
2016 12  2  2      0.0    192.9   0.00000099   0.00000000    265.6   99.7      7.9     86659
2016 12  2  3      0.0    191.8   0.00000062   0.00000000    265.6   98.6      7.9     86688
2016 12  2  4      0.0    189.5   0.00000063  -0.00000000    265.9   96.5      8.5     86719
2016 12  2  5      0.0    187.2   0.00000028   0.00000000    265.5   99.5      8.1     86761
2016 12  2  6      0.0    188.0   0.00000073   0.00000000    265.9   97.2      8.0     86812
2016 12  2  7      0.0    189.8   0.00000072   0.00000000    265.8   98.1      7.2     86884
2016 12  2  8     -0.0    192.1   0.00000103   0.00000000    265.9   96.7      7.3     86934
2016 12  2  9      9.6    187.9   0.00000057   0.00000000    265.5   96.1      7.1     86972
2016 12  2 10     57.7    184.6   0.00000011   0.00000000    265.3   99.5      6.5     87023
2016 12  2 11     95.8    185.9   0.00000022   0.00000000    265.1  100.0      5.7     87047
2016 12  2 12     74.2    240.6   0.00000279   0.00000000    267.4   98.5      7.0     87090
2016 12  2 13     64.4    225.9   0.00000237   0.00000000    267.2   98.2      6.3     87128
2016 12  2 14     29.4    221.5   0.00000135   0.00000000    266.5   97.5      5.4     87166
2016 12  2 15      1.6    191.2   0.00000063   0.00000000    265.1  100.0      5.0     87191
2016 12  2 16      0.0    188.8   0.00000032   0.00000000    264.3  100.0      5.3     87205
2016 12  2 17      0.0    188.3   0.00000025   0.00000000    264.1  100.0      5.8     87210
2016 12  2 18      0.0    187.6   0.00000016   0.00000000    263.4  100.0      5.3     87216
2016 12  2 19      0.0    188.5   0.00000020   0.00000000    263.3  100.0      5.3     87210
2016 12  2 20      0.0    188.4   0.00000013   0.00000000    263.0  100.0      5.2     87202
2016 12  2 21      0.0    194.3   0.00000005   0.00000000    262.9  100.0      5.3     87176
2016 12  2 22      0.0    204.3   0.00000002   0.00000000    263.3  100.0      4.8     87186
2016 12  2 23      0.0    202.7  -0.00000000   0.00000000    263.7   96.0      5.7     87192
2016 12  3  0      0.0    199.0  -0.00000000   0.00000000    263.4   99.5      6.0     87199
2016 12  3  1      0.0    195.8   0.00000044   0.00000000    263.2  100.0      6.4     87192
2016 12  3  2      0.0    200.3   0.00000221   0.00000000    264.5  100.0      6.8     87176
2016 12  3  3      0.0    257.8   0.00000403   0.00000000    266.3  100.0      7.8     87155
2016 12  3  4      0.0    278.8   0.00000515   0.00000002    266.8  100.0      7.9     87137
2016 12  3  5      0.0    284.6   0.00000841   0.00000000    267.0  100.0      8.0     87116
2016 12  3  6      0.0    286.2   0.00001261   0.00000000    267.3  100.0      7.7     87114
2016 12  3  7      0.0    287.5   0.00001610   0.00000000    267.6  100.0      7.5     87094
2016 12  3  8      0.0    288.6   0.00001695   0.00000000    267.8   99.4      8.6     87082
2016 12  3  9      1.2    289.3   0.00001757   0.00000000    268.0   98.6      9.9     87087
2016 12  3 10     12.6    291.1   0.00000968   0.00000002    268.5  100.0     12.4     87100
2016 12  3 11     27.6    294.3   0.00000372   0.00000013    268.9  100.0     12.3     87103
2016 12  3 12     20.8    296.1   0.00000644   0.00000013    269.1  100.0      8.5     87131
2016 12  3 13     15.9    296.9   0.00000928   0.00000010    269.3  100.0      8.7     87133
2016 12  3 14      7.3    297.1   0.00000906   0.00000005    269.4  100.0      9.0     87142
2016 12  3 15      0.2    296.1   0.00000719   0.00000007    269.5  100.0      8.5     87161
2016 12  3 16      0.0    295.6   0.00001374   0.00000002    269.6  100.0      9.0     87144
2016 12  3 17      0.0    296.1   0.00001313  -0.00000000    269.8  100.0      8.4     87156
2016 12  3 18      0.0    296.2   0.00001664   0.00000001    269.9   99.9      8.6     87163
2016 12  3 19      0.0    296.0   0.00001849   0.00000001    270.1  100.0      9.1     87191
2016 12  3 20      0.0    294.8   0.00001547  -0.00000000    270.0  100.0      9.0     87216
2016 12  3 21      0.0    294.3   0.00001576   0.00000003    270.1  100.0      8.7     87221
2016 12  3 22      0.0    298.3   0.00000945   0.00000001    270.1  100.0     10.9     87219
2016 12  3 23      0.0    298.5   0.00000718   0.00000002    270.0  100.0      9.7     87220
2016 12  4  0      0.0    299.0   0.00000882   0.00000001    270.2  100.0     10.6     87217
2016 12  4  1      0.0    300.8   0.00000547   0.00000021    270.1  100.0     11.6     87231
2016 12  4  2      0.0    300.9   0.00000563   0.00000031    270.1  100.0     10.4     87243
2016 12  4  3      0.0    298.5   0.00001196   0.00000002    270.3   99.9      9.9     87230
2016 12  4  4      0.0    298.1   0.00001397   0.00000001    270.4  100.0     10.4     87229
2016 12  4  5      0.0    301.5   0.00000890   0.00000004    270.6  100.0     10.3     87238
2016 12  4  6      0.0    302.8   0.00001965   0.00000003    270.8  100.0      9.7     87256
2016 12  4  7      0.0    301.4   0.00002396  -0.00000001    271.0  100.0     11.5     87266
2016 12  4  8      0.0    305.3   0.00000686   0.00000017    271.1  100.0      9.7     87300
2016 12  4  9      1.4    305.3   0.00000668   0.00000017    271.2  100.0     10.9     87325
2016 12  4 10     11.6    306.8   0.00000325   0.00000051    271.4  100.0     11.2     87354
2016 12  4 11     24.1    306.8   0.00000490   0.00000023    271.4  100.0     11.0     87356
2016 12  4 12     29.0    303.8   0.00001821   0.00000000    271.9   98.8     11.4     87302
2016 12  4 13     27.0    304.4   0.00001551   0.00000001    271.9   99.8     11.8     87298
2016 12  4 14     12.4    305.8   0.00001255   0.00000001    271.9  100.0     12.0     87292
2016 12  4 15      0.5    304.8   0.00001015   0.00000001    271.9  100.0     11.9     87302
2016 12  4 16      0.0    306.4   0.00001029   0.00000007    271.8  100.0     11.7     87315
2016 12  4 17      0.0    303.6   0.00000847   0.00000002    271.8   99.6     11.0     87303
2016 12  4 18      0.0    302.7   0.00000554  -0.00000007    271.6   99.8     11.6     87301
2016 12  4 19      0.0    302.8   0.00000497   0.00000001    271.4  100.0     11.8     87300
2016 12  4 20      0.0    302.6   0.00000671   0.00000001    271.5   98.0     10.1     87298
2016 12  4 21      0.0    301.9   0.00000782   0.00000001    271.4   97.5     11.0     87269
2016 12  4 22      0.0    303.7   0.00000747   0.00000000    271.2   98.6     11.9     87240
2016 12  4 23      0.0    301.8   0.00001598   0.00000000    271.3   95.7     12.2     87194
2016 12  5  0      0.0    302.4   0.00001641   0.00000074    270.6  100.0     14.8     87143
2016 12  5  1      0.0    302.8   0.00001544   0.00000000    270.8   99.8     14.5     87064
2016 12  5  2      0.0    301.7   0.00001351   0.00000000    270.8  100.0     15.5     86987
2016 12  5  3      0.0    303.0   0.00001115   0.00000000    270.8  100.0     15.8     86933
2016 12  5  4      0.0    304.4   0.00000953   0.00000038    270.8  100.0     15.7     86892
2016 12  5  5      0.0    304.6   0.00001004   0.00000062    271.0  100.0     15.0     86896
2016 12  5  6      0.0    304.2   0.00000712   0.00000026    270.7  100.0     15.4     86916
2016 12  5  7      0.0    303.5   0.00001276   0.00000013    270.7  100.0     13.4     86964
2016 12  5  8      0.0    301.1   0.00001861   0.00000000    270.3  100.0     14.0     86989
2016 12  5  9      1.0    299.9   0.00001258   0.00000050    269.8  100.0     13.5     86969
2016 12  5 10      7.7    299.8   0.00001367   0.00000025    269.9  100.0     13.3     86969
2016 12  5 11     12.7    299.9   0.00001550   0.00000012    270.1  100.0     12.9     86976
2016 12  5 12     16.2    303.4   0.00002479   0.00000001    271.3   99.7     12.3     86876
2016 12  5 13     14.9    303.7   0.00002316   0.00000001    271.4  100.0     12.0     86918
2016 12  5 14      7.7    306.5   0.00000414   0.00000010    271.6  100.0     10.7     87004
2016 12  5 15      0.2    293.8   0.00000051   0.00000001    271.1   96.7     10.1     87021
2016 12  5 16      0.0    260.3   0.00000019   0.00000000    270.0   99.4      9.4     87062
2016 12  5 17      0.0    217.2   0.00000014   0.00000000    268.5  100.0      6.3     87133
2016 12  5 18      0.0    205.4   0.00000005  -0.00000000    267.0  100.0      3.8     87212
2016 12  5 19      0.0    201.4   0.00000003   0.00000000    266.0  100.0      4.8     87220
2016 12  5 20      0.0    199.8   0.00000003   0.00000000    265.1  100.0      3.8     87278
2016 12  5 21      0.0    198.2   0.00000001  -0.00000000    264.5  100.0      4.0     87325
2016 12  5 22      0.0    197.2   0.00000003   0.00000000    264.6  100.0      4.4     87376
2016 12  5 23      0.0    196.1  -0.00000001   0.00000000    265.4   95.3      4.3     87412
2016 12  6  0      0.0    196.1  -0.00000000  -0.00000000    265.7   88.2      4.6     87419
2016 12  6  1      0.0    196.4   0.00000000   0.00000000    265.6   85.5      4.7     87440
2016 12  6  2      0.0    206.9  -0.00000000   0.00000000    265.9   82.2      4.4     87457
2016 12  6  3      0.0    219.0   0.00000000  -0.00000000    266.3   81.0      4.4     87482
2016 12  6  4      0.0    223.3   0.00000000   0.00000000    266.6   80.0      4.2     87492
2016 12  6  5      0.0    224.4   0.00000001   0.00000000    266.9   78.3      3.7     87491
2016 12  6  6      0.0    216.8  -0.00000001  -0.00000000    266.9   76.7      3.8     87525
2016 12  6  7      0.0    214.3  -0.00000001  -0.00000000    266.7   76.5      3.4     87557
2016 12  6  8      0.0    216.3   0.00000001   0.00000000    266.4   77.7      2.7     87604
2016 12  6  9      4.6    222.8  -0.00000000  -0.00000001    266.7   71.4      3.1     87620
2016 12  6 10     38.4    225.9  -0.00000002   0.00000000    267.1   74.6      4.4     87654
2016 12  6 11     69.2    225.7   0.00000001  -0.00000000    267.8   76.6      4.9     87672
2016 12  6 12     89.3    213.0   0.00000000   0.00000000    267.8   73.3      4.4     87643
2016 12  6 13     73.0    210.9   0.00000000   0.00000000    268.1   71.9      5.6     87646
2016 12  6 14     32.5    207.9   0.00000000   0.00000000    267.5   75.5      5.9     87638
2016 12  6 15      0.7    205.5   0.00000000   0.00000000    267.0   80.0      6.1     87640
2016 12  6 16      0.0    204.6   0.00000000   0.00000000    266.7   84.1      5.6     87648
2016 12  6 17      0.0    203.6   0.00000000   0.00000000    266.3   89.2      5.0     87656
2016 12  6 18      0.0    208.8   0.00000000   0.00000000    266.0   92.4      4.0     87627
2016 12  6 19      0.0    217.1   0.00000000   0.00000000    266.2   91.8      3.0     87556
2016 12  6 20      0.0    221.9   0.00000000   0.00000000    266.0   87.4      2.2     87487
2016 12  6 21      0.0    221.6   0.00000000   0.00000000    266.1   87.2      2.7     87450
2016 12  6 22      0.0    213.1   0.00000000   0.00000000    265.9   87.4      2.8     87407
2016 12  6 23      0.0    213.4   0.00000000   0.00000000    266.2   82.2      3.3     87349
2016 12  7  0      0.0    229.6   0.00000000   0.00000000    267.1   80.0      4.6     87282
2016 12  7  1      0.0    248.6   0.00000000   0.00000000    267.4   84.9      2.1     87195
2016 12  7  2      0.0    269.0   0.00000243   0.00000000    270.9   89.8      5.2     87114
2016 12  7  3      0.0    297.4   0.00000618   0.00000000    271.3   92.6      2.7     87037
2016 12  7  4      0.0    300.8   0.00001183   0.00000000    271.5   91.7      1.9     86949
2016 12  7  5      0.0    300.9   0.00003117   0.00000000    271.9   90.7      2.9     86834
2016 12  7  6      0.0    301.9   0.00004731   0.00000000    271.1   94.3      3.7     86808
2016 12  7  7      0.0    301.4   0.00005785   0.00000000    271.3   94.4      3.6     86723
2016 12  7  8     -0.0    302.8   0.00005129   0.00000000    271.4   95.0      3.7     86612
2016 12  7  9      3.3    278.6   0.00001615   0.00000000    271.8   93.1      3.0     86490
2016 12  7 10     27.8    265.9   0.00000111   0.00001596    274.2   85.7      8.3     86350
2016 12  7 11     48.5    279.3   0.00000005   0.00004290    275.1   88.4      8.8     86300
2016 12  7 12     63.0    262.0   0.00000013   0.00000707    272.6   92.4      2.3     86368
2016 12  7 13     45.2    271.7   0.00000000   0.00002596    275.0   88.5      6.9     86283
2016 12  7 14     18.4    274.4  -0.00000000   0.00004267    275.5   91.8      7.5     86243
2016 12  7 15      0.4    276.3  -0.00000000   0.00005902    275.4   94.3      7.5     86187
2016 12  7 16      0.0    295.8   0.00000000   0.00006781    275.6   96.0      6.9     86136
2016 12  7 17      0.0    326.0   0.00000000   0.00007403    275.2   98.8      7.6     86083
2016 12  7 18      0.0    325.2  -0.00000000   0.00011079    275.0   99.8      7.8     86044
2016 12  7 19      0.0    325.8  -0.00000000   0.00004461    275.8  100.0      9.7     86002
2016 12  7 20      0.0    327.5   0.00000001   0.00004613    275.8  100.0     10.4     85987
2016 12  7 21      0.0    327.3  -0.00000001   0.00005296    275.7   99.9     10.7     85978
2016 12  7 22      0.0    327.7   0.00000001   0.00001390    276.2  100.0      9.7     85904
2016 12  7 23      0.0    329.7  -0.00000000   0.00003833    275.9  100.0      9.5     85923
2016 12  8  0      0.0    325.1  -0.00000002   0.00010476    276.1  100.0      9.7     85883
2016 12  8  1      0.0    323.6   0.00000004   0.00014982    276.2   99.8      8.6     85820
2016 12  8  2      0.0    328.2   0.00000051   0.00032224    275.9   99.9     12.0     85798
2016 12  8  3      0.0    329.1  -0.00000008   0.00011074    276.0  100.0     14.0     85754
2016 12  8  4      0.0    327.9   0.00000026   0.00010602    275.6   99.8     15.5     85611
2016 12  8  5      0.0    274.3   0.00000196   0.00016697    275.5   96.5     17.6     85584
2016 12  8  6      0.0    287.7   0.00002235   0.00028397    274.9   95.6     17.7     85562
2016 12  8  7      0.0    263.8   0.00003644   0.00019810    274.7   91.1     17.3     85579
2016 12  8  8      0.0    255.5   0.00004301   0.00012433    274.4   91.8     18.9     85682
2016 12  8  9      3.1    253.8   0.00008543   0.00005706    274.0   91.7     19.1     85808
2016 12  8 10     33.8    248.1   0.00011693   0.00001502    274.0   92.3     21.3     85943
2016 12  8 11     72.4    233.9   0.00004923   0.00000978    273.3   97.6     21.8     85984
2016 12  8 12     28.2    314.4   0.00000116   0.00000093    273.0  100.0     19.0     86028
2016 12  8 13     41.0    276.9   0.00000963   0.00000436    273.5   98.1     16.2     86122
2016 12  8 14     11.0    311.1   0.00000007   0.00001708    274.0   99.4     14.5     86178
2016 12  8 15      0.2    318.0   0.00000008   0.00001453    274.2  100.0     14.1     86260
2016 12  8 16      0.0    302.7   0.00000497   0.00004467    274.4   98.3     14.8     86342
2016 12  8 17      0.0    318.7   0.00000167   0.00002869    274.0  100.0     12.4     86446
2016 12  8 18      0.0    318.0   0.00000183   0.00001537    274.2   97.9     12.5     86420
2016 12  8 19      0.0    315.6   0.00000346   0.00002323    274.0   98.8     11.6     86423
2016 12  8 20      0.0    314.7   0.00000277   0.00001804    273.9   99.4     11.9     86437
2016 12  8 21      0.0    311.7   0.00001562   0.00001561    273.9   93.7      9.4     86376
2016 12  8 22      0.0    306.5   0.00002287   0.00000976    274.0   92.1     10.0     86340
2016 12  8 23      0.0    279.6   0.00003384   0.00000562    273.6   94.5     12.6     86312
2016 12  9  0      0.0    264.8   0.00004800   0.00000011    273.4   94.2     10.4     86256
2016 12  9  1      0.0    277.0   0.00004599   0.00000004    273.0   94.2     13.5     86236
2016 12  9  2      0.0    281.8   0.00001607   0.00000002    272.1   98.3     15.2     86238
2016 12  9  3      0.0    296.9   0.00000759  -0.00000004    272.3   96.2     13.4     86210
2016 12  9  4      0.0    304.4   0.00004432   0.00000001    273.0   92.8     12.2     86218
2016 12  9  5      0.0    303.1   0.00005544   0.00000005    272.7   94.9     14.5     86235
2016 12  9  6      0.0    291.2   0.00003006  -0.00000001    272.3   94.4     13.7     86333
2016 12  9  7      0.0    249.6   0.00001615   0.00000001    271.5   96.3     12.1     86372
2016 12  9  8      0.0    242.1   0.00001849  -0.00000003    271.7   93.5     12.6     86415
2016 12  9  9      3.5    217.2   0.00000883   0.00000003    271.3   96.1     12.0     86444
2016 12  9 10     36.5    228.6   0.00000777  -0.00000001    271.6   97.8     13.7     86459
2016 12  9 11     47.5    267.1   0.00000398   0.00000001    271.8  100.0     14.0     86447
2016 12  9 12     17.5    311.8   0.00000327   0.00000093    272.7  100.0     13.2     86418
2016 12  9 13     19.6    302.7   0.00000068   0.00000030    272.2   97.9     13.6     86331
2016 12  9 14     21.2    232.2   0.00000007  -0.00000001    271.8   97.9     14.1     86294
2016 12  9 15      0.3    240.6   0.00000011  -0.00000000    272.1  100.0     14.1     86249
2016 12  9 16      0.0    307.2   0.00000066   0.00000011    272.9  100.0     11.3     86247
2016 12  9 17      0.0    314.9   0.00000071   0.00000045    273.3   99.9      7.0     86295
2016 12  9 18      0.0    316.5   0.00000008   0.00000093    273.5  100.0      5.4     86286
2016 12  9 19      0.0    316.5   0.00000001   0.00000076    273.5   99.9      2.2     86273
2016 12  9 20      0.0    316.4   0.00000273   0.00000405    273.5   99.7      2.0     86217
2016 12  9 21      0.0    305.4   0.00007013   0.00001245    273.3   97.2      1.8     86178
2016 12  9 22      0.0    307.4   0.00005033   0.00000002    273.0   96.6      2.0     86160
2016 12  9 23      0.0    308.3   0.00003697   0.00000001    272.8   96.3      1.6     86122
2016 12 10  0      0.0    311.1   0.00000800  -0.00000002    273.0   96.8      1.7     86103
2016 12 10  1      0.0    312.6   0.00001221  -0.00000000    273.3   96.5      2.2     86073
2016 12 10  2      0.0    314.4   0.00000711   0.00000095    273.6   97.3      4.1     86027
2016 12 10  3      0.0    313.1   0.00000211   0.00000420    273.7   94.7      7.0     85953
2016 12 10  4      0.0    295.7   0.00000085   0.00000415    273.9   95.9      8.0     85902
2016 12 10  5      0.0    312.4   0.00000058   0.00000403    273.7   99.9      8.5     85887
2016 12 10  6      0.0    280.4   0.00004748   0.00001309    273.6   94.0      6.2     85923
2016 12 10  7      0.0    270.9   0.00010361   0.00000003    273.2   93.5     10.1     85937
2016 12 10  8     -0.0    252.9   0.00002138   0.00000000    273.1   99.9     10.3     85967
2016 12 10  9      2.1    276.7   0.00004035   0.00000012    273.2   95.8      8.7     85929
2016 12 10 10     22.1    279.2   0.00001416  -0.00000001    273.3   96.3     11.4     85914
2016 12 10 11     33.0    280.7   0.00001937   0.00000002    273.3   92.9     10.4     85932
2016 12 10 12     32.1    290.8   0.00001388   0.00000010    272.8   99.9     12.2     85942
2016 12 10 13     24.1    296.7   0.00000499   0.00000029    272.5  100.0     12.7     85954
2016 12 10 14     13.5    279.4   0.00001487   0.00000015    272.5   97.5     11.0     85957
2016 12 10 15      0.1    265.6   0.00001211   0.00000002    272.4   97.3     11.8     85979
2016 12 10 16      0.0    296.5   0.00000845  -0.00000001    272.1   98.7     10.3     85986
2016 12 10 17      0.0    288.2   0.00000698  -0.00000001    272.0   98.1      8.5     85996
2016 12 10 18      0.0    303.3   0.00002581   0.00000004    272.1   98.7      9.0     85996
2016 12 10 19      0.0    305.9   0.00000825   0.00000038    272.0   96.1      6.9     85972
2016 12 10 20      0.0    291.8   0.00001559   0.00000001    272.0   94.8      6.4     85930
2016 12 10 21      0.0    287.5   0.00000451   0.00000000    272.0   95.9      7.6     85929
2016 12 10 22      0.0    287.6   0.00001193   0.00000002    271.3  100.0      9.1     85939
2016 12 10 23      0.0    263.6   0.00000404  -0.00000003    271.4   96.9      8.1     85924
2016 12 11  0      0.0    281.4   0.00000398   0.00000002    271.2  100.0      7.7     85885
2016 12 11  1      0.0    293.9   0.00004642  -0.00000000    271.4   97.1      5.0     85823
2016 12 11  2      0.0    267.5   0.00003015  -0.00000001    271.0   96.9      4.7     85765
2016 12 11  3      0.0    291.8   0.00006853   0.00000003    271.1   95.6      8.9     85730
2016 12 11  4      0.0    287.5   0.00002023  -0.00000002    271.0   99.0      9.0     85695
2016 12 11  5      0.0    291.3   0.00004575   0.00000002    271.2   94.4      7.9     85669
2016 12 11  6      0.0    296.2   0.00004918   0.00000000    270.9   97.4      9.6     85688
2016 12 11  7      0.0    260.6   0.00000342   0.00000002    270.3   98.9      9.3     85699
2016 12 11  8     -0.0    284.0   0.00001233   0.00000001    270.6  100.0      8.4     85721
2016 12 11  9      1.6    276.8   0.00002163   0.00000000    270.7   98.9      7.9     85722
2016 12 11 10     22.0    260.1   0.00002745   0.00000000    270.9   98.4      8.8     85765
2016 12 11 11     55.0    239.1   0.00003366   0.00000000    270.9   98.2      8.3     85813
2016 12 11 12     38.4    276.6   0.00000702   0.00000002    271.0   97.7      5.5     85943
2016 12 11 13     60.6    219.9   0.00000444   0.00000000    270.6   99.0      4.9     86010
2016 12 11 14     20.8    251.8   0.00000328   0.00000000    270.9   98.2      4.1     86089
2016 12 11 15      0.1    272.1   0.00000103   0.00000000    271.1   93.4      4.1     86161
2016 12 11 16      0.0    202.5   0.00000012   0.00000000    269.0   99.6      2.7     86278
2016 12 11 17      0.0    199.3   0.00000002  -0.00000001    267.1  100.0      0.9     86402
2016 12 11 18      0.0    196.4   0.00000001   0.00000000    266.4  100.0      2.3     86488
2016 12 11 19      0.0    193.1   0.00000001   0.00000000    265.2  100.0      2.3     86584
2016 12 11 20      0.0    190.6   0.00000003   0.00000000    265.5   99.8      3.1     86661
2016 12 11 21      0.0    190.0  -0.00000002   0.00000000    264.8   95.1      1.2     86726
2016 12 11 22      0.0    189.5   0.00000000   0.00000000    264.3  100.0      2.8     86799
2016 12 11 23      0.0    188.9   0.00000004   0.00000000    263.8  100.0      2.6     86887
2016 12 12  0      0.0    188.4   0.00000002   0.00000000    263.6  100.0      1.5     86943
2016 12 12  1      0.0    187.9  -0.00000003   0.00000000    264.1   88.3      1.3     86971
2016 12 12  2      0.0    191.0   0.00000003   0.00000000    264.9   74.9      1.4     86971
2016 12 12  3      0.0    193.9   0.00000002   0.00000000    265.9   74.2      3.7     86974
2016 12 12  4      0.0    194.2  -0.00000002   0.00000000    266.3   80.3      5.4     86981
2016 12 12  5      0.0    194.2   0.00000000   0.00000000    266.9   85.7      6.1     87002
2016 12 12  6      0.0    197.7   0.00000008   0.00000000    267.0   99.9      6.7     87046
2016 12 12  7      0.0    284.8   0.00000094   0.00000000    268.4  100.0      6.2     87090
2016 12 12  8      0.0    295.2   0.00000150   0.00000003    269.2  100.0      6.2     87131
2016 12 12  9      0.5    296.7   0.00000229   0.00000000    269.4  100.0      5.7     87149
2016 12 12 10      8.1    297.7   0.00000191   0.00000008    269.5  100.0      6.0     87126
2016 12 12 11     20.4    297.5   0.00000128   0.00000030    269.3  100.0      7.0     87127
2016 12 12 12     65.4    229.8   0.00000041   0.00000001    268.6  100.0      5.5     87067
2016 12 12 13     44.4    246.5   0.00000063  -0.00000000    269.1   99.6      5.0     87039
2016 12 12 14     14.7    254.3   0.00000100   0.00000001    269.4   97.5      5.4     87006
2016 12 12 15      0.1    266.8   0.00000159   0.00000000    269.3   99.2      5.6     86964
2016 12 12 16      0.0    246.5   0.00000203  -0.00000001    269.2  100.0      6.7     86938
2016 12 12 17      0.0    273.0   0.00000295  -0.00000000    269.4  100.0      6.1     86932
2016 12 12 18      0.0    290.7   0.00000375   0.00000002    269.4  100.0      5.4     86946
2016 12 12 19      0.0    295.0   0.00000431   0.00000000    269.7  100.0      4.5     86932
2016 12 12 20      0.0    292.6   0.00000806   0.00000001    270.0   98.6      4.4     86914
2016 12 12 21      0.0    293.1   0.00000812  -0.00000000    270.3   97.8      3.9     86920
2016 12 12 22      0.0    286.0   0.00001057   0.00000000    270.7   95.2      3.4     86915
2016 12 12 23      0.0    286.4   0.00001136   0.00000000    271.0   94.1      3.6     86892
2016 12 13  0      0.0    287.5   0.00001023   0.00000000    270.9   94.6      3.8     86881
2016 12 13  1      0.0    274.6   0.00000783   0.00000000    270.9   93.8      3.0     86850
2016 12 13  2      0.0    285.7   0.00000345   0.00000000    270.9   95.2      2.2     86797
2016 12 13  3      0.0    276.2   0.00000131   0.00000001    270.8   98.2      4.2     86760
2016 12 13  4      0.0    274.9   0.00000272   0.00000000    271.1   95.1      6.6     86731
2016 12 13  5      0.0    267.2   0.00000648   0.00000001    270.8   99.7      6.0     86696
2016 12 13  6      0.0    291.6   0.00000331   0.00000000    270.7   99.5      7.4     86664
2016 12 13  7      0.0    222.5   0.00001191   0.00000000    270.7   93.6      6.9     86642
2016 12 13  8     -0.0    236.5   0.00001464  -0.00000000    270.8   95.7      7.4     86633
2016 12 13  9      0.9    247.9   0.00002034   0.00000000    271.3   95.8     10.5     86642
2016 12 13 10      9.4    299.0   0.00001846   0.00000013    270.6   99.1     10.4     86749
2016 12 13 11     59.4    229.7   0.00000028   0.00000000    269.2   97.1      9.3     86799
2016 12 13 12     74.5    218.8   0.00000030   0.00000000    269.6  100.0     11.5     86780
2016 12 13 13     40.4    271.9   0.00000035   0.00000003    269.5   99.0      9.6     86842
2016 12 13 14     18.0    247.9   0.00000023   0.00000001    268.6   99.5      8.6     86872
2016 12 13 15      0.2    206.1   0.00000016   0.00000000    267.6  100.0      5.7     86946
2016 12 13 16      0.0    195.8   0.00000007   0.00000000    267.0  100.0      4.8     86976
2016 12 13 17      0.0    194.8   0.00000000   0.00000000    266.5   99.6      4.2     87044
2016 12 13 18      0.0    195.9  -0.00000001  -0.00000000    266.5   95.3      4.3     87096
2016 12 13 19      0.0    201.1  -0.00000000   0.00000000    266.9   90.4      4.5     87138
2016 12 13 20      0.0    207.5   0.00000001   0.00000000    267.0   87.3      4.1     87157
2016 12 13 21      0.0    211.6  -0.00000000   0.00000000    267.9   78.5      4.6     87173
2016 12 13 22      0.0    205.5   0.00000001   0.00000000    266.3   84.3      1.1     87259
2016 12 13 23      0.0    199.1  -0.00000000  -0.00000001    266.0   85.4      1.9     87292
2016 12 14  0      0.0    199.9   0.00000000   0.00000000    266.5   79.1      2.5     87318
2016 12 14  1      0.0    198.5  -0.00000003   0.00000000    266.9   69.6      3.5     87330
2016 12 14  2      0.0    192.8   0.00000002   0.00000000    266.9   67.3      3.0     87310
2016 12 14  3      0.0    191.0  -0.00000001   0.00000000    267.2   59.1      3.3     87292
2016 12 14  4      0.0    190.9   0.00000000   0.00000000    266.7   60.8      3.1     87338
2016 12 14  5      0.0    189.4   0.00000001   0.00000000    266.9   54.2      3.6     87359
2016 12 14  6      0.0    187.2   0.00000000   0.00000000    266.3   58.6      3.8     87395
2016 12 14  7      0.0    185.7  -0.00000002   0.00000000    266.1   63.4      3.8     87422
2016 12 14  8     -0.0    184.4   0.00000001   0.00000000    265.7   65.4      3.8     87461
2016 12 14  9      1.7    184.1   0.00000000   0.00000000    265.8   65.5      4.0     87501
2016 12 14 10     35.6    184.6  -0.00000001   0.00000000    266.4   64.0      3.9     87530
2016 12 14 11     73.1    186.4   0.00000001   0.00000000    267.2   60.7      3.8     87558
2016 12 14 12     85.2    185.7   0.00000000   0.00000000    266.9   56.0      3.7     87537
2016 12 14 13     68.6    185.3   0.00000000   0.00000000    267.2   53.3      3.9     87564
2016 12 14 14     27.1    185.4   0.00000000   0.00000000    266.7   53.8      3.7     87562
2016 12 14 15      0.2    185.2   0.00000000   0.00000000    266.0   54.5      4.1     87599
2016 12 14 16      0.0    187.0   0.00000000   0.00000000    265.6   57.6      4.6     87640
2016 12 14 17      0.0    191.2   0.00000000   0.00000000    265.7   61.9      4.9     87607
2016 12 14 18      0.0    188.4   0.00000000   0.00000000    265.8   63.0      4.8     87604
2016 12 14 19      0.0    186.2   0.00000000   0.00000000    265.5   63.5      4.6     87623
2016 12 14 20      0.0    185.6   0.00000000   0.00000000    265.4   64.6      4.3     87640
2016 12 14 21      0.0    185.7   0.00000000   0.00000000    265.3   65.5      4.8     87626
2016 12 14 22      0.0    185.0   0.00000000   0.00000000    265.5   65.9      5.0     87625
2016 12 14 23      0.0    182.0   0.00000000   0.00000000    265.3   67.0      4.8     87608
2016 12 15  0      0.0    182.5   0.00000000   0.00000000    265.3   66.9      5.2     87611
2016 12 15  1      0.0    185.2   0.00000000   0.00000000    265.0   69.1      4.5     87612
2016 12 15  2      0.0    193.7   0.00000000   0.00000000    264.9   69.1      4.6     87596
2016 12 15  3      0.0    218.6   0.00000000   0.00000000    265.9   62.7      4.2     87560
2016 12 15  4      0.0    224.7   0.00000000   0.00000000    266.5   66.9      4.2     87530
2016 12 15  5      0.0    227.0   0.00000000   0.00000000    267.0   74.7      3.6     87562
2016 12 15  6      0.0    229.7   0.00000000   0.00000000    267.6   80.3      3.5     87585
2016 12 15  7      0.0    228.0   0.00000000   0.00000000    268.0   89.8      4.0     87597
2016 12 15  8      0.0    239.7   0.00000000   0.00000000    268.2   93.5      4.0     87622
2016 12 15  9      0.9    263.3   0.00000000   0.00000000    269.1   93.1      3.8     87654
2016 12 15 10     19.6    268.8   0.00000011   0.00000000    270.1   93.6      4.1     87670
2016 12 15 11     40.5    263.7   0.00000020   0.00000000    271.1   93.0      4.3     87665
2016 12 15 12     64.1    239.9   0.00000179   0.00000000    270.6   96.6      3.7     87651
2016 12 15 13     49.9    244.3   0.00000097   0.00000028    270.5   96.9      1.9     87673
2016 12 15 14     23.5    228.3   0.00000000   0.00000004    270.2   97.2      2.5     87682
2016 12 15 15      0.2    228.3   0.00000001  -0.00000000    269.6   99.1      2.5     87696
2016 12 15 16      0.0    239.7  -0.00000001   0.00000001    269.7   97.4      2.7     87705
2016 12 15 17      0.0    243.2   0.00000001   0.00000000    269.3  100.0      3.7     87705
2016 12 15 18      0.0    260.9   0.00000003   0.00000046    269.1  100.0      4.1     87703
2016 12 15 19      0.0    301.7   0.00000017   0.00000053    270.6  100.0      4.4     87699
2016 12 15 20      0.0    304.4   0.00000027   0.00000007    271.2  100.0      4.6     87718
2016 12 15 21      0.0    306.2   0.00000019   0.00000036    271.3  100.0      4.0     87739
2016 12 15 22      0.0    306.2   0.00000013   0.00000032    271.5  100.0      3.3     87766
2016 12 15 23      0.0    284.1   0.00000007   0.00000007    271.0  100.0      3.3     87776
2016 12 16  0      0.0    273.9   0.00000013   0.00000005    270.9  100.0      3.9     87776
2016 12 16  1      0.0    301.7   0.00000018   0.00000012    271.3  100.0      3.8     87773
2016 12 16  2      0.0    296.0   0.00000015   0.00000007    271.3  100.0      3.7     87761
2016 12 16  3      0.0    298.7   0.00000019   0.00000008    271.3  100.0      3.9     87751
2016 12 16  4      0.0    306.2   0.00000036   0.00000032    271.1  100.0      3.5     87759
2016 12 16  5      0.0    305.9   0.00000042   0.00000043    271.0  100.0      3.6     87745
2016 12 16  6      0.0    305.3   0.00000061   0.00000031    270.8  100.0      3.4     87764
2016 12 16  7     -0.0    304.5   0.00000060   0.00000022    270.7  100.0      4.0     87785
2016 12 16  8      0.0    304.0   0.00000051   0.00000012    270.6  100.0      4.5     87773
2016 12 16  9      0.3    303.3   0.00000061   0.00000010    270.5  100.0      4.2     87788
2016 12 16 10      9.1    302.5   0.00000063   0.00000013    270.4  100.0      4.3     87768
2016 12 16 11     22.0    301.7   0.00000050   0.00000028    270.1  100.0      4.8     87755
2016 12 16 12     29.2    302.4   0.00000025   0.00000014    270.6  100.0      3.9     87760
2016 12 16 13     23.8    302.5   0.00000024   0.00000017    270.6  100.0      2.9     87778
2016 12 16 14     12.2    299.0   0.00000015   0.00000010    270.1  100.0      2.1     87763
2016 12 16 15      0.1    296.1   0.00000018   0.00000010    269.9  100.0      1.4     87766
2016 12 16 16      0.0    262.0   0.00000010   0.00000005    269.7  100.0      1.7     87754
2016 12 16 17      0.0    224.7  -0.00000001  -0.00000001    269.6   94.5      2.4     87758
2016 12 16 18      0.0    222.4   0.00000000   0.00000000    268.5   98.1      2.2     87772
2016 12 16 19      0.0    218.6   0.00000001   0.00000001    268.1  100.0      3.6     87796
2016 12 16 20      0.0    217.2   0.00000034  -0.00000001    268.4   99.0      3.9     87812
2016 12 16 21      0.0    245.9   0.00000180  -0.00000001    269.0   99.2      3.5     87834
2016 12 16 22      0.0    247.4   0.00000165   0.00000001    269.6   98.4      4.0     87830
2016 12 16 23      0.0    290.1   0.00000186   0.00000001    270.6   97.2      4.0     87838
2016 12 17  0      0.0    299.9   0.00000180  -0.00000000    271.0   98.4      3.6     87838
2016 12 17  1      0.0    300.9   0.00000239   0.00000000    271.3   97.3      3.4     87838
2016 12 17  2      0.0    275.2   0.00000264  -0.00000003    271.0   95.9      3.2     87835
2016 12 17  3      0.0    261.2   0.00000428   0.00000002    270.9   94.4      3.7     87794
2016 12 17  4      0.0    254.6   0.00000308  -0.00000003    271.0   94.5      4.0     87761
2016 12 17  5      0.0    257.8   0.00000301   0.00000001    271.2   94.3      4.8     87760
2016 12 17  6      0.0    246.8   0.00000637   0.00000002    271.2   93.7      5.0     87780
2016 12 17  7      0.0    225.7   0.00000887  -0.00000000    270.8   93.9      4.8     87761
2016 12 17  8      0.0    222.7   0.00000714   0.00000002    270.5   95.4      4.2     87758
2016 12 17  9      0.4    271.3   0.00001058  -0.00000006    270.5   97.2      2.6     87754
2016 12 17 10     10.5    293.3   0.00001085   0.00000004    271.4   93.2      4.4     87695
2016 12 17 11     62.3    224.8   0.00000724   0.00000000    272.1   92.4      7.9     87639
2016 12 17 12     62.4    240.3   0.00000644   0.00000000    271.8   95.2     10.2     87530
2016 12 17 13     17.8    294.9   0.00000728   0.00000000    271.6   95.4      9.9     87511
2016 12 17 14     11.8    286.9   0.00000170   0.00000000    271.0   98.9      8.6     87487
2016 12 17 15      0.0    275.3   0.00000930   0.00000000    270.9   93.4      8.5     87457
2016 12 17 16      0.0    255.8   0.00002706   0.00000000    270.5   96.8      7.1     87463
2016 12 17 17      0.0    231.8   0.00002202   0.00000000    269.9   99.2      5.1     87471
2016 12 17 18      0.0    231.7   0.00002128   0.00000000    269.3  100.0      5.4     87510
2016 12 17 19      0.0    233.0   0.00001025   0.00000000    269.3  100.0      5.6     87527
2016 12 17 20      0.0    294.9   0.00000254   0.00000003    270.0  100.0      6.1     87599
2016 12 17 21      0.0    301.0   0.00000112   0.00000009    270.4  100.0      7.7     87635
2016 12 17 22      0.0    293.3   0.00000032   0.00000003    270.4  100.0      7.4     87710
2016 12 17 23      0.0    281.5   0.00000016   0.00000000    270.1  100.0      5.7     87751
2016 12 18  0      0.0    265.5   0.00000013   0.00000000    269.4  100.0      6.5     87808
2016 12 18  1      0.0    205.3   0.00000005   0.00000000    269.0   99.3      6.4     87859
2016 12 18  2      0.0    205.9   0.00000001   0.00000000    268.5   98.8      6.7     87860
2016 12 18  3      0.0    228.4   0.00000000   0.00000000    268.6   97.3      7.2     87870
2016 12 18  4      0.0    234.8  -0.00000001  -0.00000000    269.1   95.0      7.5     87864
2016 12 18  5      0.0    252.4   0.00000002   0.00000000    269.7   94.3      7.5     87873
2016 12 18  6      0.0    266.3   0.00000002   0.00000001    270.1   95.6      7.8     87891
2016 12 18  7      0.0    282.3   0.00000002  -0.00000002    270.6   92.1      8.1     87913
2016 12 18  8      0.0    285.3  -0.00000000   0.00000001    271.1   85.4      7.3     87941
2016 12 18  9      0.5    280.3   0.00000359   0.00000000    271.2   86.5      6.6     87977
2016 12 18 10     15.9    277.7   0.00001418   0.00000000    271.5   93.5      6.9     87975
2016 12 18 11     38.5    268.1   0.00002060   0.00000000    272.2   95.9      8.2     87936
2016 12 18 12     56.8    251.8   0.00002047   0.00000074    272.0   96.0      8.4     87936
2016 12 18 13     33.0    286.3   0.00001080   0.00000033    272.4   98.1      9.1     87918
2016 12 18 14      4.0    312.0   0.00000786   0.00000012    272.6  100.0      8.7     87911
2016 12 18 15      0.0    313.5   0.00000615   0.00000031    272.9  100.0      7.6     87929
2016 12 18 16      0.0    315.1   0.00000285   0.00000127    273.3   99.9      6.9     87937
2016 12 18 17      0.0    317.2   0.00000001   0.00000326    273.8   99.9      7.1     87915
2016 12 18 18      0.0    319.4   0.00000000   0.00000218    274.2   99.9      6.4     87923
2016 12 18 19      0.0    320.5   0.00000000   0.00000249    274.3  100.0      6.6     87946
2016 12 18 20      0.0    319.8   0.00000000   0.00000366    274.2   99.9      6.4     87997
2016 12 18 21      0.0    320.0   0.00000000   0.00000288    274.2  100.0      6.2     88006
2016 12 18 22      0.0    320.2  -0.00000000   0.00000222    274.4  100.0      6.3     88003
2016 12 18 23      0.0    321.5  -0.00000001   0.00000181    274.7   99.9      6.4     88010
2016 12 19  0      0.0    322.9   0.00000000   0.00000136    275.0  100.0      6.4     88020
2016 12 19  1      0.0    324.3   0.00000000   0.00000107    275.2  100.0      5.9     88029
2016 12 19  2      0.0    325.9   0.00000001   0.00000056    275.5  100.0      6.0     87991
2016 12 19  3      0.0    327.5  -0.00000000   0.00000020    275.9   99.8      5.4     87918
2016 12 19  4      0.0    328.7  -0.00000001   0.00000009    276.1   99.8      4.8     87888
2016 12 19  5      0.0    306.5  -0.00000001   0.00000005    276.3   98.1      4.4     87870
2016 12 19  6      0.0    263.7   0.00000001  -0.00000005    276.4   96.4      4.9     87837
2016 12 19  7     -0.0    260.6  -0.00000001   0.00000005    276.6   94.6      5.2     87809
2016 12 19  8      0.0    259.0   0.00000002   0.00000001    276.5   94.0      4.7     87788
2016 12 19  9      0.7    257.8  -0.00000002  -0.00000004    276.0   94.5      4.0     87798
2016 12 19 10     24.7    267.3   0.00000001   0.00000003    276.3   92.9      4.1     87765
2016 12 19 11     52.7    272.5   0.00000001   0.00000002    276.6   91.9      3.4     87740
2016 12 19 12     74.0    261.2   0.00000000   0.00000000    276.5   88.0      1.8     87664
2016 12 19 13     58.2    261.5   0.00000000   0.00000000    276.5   88.8      2.3     87633
2016 12 19 14     22.8    261.9   0.00000000   0.00000000    275.3   93.2      1.5     87562
2016 12 19 15      0.2    260.6   0.00000000   0.00000000    276.1   92.9      3.4     87506
2016 12 19 16      0.0    256.7   0.00000000   0.00000000    275.7   94.6      3.5     87485
2016 12 19 17      0.0    253.1   0.00000000   0.00000000    274.5   96.7      1.4     87463
2016 12 19 18      0.0    291.9   0.00000000   0.00000004    274.6  100.0      2.1     87422
2016 12 19 19      0.0    324.5   0.00000000   0.00000251    274.7   99.9      3.9     87382
2016 12 19 20      0.0    322.0   0.00000000   0.00000483    274.8  100.0      4.1     87288
2016 12 19 21      0.0    322.6   0.00000000   0.00000636    274.7   97.8      5.4     87273
2016 12 19 22      0.0    316.8   0.00000000   0.00000915    274.3   94.8      5.7     87283
2016 12 19 23      0.0    316.7   0.00000112   0.00000289    273.2   99.9      7.1     87313
2016 12 20  0      0.0    309.1   0.00000155   0.00000005    272.5   98.6      5.8     87297
2016 12 20  1      0.0    277.8   0.00000024  -0.00000001    272.2   97.8      2.9     87289
2016 12 20  2      0.0    250.2   0.00000010  -0.00000000    272.3   97.3      2.5     87254
2016 12 20  3      0.0    307.2   0.00000069  -0.00000002    272.7   99.2      4.0     87217
2016 12 20  4      0.0    312.7   0.00000196   0.00000001    272.9   99.8      4.3     87213
2016 12 20  5      0.0    313.6   0.00000216   0.00000008    273.0   99.8      2.7     87254
2016 12 20  6      0.0    312.2   0.00000098   0.00000000    273.1   98.0      0.8     87272
2016 12 20  7      0.0    297.5   0.00000016   0.00000000    272.9   97.5      2.2     87266
2016 12 20  8      0.0    234.7   0.00000004   0.00000007    272.0   99.1      3.1     87289
2016 12 20  9      0.7    224.0   0.00000007   0.00000000    271.6   98.7      2.0     87295
2016 12 20 10     28.7    225.4   0.00000003  -0.00000000    271.8   96.9      2.2     87262
2016 12 20 11     21.0    292.3   0.00000345   0.00000000    272.9   95.1      1.9     87179
2016 12 20 12     57.7    256.1  -0.00000000   0.00000025    273.8   91.7      7.9     86939
2016 12 20 13     64.6    215.7   0.00000003   0.00000000    273.2   84.9      9.3     86805
2016 12 20 14     27.5    207.0  -0.00000001  -0.00000002    272.5   80.1     13.9     86701
2016 12 20 15      0.3    203.2  -0.00000001   0.00000001    272.0   76.0     13.4     86665
2016 12 20 16      0.0    204.2   0.00000004   0.00000003    272.2   71.7     11.5     86637
2016 12 20 17      0.0    205.8  -0.00000004  -0.00000003    272.2   65.0     12.0     86598
2016 12 20 18      0.0    208.2  -0.00000001   0.00000001    272.2   62.9     11.1     86591
2016 12 20 19      0.0    209.0   0.00000000   0.00000001    271.5   64.2     10.4     86534
2016 12 20 20      0.0    211.9   0.00000000   0.00000000    271.4   67.6     10.1     86544
2016 12 20 21      0.0    212.9   0.00000000   0.00000000    271.4   72.9     12.6     86506
2016 12 20 22      0.0    211.0   0.00000000   0.00000000    270.3   80.4     10.0     86480
2016 12 20 23      0.0    209.9   0.00000000   0.00000000    269.9   82.4      9.7     86440
2016 12 21  0      0.0    209.8   0.00000000   0.00000000    269.4   85.0      8.8     86380
2016 12 21  1      0.0    210.8   0.00000000   0.00000000    268.3   95.8      7.5     86268
2016 12 21  2      0.0    211.1   0.00000010   0.00000000    267.6  100.0      8.7     86130
2016 12 21  3      0.0    246.8   0.00000035   0.00000000    267.9  100.0      8.0     85987
2016 12 21  4      0.0    287.5   0.00000069   0.00000000    268.3   99.9      9.6     85862
2016 12 21  5      0.0    268.9   0.00000063   0.00000000    268.0   99.3      8.9     85740
2016 12 21  6      0.0    237.9   0.00000129   0.00000000    267.8   99.4      8.8     85683
2016 12 21  7      0.0    249.0   0.00000526   0.00000000    268.0   97.5     10.2     85554
2016 12 21  8     -0.0    240.4   0.00002779   0.00000000    268.5   97.2      8.7     85511
2016 12 21  9      0.1    280.6   0.00001615   0.00000000    269.5   92.0      8.4     85491
2016 12 21 10      2.6    285.4   0.00003806   0.00000000    269.7   92.7      8.8     85389
2016 12 21 11      9.6    287.4   0.00010825   0.00000000    270.6   89.6     10.1     85330
2016 12 21 12     19.1    276.0   0.00002639   0.00000000    270.3   92.3     11.0     85360
2016 12 21 13     24.4    270.8   0.00013757   0.00000000    270.1   92.2      8.7     85381
2016 12 21 14     17.5    247.0   0.00004573   0.00000000    269.9   93.2     10.4     85406
2016 12 21 15      0.1    284.0   0.00004669   0.00000000    270.2   86.5      7.9     85383
2016 12 21 16      0.0    267.3   0.00003460   0.00000000    269.7   90.8      9.6     85328
2016 12 21 17      0.0    256.2   0.00017812   0.00000000    270.3   86.0     10.0     85351
2016 12 21 18      0.0    232.2   0.00010498   0.00000000    269.6   85.5     12.7     85395
2016 12 21 19      0.0    217.1   0.00009967   0.00000000    269.0   86.6     12.0     85441
2016 12 21 20      0.0    255.8   0.00018526   0.00000000    268.7   88.5     14.1     85476
2016 12 21 21      0.0    242.3   0.00016321   0.00000000    268.2   92.9     13.6     85561
2016 12 21 22      0.0    239.0   0.00009502   0.00000000    268.0   91.1     16.5     85632
2016 12 21 23      0.0    228.9   0.00004605   0.00000000    267.9   88.5     11.5     85659
2016 12 22  0      0.0    217.0   0.00002183   0.00000000    267.4   89.2     14.3     85692
2016 12 22  1      0.0    220.1   0.00000769   0.00000000    267.3   94.0     12.8     85750
2016 12 22  2      0.0    191.4   0.00001613   0.00000000    267.3   89.9     12.9     85796
2016 12 22  3      0.0    206.2   0.00004196   0.00000000    267.5   88.3     11.8     85831
2016 12 22  4      0.0    234.4   0.00002677   0.00000000    267.7   89.9     10.2     85871
2016 12 22  5      0.0    271.8   0.00000592   0.00000000    267.7   91.3     10.2     85868
2016 12 22  6      0.0    273.4   0.00001959   0.00000000    268.1   91.2     10.9     85822
2016 12 22  7      0.0    277.0   0.00010597   0.00000000    268.8   87.3     11.5     85791
2016 12 22  8     -0.0    277.3   0.00010548   0.00000000    269.1   87.1     12.2     85780
2016 12 22  9      0.1    278.2   0.00013696   0.00000000    269.2   87.0     13.3     85759
2016 12 22 10      8.1    279.0   0.00013797   0.00000000    269.9   85.6     13.8     85707
2016 12 22 11     24.0    273.4   0.00014202   0.00000000    269.8   83.7     11.7     85741
2016 12 22 12     37.3    250.4   0.00017303   0.00000000    270.0   88.2      8.9     85596
2016 12 22 13     10.6    280.7   0.00026377   0.00000000    270.0   82.9     14.5     85571
2016 12 22 14      8.3    271.4   0.00009245   0.00000000    268.8   91.8     18.6     85601
2016 12 22 15      0.0    264.8   0.00007481   0.00000000    268.1   91.1     17.9     85655
2016 12 22 16      0.0    258.3   0.00006224   0.00000000    268.0   86.7     11.8     85658
2016 12 22 17      0.0    227.7   0.00011346   0.00000000    266.7   95.2     12.2     85722
2016 12 22 18      0.0    236.5   0.00002257   0.00000000    267.1   89.8     16.0     85688
2016 12 22 19      0.0    230.2   0.00009154   0.00000000    267.6   85.9     17.7     85636
2016 12 22 20      0.0    235.5   0.00011706   0.00000000    267.6   87.7     14.7     85692
2016 12 22 21      0.0    228.4   0.00006670   0.00000000    266.9   95.8     14.4     85724
2016 12 22 22      0.0    227.8   0.00012273   0.00000000    267.2   93.3     14.1     85764
2016 12 22 23      0.0    232.4   0.00002466   0.00000000    267.5   93.3     15.3     85784
2016 12 23  0      0.0    257.1   0.00016790   0.00000000    267.5   93.2     17.3     85845
2016 12 23  1      0.0    253.9   0.00007201   0.00000000    267.7   87.9     12.3     85897
2016 12 23  2      0.0    259.9   0.00026668   0.00000000    268.3   89.4     18.5     85972
2016 12 23  3      0.0    263.9   0.00014613   0.00000000    268.1   90.5     16.0     85993
2016 12 23  4      0.0    256.5   0.00003978   0.00000000    267.7   90.8     17.0     86086
2016 12 23  5      0.0    266.9   0.00002203   0.00000000    268.1   89.8     14.7     86096
2016 12 23  6      0.0    273.3   0.00012523   0.00000000    268.1   95.5     15.8     86160
2016 12 23  7      0.0    263.8   0.00017820   0.00000000    268.5   94.3     11.7     86220
2016 12 23  8      0.0    280.4   0.00008301   0.00000000    268.5   89.9     15.6     86280
2016 12 23  9      0.5    246.3   0.00003401   0.00000000    268.5   93.3     11.0     86331
2016 12 23 10     12.6    269.6   0.00010099   0.00000000    268.9   88.3     13.3     86329
2016 12 23 11     58.8    213.2   0.00002489   0.00000000    268.2   95.1     13.2     86234
2016 12 23 12     72.8    218.5   0.00000876   0.00000000    268.9   99.6      8.4     86256
2016 12 23 13     29.0    277.4   0.00001030   0.00000000    269.0   94.7      5.6     86183
2016 12 23 14     18.6    225.7   0.00000076   0.00000000    268.0   88.9      7.9     86034
2016 12 23 15      0.4    251.3   0.00000006   0.00000000    267.8   91.1      9.3     85843
2016 12 23 16      0.0    270.9   0.00000303   0.00000000    267.5  100.0      7.6     85732
2016 12 23 17      0.0    263.4   0.00004755   0.00000001    269.3   92.3     15.0     85306
2016 12 23 18      0.0    232.6   0.00007730  -0.00000001    269.9   91.1     18.0     84998
2016 12 23 19      0.0    222.9   0.00013640   0.00000000    270.1   91.6     16.6     84890
2016 12 23 20      0.0    225.5   0.00017693   0.00000000    270.0   93.7     14.0     84803
2016 12 23 21      0.0    251.2   0.00018172   0.00000000    270.3   92.8     10.5     84687
2016 12 23 22      0.0    274.1   0.00020883   0.00000000    270.8   90.7      7.4     84593
2016 12 23 23      0.0    284.7   0.00012956   0.00000000    271.4   87.3      7.2     84545
2016 12 24  0      0.0    281.3   0.00017453   0.00000000    271.0   86.7     14.7     84430
2016 12 24  1      0.0    276.6   0.00018771   0.00000000    270.9   89.2     17.8     84467
2016 12 24  2      0.0    254.9   0.00006385   0.00000000    269.7   91.8     16.9     84452
2016 12 24  3      0.0    253.3   0.00005265   0.00000000    268.9   90.5     16.0     84458
2016 12 24  4      0.0    271.6   0.00008819   0.00000000    268.1   96.5     17.5     84480
2016 12 24  5      0.0    278.6   0.00019727   0.00000000    267.9   93.4     17.4     84483
2016 12 24  6      0.0    269.9   0.00011101   0.00000000    267.4   96.1     20.8     84520
2016 12 24  7      0.0    237.7   0.00002765   0.00000000    267.5   91.9     16.1     84537
2016 12 24  8      0.0    260.8   0.00013130   0.00000000    267.5   86.6     17.9     84502
2016 12 24  9      0.2    240.6   0.00008696   0.00000000    267.2   87.1     19.7     84520
2016 12 24 10      6.2    273.0   0.00006771   0.00000000    267.3   93.8     19.6     84531
2016 12 24 11      8.9    276.0   0.00008490   0.00000000    267.0   91.6     19.7     84466
2016 12 24 12     17.2    275.7   0.00003243   0.00000000    267.3   93.4     16.0     84449
2016 12 24 13      8.0    279.0   0.00005546   0.00000000    267.2   93.8     17.5     84429
2016 12 24 14      9.4    264.5   0.00012221   0.00000000    267.4   87.7     18.7     84346
2016 12 24 15      0.1    256.4   0.00026707   0.00000000    267.1   86.3     17.0     84365
2016 12 24 16      0.0    275.8   0.00024698   0.00000000    267.2   93.5     17.5     84399
2016 12 24 17      0.0    269.4   0.00010766   0.00000000    267.8   88.1     17.9     84348
2016 12 24 18      0.0    269.9   0.00008917   0.00000000    268.1   87.5     18.9     84341
2016 12 24 19      0.0    276.1   0.00010593   0.00000000    268.4   89.2     20.7     84272
2016 12 24 20      0.0    263.8   0.00014369   0.00000000    268.7   88.2     21.2     84281
2016 12 24 21      0.0    261.7   0.00017359   0.00000000    269.0   87.9     21.0     84333
2016 12 24 22      0.0    276.4   0.00018261   0.00000000    269.2   87.7     21.0     84383
2016 12 24 23      0.0    279.1   0.00018138   0.00000000    269.4   87.8     20.5     84450
2016 12 25  0      0.0    282.2   0.00017237   0.00000000    269.4   88.9     20.7     84467
2016 12 25  1      0.0    286.1   0.00020552   0.00000000    269.7   89.3     19.8     84513
2016 12 25  2      0.0    287.7   0.00019951   0.00000000    269.9   89.9     20.0     84593
2016 12 25  3      0.0    287.4   0.00013886   0.00000000    269.9   90.3     19.4     84678
2016 12 25  4      0.0    287.6   0.00013445   0.00000000    269.8   90.3     19.2     84740
2016 12 25  5      0.0    285.3   0.00013662   0.00000000    269.7   90.1     19.0     84823
2016 12 25  6      0.0    273.6   0.00007503   0.00000000    269.3   93.7     18.6     84890
2016 12 25  7      0.0    266.4   0.00002624   0.00000000    268.8   99.7     17.6     84968
2016 12 25  8      0.0    235.5   0.00001629   0.00000000    268.7   97.0     15.5     84987
2016 12 25  9      0.4    224.5   0.00002262   0.00000000    268.5   98.0     14.1     84997
2016 12 25 10     18.8    242.3   0.00003294   0.00000000    268.7   96.9     11.1     85086
2016 12 25 11     55.6    227.5   0.00002650   0.00000000    268.5   99.0      8.5     85043
2016 12 25 12     70.3    231.7   0.00002948   0.00000000    270.3   91.6      7.2     84981
2016 12 25 13     55.0    242.3   0.00005183   0.00000020    273.0   86.4     11.1     84886
2016 12 25 14     19.9    256.9   0.00009424   0.00005633    273.9   86.6     11.4     84842
2016 12 25 15      0.4    284.3   0.00002336   0.00021294    274.9   88.6     12.3     84849
2016 12 25 16      0.0    309.3   0.00000163   0.00018452    275.4   99.6     16.0     84831
2016 12 25 17      0.0    319.2   0.00000106   0.00017348    275.5   99.5     17.2     84711
2016 12 25 18      0.0    274.4   0.00000266   0.00014051    275.4   95.7     20.0     84641
2016 12 25 19      0.0    261.9   0.00000985   0.00008325    274.4   96.9     21.0     84612
2016 12 25 20      0.0    272.6   0.00010912   0.00003812    273.9   84.2     21.2     84605
2016 12 25 21      0.0    245.9   0.00007176  -0.00000000    272.3   88.4     20.0     84635
2016 12 25 22      0.0    286.8   0.00027020  -0.00000001    271.8   87.5     19.0     84634
2016 12 25 23      0.0    283.4   0.00022685  -0.00000007    271.0   88.7     17.7     84654
2016 12 26  0      0.0    287.0   0.00034820   0.00000000    269.7   88.8     19.2     84636
2016 12 26  1      0.0    289.1   0.00064965   0.00000000    268.8   94.4     18.1     84623
2016 12 26  2      0.0    263.1   0.00005080   0.00000000    267.9   94.2     20.3     84605
2016 12 26  3      0.0    225.5   0.00001735   0.00000000    268.2   88.3     19.6     84552
2016 12 26  4      0.0    255.2   0.00010074   0.00000000    268.0   89.6     17.2     84493
2016 12 26  5      0.0    274.5   0.00018962   0.00000000    267.5   94.8     16.2     84410
2016 12 26  6      0.0    256.8   0.00011601   0.00000000    267.6   89.6     17.5     84306
2016 12 26  7      0.0    244.5   0.00003341   0.00000000    267.7   91.9     20.3     84272
2016 12 26  8      0.0    233.1   0.00011440   0.00000000    267.8   91.5     17.0     84219
2016 12 26  9      0.5    247.4   0.00013052   0.00000000    266.8   93.3     21.3     84206
2016 12 26 10     10.0    249.7   0.00006615   0.00000000    266.2   98.7     24.3     84141
2016 12 26 11     25.4    248.9   0.00001932   0.00000000    266.3   90.4     19.7     84011
2016 12 26 12     55.7    228.8   0.00003702   0.00000000    266.6   91.7     17.8     83999
2016 12 26 13     16.3    271.9   0.00010950   0.00000000    266.8   88.0     19.3     83900
2016 12 26 14     11.5    263.0   0.00014858   0.00000000    267.1   87.4     18.2     83694
2016 12 26 15      0.3    257.9   0.00019009   0.00000000    267.8   85.9     11.7     83522
2016 12 26 16      0.0    280.0   0.00029522   0.00000000    269.0   94.3     15.2     83436
2016 12 26 17      0.0    280.3   0.00021139   0.00000000    270.4   94.9     16.6     83584
2016 12 26 18      0.0    294.4   0.00014328   0.00000000    270.5   93.1     26.3     83715
2016 12 26 19      0.0    282.3   0.00009124   0.00000000    270.4   95.1     23.8     83924
2016 12 26 20      0.0    288.5   0.00006882   0.00000000    270.3   93.3     24.9     84254
2016 12 26 21      0.0    284.1   0.00007842   0.00000000    270.3   93.4     20.8     84660
2016 12 26 22      0.0    289.0   0.00014076   0.00000000    269.6   93.7     21.7     85022
2016 12 26 23      0.0    286.6   0.00008495   0.00000000    269.0   95.0     20.4     85370
2016 12 27  0      0.0    286.4   0.00009504   0.00000000    268.2   95.7     19.8     85634
2016 12 27  1      0.0    275.5   0.00007713   0.00000000    268.3   94.3     22.8     85850
2016 12 27  2      0.0    281.5   0.00008077   0.00000000    267.2   94.4     20.6     86116
2016 12 27  3      0.0    266.3   0.00002555   0.00000000    266.8   96.5     18.4     86310
2016 12 27  4      0.0    273.6   0.00001909   0.00000000    266.5   99.0     17.3     86431
2016 12 27  5      0.0    277.9   0.00001591   0.00000000    266.3   98.0     16.3     86579
2016 12 27  6      0.0    275.9   0.00001117   0.00000000    266.2   99.3     15.3     86709
2016 12 27  7      0.0    244.4   0.00000514   0.00000000    265.5  100.0     13.1     86816
2016 12 27  8      0.0    192.8   0.00000166   0.00000000    264.7  100.0     10.8     86932
2016 12 27  9      0.6    191.3   0.00000053   0.00000000    264.7  100.0      9.9     87117
2016 12 27 10     28.1    195.1   0.00000015   0.00000000    265.6   94.8     10.8     87192
2016 12 27 11     58.8    208.8   0.00000012   0.00000000    266.0   94.3     11.1     87272
2016 12 27 12     54.1    259.3   0.00000086   0.00000007    266.8  100.0     12.5     87470
2016 12 27 13     45.1    258.7   0.00000290   0.00000000    266.9  100.0     13.3     87488
2016 12 27 14     23.7    229.5   0.00000744   0.00000000    266.9  100.0     13.2     87530
2016 12 27 15      0.7    216.3   0.00000915   0.00000001    267.2  100.0     13.1     87542
2016 12 27 16     -0.0    232.9   0.00001081  -0.00000000    268.2  100.0     12.7     87572
2016 12 27 17      0.0    275.7   0.00001337   0.00000001    269.3  100.0     12.5     87651
2016 12 27 18      0.0    296.9   0.00002034   0.00000001    269.9   98.4     12.3     87758
2016 12 27 19      0.0    300.5   0.00001995   0.00000002    270.5   99.0     12.6     87799
2016 12 27 20      0.0    301.8   0.00000980   0.00000002    270.9  100.0     12.5     87832
2016 12 27 21      0.0    305.1   0.00000928   0.00000005    271.2  100.0     12.3     87918
2016 12 27 22      0.0    306.4   0.00000992   0.00000005    271.5  100.0     11.7     88071
2016 12 27 23      0.0    305.4   0.00000612   0.00000003    271.3  100.0      8.9     88167
2016 12 28  0      0.0    303.5   0.00000353   0.00000010    270.8  100.0      8.9     88264
2016 12 28  1      0.0    303.4   0.00000459   0.00000006    270.8  100.0      9.1     88204
2016 12 28  2      0.0    301.0   0.00000481   0.00000002    270.9   98.6      9.9     88274
2016 12 28  3      0.0    299.9   0.00000533   0.00000000    270.8   97.6      8.7     88316
2016 12 28  4      0.0    230.9   0.00000126   0.00000000    269.7  100.0      8.6     88309
2016 12 28  5      0.0    231.4   0.00000126  -0.00000000    269.8   97.9      6.0     88324
2016 12 28  6      0.0    209.0   0.00000039   0.00000000    270.2  100.0      8.7     88290
2016 12 28  7      0.0    218.5   0.00000017   0.00000005    270.2  100.0     10.0     88252
2016 12 28  8      0.0    293.3   0.00000016   0.00000005    270.1  100.0     10.6     88210
2016 12 28  9      0.6    231.9   0.00000007   0.00000000    269.3  100.0     11.0     88190
2016 12 28 10     28.7    205.5   0.00000003   0.00000000    269.3   96.6     10.4     88211
2016 12 28 11     43.1    253.9   0.00000001   0.00000000    269.6   98.3      9.5     88251
2016 12 28 12     36.0    305.3   0.00000062   0.00000033    271.0  100.0      9.3     88323
2016 12 28 13     30.2    304.0   0.00000055   0.00000046    270.6  100.0      7.4     88325
2016 12 28 14     10.7    291.2   0.00000028   0.00000021    270.5   95.3      8.3     88225
2016 12 28 15      0.4    244.3   0.00000004   0.00000001    270.0   91.1     10.3     88177
2016 12 28 16      0.0    210.2   0.00000003  -0.00000001    269.8   90.6      9.5     88179
2016 12 28 17      0.0    205.6   0.00000002  -0.00000001    269.2   94.0      7.8     88184
2016 12 28 18      0.0    206.9   0.00000002   0.00000003    268.9   95.3      6.6     88167
2016 12 28 19      0.0    211.6   0.00000005  -0.00000004    268.5   99.2      5.7     88121
2016 12 28 20      0.0    210.1   0.00000006   0.00000004    268.8   99.9      6.8     88076
2016 12 28 21      0.0    213.2   0.00000015  -0.00000003    269.0  100.0      6.5     88050
2016 12 28 22      0.0    279.5   0.00000031   0.00000004    269.7  100.0      6.4     88018
2016 12 28 23      0.0    259.9   0.00000045   0.00000003    270.1   99.6      7.3     87976
2016 12 29  0      0.0    216.6   0.00000034  -0.00000006    270.7   95.0      7.5     87947
2016 12 29  1      0.0    219.2   0.00000117   0.00000004    270.9   96.8      8.0     87897
2016 12 29  2      0.0    268.4   0.00000480   0.00000003    271.4   98.6      8.2     87842
2016 12 29  3      0.0    305.3   0.00000711   0.00000002    271.7   99.9      9.3     87789
2016 12 29  4      0.0    307.5   0.00000763   0.00000001    271.9   99.7      9.5     87733
2016 12 29  5      0.0    308.1   0.00000721   0.00000001    272.3   98.7     10.6     87641
2016 12 29  6      0.0    305.3   0.00000584   0.00000000    272.5   99.3     11.5     87595
2016 12 29  7      0.0    310.5   0.00001054   0.00000000    272.4   98.7     10.9     87619
2016 12 29  8     -0.0    308.4   0.00002227   0.00000000    272.3   96.1     13.3     87534
2016 12 29  9      0.4    250.7   0.00001692   0.00000000    272.2   95.5     14.3     87452
2016 12 29 10     14.7    300.4   0.00000760   0.00000001    272.2   99.4     13.0     87433
2016 12 29 11     26.6    308.1   0.00000355   0.00000001    272.1  100.0     10.2     87497
2016 12 29 12     43.4    297.1   0.00000375  -0.00000001    272.4   94.3      7.6     87578
2016 12 29 13     59.4    240.5   0.00000392  -0.00000002    271.8   93.1      5.8     87542
2016 12 29 14     30.8    228.4   0.00000186   0.00000003    271.1   96.3      4.1     87562
2016 12 29 15      1.0    244.7   0.00000107   0.00000002    270.6  100.0      3.5     87548
2016 12 29 16      0.0    277.0   0.00000066   0.00000000    271.5  100.0      4.7     87537
2016 12 29 17      0.0    304.1   0.00000046   0.00000000    271.8  100.0      5.4     87524
2016 12 29 18      0.0    296.5   0.00000030   0.00000000    271.4  100.0      5.4     87456
2016 12 29 19      0.0    273.8   0.00000040   0.00000006    271.1  100.0      7.6     87379
2016 12 29 20      0.0    304.9   0.00000133   0.00000025    271.3  100.0     10.3     87318
2016 12 29 21      0.0    306.1   0.00000377   0.00000025    271.1  100.0     11.8     87271
2016 12 29 22      0.0    305.7   0.00000286   0.00000023    271.1  100.0     11.2     87235
2016 12 29 23      0.0    263.9   0.00000058  -0.00000001    270.7  100.0     11.0     87162
2016 12 30  0      0.0    257.1   0.00000294   0.00000000    271.4   98.2     11.0     87108
2016 12 30  1      0.0    306.4   0.00000645   0.00000007    271.6  100.0     13.6     87029
2016 12 30  2      0.0    309.3   0.00000649   0.00000027    272.1  100.0     16.0     86950
2016 12 30  3      0.0    312.1   0.00000601   0.00000053    272.7  100.0     15.5     86888
2016 12 30  4      0.0    302.6   0.00002121   0.00000008    273.1   93.8     14.8     86835
2016 12 30  5      0.0    235.6   0.00002791  -0.00000003    273.0   92.2     14.5     86751
2016 12 30  6      0.0    242.3   0.00003501   0.00000004    273.1   90.4     15.3     86648
2016 12 30  7      0.0    241.7   0.00004259  -0.00000002    273.7   89.2     17.1     86610
2016 12 30  8     -0.0    240.9   0.00012675   0.00001341    274.1   90.8     17.8     86617
2016 12 30  9      0.5    242.0   0.00009542   0.00014205    274.0   92.3     17.1     86617
2016 12 30 10     25.3    241.2   0.00007397   0.00015063    274.0   93.2     16.4     86609
2016 12 30 11     59.8    243.2   0.00005429   0.00014203    274.2   92.6     16.9     86590
2016 12 30 12     68.8    242.9   0.00006046   0.00015633    274.3   92.4     18.1     86557
2016 12 30 13     60.6    243.8   0.00008521   0.00017129    274.5   92.5     16.8     86592
2016 12 30 14     22.2    257.2   0.00005376   0.00012909    274.5   90.5     15.8     86596
2016 12 30 15      0.9    259.1   0.00015118   0.00005737    274.1   88.0     15.8     86602
2016 12 30 16      0.0    275.3   0.00019690   0.00000062    273.7   86.8     16.0     86595
2016 12 30 17      0.0    281.3   0.00012828   0.00000001    273.5   86.8     15.5     86592
2016 12 30 18      0.0    281.6   0.00012486   0.00000001    273.3   85.4     16.1     86568
2016 12 30 19      0.0    282.5   0.00015087   0.00000001    273.2   86.3     15.2     86535
2016 12 30 20      0.0    283.6   0.00018585  -0.00000012    273.4   86.2     14.4     86486
2016 12 30 21      0.0    290.6   0.00024086   0.00000007    273.5   87.1     14.1     86469
2016 12 30 22      0.0    288.7   0.00021373  -0.00000007    273.6   88.5     12.8     86407
2016 12 30 23      0.0    295.3   0.00019166   0.00000015    273.9   88.8     11.4     86336
2016 12 31  0      0.0    298.1   0.00022873   0.00001010    274.1   90.1     11.6     86288
2016 12 31  1      0.0    298.0   0.00021920   0.00001420    274.0   90.1     11.0     86225
2016 12 31  2      0.0    296.9   0.00022931   0.00000204    273.4   91.9      9.4     86198
2016 12 31  3      0.0    293.5   0.00022560  -0.00000004    272.7   93.1      8.7     86142
2016 12 31  4      0.0    292.2   0.00020706   0.00000018    272.6   92.4      9.6     86072
2016 12 31  5      0.0    290.0   0.00018450  -0.00000000    272.2   93.4     10.1     86034
2016 12 31  6      0.0    287.4   0.00015178  -0.00000004    271.6   94.9     10.6     86023
2016 12 31  7      0.0    284.7   0.00010977  -0.00000010    271.2   95.5     12.0     86031
2016 12 31  8      0.0    279.6   0.00007027  -0.00000004    271.1   95.8     11.5     86050
2016 12 31  9      0.4    253.8   0.00003818   0.00000006    270.3   97.9     11.8     86044
2016 12 31 10     15.3    281.1   0.00000905  -0.00000001    270.2  100.0     12.6     86080
2016 12 31 11     34.6    285.8   0.00001399   0.00000002    270.4   97.9     12.4     86048
2016 12 31 12     39.1    281.3   0.00001893   0.00000000    270.9   98.6     13.1     85875
2016 12 31 13     29.9    288.0   0.00002280   0.00000011    270.6  100.0     14.1     85811
2016 12 31 14      8.1    301.8   0.00001176   0.00000087    270.3  100.0     15.6     85786
2016 12 31 15      0.4    294.1   0.00001141   0.00000033    270.4   98.0     13.3     85756
2016 12 31 16      0.0    223.2   0.00001766   0.00000000    269.8   98.8     12.1     85751
2016 12 31 17      0.0    263.6   0.00000697   0.00000003    270.0   98.1     12.4     85726
2016 12 31 18      0.0    247.1   0.00002066  -0.00000003    269.6   97.8     10.4     85717
2016 12 31 19      0.0    269.7   0.00005615   0.00000001    269.3   97.9     15.0     85678
2016 12 31 20      0.0    270.6   0.00001624   0.00000000    268.7   99.7     11.9     85723
2016 12 31 21      0.0    274.8   0.00001619   0.00000000    268.4   98.6      9.0     85694
2016 12 31 22      0.0    272.2   0.00007965  -0.00000000    268.1   97.1     11.1     85695
2016 12 31 23      0.0    269.6   0.00001604   0.00000000    267.7  100.0      8.5     85751
2017  1  1  0      0.0    248.0   0.00001256   0.00000000    266.8   98.1     10.6     85799
2017  1  1  1      0.0    188.0   0.00000128  -0.00000000    265.8  100.0     10.1     85833
2017  1  1  2      0.0    193.4   0.00000061   0.00000000    265.2  100.0     10.2     85821
2017  1  1  3      0.0    234.8   0.00000055   0.00000000    265.1  100.0     10.6     85793
2017  1  1  4      0.0    220.5   0.00000596   0.00000000    265.0  100.0     10.3     85734
2017  1  1  5      0.0    204.4   0.00000982   0.00000000    265.4  100.0     10.6     85708
2017  1  1  6      0.0    277.4   0.00000350   0.00000011    266.2  100.0     11.4     85677
2017  1  1  7      0.0    255.1   0.00001804   0.00000006    266.7   99.5     12.5     85665
2017  1  1  8     -0.0    227.9   0.00004221   0.00000000    267.3   99.9     11.2     85733
2017  1  1  9      0.5    244.9   0.00002467   0.00000000    267.8   97.2     10.3     85800
2017  1  1 10     21.2    240.0   0.00000764  -0.00000003    267.8   94.4      9.9     85825
2017  1  1 11     59.5    218.0   0.00000282   0.00000002    267.4   96.3      9.7     85851
2017  1  1 12     89.6    190.6   0.00000114   0.00000000    267.4   91.9      9.6     86098
2017  1  1 13     75.3    191.9   0.00000418  -0.00000000    266.9   91.3      8.3     86167
2017  1  1 14     33.1    210.3   0.00001450  -0.00000000    266.6   92.1      8.5     86214
2017  1  1 15      1.9    191.4   0.00000948  -0.00000000    265.5   91.6      9.4     86286
2017  1  1 16      0.0    184.4   0.00000615   0.00000000    265.0   89.5     12.1     86335
2017  1  1 17      0.0    174.3   0.00000052   0.00000001    264.0   93.6      9.9     86390
2017  1  1 18      0.0    173.1   0.00000069   0.00000000    263.4   95.9      7.7     86446
2017  1  1 19      0.0    172.1   0.00000035  -0.00000001    262.8   97.9      8.2     86457
2017  1  1 20      0.0    173.4   0.00000197  -0.00000000    262.4   99.5      7.3     86496
2017  1  1 21      0.0    179.0   0.00000595   0.00000000    262.4   99.5      7.0     86514
2017  1  1 22      0.0    175.1   0.00000250   0.00000000    262.7   98.1      7.2     86520
2017  1  1 23      0.0    174.7   0.00000387   0.00000000    262.5  100.0      7.1     86515
2017  1  2  0      0.0    176.6   0.00000441   0.00000000    262.6   99.5      6.1     86529
2017  1  2  1      0.0    190.4   0.00001109   0.00000000    262.4  100.0      5.3     86502
2017  1  2  2      0.0    210.0   0.00001634   0.00000000    263.6  100.0      6.3     86458
2017  1  2  3      0.0    249.7   0.00002649   0.00000000    264.4   98.0      5.5     86405
2017  1  2  4      0.0    265.6   0.00003631  -0.00000000    264.7   97.5      7.0     86374
2017  1  2  5      0.0    199.9   0.00000357   0.00000000    262.9  100.0      5.2     86382
2017  1  2  6      0.0    193.0   0.00000770   0.00000000    262.4  100.0      5.2     86312
2017  1  2  7      0.0    195.8   0.00000991  -0.00000000    262.4  100.0      4.9     86293
2017  1  2  8      0.0    220.1   0.00001231   0.00000000    263.0  100.0      5.1     86282
2017  1  2  9      0.9    199.1   0.00001000   0.00000000    262.8  100.0      5.3     86287
2017  1  2 10     32.0    188.8   0.00000648   0.00000000    262.8  100.0      5.6     86280
2017  1  2 11     72.1    184.3   0.00000501   0.00000000    263.1  100.0      6.0     86260
2017  1  2 12     84.5    192.3   0.00000920   0.00000000    263.7  100.0      6.0     86159
2017  1  2 13     72.9    192.4   0.00000855   0.00000000    263.8  100.0      6.1     86164
2017  1  2 14     36.8    194.6   0.00000975   0.00000000    263.6  100.0      5.6     86164
2017  1  2 15      2.2    253.1   0.00001481   0.00000000    264.6  100.0      5.7     86161
2017  1  2 16     -0.0    270.9   0.00001142   0.00000000    265.0  100.0      6.1     86147
2017  1  2 17      0.0    256.5   0.00000732   0.00000000    264.6  100.0      6.7     86126
2017  1  2 18      0.0    246.7   0.00000284   0.00000001    264.3  100.0      6.5     86102
2017  1  2 19      0.0    253.2   0.00000190   0.00000000    264.1  100.0      5.7     86075
2017  1  2 20      0.0    270.6   0.00000272   0.00000000    264.4  100.0      7.8     86042
2017  1  2 21      0.0    267.6   0.00000197   0.00000002    264.3  100.0      8.4     85999
2017  1  2 22      0.0    273.4   0.00000704   0.00000002    264.7  100.0      9.0     85989
2017  1  2 23      0.0    269.9   0.00001420   0.00000001    264.6  100.0      8.9     85944
2017  1  3  0      0.0    272.6   0.00000880   0.00000001    264.7  100.0      9.9     85870
2017  1  3  1      0.0    268.8   0.00000832   0.00000002    264.9  100.0     12.1     85797
2017  1  3  2      0.0    263.4   0.00001032   0.00000000    265.3  100.0     14.7     85673
2017  1  3  3      0.0    247.9   0.00000879   0.00000001    265.4  100.0     12.4     85626
2017  1  3  4      0.0    233.2   0.00001366   0.00000000    265.3  100.0     10.4     85593
2017  1  3  5      0.0    217.6   0.00001524  -0.00000001    266.1   98.0      8.4     85486
2017  1  3  6      0.0    264.3   0.00002682   0.00000000    266.8   94.9      8.6     85349
2017  1  3  7      0.0    271.5   0.00003646   0.00000000    267.4   93.3      7.1     85233
2017  1  3  8      0.0    276.9   0.00003476  -0.00000000    268.0   92.5      7.9     85083
2017  1  3  9      0.1    282.6   0.00006471   0.00000000    268.4   94.2      8.7     85015
2017  1  3 10      3.7    291.8   0.00002207   0.00000000    268.9  100.0     13.5     84891
2017  1  3 11     12.9    289.6   0.00002757   0.00000002    268.8   99.8     14.9     84799
2017  1  3 12     22.3    279.1   0.00009948   0.00000000    267.6   91.5     19.2     84536
2017  1  3 13     23.6    263.8   0.00001739   0.00000000    265.9   95.8     16.8     84455
2017  1  3 14     14.2    252.7   0.00005971   0.00000000    265.1   96.9     16.7     84466
2017  1  3 15      3.2    223.0   0.00000198   0.00000000    264.7  100.0     14.6     84434
2017  1  3 16      0.0    267.9   0.00000975   0.00000002    265.1  100.0     14.9     84371
2017  1  3 17      0.0    256.2   0.00002876   0.00000000    265.3  100.0     15.7     84292
2017  1  3 18      0.0    274.8   0.00003277   0.00000000    265.9  100.0     14.1     84183
2017  1  3 19      0.0    276.1   0.00009897   0.00000000    266.5   97.3     15.4     84107
2017  1  3 20      0.0    271.8   0.00006833   0.00000000    266.4   98.8     11.6     84164
2017  1  3 21      0.0    248.0   0.00004284   0.00000000    266.0   93.2     12.3     84271
2017  1  3 22      0.0    197.8   0.00000423   0.00000000    265.3   93.9     12.4     84303
2017  1  3 23      0.0    185.6   0.00000329   0.00000000    264.8  100.0      9.6     84379
2017  1  4  0      0.0    211.1   0.00001892   0.00000000    265.8  100.0      9.5     84456
2017  1  4  1      0.0    223.2   0.00002501   0.00000000    266.8   89.5     12.6     84571
2017  1  4  2      0.0    196.3   0.00000575   0.00000000    266.3   90.7     11.0     84710
2017  1  4  3      0.0    231.6   0.00003309   0.00000000    266.9   88.4     14.7     84842
2017  1  4  4      0.0    198.5   0.00000783   0.00000000    264.6   93.8     10.0     84995
2017  1  4  5      0.0    171.7   0.00000030   0.00000000    263.1   91.0     13.5     85024
2017  1  4  6      0.0    168.4   0.00000144   0.00000000    262.9   92.3     15.8     85125
2017  1  4  7      0.0    170.1   0.00000203   0.00000000    262.0   89.9     13.1     85312
2017  1  4  8      0.0    159.7   0.00000038   0.00000000    260.9   87.8     11.0     85540
2017  1  4  9      1.3    152.8   0.00000002   0.00000000    259.7   91.0     10.6     85674
2017  1  4 10     38.2    150.5   0.00000001   0.00000000    259.3   93.4      9.4     85830
2017  1  4 11     82.4    149.4   0.00000000   0.00000000    259.4   90.6     10.6     85967
2017  1  4 12     46.2    249.4   0.00002541   0.00000000    263.5   97.2      8.2     85868
2017  1  4 13     71.3    195.2   0.00000956   0.00000000    263.6   97.9      8.6     85951
2017  1  4 14     38.5    193.4   0.00000750   0.00000000    263.5   96.2      8.8     86058
2017  1  4 15      3.5    179.1   0.00000187   0.00000000    262.4   97.4      6.8     86174
2017  1  4 16     -0.0    165.0   0.00000007   0.00000000    260.9   96.4      6.2     86265
2017  1  4 17      0.0    158.8   0.00000000   0.00000000    259.8   89.7      7.8     86343
2017  1  4 18      0.0    155.6   0.00000000   0.00000000    258.8   90.2      7.4     86493
2017  1  4 19      0.0    150.6  -0.00000001   0.00000000    258.2   90.0      7.3     86587
2017  1  4 20      0.0    149.2   0.00000014   0.00000000    257.0  100.0      5.8     86752
2017  1  4 21      0.0    150.2   0.00000006   0.00000000    256.8   97.8      5.6     86865
2017  1  4 22      0.0    149.4  -0.00000000   0.00000000    256.2   98.3      4.4     87007
2017  1  4 23      0.0    149.3   0.00000000   0.00000000    255.4   98.6      3.8     87118
2017  1  5  0      0.0    149.8   0.00000000   0.00000000    255.1   97.0      3.6     87213
2017  1  5  1      0.0    150.4  -0.00000000   0.00000000    255.0   96.8      3.9     87299
2017  1  5  2      0.0    150.4  -0.00000002   0.00000000    255.1   94.3      3.9     87360
2017  1  5  3      0.0    150.7   0.00000002   0.00000000    255.1   91.5      3.5     87438
2017  1  5  4      0.0    151.6  -0.00000002   0.00000000    255.4   87.0      3.8     87509
2017  1  5  5      0.0    152.7   0.00000001   0.00000000    255.6   84.2      3.5     87567
2017  1  5  6      0.0    154.7  -0.00000000   0.00000000    256.0   79.8      3.8     87629
2017  1  5  7      0.0    156.9   0.00000000   0.00000000    256.2   77.0      3.4     87690
2017  1  5  8      0.0    159.0   0.00000000   0.00000000    256.4   73.6      3.2     87742
2017  1  5  9      1.4    162.7   0.00000000   0.00000000    255.6   76.5      2.2     87778
2017  1  5 10     34.6    172.3   0.00000000   0.00000000    256.1   70.0      2.3     87823
2017  1  5 11     75.2    174.7   0.00000000   0.00000000    257.4   65.4      2.7     87850
2017  1  5 12     96.0    170.0   0.00000000   0.00000000    258.6   64.1      3.8     87901
2017  1  5 13     81.9    171.9   0.00000000   0.00000000    258.6   66.9      3.9     87903
2017  1  5 14     42.8    175.8   0.00000000   0.00000000    258.7   65.2      4.4     87921
2017  1  5 15      4.0    179.7   0.00000000   0.00000000    258.6   66.8      5.1     87957
2017  1  5 16      0.0    186.8   0.00000000   0.00000000    258.8   71.6      5.2     87973
2017  1  5 17      0.0    198.7   0.00000000   0.00000000    259.1   73.8      4.9     87970
2017  1  5 18      0.0    199.6   0.00000000   0.00000000    259.3   76.0      5.1     87947
2017  1  5 19      0.0    200.2   0.00000000   0.00000000    259.6   78.8      5.1     87954
2017  1  5 20      0.0    196.8   0.00000000   0.00000000    259.5   81.8      5.0     87944
2017  1  5 21      0.0    192.2   0.00000000   0.00000000    259.4   84.0      5.0     87952
2017  1  5 22      0.0    188.9   0.00000000   0.00000000    259.3   86.1      5.0     87964
2017  1  5 23      0.0    191.8   0.00000000   0.00000000    259.4   86.6      5.0     87950
2017  1  6  0      0.0    192.3   0.00000000   0.00000000    259.7   85.8      4.8     87907
2017  1  6  1      0.0    192.3   0.00000000   0.00000000    260.0   82.3      4.7     87860
2017  1  6  2      0.0    192.2   0.00000000   0.00000000    260.0   83.1      4.7     87815
2017  1  6  3      0.0    191.0   0.00000000   0.00000000    260.1   89.5      4.5     87788
2017  1  6  4      0.0    204.4   0.00000022   0.00000000    260.6   99.0      4.0     87737
2017  1  6  5      0.0    238.1   0.00000120   0.00000000    261.8  100.0      3.9     87690
2017  1  6  6      0.0    234.7   0.00000393   0.00000000    261.2  100.0      2.6     87679
2017  1  6  7      0.0    244.8   0.00000606   0.00000000    261.5  100.0      2.3     87649
2017  1  6  8      0.0    270.6   0.00001390   0.00000000    263.4  100.0      3.9     87607
2017  1  6  9      0.6    264.3   0.00001602   0.00000000    264.2  100.0      3.4     87587
2017  1  6 10     16.1    252.4   0.00001396   0.00000000    264.2  100.0      2.0     87536
2017  1  6 11     36.8    245.2   0.00001232   0.00000000    264.6  100.0      3.1     87463
2017  1  6 12     78.6    213.9   0.00000560   0.00000000    264.5   98.1      4.0     87327
2017  1  6 13     75.7    210.8   0.00000915   0.00000000    266.8   91.8      7.6     87210
2017  1  6 14     42.4    209.8   0.00001098   0.00000000    267.2   92.3      6.6     87150
2017  1  6 15      4.4    210.7   0.00000932   0.00000000    267.4   93.5      7.5     87079
2017  1  6 16      0.0    211.8   0.00000592   0.00000000    267.9   94.9      7.0     87033
2017  1  6 17      0.0    220.3   0.00000631   0.00000000    268.5   93.6      7.2     86957
2017  1  6 18      0.0    223.8   0.00001389   0.00000000    269.1   92.7      7.9     86850
2017  1  6 19      0.0    225.9   0.00003924   0.00000000    269.3   92.1      8.6     86738
2017  1  6 20      0.0    222.2   0.00003915   0.00000000    269.8   93.8     11.7     86610
2017  1  6 21      0.0    243.6   0.00006120   0.00000000    270.0   96.5     11.1     86624
2017  1  6 22      0.0    272.4   0.00005788   0.00000000    270.2   99.7     12.9     86582
2017  1  6 23      0.0    290.9   0.00003384   0.00000005    270.1  100.0     16.7     86584
2017  1  7  0      0.0    286.6   0.00000854   0.00000009    269.0  100.0     14.6     86683
2017  1  7  1      0.0    266.1   0.00002572  -0.00000000    268.9  100.0     13.2     86713
2017  1  7  2      0.0    288.9   0.00000690   0.00000005    268.4  100.0     15.3     86614
2017  1  7  3      0.0    285.2   0.00000156   0.00000014    267.4  100.0     15.5     86629
2017  1  7  4      0.0    216.5   0.00000023   0.00000000    265.3  100.0     10.6     86721
2017  1  7  5      0.0    185.3   0.00000004   0.00000000    264.1  100.0      9.7     86751
2017  1  7  6      0.0    192.7   0.00000000   0.00000000    264.1   99.0      7.3     86869
2017  1  7  7      0.0    199.6   0.00000000  -0.00000000    264.4   96.9      7.6     86935
2017  1  7  8      0.0    201.4  -0.00000001   0.00000000    264.7   92.7      7.2     86994
2017  1  7  9      1.6    202.3  -0.00000000   0.00000000    264.5   92.2      5.5     87082
2017  1  7 10     31.6    205.8   0.00000005   0.00000000    264.6   89.6      5.5     87127
2017  1  7 11     65.0    210.3   0.00000002  -0.00000000    265.2   89.0      7.4     87144
2017  1  7 12     81.5    210.4   0.00000000   0.00000000    265.7   96.0      4.8     87227
2017  1  7 13     76.2    203.0   0.00000000   0.00000000    265.7   91.9      4.3     87251
2017  1  7 14     45.0    198.3   0.00000000   0.00000000    265.0   93.4      4.5     87295
2017  1  7 15      5.7    195.8  -0.00000000   0.00000000    264.1   95.0      4.1     87350
2017  1  7 16      0.0    196.1  -0.00000000   0.00000000    264.1   91.0      4.1     87381
2017  1  7 17      0.0    195.8  -0.00000000   0.00000000    264.0   87.3      4.4     87414
2017  1  7 18      0.0    194.6   0.00000001   0.00000000    263.9   88.6      4.7     87410
2017  1  7 19      0.0    194.2  -0.00000000   0.00000000    264.0   88.7      5.0     87435
2017  1  7 20      0.0    194.7  -0.00000001   0.00000000    263.9   88.6      4.9     87460
2017  1  7 21      0.0    195.3   0.00000001   0.00000000    264.3   84.3      4.8     87479
2017  1  7 22      0.0    198.1   0.00000000   0.00000000    264.6   82.5      5.2     87477
2017  1  7 23      0.0    203.3  -0.00000000   0.00000000    265.5   80.9      5.9     87445
2017  1  8  0      0.0    232.3  -0.00000001   0.00000000    266.5   81.8      6.8     87405
2017  1  8  1      0.0    246.2   0.00000001   0.00000000    266.8   82.2      7.3     87391
2017  1  8  2      0.0    227.2  -0.00000001   0.00000000    266.6   82.4      8.6     87353
2017  1  8  3      0.0    241.5   0.00000000   0.00000000    267.3   82.4     10.7     87348
2017  1  8  4      0.0    249.1   0.00000000   0.00000000    266.4   92.4      8.0     87391
2017  1  8  5      0.0    220.6   0.00000015   0.00000000    265.8   98.4      6.0     87384
2017  1  8  6      0.0    270.7   0.00000414   0.00000000    266.9  100.0      4.7     87394
2017  1  8  7      0.0    286.9   0.00000701   0.00000000    268.0  100.0      7.2     87338
2017  1  8  8      0.0    290.0   0.00000936   0.00000000    268.7   99.9     10.4     87287
2017  1  8  9      0.4    295.6   0.00000994   0.00000004    269.0  100.0     12.0     87251
2017  1  8 10      7.6    298.3   0.00000576   0.00000009    269.8  100.0     14.2     87192
2017  1  8 11     30.3    300.0   0.00000333   0.00000006    270.3  100.0     15.8     87136
2017  1  8 12     71.9    264.9   0.00000516   0.00000000    270.5   98.6     16.8     87015
2017  1  8 13     71.2    247.0   0.00000656   0.00000000    270.6   99.2     16.2     86986
2017  1  8 14     46.7    226.6   0.00000821   0.00000000    270.7   99.3     16.6     86927
2017  1  8 15      6.2    233.0   0.00000983   0.00000000    271.0   99.1     16.5     86902
2017  1  8 16      0.0    300.3   0.00001506   0.00000004    271.6   99.0     15.1     86917
2017  1  8 17      0.0    308.0   0.00001318   0.00000026    271.8  100.0     15.7     86959
2017  1  8 18      0.0    309.3   0.00000991   0.00000052    271.8  100.0     15.5     87019
2017  1  8 19      0.0    308.2   0.00000571   0.00000059    271.3  100.0     13.1     87094
2017  1  8 20      0.0    306.6   0.00001006   0.00000052    271.4  100.0     11.5     87104
2017  1  8 21      0.0    306.8   0.00000504   0.00000026    271.3  100.0     11.6     87096
2017  1  8 22      0.0    305.8   0.00000145   0.00000031    271.1  100.0      9.0     87116
2017  1  8 23      0.0    305.4   0.00000089   0.00000022    271.0  100.0      7.7     87062
2017  1  9  0      0.0    305.2   0.00000104   0.00000046    270.9  100.0      6.1     86984
2017  1  9  1      0.0    305.1   0.00000187   0.00000014    271.4  100.0      5.8     86913
2017  1  9  2      0.0    302.4   0.00000218   0.00000001    271.8   98.8      6.9     86805
2017  1  9  3      0.0    297.5   0.00000163   0.00000000    271.9   98.1      6.1     86755
2017  1  9  4      0.0    303.1   0.00000245  -0.00000000    271.9   94.2      2.9     86731
2017  1  9  5      0.0    269.4   0.00000208   0.00000001    270.6   94.4      2.4     86643
2017  1  9  6      0.0    275.6   0.00000368  -0.00000003    270.4   94.0      2.2     86570
2017  1  9  7      0.0    260.8   0.00000365   0.00000001    271.1   89.5      5.9     86476
2017  1  9  8     -0.0    265.4   0.00000516  -0.00000001    271.8   87.8      8.3     86376
2017  1  9  9      1.4    253.3   0.00000363   0.00000005    271.8   89.2      8.5     86285
2017  1  9 10     31.9    240.5   0.00000673  -0.00000004    272.1   87.7      9.9     86146
2017  1  9 11     56.0    259.2   0.00002299   0.00000004    272.6   86.5      8.9     86086
2017  1  9 12     92.7    231.1   0.00000249   0.00000000    272.5   91.2      6.9     86010
2017  1  9 13     89.5    224.7   0.00000938   0.00000000    272.3   92.3      6.1     85910
2017  1  9 14     49.1    230.4   0.00001008   0.00000000    271.6   96.4      5.1     85841
2017  1  9 15      4.7    274.8   0.00001967   0.00000000    271.6   96.4      6.0     85768
2017  1  9 16      0.0    270.9   0.00003202  -0.00000000    271.4   98.2      7.2     85684
2017  1  9 17      0.0    260.7   0.00000133   0.00000000    271.2   98.4      7.5     85603
2017  1  9 18      0.0    279.7   0.00000261   0.00000000    271.2   97.8     10.8     85447
2017  1  9 19      0.0    255.0   0.00000612   0.00000000    271.1   97.3     10.6     85410
2017  1  9 20      0.0    285.0   0.00002741   0.00000000    271.1   97.5      8.3     85386
2017  1  9 21      0.0    293.9   0.00003982   0.00000000    271.1   97.5      8.9     85278
2017  1  9 22      0.0    295.7   0.00002922   0.00000000    270.8   97.6      8.3     85246
2017  1  9 23      0.0    296.3   0.00003560   0.00000010    270.4   98.0      7.0     85244
2017  1 10  0      0.0    296.9   0.00001626   0.00000000    270.2   98.6      6.5     85181
2017  1 10  1      0.0    296.6   0.00000551   0.00000000    269.9   99.7      6.2     85167
2017  1 10  2      0.0    265.6   0.00000413  -0.00000000    269.5  100.0      7.6     85114
2017  1 10  3      0.0    216.1   0.00000053   0.00000000    268.8   98.9      7.0     85104
2017  1 10  4      0.0    198.3   0.00000070   0.00000000    267.9  100.0      7.3     85067
2017  1 10  5      0.0    198.7   0.00000103   0.00000000    266.1  100.0      2.4     85138
2017  1 10  6      0.0    260.9   0.00000064   0.00000000    266.3  100.0      3.8     85151
2017  1 10  7      0.0    277.7   0.00000057   0.00000000    266.4  100.0      4.6     85126
2017  1 10  8      0.0    251.9   0.00000050  -0.00000000    266.1  100.0      4.5     85137
2017  1 10  9      1.3    277.0   0.00000059   0.00000000    266.3  100.0      5.1     85156
2017  1 10 10     22.2    269.4   0.00000163  -0.00000000    266.9  100.0      6.5     85126
2017  1 10 11     53.8    249.0   0.00000413   0.00000000    267.2  100.0      9.7     85084
2017  1 10 12    100.3    213.8   0.00000176   0.00000000    268.6  100.0      5.9     85058
2017  1 10 13     59.2    271.2   0.00000198   0.00000000    269.2   99.3      8.2     85034
2017  1 10 14     52.8    209.4   0.00000205   0.00000000    268.7   95.4     10.1     84970
2017  1 10 15      8.7    200.8   0.00000137   0.00000000    268.0   93.8      9.7     84923
2017  1 10 16      0.0    200.1   0.00000547   0.00000000    267.4   97.3      7.6     84887
2017  1 10 17      0.0    233.4   0.00001035   0.00000000    267.9   98.4      6.5     84820
2017  1 10 18      0.0    271.0   0.00001329   0.00000000    268.6   98.3      6.1     84742
2017  1 10 19      0.0    279.5   0.00008369   0.00000000    269.7   92.2      9.8     84628
2017  1 10 20      0.0    239.2   0.00006975   0.00000000    269.7   90.1      7.9     84590
2017  1 10 21      0.0    246.8   0.00005126   0.00000000    269.4   90.4      6.5     84502
2017  1 10 22      0.0    243.0   0.00006131   0.00000000    269.5   93.3     10.8     84457
2017  1 10 23      0.0    217.9   0.00003200   0.00000000    269.1   92.4      4.6     84328
2017  1 11  0      0.0    246.4   0.00009607   0.00000000    269.9   90.3      7.4     84250
2017  1 11  1      0.0    254.2   0.00013202   0.00000000    270.3   87.0     11.3     84098
2017  1 11  2      0.0    232.1   0.00006185   0.00000000    270.1   89.0      9.3     83961
2017  1 11  3      0.0    225.1   0.00005884   0.00000000    270.0   88.7      8.2     83816
2017  1 11  4      0.0    228.1   0.00006969   0.00000000    270.0   90.0     10.7     83654
2017  1 11  5      0.0    218.9   0.00002786   0.00000000    270.0   90.5     11.7     83425
2017  1 11  6      0.0    227.7   0.00010924   0.00000000    269.8   91.1      9.2     83259
2017  1 11  7      0.0    246.7   0.00013776   0.00000000    269.7   95.2      9.0     83087
2017  1 11  8      0.0    272.7   0.00012386   0.00000000    269.8   97.4     10.4     82914
2017  1 11  9      0.6    291.7   0.00011288   0.00000000    269.6   98.5      8.3     82779
2017  1 11 10      8.0    292.8   0.00012973   0.00000000    269.5   98.7      6.5     82635
2017  1 11 11     10.6    287.4   0.00008634   0.00000000    269.3   98.3      3.4     82528
2017  1 11 12     15.4    291.5   0.00004401   0.00000000    269.4   99.6      2.6     82490
2017  1 11 13     10.3    291.4   0.00010843   0.00000000    269.5   97.4      6.7     82501
2017  1 11 14     12.6    287.6   0.00007857   0.00000000    268.8   98.5     12.9     82590
2017  1 11 15      3.3    270.9   0.00006812   0.00000000    268.1   99.3     15.2     82664
2017  1 11 16      0.0    271.2   0.00008060   0.00000000    267.7   98.3     17.6     82761
2017  1 11 17      0.0    278.7   0.00003329   0.00000000    267.2   99.6     15.9     82810
2017  1 11 18      0.0    276.2   0.00002269   0.00000000    266.8   98.4     15.6     82835
2017  1 11 19      0.0    248.8   0.00000846   0.00000000    265.8  100.0     13.4     82850
2017  1 11 20      0.0    261.8   0.00001539   0.00000004    266.0  100.0     12.2     82891
2017  1 11 21      0.0    254.9   0.00001044   0.00000000    265.8  100.0     12.2     82904
2017  1 11 22      0.0    254.4   0.00003762  -0.00000000    266.3  100.0     13.0     82862
2017  1 11 23      0.0    210.9   0.00001618   0.00000000    266.1  100.0     10.2     82804
2017  1 12  0      0.0    208.2   0.00002645  -0.00000000    266.7   96.9      7.2     82765
2017  1 12  1      0.0    272.1   0.00012038   0.00000000    267.6   93.9      7.9     82759
2017  1 12  2      0.0    281.1   0.00028330   0.00000000    268.5   91.3     13.3     82727
2017  1 12  3      0.0    281.3   0.00029034   0.00000000    268.8   87.9     15.8     82673
2017  1 12  4      0.0    273.3   0.00035904   0.00000000    268.3   97.8      6.2     82706
2017  1 12  5      0.0    267.4   0.00009079   0.00000000    268.2   96.4     11.0     82697
2017  1 12  6      0.0    252.6   0.00006999   0.00000000    267.8   97.2      6.6     82710
2017  1 12  7      0.0    276.1   0.00019419   0.00000000    268.7   88.4      7.5     82630
2017  1 12  8      0.0    279.7   0.00015248   0.00000000    268.3   95.5     13.2     82733
2017  1 12  9      1.0    273.4   0.00008069   0.00000000    268.1   96.1     10.2     82809
2017  1 12 10     13.6    275.2   0.00007232   0.00000000    267.7   95.3     12.6     82856
2017  1 12 11     35.7    265.2   0.00007007   0.00000000    267.2  100.0     11.8     82894
2017  1 12 12     68.8    247.0   0.00001636   0.00000000    267.0  100.0      8.7     83070
2017  1 12 13     52.2    253.7   0.00006944   0.00000000    267.6   93.1      7.5     83085
2017  1 12 14     17.7    272.5   0.00007861   0.00000000    267.4   94.4      9.9     83186
2017  1 12 15      4.3    258.7   0.00004805   0.00000000    267.0   98.6     14.0     83194
2017  1 12 16      0.0    272.0   0.00010513   0.00000000    266.7   96.6     15.4     83283
2017  1 12 17      0.0    257.9   0.00010494   0.00000000    265.8  100.0     13.3     83354
2017  1 12 18      0.0    233.6   0.00005032   0.00000000    265.7   98.7     12.4     83327
2017  1 12 19      0.0    228.6   0.00004506   0.00000000    265.7   98.0     10.2     83342
2017  1 12 20      0.0    257.2   0.00002150   0.00000000    265.2   95.7     11.8     83391
2017  1 12 21      0.0    236.8   0.00001645   0.00000000    264.7   95.1      9.5     83440
2017  1 12 22      0.0    188.0   0.00001290   0.00000000    263.4   97.7      8.3     83476
2017  1 12 23      0.0    173.1   0.00000096   0.00000000    262.9   96.3      7.3     83493
2017  1 13  0      0.0    172.6   0.00000255   0.00000000    261.8  100.0      5.0     83542
2017  1 13  1      0.0    171.8   0.00000108   0.00000000    260.6  100.0      4.0     83563
2017  1 13  2      0.0    170.8   0.00000064   0.00000000    256.8  100.0      1.9     83607
2017  1 13  3      0.0    175.5   0.00000290   0.00000000    258.5  100.0      4.1     83623
2017  1 13  4      0.0    174.9   0.00000113   0.00000000    259.3  100.0      3.7     83672
2017  1 13  5      0.0    172.7   0.00000034   0.00000000    259.0  100.0      3.3     83734
2017  1 13  6      0.0    171.7   0.00000055   0.00000000    258.2  100.0      2.7     83814
2017  1 13  7      0.0    173.7   0.00000044   0.00000000    255.5  100.0      2.1     83890
2017  1 13  8      0.0    184.2   0.00000034   0.00000000    254.1  100.0      2.3     83982
2017  1 13  9      4.0    178.2   0.00000035   0.00000000    253.0  100.0      1.7     84063
2017  1 13 10     49.2    177.2   0.00000034   0.00000000    254.1  100.0      1.3     84121
2017  1 13 11    101.0    165.2   0.00000000   0.00000000    255.5   87.9      2.7     84162
2017  1 13 12    120.0    177.3   0.00000000   0.00000000    261.2   90.8      4.9     84105
2017  1 13 13    108.6    177.3  -0.00000001   0.00000000    262.3   88.2      5.7     84132
2017  1 13 14     60.6    199.8   0.00000150   0.00000000    263.2   93.0      5.8     84180
2017  1 13 15      7.8    234.9   0.00000481   0.00000000    263.4   98.2      6.4     84214
2017  1 13 16      0.0    210.9   0.00000310   0.00000000    263.2  100.0      7.0     84274
2017  1 13 17      0.0    204.4   0.00000211   0.00000000    263.9  100.0      7.0     84338
2017  1 13 18      0.0    211.3   0.00000333   0.00000000    264.4  100.0      6.9     84363
2017  1 13 19      0.0    225.8   0.00000460   0.00000000    265.2  100.0      6.2     84407
2017  1 13 20      0.0    264.9   0.00000390   0.00000000    265.7  100.0      6.6     84450
2017  1 13 21      0.0    258.2   0.00000232   0.00000000    265.4  100.0      6.4     84487
2017  1 13 22      0.0    260.1   0.00001347   0.00000000    265.1  100.0      6.0     84527
2017  1 13 23      0.0    257.3   0.00001110   0.00000000    264.8  100.0      6.3     84564
2017  1 14  0      0.0    254.2   0.00001070   0.00000000    264.5  100.0      5.7     84594
2017  1 14  1      0.0    268.4   0.00001024   0.00000000    264.3  100.0      6.3     84633
2017  1 14  2      0.0    269.9   0.00000989   0.00000000    263.9  100.0      7.0     84666
2017  1 14  3      0.0    255.3   0.00000892   0.00000002    263.4  100.0      7.1     84693
2017  1 14  4      0.0    237.3   0.00000345   0.00000000    262.7  100.0      6.4     84719
2017  1 14  5      0.0    246.1   0.00000199   0.00000000    262.5  100.0      6.4     84762
2017  1 14  6      0.0    240.8   0.00000242  -0.00000000    262.5  100.0      6.3     84836
2017  1 14  7      0.0    209.6   0.00000236   0.00000000    262.2  100.0      5.8     84917
2017  1 14  8      0.0    205.1   0.00000481  -0.00000000    262.1  100.0      6.0     84998
2017  1 14  9      4.6    191.1   0.00000436   0.00000000    262.0  100.0      5.9     85078
2017  1 14 10     46.2    194.8   0.00000367  -0.00000000    262.6   96.6      6.7     85170
2017  1 14 11     86.3    200.6   0.00000219   0.00000000    262.7   98.7      5.7     85241
2017  1 14 12    120.6    169.9   0.00000057   0.00000000    261.0  100.0      5.6     85324
2017  1 14 13    108.4    169.7   0.00000105  -0.00000000    260.9  100.0      5.8     85395
2017  1 14 14     67.3    169.8   0.00000161   0.00000000    260.9  100.0      6.1     85471
2017  1 14 15     14.3    167.0   0.00000079   0.00000000    260.2  100.0      6.0     85561
2017  1 14 16      0.0    165.3   0.00000054   0.00000000    259.9  100.0      6.2     85625
2017  1 14 17      0.0    167.3   0.00000099   0.00000000    260.0  100.0      5.7     85691
2017  1 14 18      0.0    171.8   0.00000125   0.00000000    260.0  100.0      5.3     85769
2017  1 14 19      0.0    171.5   0.00000063   0.00000000    259.7  100.0      5.4     85826
2017  1 14 20      0.0    174.7   0.00000130   0.00000000    260.0  100.0      6.1     85880
2017  1 14 21      0.0    174.2   0.00000159   0.00000000    260.1  100.0      5.7     85950
2017  1 14 22      0.0    185.4   0.00000102   0.00000000    260.2  100.0      5.3     85994
2017  1 14 23      0.0    183.4   0.00000182   0.00000000    259.8  100.0      5.0     86024
2017  1 15  0      0.0    177.2   0.00000286   0.00000000    259.7  100.0      5.7     86066
2017  1 15  1      0.0    170.2   0.00000153   0.00000000    259.5  100.0      5.4     86101
2017  1 15  2      0.0    168.3   0.00000090   0.00000000    258.9  100.0      5.3     86155
2017  1 15  3      0.0    167.6   0.00000063   0.00000000    258.3  100.0      5.1     86192
2017  1 15  4      0.0    168.6   0.00000142   0.00000000    257.9  100.0      4.3     86224
2017  1 15  5      0.0    172.0   0.00000193   0.00000000    258.1  100.0      3.8     86265
2017  1 15  6      0.0    172.9   0.00000206   0.00000000    258.1  100.0      3.9     86315
2017  1 15  7      0.0    171.5   0.00000189   0.00000000    258.0  100.0      4.0     86379
2017  1 15  8      0.0    171.2   0.00000196   0.00000000    257.9  100.0      4.2     86466
2017  1 15  9      5.5    171.9   0.00000198   0.00000000    258.2  100.0      4.5     86531
2017  1 15 10     52.9    170.4   0.00000107   0.00000000    258.7  100.0      4.5     86575
2017  1 15 11    101.4    170.1   0.00000055   0.00000000    259.1  100.0      4.5     86623
2017  1 15 12    124.3    167.4   0.00000000   0.00000000    259.3   97.9      3.8     86683
2017  1 15 13    112.6    169.6  -0.00000000   0.00000000    259.6   98.4      3.9     86738
2017  1 15 14     71.2    171.1   0.00000001   0.00000000    259.4   99.9      4.3     86802
2017  1 15 15     16.4    171.3   0.00000000   0.00000000    258.8  100.0      4.7     86840
2017  1 15 16      0.0    172.5   0.00000001   0.00000000    258.9  100.0      5.4     86880
2017  1 15 17      0.0    174.6   0.00000000   0.00000000    259.6   99.6      5.6     86946
2017  1 15 18      0.0    176.4   0.00000003   0.00000000    259.8   99.5      5.3     87004
2017  1 15 19      0.0    176.6   0.00000021   0.00000000    259.8  100.0      5.4     87050
2017  1 15 20      0.0    177.6   0.00000068   0.00000000    260.1  100.0      5.4     87095
2017  1 15 21      0.0    177.5   0.00000085   0.00000000    259.5  100.0      4.1     87151
2017  1 15 22      0.0    177.1   0.00000050   0.00000000    259.3  100.0      4.3     87197
2017  1 15 23      0.0    175.7   0.00000012   0.00000000    259.2  100.0      4.7     87224
2017  1 16  0      0.0    174.0   0.00000003   0.00000000    259.2  100.0      4.6     87234
2017  1 16  1      0.0    171.9  -0.00000001   0.00000000    259.5  100.0      3.8     87266
2017  1 16  2      0.0    171.4   0.00000001   0.00000000    258.8  100.0      2.6     87315
2017  1 16  3      0.0    171.8   0.00000002   0.00000000    258.2  100.0      2.9     87336
2017  1 16  4      0.0    172.0  -0.00000001   0.00000000    258.9   99.0      3.8     87358
2017  1 16  5      0.0    172.4   0.00000000   0.00000000    256.5   97.7      2.0     87358
2017  1 16  6      0.0    172.0   0.00000000   0.00000000    258.6   73.7      3.3     87399
2017  1 16  7      0.0    173.0   0.00000000   0.00000000    255.6   91.8      2.1     87442
2017  1 16  8      0.0    173.9   0.00000000   0.00000000    254.2   94.0      1.6     87486
2017  1 16  9      6.3    175.6   0.00000000   0.00000000    254.1   90.4      1.7     87518
2017  1 16 10     55.9    177.9   0.00000000   0.00000000    254.3   90.7      1.9     87537
2017  1 16 11    104.6    181.0   0.00000000   0.00000000    254.9   91.5      2.0     87541
2017  1 16 12    127.7    176.5   0.00000000   0.00000000    258.3   65.6      4.1     87578
2017  1 16 13    116.2    178.0   0.00000000   0.00000000    259.4   65.7      4.0     87562
2017  1 16 14     74.1    179.0   0.00000000   0.00000000    259.1   67.1      3.3     87554
2017  1 16 15     18.3    180.2   0.00000000   0.00000000    256.7   73.4      2.2     87556
2017  1 16 16      0.0    185.3   0.00000000   0.00000000    259.1   51.2      4.6     87554
2017  1 16 17      0.0    193.6   0.00000000   0.00000000    260.2   55.7      5.7     87574
2017  1 16 18      0.0    198.4   0.00000000   0.00000000    261.2   58.2      6.5     87595
2017  1 16 19      0.0    200.5   0.00000000   0.00000000    261.9   59.8      6.6     87633
2017  1 16 20      0.0    245.0   0.00000003   0.00000000    263.2   65.1      6.6     87651
2017  1 16 21      0.0    261.7   0.00000406   0.00000000    263.7   75.2      7.2     87671
2017  1 16 22      0.0    264.8   0.00000429   0.00000000    264.0   82.5      7.0     87677
2017  1 16 23      0.0    227.3   0.00000150   0.00000000    264.0   86.8      7.4     87697
2017  1 17  0      0.0    228.6   0.00000266   0.00000000    264.2   91.0      8.4     87716
2017  1 17  1      0.0    222.6   0.00000317   0.00000000    263.9   94.2      8.4     87723
2017  1 17  2      0.0    210.1   0.00000311   0.00000000    263.9   97.8      8.5     87725
2017  1 17  3      0.0    212.4   0.00000342   0.00000000    264.4  100.0      8.4     87719
2017  1 17  4      0.0    223.6   0.00000306   0.00000000    265.4  100.0      8.2     87709
2017  1 17  5      0.0    270.6   0.00000338   0.00000000    266.5  100.0      7.9     87713
2017  1 17  6      0.0    286.1   0.00000385   0.00000000    267.0  100.0      8.0     87709
2017  1 17  7      0.0    289.6   0.00000230   0.00000004    267.5  100.0      8.8     87695
2017  1 17  8      0.0    285.8   0.00000245   0.00000004    268.0  100.0      9.2     87729
2017  1 17  9      5.1    262.9   0.00000545   0.00000000    268.2  100.0      8.8     87765
2017  1 17 10     27.9    274.6   0.00000698  -0.00000002    268.5  100.0      8.8     87784
2017  1 17 11     48.8    278.9   0.00000678   0.00000001    269.2  100.0      8.4     87782
2017  1 17 12     86.3    254.0   0.00000421   0.00000000    270.3   97.0      6.7     87758
2017  1 17 13     81.8    249.6   0.00000430   0.00000000    270.7   96.2      7.2     87725
2017  1 17 14     53.5    248.9   0.00001042  -0.00000002    271.2   94.7      7.6     87719
2017  1 17 15     10.7    288.5   0.00001364   0.00000000    271.7   94.1      6.7     87767
2017  1 17 16      0.0    304.7   0.00001768   0.00000000    271.5   95.3      5.9     87818
2017  1 17 17      0.0    305.2   0.00001786   0.00000000    271.7   94.7      5.8     87840
2017  1 17 18      0.0    309.0   0.00001258   0.00000004    272.7   93.5      6.4     87849
2017  1 17 19      0.0    263.8   0.00000037   0.00000242    272.8   93.9      7.6     87882
2017  1 17 20      0.0    232.1   0.00000031   0.00000144    272.7   95.6      9.1     87891
2017  1 17 21      0.0    229.5   0.00000012   0.00000108    273.0   96.6     11.0     87888
2017  1 17 22      0.0    236.5   0.00000007   0.00000070    273.0  100.0     11.6     87885
2017  1 17 23      0.0    309.5   0.00000000   0.00000135    273.4   99.9     12.0     87869
2017  1 18  0      0.0    315.4   0.00000013   0.00000229    273.1   99.9     12.0     87852
2017  1 18  1      0.0    315.2   0.00000047   0.00000252    273.1  100.0     11.2     87836
2017  1 18  2      0.0    313.4   0.00000090   0.00000589    273.2   99.8     11.0     87834
2017  1 18  3      0.0    314.3   0.00000019   0.00000911    273.4   99.7     10.0     87817
2017  1 18  4      0.0    317.2  -0.00000000   0.00000472    273.7   99.9      9.6     87779
2017  1 18  5      0.0    276.4   0.00000001   0.00000942    274.0   95.2     11.8     87695
2017  1 18  6      0.0    250.5   0.00000065   0.00001926    273.9   95.3     14.5     87635
2017  1 18  7      0.0    242.0   0.00000049   0.00002110    274.0   97.0     16.9     87613
2017  1 18  8      0.0    253.8   0.00000031   0.00000610    273.7   99.0     16.3     87609
2017  1 18  9      4.1    302.4   0.00000159   0.00000370    273.2   99.9     16.6     87584
2017  1 18 10     23.6    312.6   0.00000342   0.00000028    272.6  100.0     17.1     87581
2017  1 18 11     56.0    304.2   0.00000194   0.00000019    271.9  100.0     17.6     87583
2017  1 18 12     54.0    304.2   0.00002537  -0.00000001    273.0   96.2     14.6     87590
2017  1 18 13     26.3    311.5   0.00001101   0.00000044    272.3  100.0     12.8     87643
2017  1 18 14     14.2    308.0   0.00001498   0.00000005    272.1   98.0     11.6     87692
2017  1 18 15      4.5    302.9   0.00002075  -0.00000003    272.0   97.4     11.8     87712
2017  1 18 16      0.0    303.4   0.00002067   0.00000004    271.9   97.7     13.2     87694
2017  1 18 17      0.0    271.1   0.00002817  -0.00000001    271.8   97.5     13.8     87631
2017  1 18 18      0.0    232.2   0.00004070   0.00000004    271.8   95.8     15.5     87591
2017  1 18 19      0.0    230.9   0.00003652  -0.00000006    271.7   97.4     14.7     87615
2017  1 18 20      0.0    245.3   0.00002090   0.00000003    271.9   97.7     14.8     87632
2017  1 18 21      0.0    255.5   0.00001669   0.00000004    272.2   97.0     14.7     87587
2017  1 18 22      0.0    303.8   0.00001438   0.00000004    272.5   96.3     15.7     87523
2017  1 18 23      0.0    307.8   0.00001858   0.00000001    272.6   97.1     16.2     87485
2017  1 19  0      0.0    312.4   0.00001612   0.00000004    272.7  100.0     17.9     87422
2017  1 19  1      0.0    309.2   0.00002148   0.00000001    272.9   96.2     17.0     87433
2017  1 19  2      0.0    266.4   0.00002676   0.00000003    272.9   95.1     15.6     87458
2017  1 19  3      0.0    262.7   0.00003142  -0.00000003    272.9   95.2     15.9     87427
2017  1 19  4      0.0    234.1   0.00003371   0.00000005    273.0   95.1     16.7     87387
2017  1 19  5      0.0    242.2   0.00002622   0.00000001    273.0   96.4     17.2     87380
2017  1 19  6      0.0    260.2   0.00003047   0.00000000    273.2   96.4     17.2     87388
2017  1 19  7      0.0    242.8   0.00003411   0.00000003    273.1   96.7     17.6     87396
2017  1 19  8      0.0    232.9   0.00004511   0.00000004    273.1   97.5     18.6     87369
2017  1 19  9      8.0    250.9   0.00003317   0.00000059    273.2   97.4     19.1     87373
2017  1 19 10     43.6    262.2   0.00003999   0.00000316    273.5   97.5     18.8     87424
2017  1 19 11     25.9    314.7   0.00002724   0.00000361    273.3   99.9     19.1     87460
2017  1 19 12     67.6    284.3   0.00004253   0.00000847    273.7   98.1     18.4     87416
2017  1 19 13     35.1    309.9   0.00002274   0.00001614    273.6   98.7     18.3     87406
2017  1 19 14     30.1    303.2   0.00003300   0.00000590    273.5   97.6     18.1     87373
2017  1 19 15      8.1    308.0   0.00004121   0.00000029    273.4   96.7     18.6     87365
2017  1 19 16      0.0    305.7   0.00004144   0.00000004    273.3   96.1     18.7     87381
2017  1 19 17      0.0    291.5   0.00004854   0.00000002    273.3   94.5     17.6     87415
2017  1 19 18      0.0    293.2   0.00004058   0.00000002    273.3   95.6     15.9     87504
2017  1 19 19      0.0    299.7   0.00002446  -0.00000000    273.4   94.2     14.5     87579
2017  1 19 20      0.0    243.0   0.00002616  -0.00000001    273.2   93.7     15.0     87604
2017  1 19 21      0.0    231.2   0.00002839   0.00000006    273.1   94.1     14.2     87627
2017  1 19 22      0.0    243.6   0.00003175  -0.00000004    273.3   93.8     14.2     87648
2017  1 19 23      0.0    281.7   0.00002392   0.00000002    273.4   94.3     13.4     87664
2017  1 20  0      0.0    303.4   0.00001976   0.00000006    273.2   94.7     13.4     87643
2017  1 20  1      0.0    288.6   0.00002128  -0.00000001    273.1   94.2     14.3     87598
2017  1 20  2      0.0    285.8   0.00002138  -0.00000002    273.1   94.1     15.9     87527
2017  1 20  3      0.0    280.6   0.00001768   0.00000004    273.0   94.2     17.4     87477
2017  1 20  4      0.0    290.2   0.00001690  -0.00000002    272.7   99.2     17.6     87450
2017  1 20  5      0.0    248.7   0.00002100   0.00000002    272.7   95.8     17.2     87457
2017  1 20  6      0.0    283.8   0.00002092   0.00000007    272.8   96.9     17.2     87484
2017  1 20  7      0.0    309.4   0.00002031  -0.00000001    272.5   98.5     17.2     87502
2017  1 20  8      0.0    308.9   0.00001793  -0.00000002    272.3   98.6     16.6     87525
2017  1 20  9      7.4    286.8   0.00001561   0.00000008    272.2   97.2     16.3     87545
2017  1 20 10     59.0    232.0   0.00001755   0.00000002    272.2   95.6     16.1     87589
2017  1 20 11    109.4    226.3   0.00002146   0.00000005    272.4   94.4     16.1     87611
2017  1 20 12    121.9    235.0   0.00007285   0.00000000    273.1   94.1     12.6     87706
2017  1 20 13    120.0    229.7   0.00006435   0.00000000    272.9   95.3     12.9     87670
2017  1 20 14     82.1    228.3   0.00004287   0.00000000    272.8   96.8     13.2     87659
2017  1 20 15     24.9    247.1   0.00001669   0.00000004    272.8   99.8     13.4     87698
2017  1 20 16      0.0    306.4   0.00000561   0.00000013    273.0  100.0     13.6     87709
2017  1 20 17      0.0    312.1   0.00000878   0.00000014    273.0  100.0     14.5     87677
2017  1 20 18      0.0    313.7   0.00000705   0.00000024    273.0  100.0     15.8     87638
2017  1 20 19      0.0    314.4   0.00000514   0.00000034    273.1  100.0     15.7     87639
2017  1 20 20      0.0    314.7   0.00000791   0.00000037    273.0  100.0     14.8     87683
2017  1 20 21      0.0    314.0   0.00001172   0.00000029    272.9  100.0     12.0     87805
2017  1 20 22      0.0    313.5   0.00001678   0.00000002    273.2   97.9     10.5     87918
2017  1 20 23      0.0    313.5   0.00001208   0.00000006    273.4   94.3      9.0     87987
2017  1 21  0      0.0    311.1   0.00001035   0.00000001    273.1   95.0      8.4     88035
2017  1 21  1      0.0    308.4   0.00000412  -0.00000001    272.6   99.7      8.3     88057
2017  1 21  2      0.0    310.5   0.00000163   0.00000011    272.5  100.0      8.7     88043
2017  1 21  3      0.0    306.7   0.00000042   0.00000018    272.1   99.2     10.0     88002
2017  1 21  4      0.0    288.6   0.00000017   0.00000005    271.6   99.7     10.2     87941
2017  1 21  5      0.0    282.9   0.00000011  -0.00000002    271.1  100.0     10.0     87908
2017  1 21  6      0.0    270.8   0.00000007   0.00000004    270.6  100.0      8.5     87913
2017  1 21  7      0.0    222.3   0.00000003   0.00000000    270.2   98.3      7.4     87940
2017  1 21  8      0.0    214.7   0.00000007  -0.00000005    270.2   95.7      6.7     87973
2017  1 21  9     11.5    217.7   0.00000000   0.00000003    270.4   91.2      5.5     88021
2017  1 21 10     60.9    225.7   0.00000000   0.00000001    270.8   88.1      4.6     88040
2017  1 21 11    101.5    229.3   0.00000000  -0.00000006    271.4   84.3      4.3     88039
2017  1 21 12    104.8    239.8   0.00000000   0.00000000    272.5   81.3      4.5     88015
2017  1 21 13     97.3    242.6   0.00000000   0.00000000    272.6   80.2      4.2     87986
2017  1 21 14     69.2    242.2   0.00000000   0.00000000    272.4   79.3      4.0     87926
2017  1 21 15     25.4    238.4   0.00000000   0.00000000    272.0   78.1      3.3     87904
2017  1 21 16      0.0    233.4  -0.00000001   0.00000000    271.5   76.6      2.8     87905
2017  1 21 17      0.0    226.9   0.00000000   0.00000000    270.9   77.3      3.0     87900
2017  1 21 18      0.0    224.5   0.00000000   0.00000000    270.8   75.8      3.0     87884
2017  1 21 19      0.0    220.4   0.00000000   0.00000000    270.8   72.2      3.1     87861
2017  1 21 20      0.0    218.9   0.00000000   0.00000000    270.8   71.6      3.2     87832
2017  1 21 21      0.0    218.6   0.00000000   0.00000000    270.6   72.0      3.0     87814
2017  1 21 22      0.0    219.2   0.00000000   0.00000000    270.3   73.1      2.7     87787
2017  1 21 23      0.0    220.3   0.00000000   0.00000000    270.3   72.4      2.8     87739
2017  1 22  0      0.0    224.7   0.00000000   0.00000000    271.5   67.7      5.9     87684
2017  1 22  1      0.0    227.0   0.00000000   0.00000000    272.4   67.1      6.3     87653
2017  1 22  2      0.0    229.2   0.00000000   0.00000000    272.4   68.2      5.8     87614
2017  1 22  3      0.0    228.3   0.00000000   0.00000000    272.3   68.1      5.7     87550
2017  1 22  4      0.0    229.1   0.00000000   0.00000000    272.3   68.7      6.0     87465
2017  1 22  5      0.0    224.7   0.00000000   0.00000000    272.2   69.0      6.2     87399
2017  1 22  6      0.0    216.5   0.00000000   0.00000000    271.9   68.5      6.0     87366
2017  1 22  7      0.0    215.8   0.00000000   0.00000000    270.7   76.9      5.1     87360
2017  1 22  8      0.0    214.8   0.00000000   0.00000000    269.9   83.9      5.9     87372
2017  1 22  9     13.4    212.3   0.00000000   0.00000000    268.4  100.0      6.6     87369
2017  1 22 10     62.4    225.7   0.00000013   0.00000000    269.1  100.0      6.1     87326
2017  1 22 11    107.4    220.5   0.00000013   0.00000000    269.4  100.0      6.6     87287
2017  1 22 12    132.4    217.3   0.00000012   0.00000000    269.2  100.0      6.1     87332
2017  1 22 13     65.9    291.8   0.00000059   0.00000007    269.6  100.0      7.5     87283
2017  1 22 14     37.2    297.4   0.00000086   0.00000014    269.5  100.0      7.5     87224
2017  1 22 15     13.4    297.4   0.00000075   0.00000026    269.2  100.0      7.1     87162
2017  1 22 16      0.1    295.0   0.00000058   0.00000021    269.0  100.0      7.6     87101
2017  1 22 17      0.0    293.9   0.00000057   0.00000017    269.0  100.0      7.3     87088
2017  1 22 18      0.0    296.0   0.00000095   0.00000017    269.0  100.0      7.1     87070
2017  1 22 19      0.0    295.8   0.00000180   0.00000017    268.9  100.0      7.2     87045
2017  1 22 20      0.0    294.9   0.00000243   0.00000017    268.7  100.0      7.4     87003
2017  1 22 21      0.0    294.1   0.00000282   0.00000017    268.6  100.0      7.9     86952
2017  1 22 22      0.0    293.6   0.00000312   0.00000018    268.5  100.0      8.2     86907
2017  1 22 23      0.0    293.5   0.00000331   0.00000008    268.5  100.0      9.5     86859
2017  1 23  0      0.0    292.5   0.00000339   0.00000000    268.5  100.0      9.6     86823
2017  1 23  1      0.0    293.2   0.00000376   0.00000002    268.5  100.0      9.6     86792
2017  1 23  2      0.0    292.7   0.00000417   0.00000004    268.5  100.0      9.3     86764
2017  1 23  3      0.0    291.8   0.00000640   0.00000002    268.6  100.0      9.8     86711
2017  1 23  4      0.0    279.9   0.00000857  -0.00000002    268.6   99.5     10.4     86645
2017  1 23  5      0.0    247.2   0.00000953   0.00000004    268.6   98.9     11.3     86610
2017  1 23  6      0.0    246.9   0.00000733  -0.00000002    268.8  100.0     11.5     86640
2017  1 23  7      0.0    294.7   0.00000609   0.00000008    268.9  100.0     11.4     86653
2017  1 23  8      0.0    287.8   0.00000905  -0.00000003    268.9   97.9     11.4     86653
2017  1 23  9      2.8    291.4   0.00001693   0.00000003    269.2  100.0     10.9     86668
2017  1 23 10     14.6    293.1   0.00001393   0.00000040    268.7  100.0     12.0     86702
2017  1 23 11     22.4    293.0   0.00000917   0.00000033    268.7  100.0     11.8     86746
2017  1 23 12     76.7    283.2   0.00000597   0.00000001    269.3  100.0      8.2     86845
2017  1 23 13     47.5    294.9   0.00000400   0.00000028    269.2  100.0      9.3     86851
2017  1 23 14     32.5    291.0   0.00000252   0.00000041    269.0  100.0      7.5     86854
2017  1 23 15     11.6    291.8   0.00000237   0.00000026    268.8  100.0      6.7     86866
2017  1 23 16      0.1    291.2   0.00000282   0.00000001    269.0  100.0      7.3     86872
2017  1 23 17      0.0    291.2   0.00000173   0.00000006    269.0  100.0      7.9     86886
2017  1 23 18      0.0    279.7   0.00000093   0.00000004    268.7  100.0      8.1     86919
2017  1 23 19      0.0    255.0   0.00000071  -0.00000000    268.3  100.0      6.9     86926
2017  1 23 20      0.0    264.2   0.00000035  -0.00000000    267.9  100.0      7.1     86927
2017  1 23 21      0.0    276.4   0.00000011   0.00000002    267.4  100.0      7.7     86950
2017  1 23 22      0.0    273.7   0.00000012   0.00000001    267.3  100.0      8.1     86952
2017  1 23 23      0.0    271.0   0.00000009   0.00000000    267.5  100.0      8.4     86950
2017  1 24  0      0.0    266.5   0.00000004   0.00000000    267.8   99.6      5.9     86978
2017  1 24  1      0.0    255.9   0.00000004   0.00000000    267.7   98.1      4.4     86968
2017  1 24  2      0.0    266.2  -0.00000002  -0.00000000    267.9   96.7      3.9     86948
2017  1 24  3      0.0    246.3  -0.00000001   0.00000000    268.0   93.0      3.8     86976
2017  1 24  4      0.0    229.0   0.00000003  -0.00000000    267.2   91.8      3.3     87027
2017  1 24  5      0.0    213.3  -0.00000002   0.00000000    265.6   98.6      1.7     87024
2017  1 24  6      0.0    216.0  -0.00000002   0.00000002    264.4  100.0      2.3     87020
2017  1 24  7      0.0    212.3   0.00000006  -0.00000002    265.1   96.7      3.2     87030
2017  1 24  8     -0.0    206.3  -0.00000005   0.00000002    265.3   90.3      2.4     87055
2017  1 24  9     16.5    203.0  -0.00000000  -0.00000001    266.0   79.6      3.8     87051
2017  1 24 10     65.8    223.1  -0.00000004  -0.00000004    267.4   76.8      3.3     87036
2017  1 24 11    104.9    232.3   0.00000007   0.00000005    267.6   82.5      1.6     87046
2017  1 24 12    102.8    246.2   0.00000000   0.00000000    269.5   80.0      4.4     87063
2017  1 24 13    127.4    218.4   0.00000003   0.00000000    267.9   99.6      6.4     87094
2017  1 24 14     75.5    247.3   0.00000043   0.00000003    268.4  100.0      3.6     87078
2017  1 24 15     27.4    258.5   0.00000033   0.00000000    268.3  100.0      3.3     87073
2017  1 24 16      0.6    228.0   0.00000323   0.00000000    268.6   96.4      4.5     87045
2017  1 24 17      0.0    230.4   0.00000421   0.00000000    268.3  100.0      4.1     87071
2017  1 24 18      0.0    249.7   0.00000328   0.00000000    269.3   99.6      4.4     87058
2017  1 24 19      0.0    300.7   0.00000371   0.00000000    270.5   98.7      4.2     87038
2017  1 24 20      0.0    292.1   0.00000124   0.00000000    271.1   97.5      4.0     87035
2017  1 24 21      0.0    288.9   0.00000056   0.00000000    270.9   98.8      2.2     87116
2017  1 24 22      0.0    304.7   0.00000114   0.00000001    271.1   99.3      1.9     87168
2017  1 24 23      0.0    305.5   0.00000177   0.00000000    271.1   99.7      2.1     87226
2017  1 25  0      0.0    305.1   0.00000110   0.00000000    271.3   99.0      2.0     87248
2017  1 25  1      0.0    304.9   0.00000053   0.00000000    271.6   97.8      2.2     87270
2017  1 25  2      0.0    246.9   0.00000011   0.00000001    270.7   98.1      2.5     87298
2017  1 25  3      0.0    226.1   0.00000005   0.00000001    269.9   99.7      2.4     87320
2017  1 25  4      0.0    223.4   0.00000003  -0.00000002    269.1  100.0      2.3     87299
2017  1 25  5      0.0    221.7   0.00000002   0.00000000    269.8  100.0      3.1     87254
2017  1 25  6      0.0    222.6  -0.00000001   0.00000001    270.1  100.0      3.0     87260
2017  1 25  7      0.0    224.1   0.00000003   0.00000005    269.2  100.0      2.0     87301
2017  1 25  8      0.0    282.2   0.00000027   0.00000006    269.7  100.0      1.7     87299
2017  1 25  9      8.6    300.8   0.00000045   0.00000018    270.3  100.0      1.3     87285
2017  1 25 10     40.4    302.5   0.00000063   0.00000042    272.3   95.3      2.3     87251
2017  1 25 11    120.3    245.0   0.00000018   0.00000099    273.0   93.1      3.3     87177
2017  1 25 12    138.7    241.5   0.00000003   0.00000150    273.9   99.7     12.1     87022
2017  1 25 13     89.0    305.2  -0.00000002   0.00000087    274.0   99.7     14.2     86983
2017  1 25 14     71.1    291.2   0.00000002   0.00000202    273.9   99.6     15.1     87004
2017  1 25 15     27.1    302.6   0.00000001   0.00000338    273.8   99.2     13.4     87055
2017  1 25 16      0.9    297.2  -0.00000001   0.00000450    273.8   99.6     13.1     87078
2017  1 25 17      0.0    317.0  -0.00000001   0.00000415    273.8   99.9     12.3     87101
2017  1 25 18      0.0    318.1  -0.00000004   0.00000287    273.7  100.0     11.9     87113
2017  1 25 19      0.0    317.9   0.00000006   0.00000262    273.7   99.9     11.1     87137
2017  1 25 20      0.0    317.3   0.00000056   0.00000384    273.5   99.9      8.5     87211
2017  1 25 21      0.0    316.8   0.00000076   0.00000316    273.5   99.9      8.0     87242
2017  1 25 22      0.0    316.3   0.00000027   0.00000148    273.3  100.0      7.6     87276
2017  1 25 23      0.0    312.7   0.00000035   0.00000024    273.2   99.7      7.1     87304
2017  1 26  0      0.0    301.1   0.00000051  -0.00000001    272.9  100.0      7.2     87327
2017  1 26  1      0.0    309.0   0.00000042   0.00000022    272.6  100.0      7.6     87349
2017  1 26  2      0.0    310.7   0.00000061   0.00000051    272.0  100.0      8.3     87354
2017  1 26  3      0.0    243.4   0.00000005  -0.00000002    271.3   93.3      8.5     87342
2017  1 26  4      0.0    220.2   0.00000004  -0.00000005    270.8   90.3      8.1     87352
2017  1 26  5      0.0    218.7   0.00000006   0.00000011    270.2   88.7      7.1     87378
2017  1 26  6      0.0    215.4  -0.00000010  -0.00000010    269.6   88.0      5.9     87441
2017  1 26  7      0.0    213.1   0.00000012  -0.00000010    269.0   88.3      5.5     87504
2017  1 26  8      0.0    210.7  -0.00000015   0.00000016    268.9   84.4      5.4     87561
2017  1 26  9     20.4    206.3   0.00000017   0.00000005    269.3   76.0      5.6     87595
2017  1 26 10     92.8    190.7  -0.00000015  -0.00000017    270.0   65.0      6.3     87614
2017  1 26 11    151.4    187.4   0.00000019   0.00000016    271.4   53.9      7.0     87595
2017  1 26 12    175.5    192.7   0.00000000   0.00000000    271.7   58.1      5.6     87571
2017  1 26 13    164.7    194.8   0.00000000  -0.00000000    272.3   52.8      5.6     87566
2017  1 26 14    120.4    194.8   0.00000000   0.00000000    272.2   52.6      5.1     87559
2017  1 26 15     52.5    198.0  -0.00000001   0.00000000    271.6   53.3      3.9     87554
2017  1 26 16      2.2    204.8   0.00000000   0.00000000    269.3   67.6      1.9     87564
2017  1 26 17      0.0    208.0   0.00000000   0.00000000    270.3   51.7      3.0     87560
2017  1 26 18      0.0    210.3   0.00000000   0.00000000    270.5   50.6      2.9     87564
2017  1 26 19      0.0    210.1   0.00000000   0.00000000    270.4   50.7      3.7     87585
2017  1 26 20      0.0    205.3   0.00000000   0.00000000    270.0   52.9      3.8     87597
2017  1 26 21      0.0    208.9   0.00000000   0.00000000    270.3   50.2      3.6     87605
2017  1 26 22      0.0    218.7   0.00000000   0.00000000    270.3   56.8      3.2     87591
2017  1 26 23      0.0    221.8   0.00000000   0.00000000    270.0   67.1      3.0     87587
2017  1 27  0      0.0    221.5   0.00000000   0.00000000    270.4   68.3      3.0     87556
2017  1 27  1      0.0    219.0   0.00000000   0.00000000    270.4   68.5      3.3     87497
2017  1 27  2      0.0    217.0   0.00000000   0.00000000    270.3   70.1      3.6     87448
2017  1 27  3      0.0    215.0   0.00000000   0.00000000    270.0   71.1      3.8     87406
2017  1 27  4      0.0    212.1   0.00000000   0.00000000    269.7   72.6      4.3     87386
2017  1 27  5      0.0    209.7   0.00000000   0.00000000    269.3   74.3      4.7     87359
2017  1 27  6      0.0    207.8   0.00000000   0.00000000    269.1   73.5      4.9     87339
2017  1 27  7      0.0    206.2   0.00000000   0.00000000    269.1   70.7      5.1     87331
2017  1 27  8      0.0    205.6   0.00000000   0.00000000    269.0   69.3      5.1     87349
2017  1 27  9     25.1    205.9   0.00000000   0.00000000    269.3   65.0      4.0     87342
2017  1 27 10     93.8    205.5   0.00000000   0.00000000    269.6   64.6      3.8     87322
2017  1 27 11    149.2    205.9   0.00000000   0.00000000    271.0   59.0      5.9     87246
2017  1 27 12    174.5    205.9   0.00000000   0.00000000    270.6   63.0      5.0     87140
2017  1 27 13    164.0    204.9   0.00000000   0.00000000    270.0   71.0      6.4     87030
2017  1 27 14    120.6    203.8   0.00000000   0.00000000    269.6   71.8      5.9     86952
2017  1 27 15     54.6    202.2   0.00000000   0.00000000    268.6   72.9      6.3     86887
2017  1 27 16      3.0    203.6   0.00000000   0.00000000    267.3   76.5      4.9     86861
2017  1 27 17      0.0    207.5   0.00000000   0.00000000    266.7   77.8      5.0     86797
2017  1 27 18      0.0    206.0   0.00000000   0.00000000    266.8   75.3      6.4     86800
2017  1 27 19      0.0    193.4   0.00000000   0.00000000    265.6   83.3      6.1     86741
2017  1 27 20      0.0    190.9   0.00000000   0.00000000    264.6   89.5      5.2     86692
2017  1 27 21      0.0    187.5   0.00000000   0.00000000    265.2   91.0      9.7     86609
2017  1 27 22      0.0    191.0   0.00000001   0.00000000    266.9   82.9     11.0     86544
2017  1 27 23      0.0    194.7   0.00000000  -0.00000000    267.3   81.0      6.0     86693
2017  1 28  0      0.0    205.0   0.00000000   0.00000000    266.0   85.6      3.9     86834
2017  1 28  1      0.0    199.8  -0.00000001   0.00000000    265.5   86.6      3.2     86884
2017  1 28  2      0.0    195.9   0.00000000   0.00000000    263.4   93.1      1.5     86867
2017  1 28  3      0.0    196.9   0.00000000  -0.00000000    262.6   93.5      1.0     86809
2017  1 28  4      0.0    199.3   0.00000000  -0.00000000    262.9   85.9      1.4     86779
2017  1 28  5      0.0    201.0   0.00000000   0.00000000    261.9   94.6      3.4     86772
2017  1 28  6      0.0    202.1   0.00000000   0.00000000    264.0   86.0      5.1     86789
2017  1 28  7      0.0    204.3   0.00000000   0.00000000    264.9   84.6      5.5     86808
2017  1 28  8      0.0    216.9  -0.00000002   0.00000000    265.2   87.6      5.5     86817
2017  1 28  9     15.8    241.6   0.00000000   0.00000000    266.4   84.3      5.8     86812
2017  1 28 10     48.9    255.2   0.00000026   0.00000000    267.3   78.7      5.4     86819
2017  1 28 11     79.6    251.9   0.00000446   0.00000000    267.8   87.4      5.8     86794
2017  1 28 12    104.6    240.4   0.00000006   0.00000000    267.8   75.7      4.6     86703
2017  1 28 13    111.3    234.5  -0.00000000   0.00000000    267.7   80.0      4.9     86662
2017  1 28 14     75.0    242.2   0.00000077   0.00000000    267.8   91.8      5.3     86607
2017  1 28 15     27.0    262.1   0.00000230   0.00000000    268.1   99.9      5.7     86559
2017  1 28 16      1.7    254.5   0.00000170   0.00000000    268.1  100.0      6.3     86516
2017  1 28 17      0.0    244.4   0.00000269   0.00000000    268.0   98.6      6.9     86459
2017  1 28 18      0.0    232.1   0.00000519   0.00000000    268.1   98.1      9.5     86414
2017  1 28 19      0.0    224.1   0.00001076   0.00000000    268.2   97.3     10.8     86368
2017  1 28 20      0.0    247.3   0.00000595   0.00000000    268.8   96.0     10.7     86358
2017  1 28 21      0.0    270.6   0.00000136   0.00000000    268.8   96.0     10.1     86361
2017  1 28 22      0.0    270.9   0.00000084   0.00000000    268.6   97.6      8.9     86361
2017  1 28 23      0.0    268.3   0.00000229   0.00000000    268.6   99.0      7.8     86323
2017  1 29  0      0.0    269.4   0.00000568   0.00000000    268.2  100.0      6.0     86292
2017  1 29  1      0.0    286.6   0.00000777   0.00000004    268.0  100.0      5.9     86224
2017  1 29  2      0.0    291.6   0.00000524   0.00000004    268.0  100.0      6.5     86126
2017  1 29  3      0.0    291.8   0.00000208   0.00000013    267.9  100.0      7.1     86042
2017  1 29  4      0.0    291.5   0.00000156   0.00000021    267.8  100.0      7.7     85959
2017  1 29  5      0.0    290.6   0.00000339   0.00000038    267.6  100.0      7.3     85858
2017  1 29  6      0.0    289.3   0.00001512   0.00000017    267.3  100.0      6.4     85795
2017  1 29  7      0.0    284.8   0.00006199   0.00000004    267.0  100.0      6.9     85740
2017  1 29  8      0.0    279.1   0.00005186   0.00000000    266.6  100.0      6.7     85681
2017  1 29  9      6.7    280.8   0.00002964   0.00000000    266.2  100.0      5.6     85658
2017  1 29 10     24.0    279.3   0.00004276   0.00000000    266.1  100.0      5.6     85585
2017  1 29 11     58.3    273.5   0.00001630   0.00000004    266.3  100.0      5.5     85506
2017  1 29 12     55.4    278.0   0.00002378   0.00000004    266.3  100.0      5.9     85585
2017  1 29 13     48.4    279.9   0.00000437   0.00000008    266.4  100.0      4.6     85546
2017  1 29 14     47.8    278.8   0.00000119   0.00000005    266.4  100.0      5.8     85453
2017  1 29 15     17.9    278.9   0.00002986   0.00000003    266.1  100.0      5.9     85388
2017  1 29 16      0.9    279.6   0.00005619   0.00000003    266.1  100.0      5.3     85357
2017  1 29 17      0.0    280.4   0.00002340   0.00000002    266.1  100.0      5.4     85357
2017  1 29 18      0.0    265.1   0.00004353   0.00000003    266.1  100.0      4.6     85330
2017  1 29 19      0.0    277.9   0.00007577  -0.00000000    266.5  100.0      4.0     85307
2017  1 29 20      0.0    241.5   0.00003309   0.00000001    265.8  100.0      3.2     85339
2017  1 29 21      0.0    201.3   0.00000359   0.00000000    264.9  100.0      2.6     85395
2017  1 29 22      0.0    254.7   0.00000955   0.00000000    265.9  100.0      2.0     85479
2017  1 29 23      0.0    285.2   0.00000823   0.00000001    267.4   99.7      3.5     85567
2017  1 30  0      0.0    290.9   0.00000669   0.00000001    268.1  100.0      4.2     85669
2017  1 30  1      0.0    288.8   0.00000208   0.00000000    268.2  100.0      4.8     85750
2017  1 30  2      0.0    269.6   0.00000081   0.00000003    267.9  100.0      5.0     85827
2017  1 30  3      0.0    248.5   0.00000038   0.00000000    267.4  100.0      5.4     85919
2017  1 30  4      0.0    259.2   0.00000037   0.00000001    266.6  100.0      5.0     86001
2017  1 30  5      0.0    239.6   0.00000021   0.00000000    265.6  100.0      4.8     86081
2017  1 30  6      0.0    194.7   0.00000010   0.00000003    264.6  100.0      4.9     86154
2017  1 30  7      0.0    188.3   0.00000003   0.00000001    264.7   99.7      5.0     86208
2017  1 30  8      0.0    188.2   0.00000003   0.00000000    264.7   94.9      4.6     86277
2017  1 30  9     34.0    189.6  -0.00000000   0.00000000    264.7   92.9      3.9     86344
2017  1 30 10    106.3    193.0   0.00000000   0.00000000    265.4   90.4      3.7     86423
2017  1 30 11    163.4    194.7  -0.00000002   0.00000000    266.3   88.4      3.5     86510
2017  1 30 12    191.0    193.1   0.00000000   0.00000000    266.5   80.1      1.2     86528
2017  1 30 13    180.9    192.9   0.00000000   0.00000000    266.3   86.5      0.9     86550
2017  1 30 14    136.2    192.5   0.00000000   0.00000000    266.3   86.7      1.2     86558
2017  1 30 15     67.1    192.2   0.00000000   0.00000000    265.7   83.6      1.7     86582
2017  1 30 16      6.5    191.5   0.00000000   0.00000000    263.9   85.1      2.8     86625
2017  1 30 17      0.0    191.4   0.00000000   0.00000000    263.9   76.3      3.9     86680
2017  1 30 18      0.0    191.3   0.00000000   0.00000000    264.1   75.1      3.2     86722
2017  1 30 19      0.0    191.4   0.00000000   0.00000000    264.1   73.0      2.8     86758
2017  1 30 20      0.0    191.5   0.00000000   0.00000000    261.7   83.2      1.8     86815
2017  1 30 21      0.0    191.7   0.00000000   0.00000000    260.6   86.8      1.8     86861
2017  1 30 22      0.0    191.9   0.00000000   0.00000000    262.9   72.2      4.2     86877
2017  1 30 23      0.0    190.7   0.00000000   0.00000000    262.6   79.0      4.1     86893
2017  1 31  0      0.0    189.7   0.00000000   0.00000000    263.3   75.9      3.6     86909
2017  1 31  1      0.0    189.4   0.00000000   0.00000000    263.3   74.9      2.8     86906
2017  1 31  2      0.0    188.8   0.00000000   0.00000000    263.6   73.2      3.2     86888
2017  1 31  3      0.0    188.6   0.00000000   0.00000000    263.7   73.0      4.0     86892
2017  1 31  4      0.0    188.8   0.00000000   0.00000000    263.3   75.4      2.6     86906
2017  1 31  5      0.0    186.6   0.00000000   0.00000000    260.2   90.6      0.8     86914
2017  1 31  6      0.0    186.1   0.00000000   0.00000000    260.4   82.9      1.3     86919
2017  1 31  7      0.0    186.0   0.00000000   0.00000000    260.3   79.4      1.1     86938
2017  1 31  8      0.1    186.9   0.00000000   0.00000000    259.9   68.1      1.9     86941
2017  1 31  9     38.0    188.0   0.00000000   0.00000000    261.9   65.5      3.9     86967
2017  1 31 10    113.6    188.0   0.00000000   0.00000000    263.6   69.7      3.3     86986
2017  1 31 11    172.7    187.6   0.00000000   0.00000000    265.3   77.2      4.4     86994
2017  1 31 12    199.6    186.4   0.00000000   0.00000000    264.8   80.9      4.0     87012
2017  1 31 13    188.2    186.7   0.00000000   0.00000000    265.1   79.8      4.2     86995
2017  1 31 14    141.2    185.7   0.00000000   0.00000000    264.4   82.0      3.8     86959
2017  1 31 15     71.4    182.5   0.00000000   0.00000000    263.8   75.4      3.8     86947
2017  1 31 16      8.3    177.3   0.00000000   0.00000000    262.6   74.2      5.1     86954
2017  1 31 17      0.0    177.5   0.00000000   0.00000000    262.0   72.8      4.9     86950
2017  1 31 18      0.0    178.8   0.00000000   0.00000000    261.5   74.8      5.3     86953
2017  1 31 19      0.0    180.0   0.00000000   0.00000000    261.6   75.4      5.0     86948
2017  1 31 20      0.0    179.6   0.00000000   0.00000000    261.8   76.5      5.7     86948
2017  1 31 21      0.0    178.6   0.00000000   0.00000000    262.4   72.0      5.5     86941
2017  1 31 22      0.0    177.7   0.00000000   0.00000000    262.1   71.5      5.4     86923
2017  1 31 23      0.0    177.8   0.00000000   0.00000000    262.1   76.2      5.3     86889
2017  2  1  0      0.0    178.3   0.00000000   0.00000000    262.0   80.8      5.5     86881
2017  2  1  1      0.0    179.2   0.00000000   0.00000000    262.4   81.9      5.8     86857
2017  2  1  2      0.0    185.8   0.00000000   0.00000000    262.6   82.7      5.3     86823
2017  2  1  3      0.0    197.3   0.00000000   0.00000000    262.6   84.0      5.4     86790
2017  2  1  4      0.0    195.1   0.00000000   0.00000000    262.7   86.9      5.3     86776
2017  2  1  5      0.0    199.7   0.00000000   0.00000000    263.4   88.8      5.6     86744
2017  2  1  6      0.0    208.2   0.00000000   0.00000000    263.9   91.7      5.7     86711
2017  2  1  7      0.0    211.7   0.00000000   0.00000000    263.8   96.9      5.9     86714
2017  2  1  8      0.1    212.2   0.00000003   0.00000000    262.9  100.0      6.4     86728
2017  2  1  9     32.2    220.8   0.00000014   0.00000002    263.0  100.0      6.6     86738
2017  2  1 10     58.9    270.7   0.00000023   0.00000030    264.0  100.0      6.2     86737
2017  2  1 11     87.7    274.8   0.00000034   0.00000008    265.2  100.0      6.5     86707
2017  2  1 12     91.5    275.9   0.00000078   0.00000009    264.7  100.0      6.3     86640
2017  2  1 13     87.0    277.3   0.00000055   0.00000008    264.9  100.0      6.1     86575
2017  2  1 14     62.8    278.0   0.00000046   0.00000009    264.9  100.0      6.3     86536
2017  2  1 15     33.5    277.7   0.00000043   0.00000010    264.7  100.0      6.5     86500
2017  2  1 16      4.5    277.2   0.00000042   0.00000009    264.5  100.0      6.6     86480
2017  2  1 17      0.0    276.9   0.00000055   0.00000008    264.4  100.0      6.7     86468
2017  2  1 18      0.0    277.0   0.00000069   0.00000009    264.4  100.0      7.0     86465
2017  2  1 19      0.0    276.8   0.00000058   0.00000012    264.3  100.0      7.6     86416
2017  2  1 20      0.0    276.5   0.00000056   0.00000012    264.4  100.0      6.9     86401
2017  2  1 21      0.0    276.9   0.00000058   0.00000005    264.5  100.0      6.9     86375
2017  2  1 22      0.0    272.4   0.00000046   0.00000004    264.7  100.0      7.7     86350
2017  2  1 23      0.0    251.1   0.00000046   0.00000001    264.7  100.0      6.7     86333
2017  2  2  0      0.0    246.2   0.00000040   0.00000000    264.5  100.0      6.5     86296
2017  2  2  1      0.0    270.7   0.00000042   0.00000000    264.5  100.0      7.2     86234
2017  2  2  2      0.0    234.5   0.00000030   0.00000000    263.9  100.0      7.0     86215
2017  2  2  3      0.0    229.4   0.00000040   0.00000002    263.5  100.0      7.4     86178
2017  2  2  4      0.0    274.1   0.00000069   0.00000002    264.2  100.0      7.0     86137
2017  2  2  5      0.0    277.1   0.00000085   0.00000005    264.5  100.0      6.4     86126
2017  2  2  6      0.0    277.5   0.00000096   0.00000004    264.6  100.0      6.3     86095
2017  2  2  7      0.0    277.7   0.00000199   0.00000001    264.8  100.0      5.9     86109
2017  2  2  8      0.2    277.9   0.00000998   0.00000001    264.8  100.0      5.7     86107
2017  2  2  9     18.3    276.9   0.00001337   0.00000000    265.0  100.0      5.9     86090
2017  2  2 10     49.7    277.5   0.00002092   0.00000000    265.3  100.0      6.2     86067
2017  2  2 11     67.6    279.2   0.00001280   0.00000003    265.5  100.0      6.9     86050
2017  2  2 12     73.2    281.1   0.00000893   0.00000002    265.8  100.0      5.8     85992
2017  2  2 13     81.9    280.6   0.00000436   0.00000001    266.1  100.0      6.1     85972
2017  2  2 14     68.8    280.0   0.00000371   0.00000001    266.4  100.0      5.5     85945
2017  2  2 15     35.4    281.0   0.00000297   0.00000000    266.4  100.0      5.0     85948
2017  2  2 16      5.2    282.8   0.00000101   0.00000001    266.4  100.0      5.2     85931
2017  2  2 17      0.0    284.7   0.00000105   0.00000002    266.3  100.0      5.4     85931
2017  2  2 18      0.0    284.2   0.00000137   0.00000005    266.2  100.0      5.5     85948
2017  2  2 19      0.0    284.2   0.00000144   0.00000013    266.1  100.0      5.6     85952
2017  2  2 20      0.0    284.4   0.00000147   0.00000017    266.3  100.0      5.3     85962
2017  2  2 21      0.0    285.9   0.00000197   0.00000018    266.7  100.0      5.2     85950
2017  2  2 22      0.0    287.6   0.00000377   0.00000009    267.0  100.0      5.3     85952
2017  2  2 23      0.0    288.6   0.00000231   0.00000007    267.2  100.0      5.8     85937
2017  2  3  0      0.0    289.3   0.00000206   0.00000008    267.3  100.0      5.7     85951
2017  2  3  1      0.0    289.3   0.00000508   0.00000006    267.5  100.0      5.7     85926
2017  2  3  2      0.0    278.5   0.00000371   0.00000001    267.6  100.0      5.8     85910
2017  2  3  3      0.0    291.2   0.00000081   0.00000005    267.8  100.0      5.5     85879
2017  2  3  4      0.0    291.8   0.00000091   0.00000014    267.9  100.0      5.7     85855
2017  2  3  5      0.0    292.0   0.00000092   0.00000017    268.0  100.0      5.9     85852
2017  2  3  6      0.0    291.8   0.00000294   0.00000015    267.9  100.0      5.7     85856
2017  2  3  7      0.0    290.9   0.00000683   0.00000008    267.8  100.0      5.6     85874
2017  2  3  8      0.2    291.1   0.00000866   0.00000007    267.9  100.0      5.4     85895
2017  2  3  9     10.7    291.9   0.00000795   0.00000003    268.2  100.0      5.4     85900
2017  2  3 10     30.6    293.4   0.00000767   0.00000003    268.7  100.0      5.5     85907
2017  2  3 11     42.9    294.7   0.00000341   0.00000007    268.9  100.0      5.8     85897
2017  2  3 12     56.1    298.2   0.00000077   0.00000015    269.8  100.0      5.6     85884
2017  2  3 13     57.8    299.3   0.00000306   0.00000007    270.1  100.0      5.5     85883
2017  2  3 14     46.2    296.5   0.00002230  -0.00000000    270.2   98.8      5.5     85873
2017  2  3 15     27.8    291.6   0.00002900   0.00000001    270.1   98.6      5.7     85862
2017  2  3 16      3.0    289.8   0.00002357   0.00000002    270.0   99.3      4.8     85883
2017  2  3 17      0.0    284.3   0.00002280  -0.00000002    269.9  100.0      4.8     85889
2017  2  3 18      0.0    276.6   0.00001556   0.00000004    269.7  100.0      4.6     85878
2017  2  3 19      0.0    292.3   0.00000788  -0.00000003    269.6  100.0      4.4     85884
2017  2  3 20      0.0    295.2   0.00000508   0.00000004    269.5  100.0      4.4     85896
2017  2  3 21      0.0    294.9   0.00000619  -0.00000003    269.4  100.0      4.8     85902
2017  2  3 22      0.0    293.0   0.00000583   0.00000001    269.3  100.0      4.7     85905
2017  2  3 23      0.0    294.6   0.00000553   0.00000002    269.3  100.0      4.4     85920
2017  2  4  0      0.0    296.0   0.00000474   0.00000001    269.4  100.0      4.2     85903
2017  2  4  1      0.0    297.1   0.00000379   0.00000000    269.3  100.0      4.7     85892
2017  2  4  2      0.0    295.3   0.00000453   0.00000003    269.2  100.0      5.0     85864
2017  2  4  3      0.0    296.2   0.00000334   0.00000004    269.1  100.0      4.8     85823
2017  2  4  4      0.0    296.5   0.00000267   0.00000019    269.1  100.0      5.6     85790
2017  2  4  5      0.0    296.5   0.00000256   0.00000032    268.9  100.0      5.7     85755
2017  2  4  6      0.0    295.5   0.00000202   0.00000046    268.7  100.0      6.3     85745
2017  2  4  7      0.0    294.3   0.00000212   0.00000050    268.3  100.0      7.3     85744
2017  2  4  8      0.2    292.7   0.00000289   0.00000050    268.1  100.0      8.2     85715
2017  2  4  9     10.1    291.9   0.00000227   0.00000041    267.9  100.0      9.2     85698
2017  2  4 10     25.2    290.7   0.00000230   0.00000050    267.7  100.0     10.0     85678
2017  2  4 11     42.8    290.2   0.00000215   0.00000037    267.8  100.0     10.6     85632
2017  2  4 12     41.6    294.0   0.00000233   0.00000031    268.5  100.0      9.4     85721
2017  2  4 13     42.8    292.5   0.00000211   0.00000032    268.2  100.0      9.5     85711
2017  2  4 14     32.8    291.4   0.00000209   0.00000038    268.0  100.0      9.1     85699
2017  2  4 15     20.8    290.3   0.00000151   0.00000029    267.8  100.0      8.7     85714
2017  2  4 16      3.2    289.3   0.00000224   0.00000023    267.6  100.0      8.1     85727
2017  2  4 17      0.0    288.8   0.00000301   0.00000012    267.7  100.0      7.2     85725
2017  2  4 18      0.0    288.4   0.00000399   0.00000009    267.3  100.0      6.8     85753
2017  2  4 19      0.0    286.0   0.00001915   0.00000007    266.9  100.0      7.7     85770
2017  2  4 20      0.0    281.9   0.00002628   0.00000002    266.6  100.0      7.7     85790
2017  2  4 21      0.0    281.2   0.00002736   0.00000002    266.3  100.0      7.8     85827
2017  2  4 22      0.0    278.4   0.00002658   0.00000003    266.1  100.0      7.7     85864
2017  2  4 23      0.0    274.9   0.00001464   0.00000000    266.0  100.0      6.1     85935
2017  2  5  0      0.0    280.1   0.00000632   0.00000003    266.1  100.0      5.0     85984
2017  2  5  1      0.0    280.1   0.00000787   0.00000003    266.1  100.0      4.8     86022
2017  2  5  2      0.0    281.2   0.00000853   0.00000003    266.2  100.0      4.0     86037
2017  2  5  3      0.0    281.3   0.00000490   0.00000001    266.1  100.0      3.4     86051
2017  2  5  4      0.0    281.3   0.00000365   0.00000003    266.2  100.0      3.6     86074
2017  2  5  5      0.0    281.5   0.00000357   0.00000001    266.2  100.0      4.3     86105
2017  2  5  6      0.0    281.9   0.00000423   0.00000002    266.3  100.0      4.7     86141
2017  2  5  7     -0.0    281.0   0.00000414   0.00000001    266.5  100.0      5.6     86179
2017  2  5  8      0.9    273.5   0.00000329  -0.00000001    266.7  100.0      6.1     86238
2017  2  5  9     21.4    280.5   0.00000400   0.00000001    267.1  100.0      6.9     86297
2017  2  5 10     82.9    264.8   0.00000332   0.00000001    267.2   99.1      7.9     86350
2017  2  5 11    134.5    252.0   0.00000414   0.00000001    267.0   99.0      8.5     86400
2017  2  5 12     87.9    277.3   0.00000262   0.00000002    267.3   97.4      7.5     86472
2017  2  5 13    193.0    210.0   0.00000230   0.00000000    267.2   96.8      7.2     86518
2017  2  5 14    147.1    216.1   0.00000146  -0.00000000    267.0   98.8      5.8     86560
2017  2  5 15     56.7    265.2   0.00000161   0.00000000    266.9   99.4      5.6     86611
2017  2  5 16     10.6    265.3   0.00000251   0.00000000    266.7   98.5      5.6     86650
2017  2  5 17      0.0    274.4   0.00000171   0.00000000    266.4   99.6      5.8     86709
2017  2  5 18      0.0    274.8   0.00000266   0.00000000    266.2  100.0      5.8     86749
2017  2  5 19      0.0    267.7   0.00000459   0.00000000    266.1  100.0      5.4     86821
2017  2  5 20      0.0    275.5   0.00000603  -0.00000000    266.1   98.3      6.5     86887
2017  2  5 21      0.0    273.8   0.00000712   0.00000000    266.0   98.2      7.6     86963
2017  2  5 22      0.0    268.3   0.00000625  -0.00000000    265.7  100.0      7.9     87043
2017  2  5 23      0.0    274.7   0.00000436   0.00000000    265.6  100.0      7.4     87112
2017  2  6  0      0.0    277.8   0.00000274   0.00000003    265.5  100.0      7.3     87177
2017  2  6  1      0.0    278.3   0.00000311   0.00000014    265.4  100.0      7.6     87224
2017  2  6  2      0.0    277.5   0.00000329   0.00000013    265.3  100.0      7.9     87258
2017  2  6  3      0.0    276.3   0.00000325   0.00000009    265.2  100.0      7.8     87312
2017  2  6  4      0.0    276.5   0.00000329   0.00000011    265.2  100.0      7.5     87380
2017  2  6  5      0.0    276.8   0.00000343   0.00000010    265.1  100.0      7.2     87427
2017  2  6  6      0.0    276.7   0.00000389   0.00000011    265.0  100.0      7.6     87485
2017  2  6  7     -0.0    276.5   0.00000429   0.00000011    265.0  100.0      8.0     87526
2017  2  6  8      0.9    276.6   0.00000426   0.00000012    265.0  100.0      7.9     87567
2017  2  6  9     17.1    277.4   0.00000418   0.00000017    264.9  100.0      8.8     87602
2017  2  6 10     45.8    276.5   0.00000430   0.00000026    264.9  100.0      9.8     87650
2017  2  6 11     70.7    272.9   0.00000383   0.00000023    264.7  100.0     10.0     87688
2017  2  6 12     67.9    277.2   0.00000389   0.00000031    266.0   99.6      9.1     87664
2017  2  6 13     70.5    275.7   0.00000297   0.00000024    265.7   98.3      9.6     87679
2017  2  6 14     57.1    274.0   0.00000307   0.00000020    265.4   99.2      9.7     87689
2017  2  6 15     31.5    272.3   0.00000343   0.00000021    264.6  100.0      9.8     87686
2017  2  6 16      7.5    270.8   0.00000226   0.00000015    264.1  100.0      9.3     87709
2017  2  6 17     -0.0    270.3   0.00000317   0.00000020    264.0  100.0      9.1     87722
2017  2  6 18      0.0    270.8   0.00000542   0.00000027    263.6  100.0     10.3     87726
2017  2  6 19      0.0    267.7   0.00000517   0.00000020    262.9  100.0     10.7     87741
2017  2  6 20      0.0    264.8   0.00000544   0.00000017    262.3  100.0     10.8     87752
2017  2  6 21      0.0    261.2   0.00000398   0.00000010    261.9  100.0     10.8     87742
2017  2  6 22      0.0    261.1   0.00000490   0.00000012    262.1  100.0     11.2     87715
2017  2  6 23      0.0    262.4   0.00000526   0.00000014    261.8  100.0     12.1     87720
2017  2  7  0      0.0    259.7   0.00000423   0.00000010    261.3  100.0     12.1     87720
2017  2  7  1      0.0    258.6   0.00000404   0.00000009    260.9  100.0     12.3     87713
2017  2  7  2      0.0    257.2   0.00000399   0.00000008    260.7  100.0     12.4     87694
2017  2  7  3      0.0    257.6   0.00000439   0.00000008    260.7  100.0     12.6     87681
2017  2  7  4      0.0    257.1   0.00000431   0.00000009    260.4  100.0     12.6     87672
2017  2  7  5      0.0    254.5   0.00000408   0.00000011    259.4  100.0     12.1     87687
2017  2  7  6      0.0    249.1   0.00000328   0.00000009    258.5  100.0     11.8     87720
2017  2  7  7      0.0    243.3   0.00000261   0.00000005    257.8  100.0     11.3     87753
2017  2  7  8      2.2    238.4   0.00000225   0.00000004    257.4  100.0     11.1     87770
2017  2  7  9     42.2    226.6   0.00000194   0.00000002    257.4  100.0     11.2     87796
2017  2  7 10    111.8    204.2   0.00000167   0.00000002    257.6  100.0     11.1     87831
2017  2  7 11    178.6    184.9   0.00000154   0.00000001    257.8  100.0     10.9     87878
2017  2  7 12    104.5    250.7   0.00000326   0.00000003    259.7  100.0     10.7     87946
2017  2  7 13    115.7    248.9   0.00000271   0.00000002    259.8  100.0     10.1     87982
2017  2  7 14    111.5    234.4   0.00000181   0.00000001    259.4  100.0      9.4     88023
2017  2  7 15     99.7    171.8   0.00000072   0.00000000    258.6  100.0      7.5     88076
2017  2  7 16     26.0    157.1   0.00000030   0.00000001    257.4  100.0      5.9     88141
2017  2  7 17      0.0    151.8   0.00000041  -0.00000000    256.3  100.0      5.1     88193
2017  2  7 18      0.0    149.4   0.00000067   0.00000000    255.8  100.0      5.5     88242
2017  2  7 19      0.0    161.4   0.00000105   0.00000001    255.8  100.0      6.5     88269
2017  2  7 20      0.0    199.8   0.00000135   0.00000000    256.1  100.0      7.6     88266
2017  2  7 21      0.0    200.8   0.00000133   0.00000000    256.0  100.0      8.1     88280
2017  2  7 22      0.0    182.0   0.00000122  -0.00000000    255.7  100.0      7.9     88290
2017  2  7 23      0.0    152.3   0.00000101   0.00000000    255.5  100.0      7.9     88310
2017  2  8  0      0.0    148.4   0.00000088  -0.00000000    255.5  100.0      8.8     88338
2017  2  8  1      0.0    170.5   0.00000136   0.00000000    255.7  100.0      8.2     88413
2017  2  8  2      0.0    210.1   0.00000166  -0.00000000    255.8  100.0      7.2     88422
2017  2  8  3      0.0    169.3   0.00000116   0.00000000    255.3  100.0      6.1     88435
2017  2  8  4      0.0    148.9   0.00000102   0.00000000    254.6  100.0      5.3     88446
2017  2  8  5      0.0    148.5   0.00000075   0.00000000    254.3  100.0      5.2     88461
2017  2  8  6      0.0    152.5   0.00000055   0.00000000    254.3  100.0      5.0     88501
2017  2  8  7     -0.0    155.1   0.00000039  -0.00000000    254.2  100.0      5.0     88532
2017  2  8  8      5.4    156.6   0.00000025   0.00000000    254.0  100.0      4.7     88549
2017  2  8  9     70.4    159.2   0.00000013   0.00000000    254.7  100.0      4.5     88596
2017  2  8 10    151.8    161.8   0.00000007  -0.00000000    255.7  100.0      4.7     88626
2017  2  8 11    212.5    163.7   0.00000004   0.00000000    256.7  100.0      5.3     88653
2017  2  8 12    207.0    193.6   0.00000029   0.00000000    257.6  100.0      8.2     88569
2017  2  8 13    222.4    172.7   0.00000009   0.00000000    257.5  100.0      7.4     88580
2017  2  8 14    187.3    162.5   0.00000006   0.00000000    257.2  100.0      5.8     88594
2017  2  8 15    112.9    160.5   0.00000005   0.00000000    256.4  100.0      4.1     88598
2017  2  8 16     28.3    161.4   0.00000005   0.00000000    255.3  100.0      4.0     88601
2017  2  8 17      0.0    162.4   0.00000003   0.00000000    254.6  100.0      4.0     88641
2017  2  8 18      0.0    162.7   0.00000002   0.00000000    254.1  100.0      4.0     88670
2017  2  8 19      0.0    162.8   0.00000005   0.00000000    253.8  100.0      3.8     88664
2017  2  8 20      0.0    164.5   0.00000006   0.00000000    253.7  100.0      4.0     88668
2017  2  8 21      0.0    173.0   0.00000013   0.00000000    253.8  100.0      4.2     88672
2017  2  8 22      0.0    172.7   0.00000027   0.00000000    253.8  100.0      4.3     88669
2017  2  8 23      0.0    165.6   0.00000053   0.00000000    253.6  100.0      4.4     88686
2017  2  9  0      0.0    166.3   0.00000074   0.00000000    253.5  100.0      4.2     88700
2017  2  9  1      0.0    166.5   0.00000069   0.00000000    253.6  100.0      4.3     88694
2017  2  9  2      0.0    165.7   0.00000040   0.00000000    254.0  100.0      4.7     88668
2017  2  9  3      0.0    167.1   0.00000024   0.00000000    254.3  100.0      4.7     88649
2017  2  9  4      0.0    171.8   0.00000029   0.00000000    254.5  100.0      4.5     88646
2017  2  9  5      0.0    173.5   0.00000083   0.00000000    254.5  100.0      4.6     88617
2017  2  9  6      0.0    173.1   0.00000155   0.00000000    254.7  100.0      5.1     88600
2017  2  9  7     -0.0    168.4   0.00000079   0.00000000    254.7  100.0      5.5     88601
2017  2  9  8      6.5    163.6   0.00000023   0.00000000    254.9  100.0      5.6     88586
2017  2  9  9     73.9    163.4   0.00000010   0.00000000    255.7  100.0      5.7     88576
2017  2  9 10    158.9    162.7   0.00000006   0.00000000    257.1   97.3      6.2     88566
2017  2  9 11    222.5    163.8   0.00000002   0.00000000    258.4   91.3      7.1     88571
2017  2  9 12    211.4    187.7   0.00000386   0.00000000    259.4  100.0      6.4     88563
2017  2  9 13    211.0    183.1   0.00000361   0.00000000    259.6   97.3      5.7     88543
2017  2  9 14    168.3    183.8   0.00000337   0.00000000    259.2   97.7      5.2     88531
2017  2  9 15     98.7    189.2   0.00000372   0.00000000    258.8   97.5      5.5     88502
2017  2  9 16     27.7    183.0   0.00000435   0.00000000    258.1   97.7      6.2     88456
2017  2  9 17      0.0    177.0   0.00000369   0.00000000    257.4  100.0      5.7     88449
2017  2  9 18      0.0    174.4   0.00000248   0.00000000    257.1  100.0      5.9     88439
2017  2  9 19      0.0    171.0   0.00000209   0.00000000    256.7  100.0      5.9     88423
2017  2  9 20      0.0    169.4   0.00000224   0.00000000    256.2  100.0      5.8     88408
2017  2  9 21      0.0    170.8   0.00000280   0.00000000    255.7  100.0      5.2     88438
2017  2  9 22      0.0    172.1   0.00000367   0.00000000    255.3  100.0      4.7     88469
2017  2  9 23      0.0    171.3   0.00000372   0.00000000    254.9  100.0      4.3     88483
2017  2 10  0      0.0    170.2   0.00000339   0.00000000    254.6  100.0      4.2     88491
2017  2 10  1      0.0    171.2   0.00000369   0.00000000    254.5  100.0      4.1     88496
2017  2 10  2      0.0    170.4   0.00000327   0.00000000    254.5  100.0      4.2     88465
2017  2 10  3      0.0    170.8   0.00000264   0.00000000    254.5  100.0      4.3     88437
2017  2 10  4      0.0    192.7   0.00000235   0.00000000    255.5  100.0      4.8     88413
2017  2 10  5      0.0    196.9   0.00000215   0.00000000    256.1  100.0      4.7     88402
2017  2 10  6     -0.0    198.8   0.00000210   0.00000000    256.1  100.0      4.2     88416
2017  2 10  7      0.0    206.4   0.00000222   0.00000000    256.1  100.0      3.8     88448
2017  2 10  8      5.7    204.8   0.00000226   0.00000000    256.0  100.0      3.5     88477
2017  2 10  9     58.6    201.4   0.00000211   0.00000000    256.5  100.0      3.5     88497
2017  2 10 10    128.6    194.3   0.00000210   0.00000000    257.9  100.0      4.5     88508
2017  2 10 11    181.9    195.4   0.00000188   0.00000000    259.1  100.0      5.4     88533
2017  2 10 12    177.3    228.1   0.00000149   0.00000001    261.4  100.0      7.5     88430
2017  2 10 13    155.4    240.7   0.00000144   0.00000001    261.6  100.0      7.1     88425
2017  2 10 14     90.0    256.8   0.00000171   0.00000003    261.5  100.0      6.3     88442
2017  2 10 15     48.3    257.6   0.00000188   0.00000003    261.4  100.0      5.9     88443
2017  2 10 16     15.6    255.8   0.00000166   0.00000001    261.2  100.0      5.4     88448
2017  2 10 17      0.0    255.8   0.00000149   0.00000001    261.0  100.0      5.1     88459
2017  2 10 18      0.0    253.0   0.00000125  -0.00000000    260.8  100.0      5.3     88446
2017  2 10 19      0.0    252.9   0.00000108   0.00000000    260.6  100.0      5.9     88446
2017  2 10 20      0.0    256.0   0.00000120   0.00000001    260.7  100.0      5.4     88457
2017  2 10 21      0.0    255.4   0.00000148   0.00000000    260.9  100.0      5.4     88469
2017  2 10 22      0.0    260.8   0.00000164   0.00000000    261.3  100.0      4.8     88499
2017  2 10 23      0.0    259.1   0.00000149  -0.00000000    261.4  100.0      3.6     88519
2017  2 11  0      0.0    261.2   0.00000155   0.00000000    261.2  100.0      3.5     88525
2017  2 11  1      0.0    262.3   0.00000163   0.00000000    261.2  100.0      3.3     88536
2017  2 11  2      0.0    262.7   0.00000174   0.00000000    261.3  100.0      3.2     88552
2017  2 11  3      0.0    263.3   0.00000237   0.00000000    261.4  100.0      3.2     88541
2017  2 11  4      0.0    262.8   0.00000360   0.00000000    261.5  100.0      2.7     88557
2017  2 11  5      0.0    241.6   0.00000328   0.00000000    261.0  100.0      2.3     88556
2017  2 11  6     -0.0    193.8   0.00000042   0.00000000    259.9  100.0      2.2     88564
2017  2 11  7     -0.0    189.7   0.00000004  -0.00000001    259.2  100.0      2.4     88592
2017  2 11  8      9.0    191.1  -0.00000000   0.00000000    259.4   95.6      3.1     88605
2017  2 11  9     79.5    189.8   0.00000000   0.00000000    260.6   88.7      3.4     88614
2017  2 11 10    159.4    194.8   0.00000000  -0.00000001    262.2   86.4      3.5     88642
2017  2 11 11    224.2    194.8   0.00000000   0.00000001    263.9   82.1      3.4     88645
2017  2 11 12    250.0    201.1   0.00000054   0.00000000    265.2  100.0      2.7     88598
2017  2 11 13    244.8    199.9   0.00000003   0.00000000    265.7   98.9      2.7     88601
2017  2 11 14    198.8    199.9  -0.00000000   0.00000000    265.7   98.4      2.4     88589
2017  2 11 15    123.0    199.5   0.00000000   0.00000000    265.1   97.8      2.1     88583
2017  2 11 16     37.3    199.0  -0.00000000   0.00000000    263.8   98.8      1.7     88605
2017  2 11 17      0.0    198.8   0.00000000   0.00000000    262.2  100.0      1.4     88608
2017  2 11 18      0.0    198.5   0.00000000   0.00000000    261.1  100.0      1.5     88618
2017  2 11 19      0.0    197.6   0.00000000   0.00000000    260.3  100.0      1.4     88623
2017  2 11 20      0.0    197.1   0.00000000   0.00000000    259.8  100.0      1.7     88645
2017  2 11 21      0.0    197.0   0.00000000   0.00000000    259.7  100.0      1.2     88664
2017  2 11 22      0.0    197.4   0.00000000   0.00000000    260.1  100.0      1.4     88668
2017  2 11 23      0.0    197.8   0.00000000   0.00000000    260.4  100.0      1.4     88683
2017  2 12  0      0.0    197.3   0.00000000   0.00000000    258.8  100.0      2.7     88683
2017  2 12  1      0.0    196.7   0.00000000   0.00000000    261.3   95.2      2.8     88676
2017  2 12  2      0.0    195.9   0.00000000   0.00000000    260.0   98.8      2.4     88698
2017  2 12  3      0.0    195.6   0.00000000   0.00000000    258.9  100.0      2.1     88713
2017  2 12  4      0.0    195.4  -0.00000000   0.00000000    258.6  100.0      2.2     88714
2017  2 12  5      0.0    195.1  -0.00000000   0.00000000    262.0   88.4      3.1     88706
2017  2 12  6     -0.0    198.3  -0.00000000   0.00000000    261.9   85.5      2.5     88704
2017  2 12  7      0.0    201.9  -0.00000001   0.00000000    259.7   93.5      1.9     88735
2017  2 12  8     11.4    197.0   0.00000002   0.00000000    263.5   75.9      3.9     88779
2017  2 12  9     87.9    196.9  -0.00000001   0.00000000    265.2   68.3      3.4     88785
2017  2 12 10    174.3    198.5   0.00000000   0.00000000    267.1   65.3      3.9     88807
2017  2 12 11    237.2    200.7   0.00000000   0.00000000    268.3   67.8      4.5     88821
2017  2 12 12    270.9    189.8   0.00000000   0.00000000    265.9   49.7      2.7     88714
2017  2 12 13    229.4    211.3   0.00000000   0.00000000    266.9   50.8      4.6     88696
2017  2 12 14    198.0    201.2   0.00000000   0.00000000    266.6   50.9      5.5     88697
2017  2 12 15    123.4    202.4   0.00000000   0.00000000    265.7   56.3      5.0     88708
2017  2 12 16     39.9    202.0   0.00000000   0.00000000    264.5   60.2      5.0     88718
2017  2 12 17      0.1    206.6   0.00000000   0.00000000    264.0   61.0      5.2     88746
2017  2 12 18      0.0    207.2   0.00000000   0.00000000    264.1   61.2      5.3     88755
2017  2 12 19      0.0    210.2   0.00000000   0.00000000    264.1   65.1      5.3     88736
2017  2 12 20      0.0    213.2   0.00000000   0.00000000    264.4   71.2      5.0     88728
2017  2 12 21      0.0    217.4   0.00000000   0.00000000    264.5   76.1      4.4     88723
2017  2 12 22      0.0    215.8   0.00000000   0.00000000    264.6   77.1      2.8     88723
2017  2 12 23      0.0    215.1   0.00000000   0.00000000    263.8   82.9      2.5     88728
2017  2 13  0      0.0    217.3   0.00000000   0.00000000    265.4   77.8      4.7     88718
2017  2 13  1      0.0    219.4   0.00000000   0.00000000    266.0   78.7      4.7     88725
2017  2 13  2      0.0    221.0   0.00000000   0.00000000    266.9   77.6      4.7     88714
2017  2 13  3      0.0    222.9   0.00000000   0.00000000    267.5   76.6      4.4     88702
2017  2 13  4      0.0    223.1   0.00000000   0.00000000    267.7   77.7      4.7     88712
2017  2 13  5      0.0    221.8   0.00000000   0.00000000    266.9   79.7      5.4     88725
2017  2 13  6      0.0    220.3   0.00000000   0.00000000    266.9   80.5      5.0     88722
2017  2 13  7     -0.0    220.5   0.00000000   0.00000000    266.9   79.9      5.1     88738
2017  2 13  8     12.9    221.2   0.00000000   0.00000000    267.6   79.9      4.8     88766
2017  2 13  9     88.9    223.7   0.00000000   0.00000000    269.2   76.7      4.6     88784
2017  2 13 10    173.9    226.7   0.00000000   0.00000000    271.1   73.8      5.1     88766
2017  2 13 11    237.1    229.5   0.00000000   0.00000000    272.7   71.8      4.2     88755
2017  2 13 12    267.8    227.7   0.00000000   0.00000000    271.4   74.9      1.4     88681
2017  2 13 13    258.2    227.5   0.00000000   0.00000000    271.1   82.1      0.9     88691
2017  2 13 14    210.8    226.8   0.00000000   0.00000000    271.0   79.5      1.8     88709
2017  2 13 15    134.0    224.8   0.00000000   0.00000000    270.7   78.4      1.8     88685
2017  2 13 16     45.6    223.5   0.00000000   0.00000000    268.9   82.0      2.0     88681
2017  2 13 17      0.3    222.8   0.00000000   0.00000000    267.4   81.1      3.6     88696
2017  2 13 18      0.0    224.8   0.00000000   0.00000000    269.5   66.8      3.7     88677
2017  2 13 19      0.0    225.7   0.00000000   0.00000000    270.0   66.1      3.5     88650
2017  2 13 20      0.0    226.1   0.00000000   0.00000000    270.2   65.8      3.6     88643
2017  2 13 21      0.0    225.4   0.00000000   0.00000000    270.2   65.7      3.4     88651
2017  2 13 22      0.0    224.9   0.00000000   0.00000000    268.4   72.5      2.4     88640
2017  2 13 23      0.0    224.0   0.00000000   0.00000000    265.8   83.4      2.0     88640
2017  2 14  0      0.0    223.0   0.00000000   0.00000000    264.9   85.3      1.4     88611
2017  2 14  1      0.0    221.1   0.00000000   0.00000000    264.8   81.5      1.5     88592
2017  2 14  2      0.0    218.2   0.00000000   0.00000000    263.7   85.7      2.6     88568
2017  2 14  3      0.0    216.7   0.00000000   0.00000000    266.7   68.1      3.4     88545
2017  2 14  4      0.0    217.3   0.00000000   0.00000000    267.9   65.5      3.3     88524
2017  2 14  5      0.0    216.8   0.00000000   0.00000000    268.5   65.2      3.6     88520
2017  2 14  6      0.0    217.0   0.00000000   0.00000000    268.9   64.8      3.7     88518
2017  2 14  7     -0.0    216.6   0.00000000   0.00000000    269.1   65.2      3.8     88527
2017  2 14  8     16.1    216.8   0.00000000   0.00000000    269.3   64.9      3.3     88533
2017  2 14  9     97.7    218.2   0.00000000   0.00000000    270.2   62.5      3.1     88546
2017  2 14 10    185.2    219.7   0.00000000   0.00000000    271.7   60.1      3.2     88562
2017  2 14 11    249.8    220.4   0.00000000   0.00000000    272.9   58.9      3.1     88549
2017  2 14 12    274.2    219.7   0.00000000   0.00000000    271.2   52.2      2.4     88474
2017  2 14 13    270.6    216.9   0.00000000   0.00000000    272.1   51.8      2.4     88444
2017  2 14 14    222.5    216.4   0.00000000   0.00000000    272.1   50.9      2.4     88420
2017  2 14 15    143.8    214.7   0.00000000   0.00000000    269.6   68.3      1.7     88392
2017  2 14 16     52.0    212.4   0.00000000   0.00000000    268.1   69.1      1.5     88360
2017  2 14 17      0.7    210.3   0.00000000   0.00000000    266.2   70.6      1.6     88352
2017  2 14 18      0.0    208.5   0.00000000   0.00000000    264.3   83.4      2.4     88346
2017  2 14 19      0.0    208.5   0.00000000   0.00000000    265.6   62.7      3.2     88328
2017  2 14 20      0.0    206.8   0.00000000   0.00000000    262.5   79.6      2.1     88307
2017  2 14 21      0.0    204.3   0.00000000   0.00000000    261.5   75.6      1.6     88311
2017  2 14 22      0.0    200.4   0.00000000   0.00000000    267.2   39.4      4.4     88301
2017  2 14 23      0.0    192.3   0.00000000   0.00000000    268.3   38.4      5.0     88289
2017  2 15  0      0.0    184.8   0.00000000   0.00000000    268.6   37.8      5.5     88273
2017  2 15  1      0.0    183.2   0.00000000   0.00000000    268.4   39.6      5.4     88274
2017  2 15  2      0.0    187.4   0.00000000   0.00000000    268.4   40.8      4.9     88233
2017  2 15  3      0.0    191.3   0.00000000   0.00000000    268.1   43.4      4.1     88188
2017  2 15  4      0.0    193.5   0.00000000   0.00000000    267.6   44.4      3.6     88149
2017  2 15  5      0.0    197.4   0.00000000   0.00000000    267.5   47.3      3.7     88112
2017  2 15  6      0.0    202.6   0.00000000   0.00000000    267.8   48.7      4.5     88080
2017  2 15  7      0.0    206.4   0.00000000   0.00000000    268.3   56.3      4.6     88075
2017  2 15  8     19.0    211.9   0.00000000   0.00000000    269.0   64.1      5.1     88064
2017  2 15  9    103.7    215.7   0.00000000   0.00000000    270.1   70.1      4.0     88055
2017  2 15 10    191.7    216.8   0.00000000   0.00000000    270.5   68.6      2.5     88058
2017  2 15 11    255.0    218.8   0.00000000   0.00000000    271.6   71.1      3.5     88044
2017  2 15 12    286.1    216.1   0.00000000   0.00000000    271.9   69.7      3.0     87969
2017  2 15 13    272.1    221.5   0.00000000   0.00000000    271.8   77.0      3.3     87917
2017  2 15 14    220.9    225.3   0.00000000   0.00000000    271.2   83.4      3.2     87894
2017  2 15 15    141.6    226.2   0.00000000   0.00000000    270.3   88.1      2.8     87833
2017  2 15 16     53.6    223.5   0.00000001   0.00000000    269.3   93.0      2.7     87794
2017  2 15 17      1.1    223.8   0.00000002   0.00000000    268.2   98.5      2.6     87744
2017  2 15 18      0.0    239.1   0.00000012   0.00000000    266.2  100.0      1.9     87708
2017  2 15 19      0.0    294.2   0.00000019   0.00000000    266.5  100.0      1.7     87646
2017  2 15 20      0.0    267.4   0.00000017   0.00000000    266.8  100.0      2.2     87574
2017  2 15 21      0.0    234.8   0.00000010   0.00000000    267.4  100.0      2.3     87532
2017  2 15 22      0.0    250.8   0.00000017   0.00000000    264.5  100.0      0.8     87492
2017  2 15 23      0.0    240.0   0.00000019   0.00000000    264.9  100.0      2.1     87442
2017  2 16  0      0.0    290.9   0.00000151   0.00000000    267.2  100.0      2.3     87367
2017  2 16  1      0.0    269.0   0.00000070   0.00000000    267.1  100.0      2.1     87281
2017  2 16  2      0.0    282.5   0.00000394   0.00000003    268.1  100.0      3.3     87187
2017  2 16  3      0.0    284.4   0.00000559   0.00000003    268.4  100.0      3.4     87087
2017  2 16  4      0.0    279.6   0.00000321   0.00000003    268.7  100.0      3.6     86992
2017  2 16  5      0.0    266.8   0.00000272   0.00000003    268.3  100.0      3.5     86908
2017  2 16  6      0.0    270.1   0.00000440   0.00000017    268.0  100.0      3.2     86839
2017  2 16  7      0.0    283.7   0.00000307   0.00000031    268.2  100.0      2.1     86791
2017  2 16  8      8.9    288.9   0.00000127   0.00000014    268.3  100.0      1.6     86737
2017  2 16  9     45.1    286.1   0.00001058   0.00000000    269.8   98.9      2.5     86681
2017  2 16 10     86.9    283.4   0.00001435   0.00000000    270.4   98.7      3.0     86645
2017  2 16 11    130.4    275.5   0.00001526  -0.00000003    271.2   96.7      3.1     86606
2017  2 16 12    157.8    267.8   0.00000236   0.00000000    272.0   92.5      2.5     86602
2017  2 16 13    171.2    264.0   0.00000059   0.00000000    272.3   92.0      3.1     86551
2017  2 16 14    138.7    261.8   0.00000377   0.00000000    271.9   93.0      3.8     86511
2017  2 16 15     86.8    263.5   0.00000606   0.00000000    271.2   96.7      3.6     86499
2017  2 16 16     27.7    280.6   0.00000678   0.00000000    270.5  100.0      4.1     86476
2017  2 16 17      0.8    290.8   0.00000351   0.00000002    270.1  100.0      4.2     86456
2017  2 16 18      0.0    298.8   0.00000202   0.00000003    270.1  100.0      4.7     86455
2017  2 16 19      0.0    297.5   0.00000181   0.00000004    270.1  100.0      4.9     86452
2017  2 16 20      0.0    299.8   0.00000183   0.00000008    270.2  100.0      4.9     86469
2017  2 16 21      0.0    300.7   0.00000206   0.00000013    270.2  100.0      5.1     86482
2017  2 16 22      0.0    299.4   0.00000229   0.00000008    270.1  100.0      5.3     86513
2017  2 16 23      0.0    290.4   0.00000198   0.00000001    270.1  100.0      5.4     86530
2017  2 17  0      0.0    289.1   0.00000143   0.00000001    270.0  100.0      5.5     86541
2017  2 17  1      0.0    290.7   0.00000084   0.00000005    270.0  100.0      5.8     86568
2017  2 17  2      0.0    296.7   0.00000125   0.00000009    270.1  100.0      6.0     86585
2017  2 17  3      0.0    282.4   0.00000231   0.00000004    270.1  100.0      6.2     86593
2017  2 17  4      0.0    291.4   0.00000192   0.00000004    270.1  100.0      7.0     86608
2017  2 17  5      0.0    296.2   0.00000137   0.00000009    270.1  100.0      8.0     86613
2017  2 17  6      0.0    297.0   0.00000101   0.00000013    270.1  100.0      9.2     86636
2017  2 17  7      0.0    280.7   0.00000046   0.00000009    269.8  100.0      9.0     86673
2017  2 17  8     16.4    271.1   0.00000034   0.00000000    269.6  100.0      8.1     86736
2017  2 17  9     61.9    287.1   0.00000035   0.00000004    269.2  100.0      8.0     86783
2017  2 17 10    112.7    289.2   0.00000028   0.00000004    269.2  100.0      8.4     86815
2017  2 17 11    157.7    284.7   0.00000027   0.00000004    269.4  100.0      8.9     86856
2017  2 17 12    163.1    274.7   0.00000020   0.00000002    269.4  100.0     10.1     86854
2017  2 17 13    172.7    265.6   0.00000012   0.00000002    269.4  100.0      9.9     86847
2017  2 17 14    150.4    277.6   0.00000033   0.00000005    269.5  100.0      8.6     86867
2017  2 17 15     74.8    293.0   0.00000043   0.00000012    269.4  100.0      8.3     86928
2017  2 17 16     26.2    294.1   0.00000067   0.00000016    269.1  100.0      7.5     86969
2017  2 17 17      1.0    294.5   0.00000072   0.00000004    269.2  100.0      5.5     87004
2017  2 17 18      0.0    291.8   0.00000071   0.00000001    269.2   99.9      5.1     87056
2017  2 17 19      0.0    276.6   0.00000050  -0.00000000    269.0   97.5      4.4     87077
2017  2 17 20      0.0    227.4   0.00000017   0.00000001    267.9   98.6      4.1     87077
2017  2 17 21      0.0    201.4   0.00000003  -0.00000001    267.1   99.5      4.9     87064
2017  2 17 22      0.0    200.0   0.00000002   0.00000001    266.8   99.4      6.3     87036
2017  2 17 23      0.0    200.0   0.00000001  -0.00000001    267.0   97.8      6.9     87009
2017  2 18  0      0.0    200.5  -0.00000001   0.00000000    267.1   95.0      7.5     86996
2017  2 18  1      0.0    207.1   0.00000000  -0.00000001    267.2   92.6      7.2     86974
2017  2 18  2      0.0    212.7   0.00000000  -0.00000000    267.1   93.0      7.0     86954
2017  2 18  3      0.0    229.4   0.00000001   0.00000001    267.2   93.5      6.7     86902
2017  2 18  4      0.0    225.8   0.00000000  -0.00000001    267.3   92.9      7.3     86861
2017  2 18  5      0.0    208.3   0.00000000   0.00000001    267.7   93.6      8.4     86815
2017  2 18  6     -0.0    209.2   0.00000002  -0.00000001    267.6   97.4      9.1     86801
2017  2 18  7      0.0    217.8   0.00000021   0.00000002    267.6  100.0      7.3     86789
2017  2 18  8     16.2    261.9   0.00000053  -0.00000001    268.2  100.0      6.0     86768
2017  2 18  9     54.7    282.4   0.00000064   0.00000002    268.6  100.0      5.3     86747
2017  2 18 10    120.4    261.0   0.00000110   0.00000003    268.8  100.0      4.2     86693
2017  2 18 11    174.2    247.1   0.00000781   0.00000001    270.5   91.1      5.0     86568
2017  2 18 12    222.6    236.6   0.00001050   0.00000000    271.1   90.3      6.8     86454
2017  2 18 13    200.4    248.0   0.00002370   0.00000000    271.5   90.9      4.5     86397
2017  2 18 14     67.8    300.0   0.00002098   0.00000000    272.1   90.7      3.2     86314
2017  2 18 15     28.4    305.0   0.00002054   0.00000000    272.5   90.1      1.4     86209
2017  2 18 16     16.2    300.7   0.00003015   0.00000000    272.4   92.6      1.1     86111
2017  2 18 17      1.7    278.7   0.00003084  -0.00000000    272.1   89.6      3.1     85962
2017  2 18 18      0.1    250.3   0.00003067   0.00000000    271.5   89.9      4.3     85880
2017  2 18 19      0.0    250.8   0.00005212   0.00000000    271.8   89.2      7.2     85783
2017  2 18 20      0.0    253.2   0.00008042  -0.00000000    272.2   90.3      9.1     85735
2017  2 18 21      0.0    246.9   0.00008477   0.00000000    272.4   90.4     10.4     85714
2017  2 18 22      0.0    251.0   0.00005167   0.00000000    272.2   95.1     10.2     85692
2017  2 18 23      0.0    227.0   0.00001471   0.00000009    272.6   96.5     13.0     85643
2017  2 19  0      0.0    228.3   0.00003915   0.00000000    272.5   94.8     12.9     85548
2017  2 19  1      0.0    225.7   0.00006882   0.00000000    272.4   95.1     15.4     85481
2017  2 19  2      0.0    219.9   0.00002969   0.00000000    272.1   96.2     14.5     85505
2017  2 19  3      0.0    224.1   0.00002389   0.00000010    271.6   96.3     10.2     85605
2017  2 19  4      0.0    271.1   0.00001887   0.00000000    271.7   94.9      9.3     85618
2017  2 19  5      0.0    284.2   0.00002403   0.00000000    271.9   94.6      8.8     85662
2017  2 19  6      0.0    295.3   0.00002219   0.00000000    271.8   94.7      8.8     85696
2017  2 19  7      0.0    303.0   0.00000983   0.00000010    271.7   96.4     10.4     85731
2017  2 19  8      6.7    302.9   0.00001258   0.00000000    271.4   98.9     10.7     85729
2017  2 19  9     36.8    303.0   0.00001021   0.00000010    271.5   98.9     11.5     85743
2017  2 19 10     56.0    304.9   0.00000739   0.00000011    271.5   98.7     11.5     85720
2017  2 19 11     61.2    304.8   0.00000897   0.00000001    271.7   97.7     12.3     85697
2017  2 19 12     54.3    305.2   0.00000795   0.00000091    271.5   99.6     11.5     85688
2017  2 19 13     43.7    306.1   0.00001286   0.00000181    271.5  100.0     13.2     85634
2017  2 19 14     40.0    306.2   0.00001552   0.00000040    271.7   98.7     14.5     85614
2017  2 19 15     28.6    305.8   0.00001387   0.00000099    271.5   99.3     13.7     85548
2017  2 19 16     13.4    304.7   0.00001420   0.00000014    271.2  100.0     17.2     85454
2017  2 19 17      1.1    304.0   0.00000970   0.00000017    271.3   99.1     18.1     85360
2017  2 19 18      0.0    301.8   0.00000738   0.00000003    271.3   99.6     19.0     85289
2017  2 19 19      0.0    257.2   0.00001394   0.00000003    271.3   97.7     19.5     85242
2017  2 19 20      0.0    240.5   0.00003409   0.00000003    271.5   95.7     17.9     85274
2017  2 19 21      0.0    249.3   0.00003504   0.00000001    271.4   95.8     14.8     85237
2017  2 19 22      0.0    255.6   0.00004870   0.00000002    271.8   91.2     12.6     85217
2017  2 19 23      0.0    281.8   0.00005712  -0.00000001    271.6   89.5     12.9     85146
2017  2 20  0      0.0    293.0   0.00009649   0.00000003    271.7   88.3     11.2     85080
2017  2 20  1      0.0    295.7   0.00009207  -0.00000003    271.5   90.1      7.4     85000
2017  2 20  2      0.0    298.7   0.00008222   0.00000000    272.0   90.3      7.4     84943
2017  2 20  3      0.0    304.5   0.00004941   0.00000006    273.0   91.5     10.3     84902
2017  2 20  4      0.0    304.7   0.00005000   0.00000001    273.7   90.2     12.4     84849
2017  2 20  5      0.0    302.3   0.00003723   0.00000001    273.3   91.2     11.8     84824
2017  2 20  6      0.0    297.3   0.00002129   0.00000001    272.9   90.7     12.4     84808
2017  2 20  7      0.0    292.0   0.00001352  -0.00000001    272.6   92.1     11.1     84763
2017  2 20  8     12.4    288.0   0.00001898   0.00000001    272.4   93.2     10.5     84697
2017  2 20  9     45.7    284.9   0.00004036  -0.00000003    272.2   92.6     11.1     84628
2017  2 20 10     87.8    277.3   0.00004769  -0.00000001    271.8   93.8     12.3     84561
2017  2 20 11    131.1    268.6   0.00005130  -0.00000000    271.5   93.8     12.5     84488
2017  2 20 12    245.6    245.8   0.00004831  -0.00000000    272.3   94.7     11.4     84491
2017  2 20 13    223.6    253.0   0.00003984   0.00000004    272.5   94.2     11.7     84453
2017  2 20 14    180.1    254.3   0.00002746   0.00000001    272.2   95.8     10.5     84405
2017  2 20 15     94.3    272.4   0.00002923   0.00000002    272.2   95.0     10.7     84345
2017  2 20 16     37.8    276.5   0.00004993  -0.00000000    272.0   93.5     12.7     84291
2017  2 20 17      2.4    274.0   0.00008856   0.00000002    271.8   93.5     13.0     84265
2017  2 20 18      0.0    261.3   0.00011990  -0.00000003    271.5   93.8     11.6     84274
2017  2 20 19      0.0    281.3   0.00013459   0.00000001    271.4   91.2     12.8     84274
2017  2 20 20      0.0    289.7   0.00017045   0.00000001    271.0   92.5     16.0     84293
2017  2 20 21      0.0    266.1   0.00006581   0.00000001    270.0   95.7     16.4     84295
2017  2 20 22      0.0    261.7   0.00006204   0.00000002    269.3   97.9     15.0     84293
2017  2 20 23      0.0    261.0   0.00003147   0.00000001    269.1   97.2     10.9     84287
2017  2 21  0      0.0    282.4   0.00016500   0.00000000    268.7   96.8     16.1     84231
2017  2 21  1      0.0    260.5   0.00009162   0.00000001    268.8   94.8     15.4     84228
2017  2 21  2      0.0    285.5   0.00008459   0.00000001    268.6   98.6     16.1     84266
2017  2 21  3      0.0    260.9   0.00002113   0.00000007    268.7   97.7     13.1     84274
2017  2 21  4      0.0    271.9   0.00008704   0.00000001    268.7   95.7     13.9     84300
2017  2 21  5      0.0    277.3   0.00010999   0.00000000    268.8   98.3     11.9     84342
2017  2 21  6     -0.1    259.0   0.00002633   0.00000003    268.5   99.7     11.5     84362
2017  2 21  7      0.0    229.5   0.00003447   0.00000002    268.3   99.3     11.3     84453
2017  2 21  8     13.9    263.5   0.00001741   0.00000000    268.7  100.0      8.4     84551
2017  2 21  9     65.1    279.2   0.00000808   0.00000015    268.5   99.4     10.3     84672
2017  2 21 10     73.8    286.7   0.00001010   0.00000077    268.2  100.0     11.3     84787
2017  2 21 11    123.4    284.8   0.00001337   0.00000046    268.1  100.0     11.1     84875
2017  2 21 12    261.1    237.6   0.00000462   0.00000017    268.5   99.3     11.2     84889
2017  2 21 13    273.8    221.0   0.00001164   0.00000001    268.6   96.2     11.2     84899
2017  2 21 14    198.1    237.8   0.00001008   0.00000003    268.5   96.1      9.5     84924
2017  2 21 15    146.3    219.3   0.00000639   0.00000000    267.5  100.0     11.0     84888
2017  2 21 16     74.7    220.6   0.00000179   0.00000000    267.5  100.0     12.3     84859
2017  2 21 17      4.5    224.3   0.00000120   0.00000002    266.8  100.0     12.4     84751
2017  2 21 18      0.1    204.1   0.00000036   0.00000000    266.6  100.0     10.7     84678
2017  2 21 19      0.0    217.4   0.00000090   0.00000000    266.0  100.0      2.4     84697
2017  2 21 20      0.0    250.0   0.00000543   0.00000000    265.7  100.0      3.4     84614
2017  2 21 21      0.0    279.4   0.00001823  -0.00000000    266.8  100.0      5.5     84454
2017  2 21 22      0.0    278.1   0.00006556   0.00000001    267.7   99.2      5.8     84248
2017  2 21 23      0.0    279.8   0.00008797  -0.00000001    268.5   92.2      6.6     84019
2017  2 22  0      0.0    270.7   0.00011440   0.00000000    268.8   88.4     12.3     83694
2017  2 22  1      0.0    258.8   0.00012157   0.00000001    269.0   87.7     11.3     83494
2017  2 22  2      0.0    264.1   0.00011339  -0.00000002    269.5   85.8     10.4     83336
2017  2 22  3      0.0    242.5   0.00009131   0.00000000    269.3   88.9     11.9     83251
2017  2 22  4      0.0    220.5   0.00006402   0.00000000    268.7   95.3     13.3     83247
2017  2 22  5      0.0    204.3   0.00001258   0.00000000    267.5   96.4     14.5     83249
2017  2 22  6      0.0    234.9   0.00005786   0.00000003    267.7   98.0     10.5     83202
2017  2 22  7      0.0    262.3   0.00007008  -0.00000001    268.6   89.2     14.2     83127
2017  2 22  8     22.7    248.6   0.00006409  -0.00000002    268.2   90.8     10.3     83048
2017  2 22  9    106.5    228.7   0.00003953   0.00000002    268.0   90.5      6.7     82932
2017  2 22 10    102.8    262.4   0.00007847   0.00000002    268.9   90.4     10.9     82823
2017  2 22 11    189.6    233.7   0.00007833  -0.00000002    269.5   84.2     11.9     82727
2017  2 22 12    309.0    208.3   0.00003375   0.00000000    269.1   94.9     13.6     82635
2017  2 22 13    124.7    264.7   0.00016345   0.00000000    269.8   85.7     13.4     82550
2017  2 22 14    157.4    238.6   0.00009760   0.00000000    268.7   91.3      9.0     82558
2017  2 22 15     67.8    273.3   0.00008822   0.00000000    268.6   98.2     10.4     82593
2017  2 22 16     83.9    216.2   0.00001051   0.00000000    268.1   99.1      7.8     82566
2017  2 22 17      9.4    216.6   0.00002749   0.00000000    267.8  100.0      7.2     82629
2017  2 22 18      0.0    277.4   0.00005533   0.00000004    268.6  100.0      8.9     82733
2017  2 22 19      0.0    250.0   0.00001475   0.00000000    268.4   99.5      8.3     82884
2017  2 22 20      0.0    235.4   0.00001013   0.00000000    268.7   94.5     12.3     83015
2017  2 22 21      0.0    203.4   0.00001607   0.00000000    267.4   90.3     13.9     83171
2017  2 22 22      0.0    195.0   0.00001122   0.00000000    266.6   90.8     13.9     83336
2017  2 22 23      0.0    189.5   0.00000467   0.00000000    265.7  100.0     11.1     83555
2017  2 23  0      0.0    218.8   0.00000529   0.00000000    265.3  100.0     10.3     83683
2017  2 23  1      0.0    274.1   0.00001094  -0.00000000    264.9  100.0     13.0     83750
2017  2 23  2      0.0    268.2   0.00001029   0.00000004    264.1  100.0     13.4     83811
2017  2 23  3      0.0    269.9   0.00001428   0.00000000    263.8  100.0     12.3     83860
2017  2 23  4      0.0    261.2   0.00001049   0.00000004    263.2   99.4     11.2     83939
2017  2 23  5      0.0    177.3   0.00000302   0.00000000    261.7  100.0      9.8     84041
2017  2 23  6      0.0    162.5   0.00000023   0.00000000    260.5  100.0      8.4     84082
2017  2 23  7      0.2    162.7   0.00000015   0.00000000    259.7  100.0      6.4     84139
2017  2 23  8     53.4    165.9   0.00000046   0.00000000    259.5  100.0      5.0     84214
2017  2 23  9    158.8    167.9   0.00000024  -0.00000000    260.2  100.0      4.1     84252
2017  2 23 10    257.3    168.7   0.00000005   0.00000000    261.1   99.8      3.9     84286
2017  2 23 11    325.6    170.5   0.00000027   0.00000000    262.1   96.8      3.4     84318
2017  2 23 12    351.3    173.1  -0.00000000   0.00000000    262.9   78.5      2.0     84211
2017  2 23 13    339.8    173.3   0.00000000   0.00000000    263.1   74.5      1.7     84196
2017  2 23 14    292.3    170.4  -0.00000000   0.00000000    262.7   79.8      3.4     84146
2017  2 23 15    207.6    168.9   0.00000000   0.00000000    261.9   89.4      3.1     84107
2017  2 23 16    101.6    167.4  -0.00000000   0.00000000    260.5   94.9      3.2     84093
2017  2 23 17     12.7    167.2   0.00000001   0.00000000    259.3  100.0      3.8     84100
2017  2 23 18     -0.0    167.6  -0.00000002   0.00000000    258.8  100.0      4.2     84126
2017  2 23 19      0.0    167.9   0.00000006   0.00000000    258.5  100.0      3.5     84162
2017  2 23 20      0.0    173.0   0.00000045   0.00000000    258.4  100.0      4.0     84206
2017  2 23 21      0.0    174.0   0.00000061   0.00000000    258.3  100.0      4.7     84261
2017  2 23 22      0.0    165.1   0.00000018   0.00000000    258.4  100.0      4.7     84306
2017  2 23 23      0.0    161.5   0.00000003   0.00000000    258.0  100.0      5.2     84364
2017  2 24  0      0.0    162.3   0.00000005   0.00000000    257.6  100.0      4.8     84445
2017  2 24  1      0.0    163.7   0.00000008   0.00000000    257.8  100.0      5.4     84490
2017  2 24  2      0.0    165.4   0.00000022   0.00000000    258.1  100.0      5.5     84521
2017  2 24  3      0.0    166.4   0.00000043   0.00000000    258.6  100.0      5.9     84550
2017  2 24  4      0.0    167.2   0.00000067   0.00000000    258.8  100.0      6.1     84601
2017  2 24  5      0.0    165.2   0.00000048   0.00000000    258.8  100.0      6.3     84685
2017  2 24  6      0.0    166.9   0.00000101   0.00000000    259.1  100.0      6.4     84791
2017  2 24  7      0.7    173.6   0.00000515   0.00000000    259.4  100.0      6.1     84878
2017  2 24  8     55.2    178.9   0.00000535   0.00000000    260.2  100.0      5.6     84968
2017  2 24  9    163.8    170.2   0.00000159   0.00000000    261.6  100.0      5.7     85079
2017  2 24 10    254.6    176.7   0.00000476   0.00000000    262.3   99.6      5.6     85164
2017  2 24 11    334.2    168.2   0.00000019   0.00000000    262.3  100.0      5.5     85251
2017  2 24 12    341.2    179.9   0.00000382   0.00000000    262.4   95.8      6.0     85318
2017  2 24 13    212.8    241.7   0.00002703   0.00000000    263.0   96.8      6.7     85354
2017  2 24 14    158.0    243.1   0.00002580   0.00000000    263.1  100.0      6.4     85453
2017  2 24 15    176.8    199.5   0.00000898   0.00000000    262.6  100.0      4.7     85483
2017  2 24 16     83.2    202.6   0.00000613   0.00000000    261.5  100.0      5.8     85525
2017  2 24 17     14.9    167.6   0.00000271   0.00000000    259.9  100.0      5.9     85583
2017  2 24 18      0.0    169.0   0.00000235   0.00000000    258.8  100.0      5.4     85669
2017  2 24 19      0.0    171.8   0.00000308   0.00000000    258.6  100.0      4.6     85718
2017  2 24 20      0.0    169.9   0.00000181   0.00000000    258.2  100.0      5.1     85743
2017  2 24 21      0.0    162.7   0.00000016   0.00000000    257.7  100.0      5.8     85786
2017  2 24 22      0.0    159.0   0.00000008   0.00000000    257.8  100.0      4.6     85832
2017  2 24 23      0.0    160.7   0.00000001   0.00000000    258.2   98.3      4.9     85862
2017  2 25  0      0.0    162.3  -0.00000001   0.00000000    258.0   93.3      4.7     85857
2017  2 25  1      0.0    161.3  -0.00000001   0.00000000    257.5   95.5      4.5     85864
2017  2 25  2      0.0    161.4   0.00000002   0.00000000    257.6   90.6      3.2     85864
2017  2 25  3      0.0    161.9  -0.00000002   0.00000000    254.0  100.0      1.6     85857
2017  2 25  4      0.0    166.6   0.00000002   0.00000000    253.2  100.0      2.2     85845
2017  2 25  5      0.0    168.0  -0.00000000   0.00000000    252.0  100.0      2.8     85841
2017  2 25  6      0.0    185.0   0.00000001   0.00000000    256.3   83.2      3.1     85811
2017  2 25  7      1.2    192.0  -0.00000001   0.00000000    257.7   80.2      4.2     85780
2017  2 25  8     49.2    196.5   0.00000001   0.00000000    258.4   84.1      5.3     85742
2017  2 25  9    117.0    209.7  -0.00000003   0.00000000    259.8   85.5      6.1     85719
2017  2 25 10    179.3    216.1   0.00000002   0.00000000    261.0   82.2      6.4     85658
2017  2 25 11    199.5    229.7   0.00000009   0.00000000    261.7   79.7      6.4     85617
2017  2 25 12     25.9    269.2   0.00008448   0.00000000    262.9  100.0      8.2     85200
2017  2 25 13     27.8    271.5   0.00009183   0.00000000    263.6  100.0      8.4     85094
2017  2 25 14     28.7    273.2   0.00010533   0.00000000    264.3  100.0      8.1     85017
2017  2 25 15     18.9    275.9   0.00012849   0.00000000    264.8  100.0      7.3     84927
2017  2 25 16     10.7    278.3   0.00011613   0.00000000    265.1  100.0      7.0     84816
2017  2 25 17      1.4    280.1   0.00006076   0.00000000    265.2  100.0      7.3     84724
2017  2 25 18      0.0    284.2   0.00002433   0.00000000    265.8  100.0      5.1     84652
2017  2 25 19      0.0    277.7   0.00002501   0.00000000    266.2  100.0      4.7     84604
2017  2 25 20      0.0    256.5   0.00000947   0.00000000    266.4  100.0      2.0     84621
2017  2 25 21      0.0    226.2   0.00000382   0.00000000    268.9  100.0      8.0     84624
2017  2 25 22      0.0    256.6   0.00000323   0.00000004    269.5  100.0     10.6     84625
2017  2 25 23      0.0    298.3   0.00000423   0.00000018    269.1  100.0     11.3     84670
2017  2 26  0      0.0    296.0   0.00000242   0.00000061    268.4  100.0     12.3     84696
2017  2 26  1      0.0    293.3   0.00000313   0.00000036    268.2  100.0     12.6     84722
2017  2 26  2      0.0    292.3   0.00000177   0.00000040    267.8  100.0     13.1     84740
2017  2 26  3      0.0    289.2   0.00000123   0.00000029    267.3  100.0     12.3     84764
2017  2 26  4      0.0    286.5   0.00000084   0.00000022    267.0  100.0      9.4     84822
2017  2 26  5      0.0    284.9   0.00000048   0.00000022    266.3  100.0      5.8     84899
2017  2 26  6     -0.0    283.2   0.00000058   0.00000018    265.9  100.0      3.0     84946
2017  2 26  7      1.5    275.4   0.00000058   0.00000007    265.7  100.0      4.3     84989
2017  2 26  8     39.8    266.6   0.00000091   0.00000002    266.6  100.0      4.7     84968
2017  2 26  9     94.1    269.7   0.00000048   0.00000001    267.1  100.0      3.6     84964
2017  2 26 10    139.5    260.6   0.00000011   0.00000000    267.3   99.7      3.5     84963
2017  2 26 11    180.1    261.6   0.00000096   0.00000000    267.6   96.2      3.4     84965
2017  2 26 12    370.8    196.2   0.00000005  -0.00000001    267.8   95.2      4.5     84982
2017  2 26 13    360.5    194.8   0.00000004   0.00000001    267.7   93.7      4.0     84992
2017  2 26 14    306.6    195.8  -0.00000000  -0.00000001    267.5   95.5      2.2     84944
2017  2 26 15    190.0    212.1  -0.00000000   0.00000000    267.1   98.5      2.5     84907
2017  2 26 16     88.0    218.9  -0.00000002   0.00000000    266.2   97.9      3.4     84906
2017  2 26 17     13.9    230.4   0.00000003   0.00000001    265.9   90.9      2.8     84895
2017  2 26 18      0.0    205.0  -0.00000002   0.00000000    263.8  100.0      4.4     84896
2017  2 26 19      0.0    206.1   0.00000068   0.00000000    263.2  100.0      4.8     84879
2017  2 26 20      0.0    224.2   0.00000149   0.00000000    264.3  100.0      5.1     84836
2017  2 26 21      0.0    261.2   0.00000135   0.00000000    265.3  100.0      5.6     84744
2017  2 26 22      0.0    283.3   0.00004341   0.00000002    266.0  100.0      7.1     84654
2017  2 26 23      0.0    283.1   0.00017123  -0.00000000    266.6  100.0      6.9     84608
2017  2 27  0      0.0    285.0   0.00021358   0.00000000    267.0  100.0      7.6     84500
2017  2 27  1      0.0    287.7   0.00002866   0.00000010    267.4  100.0      7.6     84415
2017  2 27  2      0.0    291.2   0.00001663   0.00000015    268.0  100.0      6.7     84348
2017  2 27  3      0.0    292.8   0.00000815   0.00000012    268.7  100.0      5.7     84262
2017  2 27  4      0.0    291.7   0.00002935   0.00000014    269.7   97.3      7.3     84201
2017  2 27  5      0.0    272.6   0.00003412   0.00000006    270.4   87.2     13.8     84171
2017  2 27  6      0.0    203.3   0.00000055   0.00000000    268.9   88.5     11.5     84202
2017  2 27  7      3.3    222.1   0.00000175   0.00000000    268.0   92.4     10.7     84198
2017  2 27  8     73.1    195.8   0.00000042   0.00000000    267.7   95.1      9.8     84219
2017  2 27  9    181.7    194.6   0.00000027   0.00000001    267.8   92.6      9.9     84259
2017  2 27 10    279.9    193.0   0.00000018  -0.00000002    268.0   88.5     10.2     84306
2017  2 27 11    346.3    194.5   0.00000018   0.00000000    268.2   87.7     10.4     84329
2017  2 27 12    385.3    189.8   0.00000001   0.00000000    269.1   83.3      7.9     84434
2017  2 27 13    373.9    188.3   0.00000000   0.00000000    268.7   87.3      7.1     84413
2017  2 27 14    319.5    189.8   0.00000000   0.00000000    268.2   92.6      7.4     84367
2017  2 27 15    221.1    198.4   0.00000003   0.00000000    267.8   97.6      7.3     84332
2017  2 27 16    111.7    201.8   0.00000002   0.00000000    267.2   98.1      5.7     84346
2017  2 27 17     19.1    230.7   0.00000010   0.00000000    266.9  100.0      6.1     84361
2017  2 27 18      0.0    288.2   0.00000381   0.00000002    267.6  100.0      6.2     84315
2017  2 27 19      0.0    290.8   0.00000300   0.00000002    268.0  100.0      6.5     84268
2017  2 27 20      0.0    290.6   0.00000294   0.00000008    268.1  100.0      6.0     84166
2017  2 27 21      0.0    291.1   0.00002575   0.00000006    268.3  100.0      5.9     84061
2017  2 27 22      0.0    285.4   0.00007641  -0.00000002    268.6   98.3      7.5     83953
2017  2 27 23      0.0    286.9   0.00008539   0.00000001    269.1   96.2      9.3     83822
2017  2 28  0      0.0    288.8   0.00008356   0.00000001    269.1   95.8      9.0     83726
2017  2 28  1      0.0    289.0   0.00007300  -0.00000003    269.0   95.6      9.2     83610
2017  2 28  2      0.0    285.2   0.00005143   0.00000000    268.9   97.5      9.3     83500
2017  2 28  3      0.0    282.3   0.00003788   0.00000004    268.8   99.4      8.6     83410
2017  2 28  4      0.0    289.3   0.00002098   0.00000000    268.8  100.0      6.8     83342
2017  2 28  5      0.0    291.9   0.00004250   0.00000000    268.8  100.0      4.8     83253
2017  2 28  6      0.0    288.5   0.00008489   0.00000003    268.9  100.0      3.6     83190
2017  2 28  7      0.6    291.1   0.00014081  -0.00000003    268.8  100.0      2.4     83139
2017  2 28  8      8.1    290.2   0.00009437   0.00000001    268.7  100.0      3.5     83107
2017  2 28  9     26.0    288.7   0.00007533   0.00000001    268.6  100.0      4.4     83101
2017  2 28 10     43.6    285.7   0.00007270   0.00000001    268.8   99.2      5.0     83121
2017  2 28 11     59.0    282.5   0.00007329   0.00000001    269.1   95.5      6.9     83119
2017  2 28 12    174.1    280.7   0.00000949   0.00000030    269.3   95.7      8.6     83144
2017  2 28 13    107.2    285.8   0.00003516   0.00000008    269.1   96.4      8.9     83124
2017  2 28 14    227.9    244.3   0.00000348   0.00000001    268.9   96.0      6.9     83137
2017  2 28 15     81.6    281.5   0.00000766   0.00000009    268.6   98.0      7.2     83154
2017  2 28 16     42.3    278.2   0.00000241   0.00000000    268.3   97.2      7.4     83179
2017  2 28 17     17.0    221.5   0.00000038   0.00000001    266.7  100.0      5.9     83205
2017  2 28 18     -0.1    243.7   0.00000094  -0.00000003    266.5  100.0      7.0     83206
2017  2 28 19      0.0    274.4   0.00000247   0.00000006    266.0  100.0      6.7     83235
2017  2 28 20      0.0    278.0   0.00000498   0.00000006    265.9  100.0      6.3     83246
2017  2 28 21      0.0    279.7   0.00000552   0.00000003    266.3  100.0      7.6     83262
2017  2 28 22      0.0    248.4   0.00000671   0.00000003    266.1  100.0      7.0     83256
2017  2 28 23      0.0    258.8   0.00001209   0.00000000    266.3  100.0      7.5     83249
2017  3  1  0      0.0    240.1   0.00000958   0.00000000    266.1  100.0      6.2     83244
2017  3  1  1      0.0    228.9   0.00000680   0.00000000    265.9  100.0      5.8     83252
2017  3  1  2      0.0    226.9   0.00000443   0.00000000    265.5   98.9      4.4     83270
2017  3  1  3      0.0    264.3   0.00000305   0.00000000    266.1   98.4      3.4     83288
2017  3  1  4      0.0    258.9   0.00000207   0.00000000    265.7   98.3      2.9     83317
2017  3  1  5      0.0    228.8   0.00000217   0.00000000    264.6  100.0      2.2     83351
2017  3  1  6      0.0    213.4   0.00000142   0.00000000    262.4  100.0      1.5     83398
2017  3  1  7      4.5    218.9   0.00000073   0.00000000    261.3  100.0      1.5     83436
2017  3  1  8     52.7    248.0   0.00000679  -0.00000001    263.2  100.0      2.4     83498
2017  3  1  9    119.2    251.8   0.00001472   0.00000002    264.8  100.0      2.4     83545
2017  3  1 10    200.3    239.4   0.00000738  -0.00000002    265.7  100.0      2.6     83598
2017  3  1 11    250.5    244.4   0.00000157   0.00000001    267.0   96.3      1.9     83650
2017  3  1 12    226.4    260.6   0.00000892  -0.00000000    268.0   91.8      5.3     83747
2017  3  1 13    246.9    253.9   0.00000629   0.00000007    267.7   95.7      5.9     83783
2017  3  1 14    113.8    282.0   0.00000663   0.00000041    267.3   99.4      6.1     83822
2017  3  1 15    109.3    262.6   0.00000332   0.00000025    266.9   96.9      6.2     83900
2017  3  1 16     76.7    252.4   0.00000286   0.00000002    266.9   95.1      5.5     83942
2017  3  1 17     17.0    266.3   0.00001258  -0.00000002    266.7   97.3      7.7     83977
2017  3  1 18     -0.1    250.2   0.00000214   0.00000000    266.2   98.5      6.0     84021
2017  3  1 19      0.0    187.9   0.00000111   0.00000000    264.7   98.3      5.6     84059
2017  3  1 20      0.0    181.4   0.00000080   0.00000000    263.9  100.0      5.3     84068
2017  3  1 21      0.0    179.7   0.00000081   0.00000000    263.1  100.0      4.1     84103
2017  3  1 22      0.0    178.3   0.00000028   0.00000000    262.0  100.0      2.8     84149
2017  3  1 23      0.0    176.4   0.00000012   0.00000000    259.4  100.0      1.6     84166
2017  3  2  0      0.0    177.6   0.00000072   0.00000000    257.8  100.0      1.6     84174
2017  3  2  1      0.0    176.1   0.00000009  -0.00000000    257.4  100.0      1.0     84201
2017  3  2  2      0.0    176.4   0.00000012   0.00000000    257.2  100.0      0.6     84188
2017  3  2  3      0.0    176.6   0.00000009   0.00000001    256.8  100.0      0.9     84186
2017  3  2  4      0.0    177.5   0.00000038  -0.00000002    256.6  100.0      1.4     84205
2017  3  2  5      0.0    204.3   0.00000219   0.00000001    258.8  100.0      2.9     84209
2017  3  2  6     -0.0    178.9   0.00000072   0.00000001    259.0  100.0      3.9     84228
2017  3  2  7      7.6    200.0   0.00000059   0.00000000    260.7  100.0      3.9     84262
2017  3  2  8     90.0    178.1   0.00000046   0.00000002    261.3  100.0      2.7     84300
2017  3  2  9    198.8    178.6   0.00000012  -0.00000002    262.3  100.0      2.3     84335
2017  3  2 10    295.2    180.8   0.00000004   0.00000000    263.8  100.0      3.1     84383
2017  3  2 11    361.2    183.4   0.00000004   0.00000000    264.1  100.0      3.4     84428
2017  3  2 12    268.5    233.7   0.00000388  -0.00000000    265.6   96.2      4.4     84446
2017  3  2 13    236.2    248.6   0.00001006   0.00000000    266.1   95.5      4.5     84478
2017  3  2 14    223.1    235.7   0.00001023   0.00000000    266.0   96.9      4.0     84495
2017  3  2 15    154.3    241.2   0.00001384   0.00000000    265.9   98.8      4.0     84520
2017  3  2 16    106.7    213.3   0.00000925   0.00000000    264.9  100.0      4.1     84535
2017  3  2 17     30.1    195.1   0.00000303   0.00000000    263.5  100.0      3.4     84557
2017  3  2 18      0.0    194.7   0.00000116   0.00000000    262.0  100.0      1.9     84620
2017  3  2 19      0.0    193.9   0.00000050   0.00000001    260.5  100.0      2.5     84661
2017  3  2 20      0.0    186.2   0.00000016  -0.00000002    261.3  100.0      3.1     84693
2017  3  2 21      0.0    187.8   0.00000012   0.00000000    262.0  100.0      3.3     84713
2017  3  2 22      0.0    187.1   0.00000011   0.00000000    261.8  100.0      3.6     84731
2017  3  2 23      0.0    184.7   0.00000008  -0.00000000    261.8  100.0      4.1     84760
2017  3  3  0      0.0    182.2  -0.00000000   0.00000000    262.2  100.0      3.3     84789
2017  3  3  1      0.0    182.4   0.00000002   0.00000000    261.8   93.5      2.7     84783
2017  3  3  2      0.0    183.2  -0.00000001   0.00000000    259.3  100.0      2.2     84764
2017  3  3  3      0.0    183.6   0.00000001   0.00000000    258.1  100.0      2.0     84735
2017  3  3  4      0.0    182.8  -0.00000000   0.00000000    256.9  100.0      2.7     84734
2017  3  3  5      0.0    182.7  -0.00000001   0.00000000    259.1  100.0      2.5     84734
2017  3  3  6      0.0    181.6   0.00000001   0.00000000    256.7  100.0      2.3     84746
2017  3  3  7     10.3    181.4   0.00000001   0.00000000    256.8  100.0      2.8     84774
2017  3  3  8     95.3    184.5  -0.00000002   0.00000000    261.7   94.1      4.1     84815
2017  3  3  9    204.9    184.5  -0.00000002  -0.00000000    263.7   85.9      4.1     84858
2017  3  3 10    303.2    183.6   0.00000001   0.00000000    265.1   75.9      3.0     84920
2017  3  3 11    370.8    184.8   0.00000000   0.00000000    266.2   77.3      1.4     84965
2017  3  3 12    388.0    197.8   0.00000001   0.00000000    267.2   87.4      2.7     84878
2017  3  3 13    189.0    264.1   0.00000527   0.00000000    267.0   91.9      3.6     84893
2017  3  3 14     77.6    279.1   0.00001707   0.00000000    266.9   94.5      2.5     84897
2017  3  3 15    124.1    266.1   0.00001065   0.00000000    266.9   97.8      2.5     84894
2017  3  3 16     34.7    276.8   0.00001646   0.00000000    266.5  100.0      2.6     84910
2017  3  3 17     19.2    258.4   0.00000959   0.00000000    265.9  100.0      2.2     84946
2017  3  3 18      0.0    252.6   0.00000309   0.00000000    265.4  100.0      2.1     84963
2017  3  3 19      0.0    278.6   0.00000178   0.00000000    266.0  100.0      2.0     84988
2017  3  3 20      0.0    281.0   0.00000220   0.00000000    266.4  100.0      2.6     85017
2017  3  3 21      0.0    276.7   0.00000183   0.00000000    266.4  100.0      2.0     85028
2017  3  3 22      0.0    228.3   0.00000049   0.00000000    265.0  100.0      1.2     85080
2017  3  3 23      0.0    237.7   0.00000075   0.00000000    264.1  100.0      3.4     85117
2017  3  4  0      0.0    245.4   0.00000122   0.00000000    264.3  100.0      2.8     85129
2017  3  4  1      0.0    261.6   0.00000062   0.00000000    264.9  100.0      2.3     85148
2017  3  4  2      0.0    251.4   0.00000063   0.00000000    264.7  100.0      1.6     85160
2017  3  4  3      0.0    266.8   0.00000098   0.00000003    264.9  100.0      3.1     85170
2017  3  4  4      0.0    279.3   0.00000186   0.00000003    264.7  100.0      2.7     85192
2017  3  4  5      0.0    277.6   0.00000182   0.00000003    264.9  100.0      2.6     85209
2017  3  4  6      0.0    278.3   0.00000145   0.00000000    265.0  100.0      3.1     85241
2017  3  4  7      6.6    276.3   0.00000121   0.00000000    265.1  100.0      3.7     85272
2017  3  4  8     60.6    267.4   0.00000128   0.00000003    265.2  100.0      4.4     85295
2017  3  4  9    135.8    262.6   0.00000123   0.00000000    265.4  100.0      5.5     85318
2017  3  4 10    146.2    278.7   0.00000157   0.00000010    265.5  100.0      5.5     85368
2017  3  4 11    129.9    280.1   0.00000218   0.00000030    265.7  100.0      5.9     85405
2017  3  4 12    180.5    280.8   0.00000193   0.00000019    266.2  100.0      6.1     85352
2017  3  4 13    129.3    280.8   0.00000267   0.00000030    266.2  100.0      6.6     85333
2017  3  4 14    104.8    280.6   0.00000278   0.00000031    266.2  100.0      7.0     85341
2017  3  4 15     67.8    280.9   0.00000330   0.00000036    266.2  100.0      7.5     85342
2017  3  4 16     35.4    280.5   0.00000312   0.00000016    266.2  100.0      7.7     85370
2017  3  4 17      9.1    280.1   0.00000375   0.00000002    266.0  100.0      7.7     85417
2017  3  4 18     -0.1    280.2   0.00000338   0.00000001    266.0  100.0      7.9     85430
2017  3  4 19      0.0    280.0   0.00000422   0.00000002    266.0  100.0      8.4     85441
2017  3  4 20      0.0    278.9   0.00001519  -0.00000001    266.0   99.4      8.7     85455
2017  3  4 21      0.0    277.0   0.00001771   0.00000001    265.9   99.2      9.2     85477
2017  3  4 22      0.0    275.2   0.00001325  -0.00000001    265.8   98.8      9.5     85489
2017  3  4 23      0.0    274.9   0.00001068   0.00000000    265.7   98.2      9.7     85508
2017  3  5  0      0.0    274.7   0.00001201   0.00000001    265.6   97.2     10.0     85530
2017  3  5  1      0.0    274.1   0.00001227   0.00000000    265.4   97.8      9.9     85550
2017  3  5  2      0.0    273.2   0.00001612   0.00000000    265.1   97.7     10.3     85560
2017  3  5  3      0.0    270.1   0.00001402   0.00000000    264.8   97.7     10.9     85537
2017  3  5  4      0.0    270.6   0.00001399   0.00000000    264.6   97.6     11.1     85545
2017  3  5  5      0.0    266.8   0.00002804   0.00000000    264.3   97.2     11.4     85564
2017  3  5  6     -0.1    258.3   0.00002099   0.00000000    264.1   97.2     11.7     85571
2017  3  5  7      7.2    258.5   0.00001733   0.00000001    263.8   98.2     11.7     85608
2017  3  5  8     48.5    264.3   0.00001489  -0.00000000    263.7   98.6     11.5     85633
2017  3  5  9     79.2    266.9   0.00001446   0.00000001    263.7   98.8     11.5     85657
2017  3  5 10    129.4    265.7   0.00001240   0.00000005    263.7   98.2     11.7     85681
2017  3  5 11    168.4    265.1   0.00000976   0.00000003    263.7   97.6     11.7     85701
2017  3  5 12    195.4    265.4   0.00000707   0.00000003    264.0   98.3     10.7     85745
2017  3  5 13    178.4    265.4   0.00000702   0.00000004    263.9   98.4     10.0     85774
2017  3  5 14    147.0    265.1   0.00000726   0.00000004    263.7   98.2     10.3     85758
2017  3  5 15    137.7    259.3   0.00000678   0.00000002    263.5   98.4     11.3     85743
2017  3  5 16     89.5    250.4   0.00000753   0.00000003    263.1   99.4     11.4     85772
2017  3  5 17     27.2    243.1   0.00000815   0.00000000    262.8  100.0     11.0     85829
2017  3  5 18     -0.0    247.5   0.00000937  -0.00000000    262.7  100.0     10.8     85889
2017  3  5 19      0.0    255.9   0.00001339  -0.00000002    262.7  100.0     10.9     85913
2017  3  5 20      0.0    253.4   0.00001392   0.00000000    262.5  100.0     11.1     85918
2017  3  5 21      0.0    255.8   0.00000977   0.00000000    262.4  100.0     11.1     85956
2017  3  5 22      0.0    258.9   0.00000648   0.00000000    262.2  100.0     11.2     86001
2017  3  5 23      0.0    260.9   0.00000590   0.00000000    262.0  100.0     10.9     86058
2017  3  6  0      0.0    259.7   0.00000553   0.00000000    261.8  100.0     10.3     86114
2017  3  6  1      0.0    258.9   0.00000484   0.00000002    261.4  100.0     10.6     86156
2017  3  6  2      0.0    257.3   0.00000602  -0.00000000    261.2  100.0     10.6     86176
2017  3  6  3      0.0    255.4   0.00000671   0.00000000    261.1  100.0     10.5     86182
2017  3  6  4      0.0    255.3   0.00000481   0.00000000    260.9  100.0     10.1     86214
2017  3  6  5      0.0    254.5   0.00000396   0.00000000    260.6  100.0     10.1     86277
2017  3  6  6      0.0    252.9   0.00000404   0.00000000    260.3  100.0      9.7     86352
2017  3  6  7      6.9    252.5   0.00000553   0.00000000    260.2   97.9      9.3     86412
2017  3  6  8     43.3    252.0   0.00000636   0.00000000    260.4   94.2      9.5     86453
2017  3  6  9    112.4    250.0   0.00000273   0.00000001    260.6   93.8      9.9     86491
2017  3  6 10    215.5    236.1   0.00000044   0.00000000    261.0   94.6      9.5     86520
2017  3  6 11    302.2    220.8   0.00000023   0.00000000    261.4   94.8      9.1     86546
2017  3  6 12    323.1    224.3   0.00000096   0.00000002    261.9   98.4      9.1     86511
2017  3  6 13    384.6    191.1   0.00000056   0.00000000    262.3   96.6      9.0     86488
2017  3  6 14    342.6    184.2   0.00000044   0.00000000    262.3   97.7      8.2     86491
2017  3  6 15    251.3    185.2   0.00000054   0.00000001    262.0  100.0      7.3     86520
2017  3  6 16    144.5    186.4   0.00000062   0.00000001    261.3  100.0      6.2     86569
2017  3  6 17     41.7    189.6   0.00000068   0.00000000    260.3  100.0      5.2     86623
2017  3  6 18     -0.0    194.1   0.00000068   0.00000001    259.7  100.0      5.0     86674
2017  3  6 19      0.0    211.3   0.00000086   0.00000000    259.6  100.0      5.5     86716
2017  3  6 20      0.0    250.5   0.00000161   0.00000000    260.1  100.0      6.0     86742
2017  3  6 21      0.0    255.6   0.00000234   0.00000000    260.5  100.0      6.8     86785
2017  3  6 22      0.0    254.8   0.00000232   0.00000000    260.5  100.0      6.4     86813
2017  3  6 23      0.0    253.3   0.00000216  -0.00000000    260.2  100.0      6.1     86833
2017  3  7  0      0.0    249.3   0.00000222   0.00000004    259.7  100.0      6.3     86851
2017  3  7  1      0.0    198.7   0.00000110   0.00000000    257.9  100.0      4.8     86866
2017  3  7  2      0.0    150.1   0.00000038   0.00000000    255.9  100.0      3.8     86869
2017  3  7  3      0.0    146.8   0.00000026   0.00000000    254.8  100.0      3.8     86853
2017  3  7  4      0.0    145.4   0.00000022   0.00000000    254.3  100.0      4.3     86851
2017  3  7  5      0.0    145.2   0.00000020  -0.00000000    254.2  100.0      4.1     86840
2017  3  7  6      0.0    144.2   0.00000011   0.00000000    254.4  100.0      4.1     86832
2017  3  7  7     23.1    143.7   0.00000003  -0.00000000    254.4  100.0      4.4     86860
2017  3  7  8    126.6    145.5   0.00000006   0.00000000    255.6  100.0      4.6     86899
2017  3  7  9    243.4    146.9   0.00000007  -0.00000000    257.1  100.0      4.3     86899
2017  3  7 10    344.6    147.8   0.00000003   0.00000000    258.4  100.0      3.6     86880
2017  3  7 11    414.4    148.6   0.00000002   0.00000000    259.6   93.8      3.1     86870
2017  3  7 12    425.3    174.1   0.00000007   0.00000000    260.4   98.8      3.7     86734
2017  3  7 13    414.5    172.6   0.00000001   0.00000000    260.9   96.0      3.2     86708
2017  3  7 14    362.7    171.1  -0.00000001   0.00000000    261.1   92.2      2.8     86667
2017  3  7 15    274.7    170.0   0.00000000   0.00000000    261.0   94.8      2.2     86659
2017  3  7 16    163.5    169.4   0.00000001   0.00000000    260.1  100.0      2.0     86640
2017  3  7 17     51.9    170.4  -0.00000000   0.00000000    258.3   97.1      1.8     86628
2017  3  7 18      0.3    166.0  -0.00000000   0.00000000    255.8  100.0      1.8     86607
2017  3  7 19      0.0    173.4  -0.00000000   0.00000000    254.3   92.4      2.0     86559
2017  3  7 20      0.0    166.4  -0.00000001   0.00000000    252.9   93.9      2.5     86522
2017  3  7 21      0.0    157.8   0.00000001   0.00000000    253.4   89.9      2.6     86493
2017  3  7 22      0.0    157.4  -0.00000000   0.00000000    253.5   87.7      2.5     86503
2017  3  7 23      0.0    157.5   0.00000001   0.00000000    251.5  100.0      2.0     86496
2017  3  8  0      0.0    158.6  -0.00000001   0.00000000    250.6  100.0      2.2     86454
2017  3  8  1      0.0    160.0   0.00000000   0.00000000    250.4  100.0      2.4     86368
2017  3  8  2      0.0    161.5   0.00000000   0.00000000    249.7  100.0      2.2     86268
2017  3  8  3      0.0    162.4  -0.00000000   0.00000000    249.3  100.0      2.3     86195
2017  3  8  4      0.0    163.1  -0.00000001   0.00000000    252.1  100.0      2.6     86145
2017  3  8  5     -0.0    163.5   0.00000001   0.00000000    253.0   93.7      2.9     86128
2017  3  8  6      0.0    164.4   0.00000000  -0.00000000    253.5   95.4      2.8     86086
2017  3  8  7     25.7    164.9   0.00000000   0.00000000    254.8   88.8      3.5     86059
2017  3  8  8    128.8    165.4   0.00000001   0.00000000    256.5   80.9      3.7     85995
2017  3  8  9    243.4    168.4  -0.00000002   0.00000000    258.6   80.3      4.5     85941
2017  3  8 10    342.4    170.7  -0.00000000   0.00000000    260.3   83.3      4.4     85891
2017  3  8 11    408.3    173.5   0.00000000   0.00000000    261.4   81.8      5.0     85864
2017  3  8 12    368.9    199.9   0.00000000   0.00000000    260.9   87.0      5.3     85804
2017  3  8 13    328.4    212.5   0.00000012   0.00000000    261.5   84.4      5.5     85783
2017  3  8 14    219.1    240.0   0.00000621   0.00000000    261.9   90.3      5.4     85720
2017  3  8 15    147.3    248.3   0.00001113   0.00000000    262.3   97.7      5.8     85661
2017  3  8 16     62.2    261.2   0.00001630   0.00000000    262.3  100.0      6.2     85634
2017  3  8 17     20.1    261.4   0.00002483   0.00000000    262.0  100.0      5.9     85608
2017  3  8 18      0.2    257.0   0.00002972   0.00000000    261.8  100.0      6.0     85586
2017  3  8 19      0.0    248.5   0.00002679   0.00000000    261.6  100.0      5.8     85562
2017  3  8 20      0.0    254.7   0.00001873   0.00000000    261.7  100.0      5.8     85534
2017  3  8 21      0.0    237.9   0.00000959   0.00000000    261.3  100.0      5.9     85516
2017  3  8 22      0.0    200.8   0.00000325   0.00000000    260.6  100.0      5.2     85493
2017  3  8 23      0.0    193.0   0.00000116   0.00000000    259.9  100.0      4.5     85468
2017  3  9  0      0.0    191.6   0.00000062   0.00000000    259.8  100.0      4.7     85463
2017  3  9  1      0.0    205.8   0.00000043   0.00000000    260.1  100.0      4.6     85472
2017  3  9  2      0.0    253.9   0.00001609   0.00000000    261.9  100.0      4.2     85437
2017  3  9  3      0.0    225.8   0.00001287   0.00000000    262.3  100.0      4.9     85376
2017  3  9  4      0.0    274.6   0.00006504   0.00000000    264.5   99.3      4.7     85357
2017  3  9  5      0.0    265.2   0.00002219   0.00000000    264.7   99.0      4.6     85327
2017  3  9  6      0.0    268.0   0.00004360   0.00000000    265.3   97.6      4.3     85335
2017  3  9  7     27.3    218.9   0.00001878   0.00000000    268.5   95.3     12.1     85307
2017  3  9  8    124.7    202.6   0.00000690   0.00000000    268.7   98.3     12.1     85351
2017  3  9  9    217.4    208.4   0.00000759   0.00000000    268.9   96.6     11.8     85392
2017  3  9 10    299.7    213.1   0.00000777   0.00000000    269.2   95.4     10.9     85448
2017  3  9 11    339.0    219.1   0.00001758   0.00000000    269.7   90.5     11.1     85486
2017  3  9 12    361.7    224.8   0.00011769   0.00000000    270.4   88.4     10.6     85380
2017  3  9 13    322.9    245.2   0.00006787   0.00000003    270.5   96.6     11.8     85440
2017  3  9 14    352.6    213.1   0.00003613   0.00000003    270.5   92.4     12.4     85499
2017  3  9 15    128.7    286.5   0.00003588   0.00000000    270.5   91.3     11.3     85541
2017  3  9 16    114.5    257.1   0.00001954   0.00000000    269.3  100.0     12.7     85630
2017  3  9 17     36.2    262.9   0.00001263   0.00000006    268.6  100.0     14.5     85673
2017  3  9 18      0.6    284.9   0.00002526   0.00000003    267.6  100.0     14.3     85782
2017  3  9 19      0.0    286.0   0.00001639   0.00000003    267.0  100.0     12.9     85898
2017  3  9 20      0.0    286.3   0.00000478   0.00000023    266.6  100.0      9.6     86025
2017  3  9 21      0.0    285.0   0.00000407   0.00000020    266.3  100.0      8.7     86132
2017  3  9 22      0.0    283.3   0.00000182   0.00000018    266.1  100.0      7.6     86218
2017  3  9 23      0.0    278.4   0.00000105   0.00000009    265.9  100.0      7.3     86296
2017  3 10  0      0.0    275.8   0.00000134   0.00000006    265.8  100.0      7.0     86372
2017  3 10  1      0.0    258.3   0.00000087   0.00000003    265.4  100.0      6.7     86447
2017  3 10  2      0.0    210.4   0.00000105   0.00000001    265.1  100.0      7.4     86491
2017  3 10  3      0.0    200.5   0.00000163   0.00000000    265.0  100.0      7.5     86546
2017  3 10  4      0.0    199.1   0.00000198   0.00000000    264.7  100.0      6.9     86606
2017  3 10  5      0.0    199.0   0.00000101  -0.00000002    264.3  100.0      6.2     86674
2017  3 10  6      0.0    202.3   0.00000081   0.00000001    264.3  100.0      6.1     86723
2017  3 10  7     32.5    193.4   0.00000035   0.00000001    264.1  100.0      5.7     86799
2017  3 10  8    137.8    192.7   0.00000021   0.00000001    264.6  100.0      4.8     86858
2017  3 10  9    253.0    193.3   0.00000018   0.00000000    265.4  100.0      4.3     86914
2017  3 10 10    351.4    194.8   0.00000019   0.00000000    266.3   97.2      4.4     86961
2017  3 10 11    417.0    196.4   0.00000080  -0.00000003    267.1   97.4      4.4     87004
2017  3 10 12    202.8    288.8   0.00000276   0.00000007    268.9   99.9      5.8     86990
2017  3 10 13    125.7    290.6   0.00000465   0.00000016    268.9  100.0      6.0     87020
2017  3 10 14    146.4    290.0   0.00000263   0.00000005    269.5   98.7      6.0     87022
2017  3 10 15    144.0    288.5   0.00000227   0.00000046    269.3   99.3      6.1     87032
2017  3 10 16     93.8    284.7   0.00000163   0.00000015    269.2  100.0      5.3     87014
2017  3 10 17     38.5    278.9   0.00000140   0.00000002    268.6  100.0      4.7     87035
2017  3 10 18      0.7    290.4   0.00000077   0.00000010    268.0  100.0      4.4     87065
2017  3 10 19      0.0    290.0   0.00000156   0.00000006    268.0  100.0      3.8     87086
2017  3 10 20      0.0    291.4   0.00000189   0.00000001    268.2  100.0      4.8     87128
2017  3 10 21      0.0    290.4   0.00000128   0.00000004    268.0  100.0      3.6     87152
2017  3 10 22      0.0    286.8   0.00000108   0.00000004    267.8  100.0      2.5     87164
2017  3 10 23      0.0    266.8   0.00000060   0.00000001    267.0  100.0      2.2     87185
2017  3 11  0      0.0    203.2   0.00000015   0.00000000    264.1  100.0      1.6     87212
2017  3 11  1      0.0    187.2  -0.00000004   0.00000000    263.2   93.2      1.7     87211
2017  3 11  2      0.0    186.5   0.00000001   0.00000000    261.6   88.4      1.8     87168
2017  3 11  3      0.0    184.7   0.00000002   0.00000000    260.1   96.3      2.2     87142
2017  3 11  4      0.0    183.6   0.00000000  -0.00000000    259.1   97.5      1.9     87133
2017  3 11  5     -0.0    181.4  -0.00000001   0.00000000    257.5   99.1      2.4     87128
2017  3 11  6     -0.0    179.3   0.00000002  -0.00000000    260.6   91.9      3.2     87129
2017  3 11  7     38.2    182.2  -0.00000003   0.00000000    261.8   91.7      3.7     87181
2017  3 11  8    146.2    185.5   0.00000003   0.00000000    263.3   94.9      4.1     87218
2017  3 11  9    256.7    190.8  -0.00000000   0.00000000    265.6   94.0      4.6     87219
2017  3 11 10    353.1    193.3  -0.00000001  -0.00000000    267.2   87.3      4.7     87219
2017  3 11 11    428.2    191.0  -0.00000002   0.00000000    267.9   82.7      5.2     87232
2017  3 11 12    452.1    203.6   0.00000000   0.00000000    268.4   91.6      5.8     87210
2017  3 11 13    404.0    215.6   0.00000000   0.00000000    268.6   93.1      5.8     87208
2017  3 11 14    303.0    233.6   0.00000002   0.00000000    268.7   95.9      5.7     87186
2017  3 11 15    160.3    259.6   0.00000016   0.00000000    268.8   98.7      5.7     87155
2017  3 11 16     75.3    274.9   0.00000852   0.00000000    269.0  100.0      5.4     87129
2017  3 11 17     30.9    275.2   0.00000851   0.00000000    269.4   98.6      4.5     87120
2017  3 11 18      0.8    285.0   0.00001382   0.00000000    269.5   97.2      4.1     87131
2017  3 11 19      0.0    284.5   0.00002997   0.00000000    269.4   97.2      3.3     87120
2017  3 11 20      0.0    289.6   0.00002524   0.00000000    269.5   96.8      2.7     87112
2017  3 11 21      0.0    291.4   0.00001507   0.00000000    269.6   96.6      2.1     87104
2017  3 11 22      0.0    292.0   0.00001161   0.00000000    269.7   97.0      2.7     87103
2017  3 11 23      0.0    292.8   0.00000867   0.00000000    269.8   96.5      2.8     87105
2017  3 12  0      0.0    292.6   0.00000693   0.00000000    269.8   96.4      3.2     87113
2017  3 12  1      0.0    292.8   0.00000627   0.00000000    269.7   96.2      3.7     87116
2017  3 12  2      0.0    289.3   0.00000572  -0.00000000    269.2   99.5      3.9     87091
2017  3 12  3      0.0    240.1   0.00000437   0.00000000    267.8  100.0      3.4     87058
2017  3 12  4      0.0    229.3   0.00000288   0.00000000    266.7  100.0      3.6     87041
2017  3 12  5      0.0    225.9   0.00000127   0.00000000    266.3  100.0      4.0     87032
2017  3 12  6      0.0    235.7   0.00000060  -0.00000000    266.6  100.0      4.2     87053
2017  3 12  7     24.2    279.3   0.00000046   0.00000007    268.0  100.0      4.3     87078
2017  3 12  8    103.7    272.1   0.00000030   0.00000008    268.9  100.0      3.9     87080
2017  3 12  9    212.9    253.6   0.00000016   0.00000000    269.8  100.0      4.4     87095
2017  3 12 10    296.8    253.2   0.00000017   0.00000000    270.2  100.0      4.4     87118
2017  3 12 11    353.6    249.9   0.00000075   0.00000000    271.0   97.5      4.5     87127
2017  3 12 12    449.3    223.9   0.00000000  -0.00000001    271.7   94.9      3.7     87069
2017  3 12 13    434.1    224.5  -0.00000001  -0.00000000    271.8   95.2      4.0     87057
2017  3 12 14    364.8    227.4   0.00000012   0.00000002    271.3   97.6      4.6     87048
2017  3 12 15    255.3    236.6   0.00000043  -0.00000002    271.2   98.1      4.3     87050
2017  3 12 16    157.9    231.3   0.00000051   0.00000001    270.6   99.7      4.1     87046
2017  3 12 17     50.9    268.4   0.00000071   0.00000001    270.1  100.0      4.2     87039
2017  3 12 18      1.9    280.1   0.00000060   0.00000002    269.5  100.0      4.5     87065
2017  3 12 19      0.0    278.3   0.00000107  -0.00000004    268.9  100.0      4.5     87069
2017  3 12 20      0.0    271.9   0.00000118   0.00000001    268.1  100.0      4.2     87076
2017  3 12 21      0.0    237.5   0.00000008   0.00000000    267.5  100.0      4.7     87071
2017  3 12 22      0.0    270.5   0.00000006   0.00000000    268.3   92.2      4.1     87056
2017  3 12 23      0.0    275.3   0.00000016   0.00000000    268.3   88.2      3.2     87047
2017  3 13  0      0.0    265.6   0.00000026   0.00000000    267.9   86.5      4.8     87010
2017  3 13  1      0.0    236.8   0.00000000   0.00000000    266.8   85.6      4.7     86976
2017  3 13  2      0.0    227.1   0.00000000   0.00000000    266.6   84.8      2.7     86965
2017  3 13  3      0.0    247.6   0.00000003   0.00000000    266.9   85.8      2.1     86949
2017  3 13  4      0.0    266.1   0.00000052   0.00000000    267.4   92.8      2.7     86916
2017  3 13  5      0.0    275.4   0.00000818   0.00000000    268.1   95.0      3.1     86875
2017  3 13  6      0.0    274.0   0.00000761   0.00000000    268.6   94.2      3.1     86822
2017  3 13  7     39.2    233.4   0.00000219  -0.00000000    268.1   95.5      3.4     86815
2017  3 13  8    151.1    212.2   0.00000320   0.00000000    268.2   97.0      2.7     86809
2017  3 13  9    252.3    218.6   0.00000485  -0.00000000    268.8   95.2      1.3     86791
2017  3 13 10    170.4    292.1   0.00000185   0.00000000    270.4   95.7      3.9     86819
2017  3 13 11    244.5    290.1   0.00000185   0.00000011    270.3   98.5      4.5     86786
2017  3 13 12    418.9    229.5   0.00000544   0.00000001    270.9   92.2      6.8     86673
2017  3 13 13    428.7    217.2   0.00001186   0.00000000    270.7   92.5      7.4     86643
2017  3 13 14    375.5    216.9   0.00001281   0.00000000    270.7   91.1      8.6     86588
2017  3 13 15    216.3    253.7   0.00002745   0.00000000    271.1   90.9     10.5     86593
2017  3 13 16    108.7    259.7   0.00002211   0.00000002    270.4   95.6     14.9     86577
2017  3 13 17     59.3    230.6   0.00002814   0.00000004    269.6   97.7     12.0     86625
2017  3 13 18      4.6    206.1   0.00000762   0.00000002    269.9   96.8     14.0     86613
2017  3 13 19      0.0    206.7   0.00001098   0.00000000    269.6   97.1     13.8     86666
2017  3 13 20      0.0    209.3   0.00001206   0.00000000    269.9   96.6     15.9     86678
2017  3 13 21      0.0    217.1   0.00000273   0.00000000    269.3  100.0     17.1     86671
2017  3 13 22      0.0    273.7   0.00000223   0.00000006    269.8  100.0     18.1     86593
2017  3 13 23      0.0    296.8   0.00000302   0.00000025    269.9  100.0     19.0     86524
2017  3 14  0      0.0    279.8   0.00000962   0.00000033    270.3   96.8     18.8     86473
2017  3 14  1      0.0    222.5   0.00001366   0.00000002    270.3   97.1     17.9     86446
2017  3 14  2      0.0    226.2   0.00001509  -0.00000000    270.4   96.2     16.5     86474
2017  3 14  3      0.0    232.1   0.00002749  -0.00000000    270.5   93.6     15.2     86425
2017  3 14  4      0.0    235.6   0.00004881   0.00000003    270.3   95.0     11.2     86400
2017  3 14  5      0.0    235.9   0.00004149  -0.00000005    271.6   89.0     11.8     86256
2017  3 14  6      0.0    234.3   0.00005076  -0.00000000    271.8   86.6     14.5     86154
2017  3 14  7     38.6    238.0   0.00008219   0.00000001    272.1   87.2     12.3     86188
2017  3 14  8    112.8    250.2   0.00015665   0.00000000    272.1   86.8     11.2     86148
2017  3 14  9    236.4    236.4   0.00012033   0.00000000    272.7   87.1     14.2     86133
2017  3 14 10    319.0    239.3   0.00005378   0.00000000    272.1   92.6     16.8     86122
2017  3 14 11    417.6    222.9   0.00000819   0.00000008    271.0   92.0     15.1     86120
2017  3 14 12     48.0    302.7   0.00032990   0.00000000    271.6   88.9     15.2     85897
2017  3 14 13     37.7    294.8   0.00044353   0.00000000    270.6   92.7     13.2     85844
2017  3 14 14     30.9    293.0   0.00039847   0.00000000    269.9   94.4     13.5     85776
2017  3 14 15     25.6    290.2   0.00035930   0.00000000    269.9   89.7     17.6     85751
2017  3 14 16     31.5    286.3   0.00022144   0.00000000    270.1   86.1     18.1     85646
2017  3 14 17     11.0    283.6   0.00023686   0.00000000    270.0   87.5     19.4     85549
2017  3 14 18      0.4    290.6   0.00060967   0.00000000    269.4   95.0     17.2     85564
2017  3 14 19      0.0    281.6   0.00009406   0.00000000    269.4   90.2     20.0     85558
2017  3 14 20      0.0    275.5   0.00017082   0.00000000    269.2   94.1     17.0     85605
2017  3 14 21      0.0    255.2   0.00004875   0.00000000    268.8   91.4     17.6     85597
2017  3 14 22      0.0    282.8   0.00016158   0.00000000    269.2   92.3     19.2     85625
2017  3 14 23      0.0    282.7   0.00021773   0.00000000    268.9   92.1     22.4     85622
2017  3 15  0      0.0    273.6   0.00006598   0.00000000    268.9   92.8     21.2     85693
2017  3 15  1      0.0    282.5   0.00020017   0.00000000    268.9   95.1     18.4     85742
2017  3 15  2      0.0    283.5   0.00014244   0.00000000    268.6   97.3     20.5     85779
2017  3 15  3      0.0    280.8   0.00013732   0.00000000    268.8   97.3     20.7     85790
2017  3 15  4      0.0    229.1   0.00007891   0.00000000    267.7  100.0     19.7     85852
2017  3 15  5      0.0    239.2   0.00001715   0.00000000    267.9   99.0     18.7     85952
2017  3 15  6      0.1    272.9   0.00007916   0.00000000    268.3   94.1     18.4     85992
2017  3 15  7     33.7    267.7   0.00001573   0.00000000    268.4   98.1     18.9     86020
2017  3 15  8    139.4    227.3   0.00003824   0.00000000    268.6   95.2     18.0     86046
2017  3 15  9    164.5    268.6   0.00008986   0.00000007    268.7   92.9     20.3     86132
2017  3 15 10    201.7    268.5   0.00014169   0.00000000    268.8   93.2     19.2     86234
2017  3 15 11    173.6    280.9   0.00013807   0.00000000    268.6   94.2     19.1     86309
2017  3 15 12     68.9    284.1   0.00011090   0.00000000    268.6   95.8     18.6     86269
2017  3 15 13     65.6    285.0   0.00008036   0.00000002    268.7   97.0     18.5     86269
2017  3 15 14     51.6    285.2   0.00010467   0.00000001    268.4   96.3     20.8     86280
2017  3 15 15     42.0    284.3   0.00006873   0.00000001    268.7   95.8     18.0     86357
2017  3 15 16     30.4    281.9   0.00006538   0.00000001    268.7   95.8     17.1     86380
2017  3 15 17     11.1    282.9   0.00007139   0.00000001    268.7   95.7     18.0     86417
2017  3 15 18      0.8    281.6   0.00004874   0.00000001    268.6   96.4     17.1     86469
2017  3 15 19      0.0    256.7   0.00001719   0.00000001    267.9   96.9     15.8     86527
2017  3 15 20      0.0    249.1   0.00002450   0.00000005    268.4   99.1     15.5     86524
2017  3 15 21      0.0    284.5   0.00003722   0.00000009    268.2   98.6     16.0     86558
2017  3 15 22      0.0    280.1   0.00003380   0.00000008    268.4   97.1     14.2     86620
2017  3 15 23      0.0    247.1   0.00002262   0.00000000    267.7   98.8     12.3     86660
2017  3 16  0      0.0    207.8   0.00001208   0.00000000    267.6  100.0     12.3     86627
2017  3 16  1      0.0    212.9   0.00000163   0.00000000    267.5  100.0     13.3     86565
2017  3 16  2      0.0    263.3   0.00000814   0.00000004    268.0  100.0     14.4     86519
2017  3 16  3      0.0    216.8   0.00001165   0.00000000    268.3  100.0     14.9     86440
2017  3 16  4      0.0    221.4   0.00001086  -0.00000000    268.3  100.0     12.5     86415
2017  3 16  5      0.0    220.4   0.00000343   0.00000000    269.1   99.5     12.6     86382
2017  3 16  6      0.6    236.0   0.00000371   0.00000000    269.8  100.0     11.1     86377
2017  3 16  7     36.8    285.4   0.00000364   0.00000004    271.0   98.4     10.7     86344
2017  3 16  8    134.9    268.3   0.00000218   0.00000004    271.3   99.2     10.3     86306
2017  3 16  9    267.8    238.2   0.00000077   0.00000000    271.7  100.0      8.9     86266
2017  3 16 10    374.9    230.8   0.00000015   0.00000000    272.7   87.9     11.1     86145
2017  3 16 11    394.4    237.8   0.00000008   0.00000000    272.8   88.7      9.7     86064
2017  3 16 12    467.6    225.9   0.00000024  -0.00000001    272.7   95.5     10.2     85759
2017  3 16 13    451.1    227.6   0.00000034   0.00000001    273.3   92.5     15.1     85607
2017  3 16 14    390.7    229.6   0.00001362   0.00000001    274.0   86.1     10.2     85495
2017  3 16 15    286.5    235.0   0.00007617   0.00000001    273.4   85.3      7.8     85356
2017  3 16 16    170.1    239.6   0.00008005   0.00000001    273.0   84.3      8.8     85182
2017  3 16 17     49.7    268.7   0.00012267   0.00000000    272.7   85.1      8.3     85047
2017  3 16 18      2.0    290.0   0.00017565   0.00000000    272.2   86.7     12.3     84954
2017  3 16 19      0.0    292.9   0.00023877  -0.00000000    270.5   91.7     12.3     84980
2017  3 16 20      0.0    285.8   0.00024076   0.00000000    269.4   93.0     12.9     84940
2017  3 16 21      0.0    219.6   0.00004060  -0.00000000    267.4   97.7     17.1     84832
2017  3 16 22      0.0    191.9   0.00000102   0.00000000    267.0  100.0     17.2     84744
2017  3 16 23      0.0    200.3   0.00000172  -0.00000000    267.0   97.1     16.6     84701
2017  3 17  0      0.0    260.8   0.00006262   0.00000000    267.5   90.8     17.2     84605
2017  3 17  1      0.0    273.4   0.00004686   0.00000000    267.0   98.1     16.7     84513
2017  3 17  2      0.0    244.5   0.00013720   0.00000000    266.8   95.5     12.4     84481
2017  3 17  3      0.0    279.9   0.00036530   0.00000000    267.5   88.7     16.8     84379
2017  3 17  4      0.0    278.2   0.00026040   0.00000000    267.3   95.6     14.8     84362
2017  3 17  5      0.0    235.8   0.00002809   0.00000000    266.9   95.4     16.7     84318
2017  3 17  6      0.6    265.8   0.00005833   0.00000006    267.4   88.5     17.9     84243
2017  3 17  7     21.7    270.0   0.00016911   0.00000000    267.4   92.1     18.7     84258
2017  3 17  8    118.2    240.8   0.00008939   0.00000000    266.8   99.5     18.3     84294
2017  3 17  9    152.6    265.0   0.00002986   0.00000000    267.2   92.6     16.9     84310
2017  3 17 10    171.1    272.2   0.00013962   0.00000000    268.0   92.4     15.0     84411
2017  3 17 11    141.6    279.2   0.00008872   0.00000000    267.6   96.8     11.1     84495
2017  3 17 12    249.6    264.2   0.00011944   0.00000000    268.8   90.9     16.1     84340
2017  3 17 13    160.8    279.2   0.00015379   0.00000000    268.2   93.2     16.7     84388
2017  3 17 14    126.6    280.4   0.00015118   0.00000000    268.1   92.3     15.7     84446
2017  3 17 15     97.5    281.6   0.00014685   0.00000000    267.8   96.8     13.9     84510
2017  3 17 16    101.9    271.4   0.00006070   0.00000000    267.5   98.9     12.2     84523
2017  3 17 17     29.3    270.4   0.00006113   0.00000002    266.7   98.0     14.0     84512
2017  3 17 18      8.4    244.7   0.00003465   0.00000000    266.2  100.0     10.9     84549
2017  3 17 19      0.0    249.6   0.00002375   0.00000000    265.6  100.0     11.2     84570
2017  3 17 20      0.0    218.6   0.00000794   0.00000002    264.8  100.0      9.6     84584
2017  3 17 21      0.0    220.5   0.00001530   0.00000000    264.7  100.0      9.7     84570
2017  3 17 22      0.0    205.5   0.00000694  -0.00000000    263.9  100.0      7.2     84564
2017  3 17 23      0.0    257.7   0.00002359   0.00000002    264.9  100.0     10.6     84527
2017  3 18  0      0.0    252.3   0.00003453   0.00000002    264.9  100.0      6.3     84508
2017  3 18  1      0.0    270.0   0.00002038   0.00000002    264.6   98.5      9.2     84508
2017  3 18  2      0.0    230.3   0.00000382   0.00000000    263.8  100.0      8.0     84496
2017  3 18  3      0.0    228.2   0.00001934   0.00000000    263.9  100.0      9.0     84473
2017  3 18  4      0.0    207.3   0.00001886   0.00000001    263.6  100.0      9.0     84488
2017  3 18  5      0.0    201.8   0.00001857  -0.00000000    263.5  100.0      9.0     84501
2017  3 18  6      2.7    190.7   0.00001216   0.00000001    263.0  100.0      7.8     84529
2017  3 18  7     69.9    189.2   0.00000987  -0.00000002    263.4  100.0      7.5     84571
2017  3 18  8    176.3    198.4   0.00000845   0.00000000    264.2   99.9      5.9     84630
2017  3 18  9    282.1    210.0   0.00000155   0.00000000    264.6   95.0      6.7     84698
2017  3 18 10    425.2    174.9   0.00000028   0.00000000    263.7  100.0      6.2     84776
2017  3 18 11    494.9    173.9   0.00000022   0.00000000    264.0  100.0      5.8     84830
2017  3 18 12    472.1    211.6   0.00000045   0.00000000    266.0   93.7      5.8     84864
2017  3 18 13    372.6    245.9   0.00000165   0.00000003    266.1   94.5      6.9     84917
2017  3 18 14    221.0    262.8   0.00000361   0.00000012    265.9   93.8      6.7     84968
2017  3 18 15    349.3    182.2   0.00000037  -0.00000000    264.9   99.2      4.8     85027
2017  3 18 16    230.6    183.0   0.00000079  -0.00000001    264.2  100.0      4.6     85086
2017  3 18 17     91.8    205.1   0.00000253   0.00000000    263.7  100.0      3.6     85149
2017  3 18 18     12.0    211.2   0.00000554   0.00000000    262.9  100.0      2.6     85191
2017  3 18 19      0.0    269.4   0.00001053   0.00000001    264.9  100.0      4.9     85232
2017  3 18 20      0.0    214.9   0.00000574   0.00000001    263.2  100.0      3.9     85262
2017  3 18 21      0.0    255.2   0.00000309   0.00000005    264.6  100.0      4.0     85272
2017  3 18 22      0.0    254.4   0.00000376   0.00000000    264.9  100.0      5.9     85291
2017  3 18 23      0.0    225.3   0.00000079   0.00000000    264.0  100.0      5.4     85315
2017  3 19  0      0.0    188.3   0.00000025   0.00000000    262.0  100.0      3.7     85310
2017  3 19  1      0.0    176.5   0.00000002   0.00000000    260.4  100.0      2.6     85271
2017  3 19  2      0.0    173.9   0.00000002   0.00000000    259.4  100.0      2.5     85278
2017  3 19  3      0.0    179.6   0.00000027   0.00000000    258.9  100.0      3.3     85265
2017  3 19  4      0.0    178.1   0.00000031   0.00000000    258.7  100.0      3.3     85225
2017  3 19  5      0.0    175.8   0.00000021   0.00000001    258.6  100.0      5.7     85179
2017  3 19  6      3.2    201.5   0.00000018   0.00000001    259.0  100.0      4.6     85143
2017  3 19  7     66.4    202.5   0.00000012  -0.00000000    260.5  100.0      5.0     85093
2017  3 19  8    146.0    215.4   0.00000007   0.00000001    262.1  100.0      5.6     85007
2017  3 19  9    193.1    222.6   0.00000002  -0.00000001    262.8  100.0      5.8     84926
2017  3 19 10    288.3    234.5  -0.00000001  -0.00000000    263.8   94.3      7.5     84861
2017  3 19 11    287.6    249.1   0.00000315   0.00000001    264.2   96.2      8.4     84807
2017  3 19 12    334.4    238.6   0.00001625  -0.00000000    264.4   96.6      6.8     84917
2017  3 19 13    264.5    260.5   0.00002188   0.00000002    265.0   98.3      7.4     84856
2017  3 19 14    195.5    269.0   0.00003055   0.00000002    265.1   99.8      7.4     84817
2017  3 19 15    113.7    267.5   0.00004401   0.00000000    265.0  100.0      7.2     84783
2017  3 19 16     95.9    265.8   0.00004344   0.00000000    264.9  100.0      6.6     84751
2017  3 19 17     31.5    269.1   0.00004638   0.00000000    264.7  100.0      6.3     84727
2017  3 19 18      3.8    268.9   0.00004621   0.00000000    264.7  100.0      5.9     84712
2017  3 19 19      0.0    269.2   0.00003250   0.00000000    264.8   99.6      5.3     84682
2017  3 19 20      0.0    270.8   0.00002065  -0.00000002    264.7   99.2      4.3     84657
2017  3 19 21      0.0    267.1   0.00001719   0.00000000    264.6  100.0      4.6     84641
2017  3 19 22      0.0    257.8   0.00002325   0.00000000    264.4  100.0      2.6     84648
2017  3 19 23      0.0    260.7   0.00001666   0.00000000    264.5  100.0      2.4     84643
2017  3 20  0      0.0    214.8   0.00001007   0.00000000    264.5  100.0      5.5     84599
2017  3 20  1      0.0    246.2   0.00003229  -0.00000000    267.8   92.9      8.7     84598
2017  3 20  2      0.0    240.5   0.00004371   0.00000000    267.6   94.2      6.2     84601
2017  3 20  3      0.0    246.6   0.00006017   0.00000000    268.1   91.7     11.5     84570
2017  3 20  4      0.0    243.7   0.00007203   0.00000000    268.1   90.9      8.5     84612
2017  3 20  5      0.0    253.1   0.00006892   0.00000000    268.1   90.7      7.1     84642
2017  3 20  6      5.6    217.9   0.00001462  -0.00000000    267.5   93.9      8.6     84638
2017  3 20  7     57.3    239.3   0.00003473   0.00000000    268.3   92.3      7.7     84636
2017  3 20  8    195.4    206.6   0.00000823   0.00000000    268.0   94.3      7.0     84611
2017  3 20  9    330.9    196.7   0.00000342   0.00000000    268.2   98.3      7.1     84623
2017  3 20 10    432.0    197.3   0.00000063   0.00000000    268.5   97.8      3.7     84708
2017  3 20 11    481.8    207.5   0.00000104  -0.00000000    269.0   95.6      2.5     84718
2017  3 20 12    420.4    229.2   0.00000184   0.00000006    269.6   94.9      1.3     84701
2017  3 20 13    233.1    276.9   0.00000259   0.00000006    270.4   89.1      6.1     84634
2017  3 20 14    306.0    259.8   0.00000070   0.00000017    269.9   95.4      7.2     84554
2017  3 20 15    150.7    285.0   0.00000386   0.00000037    269.5   98.2      9.2     84361
2017  3 20 16    104.1    267.2   0.00006118   0.00000000    269.1   98.4     10.2     84260
2017  3 20 17     28.8    284.2   0.00009185   0.00000002    269.0   99.8      8.8     84191
2017  3 20 18      2.0    291.4   0.00007363   0.00000001    269.3   97.3      8.8     84124
2017  3 20 19      0.0    278.0   0.00010831   0.00000003    269.2   94.8      8.6     84060
2017  3 20 20      0.0    249.9   0.00004487   0.00000002    268.7   96.8      7.5     83979
2017  3 20 21      0.0    203.0   0.00001109   0.00000000    268.4   88.2      7.6     83922
2017  3 20 22      0.0    189.8   0.00000022   0.00000000    265.8   97.8      4.4     83934
2017  3 20 23      0.0    185.0   0.00000008   0.00000001    264.6   99.3      5.0     83897
2017  3 21  0      0.0    186.3   0.00000015  -0.00000001    264.4   99.0      5.4     83850
2017  3 21  1      0.0    189.2   0.00000051   0.00000001    264.5   99.7      5.8     83814
2017  3 21  2      0.0    188.3   0.00000011  -0.00000001    265.6   94.6      6.4     83784
2017  3 21  3      0.0    200.0   0.00000376   0.00000001    266.1   94.7      6.5     83637
2017  3 21  4      0.0    251.8   0.00005232  -0.00000002    266.7   96.3      5.2     83567
2017  3 21  5     -0.0    252.1   0.00004254   0.00000001    268.1   90.3      7.8     83483
2017  3 21  6      5.6    247.0   0.00008435  -0.00000002    267.4   93.5      4.5     83505
2017  3 21  7     85.2    202.2   0.00001156   0.00000001    267.8   97.1      7.3     83493
2017  3 21  8    189.9    215.2   0.00001460   0.00000000    268.9   91.2     11.0     83448
2017  3 21  9    136.1    271.8   0.00012827   0.00000000    269.5   88.6     14.0     83531
2017  3 21 10    263.9    268.2   0.00006240   0.00000000    269.8   89.7     12.6     83625
2017  3 21 11    389.0    242.0   0.00002727   0.00000000    269.5   94.8     13.4     83738
2017  3 21 12    511.1    208.2   0.00000023   0.00000000    268.7   90.4     10.0     84117
2017  3 21 13    505.7    206.9   0.00000046   0.00000000    268.8   92.1      8.6     84162
2017  3 21 14    409.3    219.4   0.00000682   0.00000000    268.8   94.6      9.1     84186
2017  3 21 15    317.2    222.1   0.00000132   0.00000000    268.4   94.3      7.8     84219
2017  3 21 16    185.6    235.8   0.00000191   0.00000000    268.3   96.2      6.2     84242
2017  3 21 17     60.3    270.9   0.00004031   0.00000000    268.2   98.4      7.0     84303
2017  3 21 18     13.2    227.4   0.00001771   0.00000000    266.7  100.0      5.7     84382
2017  3 21 19     -0.1    223.9   0.00000653   0.00000000    266.4  100.0      5.8     84460
2017  3 21 20      0.0    227.9   0.00001322   0.00000000    265.9  100.0      4.0     84530
2017  3 21 21      0.0    237.7   0.00001025  -0.00000000    266.1  100.0      4.4     84574
2017  3 21 22      0.0    277.7   0.00003759   0.00000003    267.1  100.0      9.0     84654
2017  3 21 23      0.0    228.4   0.00000270   0.00000000    265.9  100.0      6.3     84743
2017  3 22  0      0.0    200.3   0.00000113   0.00000000    264.9  100.0      6.2     84801
2017  3 22  1      0.0    234.7   0.00000780   0.00000000    266.5   97.0     10.2     84827
2017  3 22  2      0.0    230.6   0.00000333   0.00000003    266.2   98.0     12.0     84861
2017  3 22  3      0.0    266.4   0.00000585   0.00000003    266.4   99.7     11.9     84905
2017  3 22  4      0.0    246.0   0.00002967   0.00000000    266.7   97.3     10.7     84977
2017  3 22  5      0.0    259.4   0.00002911   0.00000000    266.9   95.6     12.1     85056
2017  3 22  6      8.6    218.5   0.00001836   0.00000003    265.9  100.0     10.7     85196
2017  3 22  7     71.7    241.1   0.00001268   0.00000000    265.6  100.0     11.5     85306
2017  3 22  8    197.3    216.1   0.00000559   0.00000003    264.8  100.0      9.4     85434
2017  3 22  9    339.9    187.6   0.00000421   0.00000000    264.7  100.0      8.6     85519
2017  3 22 10    371.4    219.9   0.00000624   0.00000006    265.7   95.4     10.1     85609
2017  3 22 11    402.5    234.3   0.00000502   0.00000013    266.0   99.0     11.0     85675
2017  3 22 12    502.8    208.5   0.00001125   0.00000006    266.9  100.0     12.0     85801
2017  3 22 13    432.0    235.2   0.00000851   0.00000019    267.0   98.7     11.1     85891
2017  3 22 14    370.3    225.7   0.00004080   0.00000009    267.4   93.5     10.9     85966
2017  3 22 15    172.3    252.7   0.00009320  -0.00000000    267.2   96.7     10.8     86037
2017  3 22 16    122.0    265.9   0.00003735   0.00000026    266.5   98.3     12.3     86162
2017  3 22 17     45.0    268.8   0.00003831   0.00000001    266.2  100.0     10.0     86253
2017  3 22 18      8.3    269.4   0.00001469   0.00000003    265.8  100.0      9.3     86353
2017  3 22 19      0.0    206.2   0.00000407   0.00000000    264.5  100.0      8.8     86415
2017  3 22 20      0.0    204.9   0.00000150   0.00000002    263.7  100.0      8.7     86474
2017  3 22 21      0.0    263.6   0.00000464   0.00000007    264.3  100.0      7.6     86543
2017  3 22 22      0.0    224.0   0.00000275   0.00000000    263.4  100.0      8.4     86609
2017  3 22 23      0.0    254.1   0.00000056   0.00000001    263.2  100.0      7.8     86682
2017  3 23  0      0.0    261.9   0.00000064   0.00000001    262.9  100.0      7.4     86751
2017  3 23  1      0.0    260.2   0.00000070   0.00000004    262.5  100.0      7.0     86818
2017  3 23  2      0.0    255.8   0.00000065   0.00000004    262.1  100.0      6.5     86890
2017  3 23  3      0.0    227.9   0.00000052  -0.00000001    261.5  100.0      6.0     86920
2017  3 23  4      0.0    177.4   0.00000024   0.00000001    260.8  100.0      5.6     86960
2017  3 23  5      0.0    172.3   0.00000006  -0.00000001    260.3  100.0      5.9     87004
2017  3 23  6     12.5    171.2   0.00000002   0.00000001    260.4  100.0      6.2     87048
2017  3 23  7    107.1    173.7   0.00000003   0.00000000    261.3  100.0      6.6     87066
2017  3 23  8    234.2    177.6   0.00000004   0.00000000    262.6   98.2      7.3     87104
2017  3 23  9    356.8    181.7   0.00000079  -0.00000002    263.9   95.1      6.8     87135
2017  3 23 10    440.3    192.4   0.00000187   0.00000001    264.9   94.0      7.5     87177
2017  3 23 11    425.1    225.6   0.00001086   0.00000001    265.4   95.5      8.9     87211
2017  3 23 12    321.1    264.7   0.00002229   0.00000000    267.0   95.5      9.9     87239
2017  3 23 13    287.7    270.3   0.00002409   0.00000000    267.3   95.8      8.8     87263
2017  3 23 14    196.3    273.3   0.00002024   0.00000000    267.4   96.7     10.1     87265
2017  3 23 15    146.7    271.8   0.00002298   0.00000018    267.5   97.7      7.7     87269
2017  3 23 16     45.8    278.9   0.00005604   0.00000000    267.5   97.4      6.1     87265
2017  3 23 17     21.9    282.4   0.00006290   0.00000000    267.9   95.8     10.1     87235
2017  3 23 18      6.8    281.3   0.00007036   0.00000000    268.0   98.0     11.9     87267
2017  3 23 19      0.0    276.9   0.00004015   0.00000002    268.0   97.3      8.0     87302
2017  3 23 20      0.0    283.8   0.00008272  -0.00000000    268.1   97.3      8.3     87327
2017  3 23 21      0.0    285.0   0.00009126   0.00000002    267.3   99.6      6.3     87365
2017  3 23 22      0.0    285.4   0.00005801   0.00000003    268.2   97.5     11.7     87351
2017  3 23 23      0.0    277.1   0.00004196   0.00000003    268.1   98.8      8.5     87378
2017  3 24  0      0.0    281.7   0.00002728   0.00000003    268.3   98.7     11.1     87370
2017  3 24  1      0.0    285.3   0.00003556   0.00000003    268.5   97.0     11.2     87368
2017  3 24  2      0.0    283.0   0.00004609   0.00000002    268.6   95.7     12.4     87379
2017  3 24  3      0.0    279.5   0.00003466   0.00000000    268.7   95.2     12.3     87395
2017  3 24  4      0.0    282.1   0.00002989   0.00000000    268.5   96.1     12.1     87438
2017  3 24  5      0.0    275.0   0.00001724  -0.00000000    267.7   98.8     13.4     87476
2017  3 24  6      9.4    233.9   0.00000632   0.00000003    267.4   98.8     12.5     87514
2017  3 24  7     88.5    231.9   0.00000964  -0.00000000    267.1   96.8     12.7     87530
2017  3 24  8    218.2    210.3   0.00000398   0.00000000    267.1   97.5     12.0     87537
2017  3 24  9    255.0    255.9   0.00000167   0.00000012    267.6  100.0     12.5     87543
2017  3 24 10    242.9    278.9   0.00000258   0.00000033    267.8  100.0     11.3     87572
2017  3 24 11    186.1    285.7   0.00001622   0.00000044    268.3   97.7     12.5     87506
2017  3 24 12    501.1    217.7   0.00001756   0.00000000    269.2   95.0     18.4     87246
2017  3 24 13    478.8    221.5   0.00001705   0.00000001    269.4   95.6     18.9     87219
2017  3 24 14    447.1    217.8   0.00002101   0.00000004    269.2   95.0     18.0     87214
2017  3 24 15    367.9    214.4   0.00002900   0.00000000    269.5   95.6     18.9     87151
2017  3 24 16    253.9    214.4   0.00003820   0.00000000    269.4   96.0     17.6     87163
2017  3 24 17    118.3    222.9   0.00004188   0.00000000    269.5   95.5     16.5     87195
2017  3 24 18     25.4    225.1   0.00001672   0.00000006    269.6   98.6     15.4     87269
2017  3 24 19      0.0    281.9   0.00001157   0.00000006    269.8   98.1     15.6     87312
2017  3 24 20      0.0    282.5   0.00000727   0.00000003    269.5   99.6     15.3     87321
2017  3 24 21      0.0    286.8   0.00000687   0.00000006    269.4   99.4     16.1     87313
2017  3 24 22      0.0    288.7   0.00001024   0.00000006    269.4  100.0     16.6     87348
2017  3 24 23      0.0    292.4   0.00000936   0.00000003    269.4  100.0     15.8     87379
2017  3 25  0      0.0    296.2   0.00000621   0.00000007    269.6  100.0     15.1     87400
2017  3 25  1      0.0    297.8   0.00000440   0.00000011    269.5  100.0     17.4     87361
2017  3 25  2      0.0    293.8   0.00000214   0.00000002    269.2  100.0     19.7     87304
2017  3 25  3      0.0    294.8   0.00000222   0.00000012    269.2  100.0     21.0     87225
2017  3 25  4      0.0    295.2   0.00000144   0.00000018    268.9  100.0     20.4     87237
2017  3 25  5      0.0    293.4   0.00000060   0.00000018    268.8  100.0     19.1     87314
2017  3 25  6     16.4    228.0   0.00000022   0.00000000    268.4   98.9     18.1     87358
2017  3 25  7    114.2    206.1   0.00000001   0.00000000    268.2   89.4     15.8     87408
2017  3 25  8    242.6    205.9  -0.00000000   0.00000000    268.3   88.1     12.5     87501
2017  3 25  9    366.6    205.5   0.00000001   0.00000000    268.9   82.0     10.1     87576
2017  3 25 10    462.8    212.7  -0.00000000   0.00000000    269.5   88.8     10.2     87598
2017  3 25 11    528.7    218.2  -0.00000001   0.00000001    270.6   93.9     10.5     87621
2017  3 25 12    184.0    304.6   0.00000278   0.00000005    271.4   98.5     10.1     87651
2017  3 25 13    189.2    306.2   0.00000342   0.00000006    272.1   96.9     10.1     87631
2017  3 25 14    146.2    307.5   0.00000536   0.00000006    272.1   96.9      9.7     87616
2017  3 25 15    119.7    308.0   0.00000329   0.00000004    272.1   99.1      9.6     87589
2017  3 25 16     76.0    308.6   0.00000305   0.00000004    272.2   99.7      8.8     87585
2017  3 25 17     33.9    309.4   0.00000303   0.00000006    272.2   99.1      8.2     87620
2017  3 25 18      7.4    309.8   0.00000238   0.00000008    272.2  100.0      7.9     87662
2017  3 25 19      0.1    311.6   0.00000240   0.00000011    272.7   99.5      7.3     87692
2017  3 25 20      0.0    314.3   0.00000140   0.00000013    273.3   98.4      7.1     87699
2017  3 25 21      0.0    316.0   0.00000008   0.00000144    273.6   97.4      7.5     87708
2017  3 25 22      0.0    317.1   0.00000003   0.00000215    273.7   98.8      8.2     87717
2017  3 25 23      0.0    317.6   0.00000000   0.00000173    273.9   99.9     10.2     87687
2017  3 26  0      0.0    318.8  -0.00000001   0.00000083    273.9   99.9     11.2     87645
2017  3 26  1      0.0    319.6   0.00000000   0.00000093    274.3   99.9     12.2     87626
2017  3 26  2      0.0    321.0  -0.00000002   0.00000098    274.4   99.9     10.7     87624
2017  3 26  3      0.0    320.4   0.00000005   0.00000183    274.2   99.9     10.1     87612
2017  3 26  4      0.0    319.7  -0.00000002   0.00000312    274.1   99.9     10.0     87632
2017  3 26  5      0.0    319.6  -0.00000002   0.00000307    274.2   99.9      9.9     87651
2017  3 26  6      3.6    320.6   0.00000001   0.00000180    274.4   99.9     10.1     87625
2017  3 26  7     23.1    321.0  -0.00000001   0.00000160    274.3   99.9     10.8     87630
2017  3 26  8     42.6    320.3   0.00000002   0.00000249    274.2   99.9     10.8     87632
2017  3 26  9     63.5    320.3   0.00000002   0.00000280    274.1   99.9     10.8     87634
2017  3 26 10     86.9    320.2  -0.00000001   0.00000319    274.3   99.9     11.2     87655
2017  3 26 11    156.7    322.3  -0.00000002   0.00000201    274.8   99.9     12.0     87646
2017  3 26 12    219.7    324.3   0.00000000   0.00000086    275.3   99.9     10.4     87753
2017  3 26 13    261.9    326.1   0.00000000   0.00000041    275.6   99.9     10.2     87741
2017  3 26 14    241.9    326.6   0.00000000   0.00000030    275.7   99.9      9.8     87725
2017  3 26 15    174.9    326.9   0.00000000   0.00000031    275.7   99.9      9.1     87728
2017  3 26 16    107.2    327.0   0.00000000   0.00000035    275.6  100.0      8.7     87731
2017  3 26 17     46.8    326.8   0.00000000   0.00000041    275.6  100.0      8.6     87741
2017  3 26 18     10.8    326.7   0.00000000   0.00000052    275.5   99.9      8.2     87736
2017  3 26 19      0.0    326.0   0.00000000   0.00000051    275.4   99.9      7.8     87743
2017  3 26 20      0.0    325.5   0.00000000   0.00000037    275.3   99.9      7.9     87740
2017  3 26 21      0.0    324.3   0.00000000   0.00000030    275.2   99.9      7.3     87738
2017  3 26 22      0.0    323.7   0.00000000   0.00000017    275.2   99.9      7.1     87735
2017  3 26 23      0.0    325.1   0.00000000   0.00000021    275.4   99.7      7.3     87724
2017  3 27  0      0.0    325.6   0.00000000   0.00000003    275.4   99.4      7.7     87698
2017  3 27  1      0.0    324.2   0.00000000   0.00000006    275.2   99.7      7.0     87661
2017  3 27  2      0.0    321.9   0.00000000   0.00000005    274.9   99.6      7.1     87601
2017  3 27  3      0.0    320.8   0.00000000   0.00000015    274.9   99.9      7.9     87555
2017  3 27  4      0.0    322.3   0.00000000   0.00000021    274.5   99.9      8.1     87532
2017  3 27  5      0.0    318.6   0.00000000   0.00000025    273.9   99.7      7.9     87504
2017  3 27  6     15.8    295.8   0.00000000   0.00000007    273.3   99.1      8.0     87494
2017  3 27  7     87.4    292.0   0.00000000   0.00000006    273.3   99.2      8.4     87483
2017  3 27  8    199.5    276.6   0.00000003  -0.00000000    273.3   97.8      9.3     87456
2017  3 27  9    372.7    223.7   0.00000000  -0.00000004    273.4   96.0     10.5     87432
2017  3 27 10    476.7    223.4   0.00000000   0.00000001    273.6   94.1     11.0     87421
2017  3 27 11    542.3    224.5   0.00000000   0.00000005    273.8   93.9     11.0     87404
2017  3 27 12    566.2    227.2   0.00000000   0.00000002    274.3   94.0     10.5     87341
2017  3 27 13    550.7    226.1   0.00000000   0.00000002    274.4   94.0     10.5     87342
2017  3 27 14    494.1    225.1   0.00000000   0.00000000    274.4   93.0     11.1     87291
2017  3 27 15    399.2    226.3   0.00000000   0.00000000    274.0   95.9     11.3     87263
2017  3 27 16    264.8    240.9   0.00000000   0.00000002    273.8   98.7     10.6     87266
2017  3 27 17    105.4    293.7   0.00000000   0.00000005    273.7   98.2      9.2     87274
2017  3 27 18     26.9    271.7   0.00000000   0.00000000    273.0   95.1      6.7     87302
2017  3 27 19     -0.0    226.8   0.00000001   0.00000000    272.7   88.6      6.3     87305
2017  3 27 20      0.0    221.6   0.00000000   0.00000000    272.2   86.3      6.4     87308
2017  3 27 21      0.0    220.7   0.00000000   0.00000000    272.1   82.7      6.0     87328
2017  3 27 22      0.0    220.2   0.00000000   0.00000000    271.7   80.3      5.5     87346
2017  3 27 23      0.0    219.7   0.00000000   0.00000000    271.6   78.1      5.3     87338
2017  3 28  0      0.0    221.1   0.00000000   0.00000000    271.7   74.8      5.5     87307
2017  3 28  1      0.0    228.7   0.00000000   0.00000000    272.2   71.1      5.9     87247
2017  3 28  2      0.0    234.9   0.00000000  -0.00000000    272.1   72.9      5.9     87184
2017  3 28  3      0.0    230.0   0.00000000   0.00000000    271.8   73.1      5.8     87133
2017  3 28  4      0.0    224.7   0.00000000   0.00000000    271.4   72.5      5.2     87121
2017  3 28  5      0.0    227.4   0.00000000   0.00000000    271.1   72.4      4.6     87125
2017  3 28  6     23.5    233.7   0.00000000   0.00000000    271.4   71.4      3.8     87118
2017  3 28  7    120.8    236.1   0.00000000   0.00000000    272.3   69.2      3.3     87119
2017  3 28  8    244.9    233.1   0.00000000   0.00000000    273.6   67.3      2.9     87095
2017  3 28  9    368.6    232.3   0.00000000   0.00000000    274.9   66.6      2.8     87073
2017  3 28 10    465.2    232.9   0.00000000  -0.00000000    275.3   68.2      2.7     87054
2017  3 28 11    525.1    235.0   0.00000000   0.00000000    275.6   69.2      2.9     87022
2017  3 28 12    554.5    232.1   0.00000000   0.00000000    275.7   66.4      2.4     86962
2017  3 28 13    541.5    230.3   0.00000000   0.00000000    275.9   65.7      1.7     86920
2017  3 28 14    482.0    230.7   0.00000000   0.00000000    275.7   71.8      1.3     86879
2017  3 28 15    376.1    236.5   0.00000000   0.00000000    275.3   81.3      1.2     86834
2017  3 28 16    260.0    235.6   0.00000000   0.00000000    274.8   80.7      1.0     86789
2017  3 28 17    136.4    236.4   0.00000000   0.00000000    274.1   74.1      1.1     86748
2017  3 28 18     35.9    235.0   0.00000000   0.00000000    272.8   76.3      1.9     86719
2017  3 28 19     -0.0    235.4   0.00000000   0.00000000    271.0   79.9      2.2     86703
2017  3 28 20      0.0    238.5   0.00000000   0.00000000    270.9   73.6      2.2     86674
2017  3 28 21      0.0    240.2   0.00000000   0.00000000    270.3   79.3      2.7     86661
2017  3 28 22      0.0    241.0   0.00000000   0.00000000    269.9   89.2      2.6     86641
2017  3 28 23      0.0    253.6   0.00000002   0.00000000    269.1  100.0      2.6     86635
2017  3 29  0      0.0    300.4   0.00000018   0.00000013    270.0  100.0      1.8     86612
2017  3 29  1      0.0    299.2   0.00000029   0.00000002    270.0  100.0      2.0     86570
2017  3 29  2      0.0    300.9   0.00000266   0.00000002    270.7  100.0      2.7     86507
2017  3 29  3      0.0    302.3   0.00000691   0.00000001    271.1  100.0      2.4     86461
2017  3 29  4      0.0    302.6   0.00000633   0.00000000    271.2   99.8      2.7     86449
2017  3 29  5      0.1    300.9   0.00000264   0.00000001    271.2  100.0      2.6     86453
2017  3 29  6      9.0    302.2   0.00000117   0.00000000    271.3   99.8      1.7     86476
2017  3 29  7     37.8    303.5   0.00000113   0.00000001    271.5   99.1      0.8     86513
2017  3 29  8     66.9    305.1   0.00000135   0.00000003    271.9   95.5      3.2     86561
2017  3 29  9    200.3    294.6   0.00000094   0.00000001    271.9   95.8      4.0     86610
2017  3 29 10    324.0    285.1   0.00000082   0.00000005    272.1   94.8      4.1     86644
2017  3 29 11    370.7    290.4   0.00000057   0.00000023    272.3   92.6      4.8     86668
2017  3 29 12    537.6    226.1   0.00000000   0.00000000    273.4   77.8      1.2     86594
2017  3 29 13    545.9    218.5   0.00000000   0.00000000    273.6   76.6      1.7     86633
2017  3 29 14    507.8    210.7  -0.00000000   0.00000000    273.7   75.9      2.1     86651
2017  3 29 15    413.1    211.6   0.00000000   0.00000000    273.5   79.3      2.3     86670
2017  3 29 16    294.1    209.4  -0.00000000   0.00000000    272.8   87.3      2.1     86699
2017  3 29 17    163.9    206.3   0.00000000   0.00000000    271.4   93.3      2.0     86756
2017  3 29 18     47.2    203.6   0.00000000   0.00000000    269.1   98.1      1.2     86830
2017  3 29 19     -0.0    210.4   0.00000002   0.00000008    267.8  100.0      3.1     86876
2017  3 29 20      0.0    284.8   0.00000011   0.00000040    268.9  100.0      2.5     86900
2017  3 29 21      0.0    290.9   0.00000013   0.00000019    269.2  100.0      2.9     86933
2017  3 29 22      0.0    275.3   0.00000023   0.00000013    269.4   95.7      3.0     86965
2017  3 29 23      0.0    226.5   0.00000021  -0.00000000    268.7  100.0      3.5     86981
2017  3 30  0      0.0    212.8   0.00000035   0.00000001    268.4  100.0      3.9     86970
2017  3 30  1      0.0    288.0   0.00000057   0.00000008    269.9  100.0      4.2     86935
2017  3 30  2      0.0    288.1   0.00000062   0.00000003    270.1  100.0      5.1     86898
2017  3 30  3      0.0    293.5   0.00000067   0.00000005    270.2  100.0      5.1     86894
2017  3 30  4      0.0    293.7   0.00000083   0.00000005    270.1  100.0      4.7     86896
2017  3 30  5      0.1    276.7   0.00000127   0.00000002    269.7  100.0      4.5     86849
2017  3 30  6     15.9    290.4   0.00000063   0.00000006    269.4  100.0      6.0     86796
2017  3 30  7     46.0    294.4   0.00000201   0.00000005    269.3  100.0      6.3     86782
2017  3 30  8     39.1    292.2   0.00001850   0.00000000    269.7   98.7      6.4     86753
2017  3 30  9     29.6    294.5   0.00004163   0.00000001    269.8   96.8      6.6     86697
2017  3 30 10     38.5    295.6   0.00009506  -0.00000000    270.1   96.2      6.5     86648
2017  3 30 11    115.9    296.2   0.00013793  -0.00000000    270.9   93.5      6.9     86557
2017  3 30 12    241.8    292.2   0.00004658  -0.00000002    272.6   90.5      2.1     86295
2017  3 30 13    371.4    259.9   0.00002357   0.00000000    273.2   90.3      2.0     86242
2017  3 30 14    409.6    247.2   0.00000224   0.00000759    274.8   89.6     10.7     86117
2017  3 30 15    320.4    253.2   0.00001140   0.00002648    274.2   91.7      8.4     86134
2017  3 30 16    148.9    283.4   0.00006454   0.00000165    273.6   91.8      8.6     86162
2017  3 30 17     80.2    282.3   0.00003042   0.00000002    273.3   94.2      8.5     86177
2017  3 30 18     33.6    252.4   0.00001152  -0.00000001    272.9   97.7      9.1     86195
2017  3 30 19      0.0    286.4   0.00000338   0.00000002    273.3   98.8      9.2     86227
2017  3 30 20      0.0    303.9   0.00000144   0.00000072    273.3   99.3      9.7     86245
2017  3 30 21      0.0    234.1   0.00000056   0.00000022    272.9   98.2     10.2     86266
2017  3 30 22      0.0    223.9   0.00000020  -0.00000002    272.9   99.8      9.7     86298
2017  3 30 23      0.0    293.8   0.00000009   0.00000059    273.5  100.0      8.9     86322
2017  3 31  0      0.0    316.7   0.00000002   0.00000140    273.6   99.9      8.2     86339
2017  3 31  1      0.0    316.9   0.00000002   0.00000187    273.7   99.9      8.0     86313
2017  3 31  2      0.0    315.9  -0.00000001   0.00000192    273.6   99.9      6.8     86313
2017  3 31  3      0.0    316.9   0.00000023   0.00000194    273.5   99.9      4.7     86327
2017  3 31  4      0.0    316.4   0.00000056   0.00000163    273.4  100.0      1.6     86370
2017  3 31  5      0.0    316.0   0.00000078   0.00000163    273.3   99.9      1.0     86411
2017  3 31  6      9.3    315.6   0.00000006   0.00000064    273.4   99.2      1.1     86444
2017  3 31  7     76.4    305.0   0.00000022   0.00000025    273.3   99.9      2.1     86471
2017  3 31  8    166.5    302.6   0.00000011   0.00000035    273.8   99.6      2.1     86478
2017  3 31  9    345.3    249.4   0.00000000   0.00000000    274.3   93.7      2.7     86474
2017  3 31 10    441.2    241.5   0.00000000   0.00000000    274.8   90.9      1.9     86464
2017  3 31 11    485.8    247.0   0.00000000  -0.00000001    274.6   93.8      5.0     86449
2017  3 31 12     91.8    308.3   0.00004869   0.00000357    273.5   97.6      5.0     86321
2017  3 31 13     50.8    308.0   0.00005930   0.00000019    273.3   97.3      5.1     86294
2017  3 31 14     52.3    308.4   0.00007466   0.00000000    273.2   97.4      5.4     86250
2017  3 31 15     67.0    308.9   0.00007295  -0.00000000    273.3   97.5      5.9     86185
2017  3 31 16     43.4    309.7   0.00008094   0.00000012    273.3   98.4      6.2     86154
2017  3 31 17     17.1    313.2   0.00002644   0.00004810    273.8   99.5      5.7     86127
2017  3 31 18      5.7    314.9   0.00000001   0.00008122    274.5   98.8      4.4     86100
2017  3 31 19      0.0    317.7   0.00000001   0.00001937    274.6  100.0      4.7     86052
2017  3 31 20      0.0    321.7  -0.00000000   0.00000104    274.5  100.0      5.9     85987
2017  3 31 21      0.0    320.8   0.00000301   0.00001202    274.2   99.9      6.3     85915
2017  3 31 22      0.0    299.5   0.00002764   0.00011999    274.1   91.9      8.7     85818
2017  3 31 23      0.0    239.5   0.00000309   0.00004637    273.8   90.4     10.1     85740
2017  4  1  0      0.0    231.1   0.00000001   0.00000278    275.1   90.0     14.1     85671
2017  4  1  1      0.0    222.7  -0.00000001   0.00000094    274.6   94.4     13.9     85594
2017  4  1  2      0.0    220.8  -0.00000000   0.00000059    274.0   95.8     11.5     85613
2017  4  1  3      0.0    237.3   0.00000003   0.00000046    273.2   96.9      8.8     85604
2017  4  1  4      0.0    219.7   0.00000018  -0.00000003    272.7   93.4      9.6     85574
2017  4  1  5      0.0    213.2   0.00000008   0.00000001    272.6   93.1     10.8     85553
2017  4  1  6     44.6    213.3   0.00000009   0.00000002    272.6   92.4     11.5     85554
2017  4  1  7    161.4    213.9   0.00000006   0.00000002    272.9   89.4     11.8     85571
2017  4  1  8    295.2    214.3   0.00000004  -0.00000001    273.2   86.9     13.1     85567
2017  4  1  9    419.8    216.1   0.00000005  -0.00000004    273.6   88.6     13.2     85605
2017  4  1 10    517.8    218.6   0.00000020   0.00000002    274.0   91.0     12.7     85659
2017  4  1 11    580.7    220.8   0.00000029   0.00000019    273.9   94.0     14.4     85678
2017  4  1 12    311.3    314.9   0.00000125   0.00000363    273.9   99.7     12.4     85782
2017  4  1 13    195.3    317.2   0.00000167   0.00000668    273.9   99.7     11.7     85811
2017  4  1 14    154.6    317.2   0.00000257   0.00000799    273.8   99.5     12.4     85788
2017  4  1 15    123.1    316.9   0.00000277   0.00000670    273.6   99.9     12.5     85781
2017  4  1 16     82.4    316.6   0.00000203   0.00000410    273.5   99.8     12.9     85794
2017  4  1 17     68.2    314.3   0.00000081   0.00000095    273.3   99.9     12.4     85828
2017  4  1 18     21.0    315.3   0.00000669   0.00000095    273.4   99.4     10.9     85889
2017  4  1 19      0.4    285.1   0.00001757   0.00000035    273.6   91.6      9.5     85933
2017  4  1 20      0.0    300.5   0.00001983  -0.00000002    273.5   92.1      7.9     85973
2017  4  1 21      0.0    298.4   0.00001523   0.00000004    273.1   94.9      7.6     85986
2017  4  1 22      0.0    299.7   0.00000982   0.00000002    272.9   95.6      7.1     86031
2017  4  1 23      0.0    305.9   0.00000871   0.00000006    272.9   96.8      6.3     86058
2017  4  2  0      0.0    309.0   0.00000640   0.00000002    272.9   97.7      5.8     86086
2017  4  2  1      0.0    308.8   0.00000520   0.00000001    272.8   97.5      5.3     86116
2017  4  2  2      0.0    296.3   0.00000670   0.00000004    272.6   96.8      4.7     86127
2017  4  2  3      0.0    264.0   0.00000757   0.00000002    272.0   96.3      4.2     86125
2017  4  2  4      0.0    276.6   0.00000828  -0.00000000    272.2   95.7      3.8     86155
2017  4  2  5      0.0    302.2   0.00000787  -0.00000000    272.4   96.4      3.5     86198
2017  4  2  6     23.2    301.1   0.00000601   0.00000002    272.6   95.4      3.2     86249
2017  4  2  7     82.9    301.7   0.00000600   0.00000000    272.9   94.2      4.5     86292
2017  4  2  8    215.6    280.2   0.00000328   0.00000005    273.0   94.3      5.1     86332
2017  4  2  9    336.4    264.5   0.00000258   0.00000001    273.1   93.4      5.8     86388
2017  4  2 10    462.2    243.7   0.00000177   0.00000000    273.3   92.2      5.7     86434
2017  4  2 11    547.5    230.7   0.00001067   0.00000000    273.0   93.9      6.7     86489
2017  4  2 12    541.8    243.5   0.00000208  -0.00000000    273.4   92.5      4.4     86623
2017  4  2 13    422.1    278.7   0.00000463   0.00000005    273.3   93.3      6.0     86690
2017  4  2 14    434.1    263.8   0.00000313   0.00000004    273.4   93.6      6.6     86720
2017  4  2 15    149.2    306.2   0.00001268   0.00000041    272.5   98.2      7.7     86776
2017  4  2 16    183.5    297.6   0.00000373   0.00000009    272.1   98.9      7.8     86807
2017  4  2 17    108.9    298.7   0.00000091   0.00000007    271.5  100.0      7.5     86878
2017  4  2 18     44.8    254.8   0.00000064   0.00000001    271.0  100.0      6.4     86941
2017  4  2 19      0.8    294.9   0.00000052   0.00000002    271.1  100.0      6.0     87015
2017  4  2 20      0.0    300.0   0.00000053   0.00000002    271.5   98.2      5.3     87085
2017  4  2 21      0.0    289.3   0.00000041   0.00000000    271.2  100.0      4.4     87139
2017  4  2 22      0.0    246.1   0.00000016   0.00000000    269.9  100.0      3.6     87178
2017  4  2 23      0.0    211.9   0.00000007   0.00000000    268.9  100.0      5.3     87224
2017  4  3  0      0.0    211.0  -0.00000001  -0.00000000    268.3  100.0      4.7     87255
2017  4  3  1      0.0    228.6   0.00000008   0.00000004    268.2  100.0      4.7     87262
2017  4  3  2      0.0    224.7   0.00000003   0.00000000    268.6   99.4      5.1     87278
2017  4  3  3      0.0    212.3  -0.00000001  -0.00000000    269.0   95.0      5.3     87279
2017  4  3  4      0.0    211.0  -0.00000002   0.00000000    269.2   93.0      5.6     87282
2017  4  3  5      0.3    212.4   0.00000004   0.00000000    269.3   90.1      5.3     87293
2017  4  3  6     52.0    215.4  -0.00000003   0.00000000    269.9   87.9      4.9     87331
2017  4  3  7    160.3    223.1  -0.00000001   0.00000000    270.9   82.7      4.7     87361
2017  4  3  8    258.2    237.2   0.00000004   0.00000000    271.7   80.7      2.6     87403
2017  4  3  9    345.1    245.6  -0.00000004   0.00000000    272.4   72.1      1.3     87419
2017  4  3 10    408.7    251.8   0.00000002   0.00000000    273.5   66.8      1.8     87428
2017  4  3 11    470.2    251.5   0.00000001   0.00000000    274.1   69.2      3.1     87434
2017  4  3 12    479.7    260.4   0.00000000   0.00000000    274.5   73.0      0.8     87396
2017  4  3 13    483.1    255.4   0.00000000   0.00000000    275.0   74.0      1.0     87389
2017  4  3 14    469.3    250.0   0.00000000   0.00000000    275.7   72.6      3.0     87372
2017  4  3 15    374.1    249.8   0.00000000   0.00000000    275.3   74.1      3.3     87326
2017  4  3 16    261.7    246.9   0.00000000   0.00000000    274.7   78.6      2.7     87295
2017  4  3 17    161.3    239.0   0.00000000   0.00000000    273.4   83.1      1.6     87298
2017  4  3 18     55.7    238.5   0.00000000   0.00000000    272.0   85.2      2.6     87307
2017  4  3 19      1.3    236.2   0.00000000   0.00000000    270.8   88.5      3.0     87301
2017  4  3 20      0.0    230.3   0.00000000   0.00000000    270.4   83.3      2.6     87294
2017  4  3 21      0.0    217.3   0.00000000   0.00000000    269.9   79.1      2.2     87268
2017  4  3 22      0.0    213.9   0.00000000   0.00000000    269.3   81.0      2.3     87256
2017  4  3 23      0.0    215.3   0.00000000   0.00000000    269.3   80.1      3.1     87213
2017  4  4  0      0.0    213.6   0.00000000   0.00000000    269.0   83.2      3.1     87162
2017  4  4  1      0.0    214.4   0.00000000   0.00000000    268.8   87.0      5.2     87078
2017  4  4  2      0.0    215.6   0.00000000   0.00000000    269.1   85.8      5.0     86991
2017  4  4  3      0.0    212.3   0.00000000   0.00000000    268.6   78.3      2.4     86961
2017  4  4  4      0.0    215.2   0.00000000   0.00000000    268.7   92.7      7.1     86684
2017  4  4  5      0.7    228.5   0.00000104   0.00000000    271.4   91.4     12.7     86544
2017  4  4  6     49.8    233.0   0.00002021   0.00000000    272.9   85.1     16.2     86518
2017  4  4  7    168.7    229.2   0.00003499   0.00000000    273.2   84.7     13.4     86535
2017  4  4  8    307.6    226.7   0.00002668   0.00000000    273.6   84.5     13.8     86452
2017  4  4  9    426.5    226.0   0.00004592   0.00000000    272.9   86.9     15.5     86512
2017  4  4 10    520.8    222.1   0.00004622   0.00000000    272.0   91.3     15.5     86559
2017  4  4 11    592.4    213.2   0.00002004   0.00000000    271.0   93.7     18.7     86541
2017  4  4 12    608.0    220.3   0.00001507   0.00000003    271.3   97.7     17.6     86536
2017  4  4 13    571.8    227.2   0.00000434   0.00000004    270.8   96.7     18.6     86517
2017  4  4 14    546.8    206.1   0.00000434   0.00000000    270.5   94.8     20.2     86464
2017  4  4 15    455.6    202.6   0.00000203   0.00000000    270.0   93.3     22.0     86378
2017  4  4 16    333.5    201.1   0.00000247   0.00000004    269.6   94.9     23.0     86310
2017  4  4 17    196.2    202.3   0.00002154   0.00000000    269.4   94.5     21.6     86325
2017  4  4 18     70.0    207.2   0.00003509   0.00000008    269.2   95.6     19.6     86373
2017  4  4 19      2.4    241.0   0.00006570   0.00000004    269.7   89.7     18.8     86379
2017  4  4 20      0.0    286.9   0.00009616   0.00000000    269.9   91.5     19.0     86273
2017  4  4 21      0.0    256.5   0.00003952   0.00000004    269.7   91.1     18.3     86170
2017  4  4 22      0.0    255.7   0.00011806   0.00000000    270.1   86.2     19.9     86047
2017  4  4 23      0.0    287.3   0.00006591   0.00000001    269.9   89.4     18.2     86033
2017  4  5  0      0.0    280.5   0.00008001   0.00000004    269.0   94.3     18.1     86019
2017  4  5  1      0.0    264.2   0.00004662   0.00000004    268.8   93.7     18.1     85934
2017  4  5  2      0.0    274.5   0.00014557   0.00000000    268.8   93.6     16.9     85891
2017  4  5  3      0.0    285.0   0.00025740   0.00000000    269.2   89.3     20.5     85762
2017  4  5  4     -0.1    259.2   0.00011094  -0.00000002    268.9   90.2     19.8     85626
2017  4  5  5      1.0    248.0   0.00009448  -0.00000002    269.1   91.2     19.8     85510
2017  4  5  6     33.1    265.2   0.00010896   0.00000002    269.4   90.0     19.0     85372
2017  4  5  7     87.2    273.8   0.00015058   0.00000000    269.6   89.9     20.5     85309
2017  4  5  8     92.9    279.5   0.00016519   0.00000000    268.9   93.2     19.0     85378
2017  4  5  9    220.9    267.8   0.00001264   0.00000016    267.6   92.6     18.3     85457
2017  4  5 10    481.8    218.3   0.00000170   0.00000016    267.6   93.1     18.0     85592
2017  4  5 11    419.8    246.9   0.00001276   0.00000006    267.8   92.9     17.4     85696
2017  4  5 12    223.6    262.7   0.00004757   0.00000000    267.9   92.3     14.4     85894
2017  4  5 13    221.1    270.4   0.00003269   0.00000000    268.4   90.9     13.6     86038
2017  4  5 14    536.8    201.8   0.00001135   0.00000000    268.3   90.3     13.8     86148
2017  4  5 15    462.6    195.4   0.00000390   0.00000001    268.5   93.1     13.5     86273
2017  4  5 16    337.7    197.4   0.00000267  -0.00000001    268.4   92.1     12.1     86389
2017  4  5 17    205.0    194.8   0.00000046   0.00000000    268.0   95.3      8.4     86518
2017  4  5 18     77.5    196.4   0.00000050   0.00000000    267.4  100.0      6.5     86653
2017  4  5 19      2.5    273.1   0.00000100   0.00000000    268.1   99.9      7.6     86697
2017  4  5 20      0.0    282.1   0.00000103   0.00000000    267.9  100.0      7.1     86779
2017  4  5 21      0.0    231.0   0.00000059   0.00000003    266.9  100.0      5.8     86817
2017  4  5 22      0.0    205.8   0.00000033   0.00000000    266.4  100.0      5.8     86843
2017  4  5 23      0.0    255.6   0.00000063  -0.00000001    267.3  100.0      5.7     86868
2017  4  6  0      0.0    282.8   0.00000057   0.00000011    267.4  100.0      8.3     86862
2017  4  6  1      0.0    286.0   0.00000037   0.00000016    267.0  100.0     10.3     86802
2017  4  6  2      0.0    272.9   0.00000026   0.00000003    266.6  100.0     11.2     86758
2017  4  6  3      0.0    266.8   0.00000026   0.00000006    266.5  100.0     11.5     86741
2017  4  6  4      0.1    275.0   0.00000043   0.00000008    267.0  100.0     11.2     86749
2017  4  6  5      0.5    287.6   0.00000368   0.00000009    267.3  100.0     12.4     86693
2017  4  6  6     38.5    279.9   0.00001322   0.00000003    267.9  100.0     14.1     86640
2017  4  6  7    132.4    248.6   0.00002224   0.00000000    268.2  100.0     12.1     86691
2017  4  6  8    202.9    259.0   0.00002142   0.00000003    268.7   97.9     12.3     86665
2017  4  6  9    358.6    225.5   0.00003373   0.00000000    269.1   96.3     14.3     86579
2017  4  6 10    465.1    222.7   0.00005241   0.00000001    269.5   95.3     15.4     86531
2017  4  6 11    549.1    223.0   0.00005314  -0.00000001    269.9   94.3     15.6     86491
2017  4  6 12    289.1    279.7   0.00007391  -0.00000000    271.9   91.5     14.0     86419
2017  4  6 13    253.1    283.1   0.00007568   0.00000000    272.2   91.1     13.8     86385
2017  4  6 14    327.5    260.5   0.00006063   0.00000001    272.6   91.3     14.1     86342
2017  4  6 15    327.5    245.8   0.00005443  -0.00000001    272.5   92.2     13.6     86337
2017  4  6 16    249.4    243.8   0.00004865   0.00000001    272.4   92.9     11.7     86351
2017  4  6 17    152.7    255.3   0.00001667  -0.00000001    272.6   94.1     10.6     86390
2017  4  6 18     36.8    301.2   0.00001288   0.00000003    272.8   94.0     10.4     86401
2017  4  6 19      1.8    293.2   0.00001740   0.00000003    272.9   94.3     11.3     86410
2017  4  6 20      0.0    288.1   0.00001388   0.00000006    272.9   96.0     12.2     86395
2017  4  6 21      0.0    286.9   0.00001239   0.00000003    273.2   96.6     12.8     86398
2017  4  6 22      0.0    310.3   0.00001441   0.00000008    273.4   96.9     14.1     86377
2017  4  6 23      0.0    310.2   0.00001146   0.00000013    273.3   98.4     15.1     86379
2017  4  7  0      0.0    310.3   0.00000739   0.00000012    273.0   99.1     14.9     86376
2017  4  7  1      0.0    309.9   0.00000613   0.00000009    272.7   99.8     15.3     86343
2017  4  7  2      0.0    306.3   0.00000376   0.00000010    272.6  100.0     16.0     86303
2017  4  7  3      0.0    310.3   0.00000326   0.00000024    272.3  100.0     19.0     86216
2017  4  7  4      0.0    297.1   0.00000047   0.00000010    271.3  100.0     18.7     86206
2017  4  7  5      1.6    304.2   0.00000042   0.00000030    271.0  100.0     18.3     86184
2017  4  7  6     45.3    298.6   0.00000030   0.00000023    270.4  100.0     17.4     86220
2017  4  7  7    125.1    295.3   0.00000014   0.00000009    270.8  100.0     16.6     86266
2017  4  7  8    221.1    294.1   0.00000029   0.00000003    271.2  100.0     14.9     86348
2017  4  7  9    333.1    287.6   0.00000018   0.00000007    271.6   99.8     12.5     86453
2017  4  7 10    422.7    286.3   0.00000043   0.00000002    271.9  100.0     11.2     86542
2017  4  7 11    309.1    307.7   0.00000068   0.00000034    272.2  100.0     10.9     86614
2017  4  7 12    299.0    308.2   0.00000054   0.00000039    272.7   99.9      9.2     86795
2017  4  7 13    276.3    310.2   0.00000045   0.00000041    272.9   97.7      9.1     86837
2017  4  7 14    336.1    306.0   0.00000020   0.00000014    272.9   97.2     10.2     86841
2017  4  7 15    286.1    305.4   0.00000018   0.00000012    272.9   99.2      9.9     86869
2017  4  7 16    154.7    310.6   0.00000034   0.00000034    272.9  100.0      8.8     86879
2017  4  7 17     73.3    312.7   0.00000050   0.00000065    272.9  100.0      8.3     86925
2017  4  7 18     27.3    313.3   0.00000058   0.00000093    272.7  100.0      7.0     86975
2017  4  7 19      1.6    312.5   0.00000058   0.00000065    272.5  100.0      6.2     87002
2017  4  7 20      0.0    311.8   0.00000157   0.00000026    272.5  100.0      6.1     87021
2017  4  7 21      0.0    304.6   0.00000315   0.00000003    272.6   98.6      5.0     87007
2017  4  7 22      0.0    309.1   0.00000162   0.00000004    273.2   96.3      5.8     86992
2017  4  7 23      0.0    312.0   0.00000122   0.00000003    273.4   97.1      7.1     86980
2017  4  8  0      0.0    312.5   0.00000032   0.00000036    273.5   98.6      8.0     86946
2017  4  8  1      0.0    315.0   0.00000002   0.00000071    273.5  100.0      8.6     86910
2017  4  8  2      0.0    316.0   0.00000043   0.00000116    273.4   99.8      8.8     86859
2017  4  8  3      0.0    314.4   0.00000237   0.00000019    273.1   99.4      9.2     86839
2017  4  8  4      0.0    311.7   0.00000404   0.00000005    272.8   98.8      8.9     86848
2017  4  8  5      1.4    310.6   0.00000516   0.00000005    272.7   99.2      9.5     86847
2017  4  8  6     22.7    311.0   0.00000576   0.00000006    272.5   99.4     10.7     86845
2017  4  8  7     55.3    309.8   0.00000537   0.00000028    272.1  100.0     12.0     86834
2017  4  8  8    107.5    308.4   0.00000415   0.00000041    271.8  100.0     11.0     86842
2017  4  8  9    143.1    308.3   0.00000316   0.00000081    272.0  100.0      9.4     86882
2017  4  8 10    178.1    308.1   0.00000373   0.00000087    271.9  100.0      9.0     86915
2017  4  8 11    176.5    308.7   0.00000360   0.00000119    271.7  100.0      9.4     86933
2017  4  8 12    197.9    308.9   0.00000619   0.00000103    272.0  100.0     10.2     86927
2017  4  8 13    226.5    308.7   0.00000289   0.00000082    272.3  100.0     10.4     86903
2017  4  8 14    165.2    310.6   0.00000416   0.00000111    272.4  100.0     10.0     86876
2017  4  8 15    125.6    310.4   0.00000464   0.00000108    272.2  100.0     10.5     86854
2017  4  8 16     88.3    309.4   0.00000318   0.00000051    272.0  100.0      9.3     86847
2017  4  8 17     51.2    309.6   0.00000330   0.00000082    272.1  100.0      9.6     86828
2017  4  8 18     19.5    310.3   0.00000486   0.00000112    272.2  100.0      9.2     86831
2017  4  8 19      1.8    309.9   0.00000256   0.00000119    271.9  100.0      9.3     86839
2017  4  8 20      0.0    309.3   0.00000172   0.00000119    271.8  100.0      9.3     86825
2017  4  8 21      0.0    308.3   0.00000123   0.00000105    271.6  100.0      8.7     86836
2017  4  8 22      0.0    307.5   0.00000124   0.00000133    271.4  100.0      8.8     86837
2017  4  8 23      0.0    306.5   0.00000107   0.00000114    271.2  100.0      9.9     86811
2017  4  9  0      0.0    305.7   0.00000102   0.00000098    271.1  100.0     11.0     86778
2017  4  9  1      0.0    305.9   0.00000113   0.00000109    271.1  100.0     11.6     86731
2017  4  9  2      0.0    305.9   0.00000084   0.00000096    271.1  100.0     11.8     86690
2017  4  9  3      0.0    305.8   0.00000039   0.00000043    271.2  100.0     11.2     86660
2017  4  9  4      0.0    296.9   0.00000030   0.00000014    271.2  100.0     10.4     86644
2017  4  9  5      5.6    228.4   0.00000004  -0.00000004    271.0   98.3      9.8     86645
2017  4  9  6     83.2    216.7   0.00000006   0.00000001    271.0   96.3      8.2     86661
2017  4  9  7    208.3    217.5   0.00000002   0.00000004    271.6   92.2      6.5     86671
2017  4  9  8    340.5    222.0   0.00000001  -0.00000004    273.2   80.4      5.7     86659
2017  4  9  9    460.0    226.0  -0.00000004   0.00000002    274.0   77.9      4.4     86631
2017  4  9 10    549.3    230.3   0.00000001   0.00000002    274.9   77.1      7.4     86550
2017  4  9 11    607.2    233.7   0.00000004  -0.00000004    274.7   80.1     11.3     86467
2017  4  9 12    622.7    233.8   0.00000001   0.00000000    274.5   85.0     10.1     86460
2017  4  9 13    595.6    236.1  -0.00000000   0.00000001    274.7   85.5      9.4     86420
2017  4  9 14    543.4    232.0   0.00000001   0.00000002    274.7   88.1      8.6     86387
2017  4  9 15    455.1    228.2   0.00000000   0.00000002    274.3   91.2      9.2     86296
2017  4  9 16    333.8    227.8   0.00000001   0.00000009    273.7   96.2      9.8     86197
2017  4  9 17    199.0    234.2   0.00000003   0.00000013    273.5   96.9      9.6     86117
2017  4  9 18     84.3    230.8   0.00000008   0.00000003    273.3   95.9      9.2     86049
2017  4  9 19      7.8    227.1   0.00000006   0.00000002    273.2   94.3      8.3     85974
2017  4  9 20      0.0    228.4   0.00000034   0.00000032    273.2   94.1      7.2     85880
2017  4  9 21      0.0    230.8   0.00000205   0.00000521    273.6   88.5      7.5     85760
2017  4  9 22      0.0    233.1   0.00000426   0.00000992    273.6   88.0      6.6     85666
2017  4  9 23      0.0    246.7   0.00004225   0.00000334    273.1   89.1      7.5     85566
2017  4 10  0      0.0    252.9   0.00006455   0.00000000    272.9   90.3     11.2     85459
2017  4 10  1      0.0    240.8   0.00008294  -0.00000001    272.2   90.4     10.1     85409
2017  4 10  2      0.0    242.0   0.00009466   0.00000003    270.5   94.3     12.9     85441
2017  4 10  3      0.0    262.5   0.00004854  -0.00000001    269.7   99.0     11.1     85439
2017  4 10  4      0.0    284.0   0.00001707   0.00000033    269.0  100.0     11.5     85417
2017  4 10  5      2.9    268.0   0.00002439   0.00000003    269.3   99.3     12.5     85410
2017  4 10  6     51.2    277.0   0.00001022   0.00000021    268.8   98.0     14.5     85423
2017  4 10  7    115.4    271.9   0.00000370   0.00000030    268.8   96.6     14.3     85425
2017  4 10  8    202.7    269.4   0.00000293   0.00000034    268.7  100.0     14.7     85435
2017  4 10  9    160.7    287.6   0.00001091   0.00000074    268.9   99.2     13.8     85473
2017  4 10 10    233.2    280.1   0.00001571   0.00000080    269.2   96.7     13.4     85509
2017  4 10 11    218.2    287.1   0.00002453   0.00000083    269.4   97.0     13.7     85547
2017  4 10 12    290.0    282.5   0.00002351   0.00000075    269.5   93.3     14.4     85568
2017  4 10 13    432.1    266.2   0.00000651   0.00000038    269.4   90.2     14.9     85626
2017  4 10 14    321.7    270.4   0.00000715   0.00000048    268.9   92.9     14.6     85671
2017  4 10 15    214.9    274.5   0.00001000   0.00000038    268.6   92.7     14.1     85712
2017  4 10 16    349.9    200.7   0.00000343  -0.00000001    268.2   93.0     13.1     85719
2017  4 10 17    146.5    245.4   0.00004556   0.00000005    267.9   96.9     13.7     85696
2017  4 10 18     58.6    256.3   0.00004349   0.00000001    267.6   97.7     13.3     85721
2017  4 10 19      5.3    269.4   0.00004580   0.00000002    267.3  100.0     14.0     85776
2017  4 10 20      0.0    282.3   0.00002415   0.00000032    267.1  100.0     12.6     85809
2017  4 10 21      0.0    281.4   0.00006673   0.00000001    267.5   97.6      9.6     85903
2017  4 10 22      0.0    239.6   0.00001655   0.00000001    266.8   90.7     10.3     85972
2017  4 10 23      0.0    185.8   0.00000051   0.00000000    265.4   96.4      7.8     86039
2017  4 11  0      0.0    185.2   0.00000163  -0.00000001    264.4  100.0      6.6     86088
2017  4 11  1      0.0    203.0   0.00000560   0.00000000    265.5  100.0      6.9     86104
2017  4 11  2      0.0    219.5   0.00000519   0.00000000    265.7  100.0      8.2     86136
2017  4 11  3      0.0    248.6   0.00000683   0.00000000    265.4  100.0      7.8     86182
2017  4 11  4      0.0    255.8   0.00000620  -0.00000000    265.3  100.0      8.5     86209
2017  4 11  5      5.9    261.8   0.00000195   0.00000001    265.4  100.0      8.8     86210
2017  4 11  6     63.9    261.4   0.00000158   0.00000005    265.2  100.0      8.7     86218
2017  4 11  7    169.7    247.8   0.00000089   0.00000003    265.2  100.0      8.5     86238
2017  4 11  8    297.0    239.5   0.00000080   0.00000002    265.6  100.0      8.8     86254
2017  4 11  9    479.2    194.4   0.00000079   0.00000000    266.1  100.0      9.2     86261
2017  4 11 10    442.3    248.2   0.00000174   0.00000015    267.2   95.7      9.5     86272
2017  4 11 11    390.5    274.4   0.00000154   0.00000017    267.9   89.5      8.9     86294
2017  4 11 12    643.2    211.0   0.00000017   0.00000003    268.6   88.2      6.5     86273
2017  4 11 13    638.1    201.9   0.00000014   0.00000001    269.0   89.6      5.7     86279
2017  4 11 14    475.4    235.5   0.00000036   0.00000004    269.2   85.0      4.8     86250
2017  4 11 15    335.2    243.7   0.00000005   0.00000000    269.3   83.0      3.5     86184
2017  4 11 16    191.3    262.2   0.00000067   0.00000000    269.1   84.9      0.9     86070
2017  4 11 17     96.3    272.6   0.00000693   0.00000000    269.1   90.6      2.3     85963
2017  4 11 18     35.0    278.8   0.00002057   0.00000000    268.6   97.4      4.2     85871
2017  4 11 19      3.0    283.4   0.00003242   0.00000000    268.2   99.6      4.7     85785
2017  4 11 20      0.0    284.8   0.00004400   0.00000000    268.2  100.0      4.6     85685
2017  4 11 21      0.0    285.5   0.00003726   0.00000000    268.4   99.9      5.2     85576
2017  4 11 22      0.0    291.4   0.00001028  -0.00000000    269.0   97.2      1.9     85457
2017  4 11 23      0.0    276.2   0.00001645  -0.00000001    269.7   94.8      4.4     85360
2017  4 12  0      0.0    292.7   0.00001706   0.00000003    270.0   96.8      4.5     85289
2017  4 12  1      0.0    290.9   0.00003811   0.00000001    270.2   94.1      4.5     85243
2017  4 12  2      0.0    292.4   0.00009437   0.00000000    270.1   95.4      6.5     85209
2017  4 12  3      0.0    284.9   0.00001762   0.00000001    270.0  100.0     10.3     85160
2017  4 12  4     -0.0    289.1   0.00000648   0.00000008    269.8  100.0      8.7     85124
2017  4 12  5      5.9    262.1   0.00001135   0.00000001    269.9   95.4      9.2     85089
2017  4 12  6     26.5    292.0   0.00001453   0.00000041    269.9  100.0      7.4     85110
2017  4 12  7    126.2    269.3   0.00001212   0.00000057    270.0   96.8      6.5     85086
2017  4 12  8    269.4    245.0   0.00003355   0.00000002    270.4   92.5      8.3     85058
2017  4 12  9    388.7    241.4   0.00001930   0.00000001    270.1   97.6      9.2     85051
2017  4 12 10    452.7    265.6   0.00000597   0.00000007    270.5   93.3      7.7     85065
2017  4 12 11    552.0    240.1   0.00000813   0.00000003    270.8   91.7      5.6     85065
2017  4 12 12    433.5    272.7   0.00000714   0.00000015    271.2   92.7      4.9     85081
2017  4 12 13    356.6    284.8   0.00000734   0.00000055    271.4   92.8      5.4     85060
2017  4 12 14    449.4    261.7   0.00000437   0.00000007    271.2   92.8      6.0     85056
2017  4 12 15    387.0    256.0   0.00000374   0.00000000    270.9   94.4      4.9     85038
2017  4 12 16    241.5    268.6   0.00000500  -0.00000001    270.8   92.6      4.1     85019
2017  4 12 17    151.7    265.2   0.00000470  -0.00000000    270.5   94.4      3.4     85014
2017  4 12 18     67.5    262.3   0.00000549   0.00000001    270.0   97.3      3.0     85022
2017  4 12 19      8.5    262.3   0.00000947  -0.00000002    269.3   98.0      3.2     85027
2017  4 12 20      0.0    250.7   0.00000844   0.00000002    268.4   99.5      3.0     85034
2017  4 12 21      0.0    263.4   0.00000440   0.00000000    268.4   97.6      3.3     85053
2017  4 12 22      0.0    239.2   0.00000482  -0.00000002    267.7  100.0      2.6     85083
2017  4 12 23      0.0    223.7   0.00000446   0.00000001    266.5  100.0      3.0     85125
2017  4 13  0      0.0    214.6   0.00000252   0.00000000    265.7  100.0      3.5     85144
2017  4 13  1      0.0    223.1   0.00000142   0.00000000    265.8  100.0      3.8     85169
2017  4 13  2      0.0    247.5   0.00000184   0.00000000    266.8   99.6      3.0     85190
2017  4 13  3      0.0    282.4   0.00000121   0.00000000    267.9   99.1      2.1     85201
2017  4 13  4      0.0    277.7   0.00000068   0.00000000    268.2   99.9      2.8     85222
2017  4 13  5      9.3    261.8   0.00000202   0.00000000    267.9  100.0      3.0     85243
2017  4 13  6     61.9    267.7   0.00000270   0.00000002    268.5  100.0      3.0     85271
2017  4 13  7    159.1    272.7   0.00000139  -0.00000001    269.0   98.8      3.3     85302
2017  4 13  8    248.8    276.1   0.00000189   0.00000008    269.8   96.1      3.6     85326
2017  4 13  9    304.3    278.6   0.00000434   0.00000033    269.9   94.8      4.2     85344
2017  4 13 10    372.6    273.2   0.00000776   0.00000043    270.2   92.2      5.9     85366
2017  4 13 11    446.8    266.5   0.00000914   0.00000036    270.0   92.4      7.5     85392
2017  4 13 12    472.3    260.2   0.00000522   0.00000022    270.0   94.1      6.9     85377
2017  4 13 13    426.8    265.9   0.00000711   0.00000032    269.7   93.9      7.1     85369
2017  4 13 14    420.2    253.7   0.00001492   0.00000017    269.2   95.8      9.0     85383
2017  4 13 15    299.2    261.5   0.00002670   0.00000040    268.7   95.6      9.1     85397
2017  4 13 16    237.2    248.8   0.00001710   0.00000008    268.2   95.0      9.8     85386
2017  4 13 17    174.1    234.7   0.00000920   0.00000000    267.7  100.0      9.5     85368
2017  4 13 18     80.6    230.1   0.00001302  -0.00000001    267.6  100.0     10.0     85377
2017  4 13 19     11.5    235.1   0.00001281   0.00000002    267.6   99.4      9.3     85415
2017  4 13 20      0.0    245.9   0.00000690   0.00000001    267.0  100.0      9.0     85442
2017  4 13 21      0.0    270.3   0.00000840  -0.00000000    266.6  100.0      8.0     85455
2017  4 13 22      0.0    264.8   0.00000532  -0.00000000    266.4  100.0      7.5     85480
2017  4 13 23      0.0    249.3   0.00000270   0.00000001    265.4  100.0      7.0     85502
2017  4 14  0      0.0    268.4   0.00000218   0.00000004    265.2  100.0      7.4     85510
2017  4 14  1      0.0    269.2   0.00000172   0.00000004    265.1  100.0      7.6     85520
2017  4 14  2      0.0    264.2   0.00000101   0.00000000    264.8  100.0      7.2     85532
2017  4 14  3     -0.1    251.7   0.00000056   0.00000001    264.3  100.0      6.1     85565
2017  4 14  4     -0.0    218.1   0.00000038   0.00000000    263.4  100.0      5.2     85599
2017  4 14  5     16.9    185.0   0.00000037   0.00000000    262.7  100.0      4.7     85629
2017  4 14  6    113.3    183.6   0.00000028   0.00000000    263.2  100.0      4.3     85656
2017  4 14  7    247.9    182.1   0.00000012  -0.00000001    263.9  100.0      4.3     85684
2017  4 14  8    387.3    182.5   0.00000004   0.00000002    264.6  100.0      4.2     85708
2017  4 14  9    513.1    183.6   0.00000001   0.00000000    265.9   94.1      4.0     85730
2017  4 14 10    611.2    185.4   0.00000000  -0.00000003    266.9   86.5      4.0     85752
2017  4 14 11    673.9    187.1  -0.00000001   0.00000001    267.6   81.1      3.9     85780
2017  4 14 12    694.3    190.3   0.00000000   0.00000000    268.9   74.4      2.4     85860
2017  4 14 13    673.6    191.0   0.00000000   0.00000000    269.1   74.0      2.6     85876
2017  4 14 14    612.0    191.0  -0.00000000   0.00000000    269.2   71.2      2.3     85879
2017  4 14 15    515.4    190.8   0.00000000   0.00000000    269.3   67.3      1.7     85889
2017  4 14 16    391.4    189.8   0.00000000   0.00000000    269.0   66.0      1.0     85888
2017  4 14 17    236.8    197.6   0.00000000   0.00000000    268.5   65.6      0.7     85888
2017  4 14 18    108.5    197.8   0.00000000   0.00000000    267.7   77.2      0.4     85895
2017  4 14 19     17.1    196.9   0.00000000   0.00000000    266.3   79.4      1.4     85886
2017  4 14 20      0.0    194.7   0.00000000   0.00000000    264.6   79.9      2.0     85881
2017  4 14 21      0.0    196.6   0.00000000   0.00000000    262.4   91.4      2.8     85861
2017  4 14 22      0.0    204.3   0.00000000   0.00000000    262.5   88.4      3.4     85854
2017  4 14 23      0.0    209.1   0.00000000   0.00000000    262.8   98.1      4.7     85834
2017  4 15  0      0.0    250.0   0.00000055   0.00000000    264.1  100.0      4.2     85803
2017  4 15  1      0.0    276.8   0.00000106   0.00000003    265.0  100.0      4.2     85774
2017  4 15  2      0.0    278.9   0.00000180   0.00000007    265.4  100.0      4.4     85738
2017  4 15  3      0.0    274.0   0.00000980   0.00000000    265.8  100.0      4.7     85712
2017  4 15  4     -0.1    272.8   0.00002284   0.00000000    266.0  100.0      5.0     85699
2017  4 15  5      7.5    274.1   0.00003254   0.00000000    266.1  100.0      5.4     85676
2017  4 15  6     49.1    272.2   0.00002739   0.00000010    266.2  100.0      6.3     85660
2017  4 15  7    119.8    271.5   0.00001715   0.00000014    266.3  100.0      6.5     85654
2017  4 15  8    201.7    269.4   0.00001264   0.00000014    266.5   97.6      6.4     85650
2017  4 15  9    267.7    272.2   0.00001013   0.00000014    266.8   95.0      6.2     85658
2017  4 15 10    310.9    274.9   0.00000936   0.00000014    267.1   92.8      6.1     85685
2017  4 15 11    377.4    272.1   0.00001021   0.00000010    267.5   90.8      5.8     85708
2017  4 15 12    352.9    277.8   0.00001053   0.00000014    268.2   90.8      5.3     85675
2017  4 15 13    309.7    280.1   0.00001480   0.00000019    268.4   89.6      4.7     85702
2017  4 15 14    296.8    274.4   0.00001508   0.00000019    268.5   89.5      4.2     85738
2017  4 15 15    285.4    261.6   0.00001208   0.00000013    268.6   88.7      3.6     85744
2017  4 15 16    256.1    241.7   0.00000870   0.00000003    268.4   90.0      2.6     85764
2017  4 15 17    206.5    214.5   0.00000344  -0.00000001    267.9   95.1      1.8     85772
2017  4 15 18    102.2    210.7   0.00000104  -0.00000001    266.7  100.0      0.8     85805
2017  4 15 19     17.5    211.4   0.00000165   0.00000002    265.2  100.0      1.6     85850
2017  4 15 20      0.0    224.3   0.00000274  -0.00000002    263.9  100.0      1.8     85884
2017  4 15 21      0.0    213.5   0.00000359   0.00000001    262.9  100.0      1.0     85905
2017  4 15 22      0.0    208.0   0.00000243  -0.00000000    262.1  100.0      1.1     85931
2017  4 15 23      0.0    213.2   0.00000225  -0.00000001    261.8  100.0      1.2     85958
2017  4 16  0      0.0    223.6   0.00000330   0.00000001    261.4  100.0      1.6     85980
2017  4 16  1      0.0    225.9   0.00000604   0.00000002    262.9  100.0      2.8     86005
2017  4 16  2      0.0    258.0   0.00000710  -0.00000002    264.1  100.0      2.1     86023
2017  4 16  3      0.0    263.1   0.00000697   0.00000002    265.0  100.0      1.6     86030
2017  4 16  4      0.0    249.2   0.00000822   0.00000001    264.4  100.0      1.3     86040
2017  4 16  5     17.3    222.4   0.00000814  -0.00000002    263.6  100.0      1.3     86052
2017  4 16  6     96.7    220.0   0.00000751  -0.00000001    263.6   99.3      1.3     86077
2017  4 16  7    205.7    219.0   0.00000639   0.00000003    265.3  100.0      2.1     86102
2017  4 16  8    296.3    231.0   0.00000652  -0.00000004    267.0   95.9      0.9     86119
2017  4 16  9    377.4    237.7   0.00000766   0.00000001    268.0   92.4      1.2     86138
2017  4 16 10    393.5    260.7   0.00000779   0.00000001    268.8   89.6      1.9     86168
2017  4 16 11    404.3    266.0   0.00000885   0.00000000    269.0   89.7      2.9     86198
2017  4 16 12    324.8    280.7   0.00001165   0.00000070    269.4   92.7      3.0     86136
2017  4 16 13    318.3    277.4   0.00001136   0.00000073    269.2   95.8      4.0     86131
2017  4 16 14    528.3    227.0   0.00000189   0.00000000    269.3   90.7      4.3     86138
2017  4 16 15    461.2    221.1   0.00000175   0.00000004    269.1   91.7      4.4     86145
2017  4 16 16    333.5    228.3   0.00000286   0.00000002    268.9   92.0      3.4     86142
2017  4 16 17    147.4    265.8   0.00000776   0.00000001    268.7   96.0      3.4     86165
2017  4 16 18     59.2    263.7   0.00000704  -0.00000000    267.7   96.3      3.8     86200
2017  4 16 19     19.5    219.4   0.00000367  -0.00000000    266.4   98.8      2.5     86236
2017  4 16 20      0.0    243.4   0.00000696   0.00000000    266.0   99.3      2.7     86277
2017  4 16 21      0.0    220.7   0.00000353   0.00000000    264.7  100.0      1.5     86316
2017  4 16 22      0.0    216.4   0.00000113  -0.00000001    263.1  100.0      1.5     86346
2017  4 16 23      0.0    247.7   0.00000201  -0.00000001    263.1  100.0      1.4     86380
2017  4 17  0      0.0    269.2   0.00000439  -0.00000001    264.4  100.0      1.1     86390
2017  4 17  1      0.0    268.2   0.00000426  -0.00000000    264.6  100.0      1.4     86389
2017  4 17  2      0.0    238.6   0.00000550  -0.00000000    265.1  100.0      2.7     86398
2017  4 17  3      0.0    251.8   0.00000649   0.00000002    265.1   99.4      2.4     86420
2017  4 17  4      0.0    271.4   0.00000612   0.00000001    265.5   98.4      2.5     86454
2017  4 17  5     14.9    265.7   0.00000617   0.00000001    265.7   96.8      2.7     86478
2017  4 17  6     69.5    264.9   0.00000751  -0.00000001    266.4   95.7      1.9     86501
2017  4 17  7    115.3    277.2   0.00001072   0.00000012    267.0   99.1      1.1     86529
2017  4 17  8    191.3    273.7   0.00001337   0.00000028    267.3   96.5      2.5     86558
2017  4 17  9    231.5    268.6   0.00001976   0.00000043    267.2   97.5      5.4     86621
2017  4 17 10    128.9    279.9   0.00002442   0.00000040    267.0   96.4      6.1     86695
2017  4 17 11    194.6    278.7   0.00003163   0.00000036    267.1   96.0      6.2     86768
2017  4 17 12    620.6    217.3   0.00000327   0.00000021    268.6   86.6      3.4     86778
2017  4 17 13    561.2    226.7   0.00000553   0.00000025    268.8   87.6      3.6     86826
2017  4 17 14    436.7    242.3   0.00001265   0.00000024    268.6   92.0      4.4     86872
2017  4 17 15    175.5    278.8   0.00002885   0.00000037    268.0   96.3      5.1     86931
2017  4 17 16    159.8    277.3   0.00002451   0.00000053    267.9   96.3      5.0     86987
2017  4 17 17    112.6    274.0   0.00002072   0.00000048    267.5   95.8      4.9     87067
2017  4 17 18     59.0    266.7   0.00001112   0.00000023    267.1   97.9      3.7     87153
2017  4 17 19     25.0    194.2   0.00000319   0.00000000    264.8  100.0      2.4     87250
2017  4 17 20      0.0    222.7   0.00000243  -0.00000001    264.1  100.0      2.7     87329
2017  4 17 21      0.0    272.2   0.00000181   0.00000001    265.1  100.0      2.6     87399
2017  4 17 22      0.0    273.9   0.00000087   0.00000000    265.5  100.0      2.1     87474
2017  4 17 23      0.0    235.7   0.00000051   0.00000000    264.4  100.0      2.1     87534
2017  4 18  0      0.0    239.5   0.00000053   0.00000002    263.8  100.0      1.9     87600
2017  4 18  1      0.0    265.9   0.00000044   0.00000000    264.1  100.0      1.4     87643
2017  4 18  2      0.0    237.9   0.00000032   0.00000000    263.6  100.0      1.7     87686
2017  4 18  3      0.0    188.3   0.00000012   0.00000000    261.7  100.0      1.7     87720
2017  4 18  4      0.0    182.8   0.00000001   0.00000000    260.5  100.0      1.7     87744
2017  4 18  5     29.2    181.5   0.00000000   0.00000000    259.3  100.0      1.4     87779
2017  4 18  6    136.0    182.4   0.00000000   0.00000000    259.6  100.0      1.7     87825
2017  4 18  7    272.2    184.8   0.00000000   0.00000000    263.8   91.3      3.0     87888
2017  4 18  8    411.7    186.2   0.00000000   0.00000000    265.5   85.5      3.4     87944
2017  4 18  9    536.5    187.2   0.00000000   0.00000000    266.5   84.5      3.4     87984
2017  4 18 10    634.2    188.8   0.00000000   0.00000000    267.2   82.4      4.0     88039
2017  4 18 11    695.7    189.6   0.00000000   0.00000000    267.8   82.9      4.7     88097
2017  4 18 12    718.0    190.0   0.00000000   0.00000000    268.1   87.6      4.6     88083
2017  4 18 13    695.9    191.7   0.00000001   0.00000000    268.5   89.3      5.1     88095
2017  4 18 14    633.0    193.2   0.00000001   0.00000000    268.7   90.0      4.7     88102
2017  4 18 15    534.7    193.8   0.00000001   0.00000000    268.7   91.1      4.3     88108
2017  4 18 16    410.4    193.1   0.00000001   0.00000000    268.2   93.5      4.1     88111
2017  4 18 17    270.6    193.0   0.00000046   0.00000000    267.3   99.2      4.1     88126
2017  4 18 18     97.0    246.8   0.00000255   0.00000000    267.3  100.0      4.2     88136
2017  4 18 19     23.1    239.5   0.00000155   0.00000001    266.6  100.0      3.9     88154
2017  4 18 20      0.0    273.5   0.00000171   0.00000006    267.0  100.0      3.4     88142
2017  4 18 21      0.0    262.3   0.00000117   0.00000000    266.6  100.0      3.9     88148
2017  4 18 22      0.0    255.0   0.00000075   0.00000005    266.0  100.0      3.1     88177
2017  4 18 23      0.0    275.0   0.00000089   0.00000003    266.1  100.0      3.1     88192
2017  4 19  0      0.0    268.9   0.00000050   0.00000000    265.7  100.0      4.2     88198
2017  4 19  1      0.0    246.7   0.00000043   0.00000000    265.5  100.0      4.5     88173
2017  4 19  2      0.0    202.6   0.00000034   0.00000002    264.5  100.0      5.0     88148
2017  4 19  3      0.0    254.0   0.00000048   0.00000000    265.1  100.0      4.8     88111
2017  4 19  4     -0.0    234.0   0.00000052   0.00000000    264.8  100.0      4.4     88092
2017  4 19  5     29.0    203.0   0.00000035  -0.00000000    264.4  100.0      4.7     88072
2017  4 19  6    126.9    196.6   0.00000017   0.00000000    264.8  100.0      4.3     88089
2017  4 19  7    265.4    192.5   0.00000010   0.00000000    265.6   99.5      4.4     88084
2017  4 19  8    398.9    198.5   0.00000004   0.00000000    266.3   94.0      4.7     88090
2017  4 19  9    518.0    197.5   0.00000004   0.00000000    266.9   93.8      5.3     88086
2017  4 19 10    584.8    214.0   0.00000016   0.00000000    267.8   94.2      6.9     88083
2017  4 19 11    633.6    230.0   0.00000017  -0.00000000    268.4   94.3      7.8     88066
2017  4 19 12    646.1    220.1   0.00000022   0.00000002    268.5   92.7      8.7     88030
2017  4 19 13    598.6    224.2   0.00000115  -0.00000000    268.7   95.7      9.2     87996
2017  4 19 14    532.5    228.6   0.00000140   0.00000002    268.7   97.7      9.3     87972
2017  4 19 15    432.3    235.8   0.00000167   0.00000002    268.7   97.9     10.3     87917
2017  4 19 16    323.9    234.6   0.00000281   0.00000002    268.5   99.4     10.1     87876
2017  4 19 17    179.3    256.8   0.00000357  -0.00000002    268.7  100.0      9.9     87833
2017  4 19 18     60.2    273.2   0.00000508   0.00000003    268.9  100.0      9.8     87795
2017  4 19 19      8.9    275.3   0.00000998   0.00000000    269.1   99.4      9.2     87768
2017  4 19 20      0.0    276.6   0.00001587   0.00000000    269.2   97.7      8.5     87762
2017  4 19 21      0.0    276.3   0.00001544   0.00000000    269.5   97.0      8.2     87728
2017  4 19 22      0.0    271.3   0.00002082   0.00000000    269.5   97.4      7.1     87709
2017  4 19 23      0.0    261.4   0.00002204   0.00000000    269.6   97.5      6.6     87670
2017  4 20  0      0.0    255.1   0.00002018  -0.00000003    269.7   97.0      6.8     87623
2017  4 20  1      0.0    260.2   0.00002171   0.00000000    270.0   96.3      6.7     87552
2017  4 20  2      0.0    255.4   0.00002225   0.00000000    270.2   94.8      7.8     87477
2017  4 20  3      0.0    262.5   0.00002379   0.00000001    270.6   95.7      9.1     87431
2017  4 20  4      0.0    286.9   0.00001540   0.00000002    270.6   98.2     10.9     87391
2017  4 20  5     18.6    289.5   0.00001375   0.00000007    270.7   96.5     10.8     87344
2017  4 20  6     55.5    293.4   0.00001098   0.00000003    270.7   98.0      9.5     87304
2017  4 20  7    104.5    297.4   0.00001148   0.00000003    271.0   96.0     12.3     87189
2017  4 20  8    358.8    240.2   0.00001363   0.00000002    271.5   92.2     17.2     86980
2017  4 20  9    518.2    225.7   0.00002306   0.00000001    271.9   91.5     17.1     86937
2017  4 20 10    611.0    226.8   0.00003754   0.00000000    272.3   91.3     16.4     86950
2017  4 20 11    663.6    229.5   0.00004551   0.00000000    272.8   91.6     15.6     86965
2017  4 20 12    627.1    241.4   0.00004477   0.00000004    273.6   94.1     15.9     86948
2017  4 20 13    425.6    284.9   0.00001781   0.00000023    273.0   97.2     16.3     86964
2017  4 20 14    169.7    306.3   0.00001014   0.00000100    272.1   97.8     16.5     86965
2017  4 20 15    238.8    293.5   0.00000375   0.00000072    271.5   97.3     16.2     86922
2017  4 20 16    142.8    297.2   0.00000315   0.00000088    270.7  100.0     15.8     86872
2017  4 20 17    105.2    293.4   0.00000189   0.00000054    270.3   98.6     15.8     86839
2017  4 20 18     52.5    293.0   0.00000146   0.00000041    269.9  100.0     15.2     86808
2017  4 20 19     11.0    291.3   0.00000157   0.00000003    269.3  100.0     15.5     86789
2017  4 20 20      0.0    293.1   0.00000745   0.00000010    269.2  100.0     15.2     86782
2017  4 20 21      0.0    260.6   0.00000682   0.00000004    269.2   99.7     14.2     86748
2017  4 20 22      0.0    270.3   0.00003370   0.00000004    269.1   98.0      9.9     86703
2017  4 20 23      0.0    292.2   0.00002009   0.00000017    268.7  100.0     14.3     86655
2017  4 21  0      0.0    284.3   0.00000442   0.00000003    268.7  100.0     15.9     86572
2017  4 21  1      0.0    287.0   0.00001201   0.00000014    268.8   96.4     11.7     86469
2017  4 21  2      0.0    283.6   0.00004431   0.00000000    269.2   94.5     14.0     86374
2017  4 21  3      0.0    270.4   0.00004137   0.00000001    268.8   96.6     15.1     86315
2017  4 21  4      0.0    269.4   0.00005395   0.00000003    269.4   92.5     15.3     86185
2017  4 21  5      8.4    281.9   0.00010914   0.00000001    269.0   94.0     12.6     86110
2017  4 21  6     54.6    267.7   0.00008138  -0.00000002    268.7   97.7     15.9     86055
2017  4 21  7     80.2    277.0   0.00014486   0.00000001    269.0   93.8     12.9     85987
2017  4 21  8     84.1    283.8   0.00019682   0.00000001    268.4   95.7     17.9     85917
2017  4 21  9    361.1    248.2   0.00003922  -0.00000001    268.4   94.1     17.8     85878
2017  4 21 10    395.1    253.1   0.00003238   0.00000022    268.5   94.0     17.1     85795
2017  4 21 11    317.1    269.4   0.00008680   0.00000014    268.2   93.8     16.9     85727
2017  4 21 12    165.1    279.2   0.00011230   0.00000021    267.3   92.9     15.5     85834
2017  4 21 13    374.1    246.4   0.00004055   0.00000022    267.0   89.8     17.2     85815
2017  4 21 14    506.8    229.1   0.00000593   0.00000009    266.5   90.7     15.7     85838
2017  4 21 15    328.5    249.8   0.00002764   0.00000014    266.0   94.9     19.2     85806
2017  4 21 16    215.5    259.6   0.00002062   0.00000021    266.0   93.0     17.4     85870
2017  4 21 17    210.7    236.8   0.00000732   0.00000009    265.8   94.3     17.1     85905
2017  4 21 18     76.0    259.7   0.00001983   0.00000012    265.7  100.0     16.6     85927
2017  4 21 19     24.9    258.4   0.00001202   0.00000010    265.4  100.0     16.5     85942
2017  4 21 20      0.0    275.7   0.00000868   0.00000018    265.2  100.0     15.2     85978
2017  4 21 21      0.0    272.6   0.00000656   0.00000009    265.6  100.0     12.0     86016
2017  4 21 22      0.0    275.9   0.00000971   0.00000001    266.1  100.0      9.3     86065
2017  4 21 23      0.0    281.3   0.00000889   0.00000014    266.4  100.0     11.1     86062
2017  4 22  0      0.0    270.9   0.00002243   0.00000000    266.6  100.0     10.7     86063
2017  4 22  1      0.0    242.6   0.00002402   0.00000003    266.7  100.0     10.2     86101
2017  4 22  2      0.0    221.6   0.00000343   0.00000000    266.5   92.6     10.1     86153
2017  4 22  3      0.0    226.5   0.00000262   0.00000000    266.8   94.0     11.8     86188
2017  4 22  4      0.1    196.8   0.00000301   0.00000000    266.2   94.0     11.7     86233
2017  4 22  5     45.1    189.2   0.00000144   0.00000000    265.7   97.2     11.2     86279
2017  4 22  6    156.2    189.0   0.00000207   0.00000000    266.0   96.5     11.0     86347
2017  4 22  7    293.6    188.9   0.00000119   0.00000000    266.5   90.5     11.0     86409
2017  4 22  8    419.8    197.3   0.00000149   0.00000003    267.0   91.6      9.9     86476
2017  4 22  9    461.3    229.7   0.00000310   0.00000014    267.4   87.6      9.6     86536
2017  4 22 10    570.1    226.2   0.00000270   0.00000012    267.9   85.5      9.3     86570
2017  4 22 11    633.1    221.4   0.00000234   0.00000014    268.2   84.7      9.3     86589
2017  4 22 12    225.2    275.3   0.00007694   0.00000033    269.2   91.0      7.4     86494
2017  4 22 13    621.0    225.4   0.00000596   0.00000008    269.2   87.0      8.1     86504
2017  4 22 14    540.1    224.3   0.00001494   0.00000018    269.1   90.7      7.5     86485
2017  4 22 15    397.7    229.5   0.00001162   0.00000022    268.7   92.5      8.4     86452
2017  4 22 16    342.8    231.5   0.00000693  -0.00000000    268.5   93.8     10.3     86433
2017  4 22 17    163.3    262.6   0.00001846   0.00000000    268.1   95.3     10.3     86410
2017  4 22 18     91.2    252.1   0.00002176  -0.00000000    267.7   97.3      9.5     86401
2017  4 22 19     18.8    268.4   0.00001900   0.00000002    267.3   99.6      9.3     86376
2017  4 22 20      0.1    266.7   0.00002409   0.00000002    266.6  100.0     11.2     86379
2017  4 22 21      0.0    265.6   0.00000298  -0.00000001    265.6  100.0     10.0     86390
2017  4 22 22      0.0    265.8   0.00000486   0.00000011    265.5  100.0     10.1     86392
2017  4 22 23      0.0    265.5   0.00000897   0.00000010    264.9  100.0     11.5     86402
2017  4 23  0      0.0    264.5   0.00000591   0.00000000    264.6   99.1     10.5     86397
2017  4 23  1      0.0    219.1   0.00000283  -0.00000001    263.3  100.0      9.6     86367
2017  4 23  2      0.0    235.9   0.00000415   0.00000002    263.7  100.0     12.0     86329
2017  4 23  3      0.0    253.5   0.00000503   0.00000000    263.6  100.0     12.0     86310
2017  4 23  4      0.0    262.8   0.00000604   0.00000008    263.4  100.0     12.0     86309
2017  4 23  5     31.2    255.1   0.00000319   0.00000006    263.4  100.0     10.6     86328
2017  4 23  6     98.0    262.0   0.00000380   0.00000008    263.7  100.0     10.8     86336
2017  4 23  7    166.4    267.1   0.00000411   0.00000010    264.2  100.0      9.2     86341
2017  4 23  8    176.2    271.5   0.00001384   0.00000027    265.1  100.0      9.8     86338
2017  4 23  9    189.7    271.1   0.00001699   0.00000031    265.7   93.6     10.2     86366
2017  4 23 10    497.6    243.8   0.00000425   0.00000010    266.1   92.0     10.0     86380
2017  4 23 11    587.8    224.1   0.00001127   0.00000017    266.6   93.2      9.5     86383
2017  4 23 12    579.7    240.4   0.00000401   0.00000014    267.3   89.3     10.0     86321
2017  4 23 13    488.5    250.6   0.00000696   0.00000019    267.5   91.1     10.3     86291
2017  4 23 14    625.0    200.2   0.00000164   0.00000009    267.2   90.2     10.0     86278
2017  4 23 15    457.8    221.9   0.00000637   0.00000014    267.1   92.6      9.5     86245
2017  4 23 16    404.0    199.6   0.00000996   0.00000001    267.0   96.7      7.2     86214
2017  4 23 17    186.6    246.3   0.00002376   0.00000036    266.9   99.6      5.9     86181
2017  4 23 18    109.8    236.4   0.00001491   0.00000010    266.4  100.0      5.0     86136
2017  4 23 19     34.6    236.2   0.00001576   0.00000001    266.0  100.0      3.5     86082
2017  4 23 20      0.0    250.9   0.00001603   0.00000001    265.7  100.0      2.7     86036
2017  4 23 21      0.0    244.8   0.00000972  -0.00000002    265.3  100.0      3.1     85984
2017  4 23 22      0.0    236.5   0.00000564   0.00000002    264.7  100.0      1.8     85916
2017  4 23 23      0.0    244.5   0.00000928  -0.00000001    263.7  100.0      0.8     85845
2017  4 24  0      0.0    268.5   0.00002110   0.00000001    264.8  100.0      3.0     85754
2017  4 24  1      0.0    269.8   0.00002944   0.00000001    265.2  100.0      2.8     85643
2017  4 24  2      0.0    271.9   0.00004064  -0.00000003    265.3  100.0      3.3     85530
2017  4 24  3      0.0    272.2   0.00004450   0.00000000    265.6  100.0      4.5     85419
2017  4 24  4      0.1    274.9   0.00005850   0.00000000    265.9  100.0      6.1     85318
2017  4 24  5      9.0    274.8   0.00006320   0.00000000    266.1   95.2      6.3     85203
2017  4 24  6     24.3    275.2   0.00007359   0.00000000    266.2   91.7      7.6     85125
2017  4 24  7     49.1    274.6   0.00007806   0.00000000    266.2   90.5      8.6     85053
2017  4 24  8     68.2    274.3   0.00008270   0.00000000    266.1   90.0      9.3     84998
2017  4 24  9    101.1    272.8   0.00005563   0.00000000    266.0   89.8      9.7     84952
2017  4 24 10    103.0    272.7   0.00003845   0.00000000    265.9   90.6      9.5     84943
2017  4 24 11    100.9    272.1   0.00003739   0.00000000    265.8   91.0      9.3     84945
2017  4 24 12    288.4    264.6   0.00001301  -0.00000000    266.9   91.8      8.6     84908
2017  4 24 13    309.9    265.7   0.00001952   0.00000000    266.9   91.2      9.3     84908
2017  4 24 14    337.9    264.6   0.00002352   0.00000001    266.8   91.7      9.2     84922
2017  4 24 15    293.5    262.9   0.00002375   0.00000000    266.7   92.2      8.5     84932
2017  4 24 16    220.3    263.7   0.00002276  -0.00000000    266.7   92.0      8.1     84951
2017  4 24 17    142.4    264.5   0.00002674   0.00000000    266.6   91.8      7.8     84963
2017  4 24 18     70.6    267.2   0.00003514  -0.00000000    266.4   93.0      6.9     85001
2017  4 24 19     17.6    271.3   0.00003125   0.00000000    266.3   93.6      6.0     85011
2017  4 24 20      0.0    267.7   0.00001837   0.00000000    266.1   95.1      6.9     85012
2017  4 24 21      0.0    269.1   0.00001484   0.00000000    266.2   93.9      7.2     85026
2017  4 24 22      0.0    270.9   0.00001292  -0.00000000    266.3   91.9      7.0     85057
2017  4 24 23      0.0    261.3   0.00000921   0.00000000    266.0   92.4      7.1     85073
2017  4 25  0      0.0    242.0   0.00000497   0.00000000    265.8   92.3      7.1     85093
2017  4 25  1      0.0    252.0   0.00000532  -0.00000002    265.8   90.5      7.8     85104
2017  4 25  2      0.0    221.9   0.00000209   0.00000001    265.2   93.4      6.7     85131
2017  4 25  3      0.0    220.5   0.00000184   0.00000000    264.9   94.1      5.3     85187
2017  4 25  4      1.0    206.6   0.00000076   0.00000000    263.6   98.6      3.9     85230
2017  4 25  5     51.5    196.3   0.00000024   0.00000000    262.9   98.2      3.9     85257
2017  4 25  6    155.3    198.9   0.00000012   0.00000000    264.1   96.2      4.6     85275
2017  4 25  7    289.8    199.5   0.00000014   0.00000000    265.7   91.9      4.3     85332
2017  4 25  8    437.7    197.3   0.00000018   0.00000000    266.7   87.2      8.0     85355
2017  4 25  9    560.0    199.8   0.00000021   0.00000003    267.5   81.1      8.3     85405
2017  4 25 10    639.9    208.4   0.00000012   0.00000000    268.1   78.1      7.8     85453
2017  4 25 11    719.5    199.6   0.00000016   0.00000003    268.6   75.8      7.8     85485
2017  4 25 12    714.4    214.3   0.00000000   0.00000000    268.6   74.6     10.6     85425
2017  4 25 13    678.4    219.1  -0.00000000   0.00000000    268.8   74.9      9.5     85482
2017  4 25 14    605.9    221.9   0.00000002   0.00000000    268.8   76.7      9.0     85540
2017  4 25 15    518.0    217.7   0.00000001   0.00000000    268.6   76.4      8.8     85593
2017  4 25 16    394.1    216.6   0.00000000   0.00000000    268.3   78.9      7.5     85635
2017  4 25 17    260.5    216.0   0.00000000   0.00000000    267.7   83.6      6.2     85682
2017  4 25 18    148.0    206.4  -0.00000000   0.00000000    266.7   89.4      4.8     85729
2017  4 25 19     51.1    191.4   0.00000001   0.00000000    264.9   94.5      4.8     85773
2017  4 25 20      0.6    189.7   0.00000001   0.00000000    264.3   92.1      6.6     85794
2017  4 25 21      0.0    186.1  -0.00000000   0.00000000    264.0   93.8      6.4     85831
2017  4 25 22      0.0    186.5   0.00000002   0.00000000    263.2  100.0      4.5     85876
2017  4 25 23      0.0    192.8   0.00000002   0.00000000    262.5  100.0      3.1     85926
2017  4 26  0      0.0    195.7  -0.00000001   0.00000000    262.1   98.5      3.8     85935
2017  4 26  1      0.0    177.8   0.00000000   0.00000000    261.4   95.3      3.8     85932
2017  4 26  2      0.0    173.4   0.00000000   0.00000000    261.0   97.4      3.8     85943
2017  4 26  3      0.0    175.8   0.00000000   0.00000000    260.8  100.0      3.9     85924
2017  4 26  4      1.8    178.7   0.00000000   0.00000000    260.9  100.0      4.3     85932
2017  4 26  5     62.0    181.8   0.00000005   0.00000000    261.6  100.0      4.5     85967
2017  4 26  6    166.5    198.2   0.00000032   0.00000000    263.4  100.0      4.6     86004
2017  4 26  7    301.9    200.1   0.00000067   0.00000000    264.6  100.0      4.7     86020
2017  4 26  8    456.1    189.5   0.00000087   0.00000000    265.8   98.4      4.4     86052
2017  4 26  9    578.1    192.1   0.00000103   0.00000000    266.9   97.9      4.5     86081
2017  4 26 10    659.2    199.4   0.00000150   0.00000009    268.2   87.0      5.0     86110
2017  4 26 11    723.3    198.7   0.00000155   0.00000012    268.4   86.8      5.0     86144
2017  4 26 12    730.5    207.4   0.00000010   0.00000002    268.8   84.7      5.7     86089
2017  4 26 13    675.5    217.4   0.00000083   0.00000013    269.0   85.3      5.7     86103
2017  4 26 14    502.5    244.5   0.00000279   0.00000032    268.9   88.1      5.6     86099
2017  4 26 15    376.0    249.0   0.00000444   0.00000036    268.6   90.7      5.6     86103
2017  4 26 16    360.1    229.1   0.00000229   0.00000015    268.2   93.8      6.0     86074
2017  4 26 17    239.9    231.3   0.00000056   0.00000001    267.6   96.7      5.9     86052
2017  4 26 18    134.5    223.7   0.00000125   0.00000000    266.8   99.6      6.5     86032
2017  4 26 19     42.6    236.2   0.00000311  -0.00000002    266.6  100.0      6.9     86012
2017  4 26 20      0.6    248.4   0.00000270   0.00000000    265.9  100.0      6.7     85990
2017  4 26 21      0.0    229.8   0.00000301   0.00000000    265.3  100.0      5.6     85977
2017  4 26 22      0.0    264.9   0.00000360   0.00000002    265.4  100.0      3.8     85956
2017  4 26 23      0.0    255.6   0.00000579   0.00000000    265.5  100.0      2.9     85933
2017  4 27  0      0.0    261.8   0.00001053   0.00000000    265.8  100.0      3.4     85892
2017  4 27  1      0.0    263.5   0.00001580   0.00000000    265.8  100.0      3.1     85854
2017  4 27  2      0.0    261.4   0.00001678   0.00000000    265.8  100.0      3.0     85820
2017  4 27  3     -0.1    248.9   0.00001436   0.00000000    265.3  100.0      2.7     85781
2017  4 27  4      2.0    232.9   0.00001100  -0.00000002    264.8  100.0      2.6     85774
2017  4 27  5     30.7    262.7   0.00000947   0.00000000    265.6  100.0      2.2     85790
2017  4 27  6     76.0    272.9   0.00000758   0.00000000    266.8   96.7      2.4     85805
2017  4 27  7    172.7    270.1   0.00000538   0.00000000    267.6   96.2      2.7     85823
2017  4 27  8    265.8    271.6   0.00000472   0.00000000    268.3   93.9      3.2     85853
2017  4 27  9    440.1    254.6   0.00000364   0.00000002    268.9   92.8      3.6     85884
2017  4 27 10    628.0    220.6   0.00000208   0.00000009    269.4   91.7      4.1     85906
2017  4 27 11    658.6    242.4   0.00000105   0.00000007    269.9   88.5      4.4     85928
2017  4 27 12    734.0    211.6   0.00000089   0.00000008    270.2   81.4      2.2     85962
2017  4 27 13    620.1    228.6   0.00000434   0.00000038    270.3   80.0      2.4     85975
2017  4 27 14    591.8    227.6   0.00000147   0.00000004    270.4   77.5      1.2     85982
2017  4 27 15    521.5    223.8   0.00000344   0.00000018    270.5   80.0      1.5     85990
2017  4 27 16    217.3    268.2   0.00000996   0.00000031    270.1   84.1      2.2     85982
2017  4 27 17     42.3    286.0   0.00001817   0.00000002    269.5   92.5      1.6     85990
2017  4 27 18     79.3    261.3   0.00000572  -0.00000000    269.0   94.6      1.0     86015
2017  4 27 19     32.5    270.6   0.00000726   0.00000000    268.5   98.4      4.0     86043
2017  4 27 20      0.3    285.8   0.00011110   0.00000000    268.7   96.7      8.9     86049
2017  4 27 21      0.0    286.8   0.00022114   0.00000000    268.3   98.1      8.0     86142
2017  4 27 22      0.0    276.6   0.00007712   0.00000000    267.7   96.9      9.4     86211
2017  4 27 23      0.0    262.1   0.00003189   0.00000000    267.4   94.8      9.2     86268
2017  4 28  0      0.0    217.9   0.00001113   0.00000001    266.5   97.6      7.9     86337
2017  4 28  1      0.0    193.7   0.00000134  -0.00000001    265.6   99.1      6.6     86395
2017  4 28  2      0.0    194.3   0.00000056   0.00000001    265.2   97.9      6.9     86444
2017  4 28  3     -0.0    185.6   0.00000013  -0.00000002    264.8   98.7      7.2     86457
2017  4 28  4      3.6    184.3   0.00000007   0.00000000    264.5   99.0      7.1     86480
2017  4 28  5     71.3    183.0   0.00000009   0.00000001    264.5   97.6      6.7     86530
2017  4 28  6    193.6    180.3   0.00000003  -0.00000002    265.0   97.4      6.5     86570
2017  4 28  7    335.0    182.1   0.00000013   0.00000002    266.0   94.8      7.2     86581
2017  4 28  8    469.0    189.0   0.00000131   0.00000002    267.1   91.3      8.1     86621
2017  4 28  9    447.2    248.0   0.00000145   0.00000011    267.6   85.5      9.4     86665
2017  4 28 10    601.2    219.3   0.00000283   0.00000015    268.0   85.0     10.1     86681
2017  4 28 11    573.2    243.5   0.00000286   0.00000011    268.3   83.1     10.1     86690
2017  4 28 12    494.0    264.4   0.00000436   0.00000031    269.5   85.9     10.7     86634
2017  4 28 13    495.2    262.1   0.00000725   0.00000032    269.6   85.3     10.6     86631
2017  4 28 14    488.5    249.9   0.00001293   0.00000021    269.6   86.0     10.7     86626
2017  4 28 15    442.5    231.7   0.00001070   0.00000002    269.6   86.5     11.1     86605
2017  4 28 16    370.6    225.2   0.00000929   0.00000001    269.7   87.3     11.5     86590
2017  4 28 17    267.7    220.1   0.00001360   0.00000000    269.4   89.8     11.1     86611
2017  4 28 18    132.4    230.1   0.00001383  -0.00000002    269.1   90.6     11.5     86638
2017  4 28 19     51.7    220.0   0.00001517   0.00000002    268.7   91.0     11.8     86644
2017  4 28 20      2.0    220.6   0.00001902   0.00000001    268.7   92.4     11.9     86674
2017  4 28 21      0.0    223.8   0.00001671  -0.00000003    268.7   94.6     12.7     86699
2017  4 28 22      0.0    222.8   0.00001505   0.00000003    268.6   97.1     13.0     86722
2017  4 28 23      0.0    235.6   0.00001261  -0.00000001    268.5   98.7     12.6     86767
2017  4 29  0      0.0    279.9   0.00001021   0.00000001    268.5  100.0     12.2     86800
2017  4 29  1      0.0    289.3   0.00001114   0.00000001    268.4  100.0     12.0     86822
2017  4 29  2      0.0    290.8   0.00000983   0.00000001    268.3  100.0     11.0     86870
2017  4 29  3      0.0    290.2   0.00001216   0.00000006    268.1  100.0      9.5     86930
2017  4 29  4      0.4    288.5   0.00002013   0.00000005    267.9  100.0      9.0     86983
2017  4 29  5     28.3    282.0   0.00002474   0.00000000    267.7   99.2      9.3     87025
2017  4 29  6     90.5    278.1   0.00002042   0.00000010    267.7   98.4      9.4     87080
2017  4 29  7    155.5    279.5   0.00001140   0.00000019    267.7   98.9      8.8     87114
2017  4 29  8    200.4    283.1   0.00000512   0.00000024    267.8   98.4      8.1     87136
2017  4 29  9    238.4    285.0   0.00000226   0.00000024    268.1   96.5      7.5     87153
2017  4 29 10    285.4    285.3   0.00000152   0.00000024    268.5   93.2      6.8     87181
2017  4 29 11    420.9    283.6   0.00000092   0.00000014    269.2   88.0      6.5     87192
2017  4 29 12    469.9    281.1   0.00000064   0.00000012    269.7   84.2      6.0     87279
2017  4 29 13    550.7    271.2   0.00000039   0.00000007    270.3   80.6      6.1     87283
2017  4 29 14    611.1    237.0   0.00000009   0.00000002    270.4   78.6      5.5     87260
2017  4 29 15    568.4    211.5   0.00000001   0.00000000    270.5   77.3      4.7     87233
2017  4 29 16    448.9    209.0  -0.00000001   0.00000000    270.4   77.6      4.1     87244
2017  4 29 17    309.6    210.7   0.00000000   0.00000000    270.0   83.6      2.8     87246
2017  4 29 18    177.3    206.9  -0.00000000   0.00000001    269.0   91.0      2.0     87259
2017  4 29 19     65.5    200.7   0.00000000   0.00000001    267.3   92.2      1.9     87273
2017  4 29 20      3.1    196.6   0.00000000   0.00000000    264.7   99.8      1.7     87282
2017  4 29 21      0.0    195.1  -0.00000000   0.00000000    263.0  100.0      1.6     87275
2017  4 29 22      0.0    193.9   0.00000000  -0.00000000    261.9  100.0      1.5     87270
2017  4 29 23      0.0    193.9   0.00000000   0.00000000    260.8  100.0      1.8     87270
2017  4 30  0      0.0    245.8   0.00000021   0.00000000    263.7  100.0      2.3     87250
2017  4 30  1      0.0    272.7   0.00000041  -0.00000000    265.9  100.0      1.9     87228
2017  4 30  2      0.0    216.0   0.00000015   0.00000000    264.2  100.0      2.2     87206
2017  4 30  3     -0.1    193.9   0.00000005   0.00000000    263.5  100.0      2.4     87184
2017  4 30  4      5.8    191.4   0.00000003  -0.00000000    262.4  100.0      2.1     87165
2017  4 30  5     78.1    190.7   0.00000004   0.00000000    262.1  100.0      1.7     87165
2017  4 30  6    199.0    191.6   0.00000000  -0.00000000    263.8  100.0      2.2     87187
2017  4 30  7    338.5    194.1   0.00000000   0.00000000    265.9   98.5      1.5     87185
2017  4 30  8    476.3    197.3  -0.00000001   0.00000000    267.5   96.2      0.9     87168
2017  4 30  9    598.1    201.3   0.00000001   0.00000000    269.2   85.2      0.2     87166
2017  4 30 10    693.2    204.0   0.00000000   0.00000000    270.6   76.1      0.3     87177
2017  4 30 11    752.6    205.9  -0.00000001   0.00000000    271.7   69.7      1.0     87170
2017  4 30 12    770.6    205.9   0.00000000   0.00000000    271.7   67.1      0.7     87168
2017  4 30 13    748.1    206.8   0.00000000   0.00000000    272.1   65.6      1.2     87172
2017  4 30 14    686.3    205.6   0.00000000   0.00000000    272.2   62.1      1.3     87165
2017  4 30 15    589.5    205.4   0.00000000   0.00000000    272.3   59.9      1.0     87181
2017  4 30 16    466.6    204.9   0.00000000   0.00000000    272.2   58.9      0.8     87167
2017  4 30 17    327.1    206.1   0.00000000   0.00000000    271.8   74.1      0.7     87150
2017  4 30 18    187.5    207.0   0.00000000   0.00000000    270.7   91.3      1.9     87162
2017  4 30 19     70.1    204.9   0.00000000   0.00000000    269.1   84.8      2.5     87192
2017  4 30 20      4.0    203.4   0.00000000   0.00000000    268.0   84.6      2.5     87211
2017  4 30 21      0.0    202.8   0.00000000   0.00000000    266.6   87.4      1.9     87248
2017  4 30 22      0.0    202.1   0.00000000   0.00000000    266.5   96.2      2.4     87265
2017  4 30 23      0.0    202.5   0.00000000   0.00000000    266.7   96.5      3.5     87279
2017  5  1  0      0.0    201.6   0.00000000   0.00000000    265.9  100.0      3.9     87307
2017  5  1  1      0.0    215.4   0.00000008   0.00000007    265.6  100.0      4.9     87343
2017  5  1  2      0.1    284.5   0.00000018   0.00000024    266.9  100.0      4.3     87355
2017  5  1  3      0.0    285.8   0.00000024   0.00000007    267.1  100.0      4.1     87366
2017  5  1  4      4.6    277.8   0.00000018   0.00000002    266.9  100.0      4.2     87398
2017  5  1  5     79.5    206.4   0.00000004   0.00000000    266.4  100.0      4.3     87442
2017  5  1  6    204.6    196.1   0.00000001   0.00000000    266.8  100.0      4.5     87493
2017  5  1  7    345.2    197.2   0.00000001   0.00000000    268.3   95.7      4.4     87528
2017  5  1  8    483.8    199.8  -0.00000002   0.00000000    270.2   81.8      4.6     87552
2017  5  1  9    607.6    201.5   0.00000001   0.00000000    271.3   76.1      4.7     87607
2017  5  1 10    696.0    206.6  -0.00000001  -0.00000000    271.7   74.8      4.9     87661
2017  5  1 11    757.5    207.4   0.00000001   0.00000000    272.2   72.7      4.9     87694
2017  5  1 12    791.7    206.7  -0.00000001  -0.00000000    271.9   78.5      4.5     87660
2017  5  1 13    768.7    208.8   0.00000000   0.00000000    272.5   78.8      4.4     87681
2017  5  1 14    699.8    212.6   0.00000000   0.00000000    273.0   79.0      4.5     87711
2017  5  1 15    598.4    214.2  -0.00000001  -0.00000001    273.3   78.2      4.1     87742
2017  5  1 16    475.3    213.0   0.00000002   0.00000000    273.3   79.5      3.7     87740
2017  5  1 17    337.5    210.5  -0.00000002   0.00000000    272.7   83.6      3.1     87743
2017  5  1 18    196.0    207.8   0.00000002   0.00000000    271.3   85.8      3.1     87783
2017  5  1 19     70.9    210.8  -0.00000000   0.00000000    269.9   85.6      3.0     87848
2017  5  1 20      4.5    210.8   0.00000002   0.00000000    268.5   86.6      2.5     87893
2017  5  1 21      0.0    210.1  -0.00000001   0.00000000    267.9   86.3      2.7     87918
2017  5  1 22      0.0    202.3   0.00000001   0.00000000    267.5   78.8      2.6     87944
2017  5  1 23      0.0    197.0  -0.00000005   0.00000000    267.3   76.8      2.9     87960
2017  5  2  0      0.0    194.3   0.00000001   0.00000000    267.1   71.0      3.0     87987
2017  5  2  1      0.0    195.3   0.00000002   0.00000000    267.2   68.4      4.0     88001
2017  5  2  2      0.0    210.4  -0.00000003   0.00000000    267.2   65.3      3.2     88025
2017  5  2  3      0.0    221.7   0.00000001   0.00000000    264.8   78.1      1.6     88034
2017  5  2  4      7.2    220.7   0.00000001   0.00000000    264.4   74.4      1.4     88041
2017  5  2  5     77.4    215.8  -0.00000004   0.00000000    264.5   71.4      1.6     88079
2017  5  2  6    201.2    208.5   0.00000001   0.00000000    266.9   63.2      1.7     88134
2017  5  2  7    348.1    205.9   0.00000001   0.00000000    269.7   62.9      1.2     88179
2017  5  2  8    493.1    206.9   0.00000001   0.00000000    273.7   45.5      0.9     88220
2017  5  2  9    606.0    215.1   0.00000000   0.00000000    275.0   47.0      1.5     88247
2017  5  2 10    678.0    222.5   0.00000000   0.00000000    275.6   46.5      2.3     88268
2017  5  2 11    728.5    225.1   0.00000000  -0.00000000    276.2   48.7      2.6     88286
2017  5  2 12    773.6    217.7   0.00000000   0.00000000    276.6   34.8      1.5     88344
2017  5  2 13    775.2    207.6   0.00000000   0.00000000    277.0   34.0      0.8     88349
2017  5  2 14    718.7    206.5   0.00000000   0.00000000    277.3   32.6      0.3     88366
2017  5  2 15    610.3    211.9   0.00000000   0.00000000    277.3   37.8      0.6     88355
2017  5  2 16    485.0    210.1   0.00000000   0.00000000    276.8   55.3      1.4     88353
2017  5  2 17    352.3    203.4   0.00000000   0.00000000    275.1   55.9      3.5     88353
2017  5  2 18    206.9    201.0   0.00000000   0.00000000    273.4   48.7      4.4     88359
2017  5  2 19     80.1    197.1   0.00000000   0.00000000    271.9   43.7      4.4     88383
2017  5  2 20      5.9    199.0   0.00000000   0.00000000    270.9   44.9      3.0     88428
2017  5  2 21      0.0    204.9   0.00000000   0.00000000    268.3   69.0      2.2     88450
2017  5  2 22      0.0    208.8   0.00000000   0.00000000    269.4   68.5      3.0     88476
2017  5  2 23      0.0    210.0   0.00000000   0.00000000    269.2   73.4      2.7     88504
2017  5  3  0      0.0    209.3   0.00000000   0.00000000    269.0   73.3      2.8     88516
2017  5  3  1     -0.1    209.3   0.00000000   0.00000000    268.7   75.1      2.6     88508
2017  5  3  2      0.0    211.6   0.00000000   0.00000000    268.7   80.5      2.8     88489
2017  5  3  3     -0.1    218.6   0.00000000   0.00000000    268.9   85.4      2.8     88478
2017  5  3  4      9.1    219.6   0.00000000   0.00000000    267.8   91.6      2.0     88476
2017  5  3  5     83.2    220.3   0.00000000   0.00000000    268.8   89.5      2.1     88482
2017  5  3  6    209.1    217.5   0.00000000   0.00000000    270.7   86.3      2.1     88485
2017  5  3  7    349.8    220.4   0.00000000   0.00000000    272.8   84.8      2.0     88484
2017  5  3  8    454.3    238.6   0.00000000   0.00000000    274.2   82.0      2.8     88505
2017  5  3  9    532.5    253.8   0.00000000   0.00000000    274.8   81.4      3.3     88544
2017  5  3 10    629.9    254.6   0.00000000   0.00000000    275.2   76.8      3.4     88564
2017  5  3 11    751.5    232.3   0.00000000   0.00000000    275.5   73.6      3.5     88561
2017  5  3 12    655.6    265.2   0.00000000   0.00000000    276.1   74.1      3.1     88541
2017  5  3 13    661.9    259.6   0.00000000   0.00000000    276.5   72.1      2.5     88522
2017  5  3 14    677.5    236.2   0.00000000   0.00000000    276.8   69.5      2.3     88510
2017  5  3 15    608.9    223.7   0.00000000   0.00000000    276.8   67.3      1.8     88515
2017  5  3 16    483.6    225.5   0.00000000   0.00000000    276.7   61.9      1.7     88515
2017  5  3 17    343.6    226.3   0.00000000   0.00000000    276.0   81.6      1.3     88521
2017  5  3 18    202.6    225.1   0.00000000   0.00000000    274.6   75.2      5.1     88555
2017  5  3 19     80.4    222.1   0.00000000   0.00000000    273.2   78.3      5.3     88577
2017  5  3 20      6.7    221.1   0.00000000   0.00000000    271.4   88.1      4.3     88625
2017  5  3 21      0.0    222.0   0.00000000   0.00000000    270.5   93.1      3.9     88693
2017  5  3 22      0.0    219.4   0.00000000   0.00000000    269.7   97.7      3.8     88753
2017  5  3 23      0.0    214.5   0.00000000   0.00000000    268.7  100.0      3.3     88791
2017  5  4  0      0.0    208.3   0.00000000   0.00000000    268.1  100.0      2.9     88816
2017  5  4  1     -0.1    204.3   0.00000000   0.00000000    267.9   92.1      2.5     88808
2017  5  4  2     -0.0    202.8   0.00000000   0.00000000    266.9   93.1      1.9     88819
2017  5  4  3      0.1    202.0   0.00000000   0.00000000    264.9   98.8      2.0     88826
2017  5  4  4     11.7    201.7   0.00000000   0.00000000    266.2   98.5      2.6     88831
2017  5  4  5     95.4    203.1   0.00000000   0.00000000    267.3   99.7      2.5     88852
2017  5  4  6    220.6    207.9   0.00000001   0.00000000    269.1  100.0      2.4     88850
2017  5  4  7    349.7    220.2   0.00000001   0.00000000    271.0   97.9      2.5     88834
2017  5  4  8    486.8    222.1   0.00000001   0.00000000    271.9   96.4      2.1     88833
2017  5  4  9    619.8    217.1   0.00000001   0.00000000    272.8   93.8      2.4     88845
2017  5  4 10    712.1    219.0  -0.00000000   0.00000000    273.7   89.5      1.2     88843
2017  5  4 11    782.6    215.8  -0.00000000   0.00000000    275.1   76.6      0.8     88835
2017  5  4 12    795.8    221.5   0.00000000   0.00000000    277.3   62.5      1.0     88790
2017  5  4 13    776.6    221.6   0.00000000   0.00000000    277.8   65.6      1.1     88730
2017  5  4 14    636.0    239.0   0.00000000   0.00000000    277.8   64.9      0.8     88688
2017  5  4 15    385.6    262.2   0.00000000   0.00000000    277.4   64.2      2.4     88657
2017  5  4 16    341.7    264.5   0.00000000   0.00000000    276.9   65.5      3.5     88630
2017  5  4 17    329.6    227.2   0.00000000   0.00000000    276.2   65.7      4.0     88614
2017  5  4 18    209.2    214.4   0.00000000   0.00000000    274.6   72.1      3.6     88627
2017  5  4 19     85.2    212.4   0.00000000   0.00000000    272.8   74.5      2.3     88643
2017  5  4 20      8.0    213.7   0.00000000   0.00000000    269.8   88.7      1.4     88645
2017  5  4 21      0.0    215.1   0.00000000   0.00000000    269.3   79.2      2.0     88658
2017  5  4 22      0.0    216.8   0.00000000   0.00000000    269.0   83.8      1.7     88688
2017  5  4 23      0.0    217.1   0.00000000   0.00000000    268.6   82.9      1.0     88698
2017  5  5  0      0.0    217.8   0.00000000   0.00000000    268.7   81.6      1.4     88681
2017  5  5  1      0.0    219.2   0.00000000   0.00000000    268.3   75.1      1.4     88645
2017  5  5  2      0.0    222.0   0.00000000   0.00000000    267.9   76.3      1.0     88609
2017  5  5  3      0.0    226.7   0.00000000   0.00000000    268.4   70.3      0.8     88577
2017  5  5  4     12.7    227.4   0.00000000   0.00000000    267.6   86.1      1.2     88568
2017  5  5  5     94.9    228.5   0.00000000   0.00000000    268.0   86.6      1.5     88550
2017  5  5  6    218.9    231.5   0.00000000   0.00000000    271.4   74.6      1.0     88521
2017  5  5  7    357.6    236.1   0.00000000   0.00000000    275.3   71.5      1.6     88498
2017  5  5  8    491.3    239.8   0.00000000   0.00000000    276.9   74.5      1.6     88482
2017  5  5  9    608.1    243.5   0.00000000   0.00000000    278.1   70.9      1.7     88466
2017  5  5 10    698.9    246.5   0.00000000   0.00000000    278.8   69.8      1.2     88446
2017  5  5 11    754.9    249.0   0.00000000   0.00000000    279.6   69.7      1.7     88432
2017  5  5 12    771.7    252.9   0.00000000   0.00000000    280.6   70.8      0.8     88363
2017  5  5 13    747.2    256.5   0.00000000   0.00000000    281.2   76.3      1.4     88298
2017  5  5 14    685.0    258.8   0.00000000   0.00000000    281.5   75.3      3.3     88223
2017  5  5 15    589.7    260.8   0.00000000   0.00000000    281.2   77.9      3.2     88186
2017  5  5 16    470.4    261.2   0.00000000   0.00000000    280.4   80.6      2.5     88140
2017  5  5 17    337.2    259.4   0.00000000   0.00000000    279.6   79.5      2.3     88101
2017  5  5 18    197.7    257.9   0.00000000   0.00000000    278.4   80.5      3.8     88072
2017  5  5 19     75.6    264.1   0.00000000   0.00000000    277.4   81.6      4.3     88051
2017  5  5 20      7.9    271.3   0.00000000   0.00000000    276.7   83.6      2.7     88016
2017  5  5 21      0.0    270.7   0.00000000   0.00000000    276.4   81.9      2.3     87973
2017  5  5 22      0.0    258.3   0.00000000   0.00000000    275.7   80.8      2.1     87962
2017  5  5 23      0.0    243.2   0.00000000   0.00000000    275.0   81.3      2.0     87937
2017  5  6  0      0.0    242.1   0.00000000   0.00000000    272.9   90.3      1.6     87914
2017  5  6  1      0.0    241.7   0.00000000   0.00000000    272.2   92.6      1.6     87885
2017  5  6  2      0.1    240.3   0.00000000   0.00000000    274.0   84.0      2.6     87828
2017  5  6  3     -0.0    239.0   0.00000000   0.00000000    272.2   89.7      1.6     87764
2017  5  6  4     14.5    238.1   0.00000000   0.00000000    271.5   91.8      1.6     87712
2017  5  6  5     99.9    237.0   0.00000000   0.00000000    273.7   84.9      1.5     87673
2017  5  6  6    223.7    239.6   0.00000000   0.00000000    275.2   84.0      1.1     87648
2017  5  6  7    361.6    241.0   0.00000000   0.00000000    276.7   81.7      0.9     87606
2017  5  6  8    495.5    242.9   0.00000000   0.00000000    277.9   82.0      0.6     87586
2017  5  6  9    611.5    245.0   0.00000000   0.00000000    279.8   73.3      0.6     87567
2017  5  6 10    700.4    246.9   0.00000000   0.00000000    280.4   70.3      0.6     87548
2017  5  6 11    755.2    248.6   0.00000000   0.00000000    280.6   71.0      0.8     87525
2017  5  6 12    775.5    245.6   0.00000000   0.00000000    280.6   61.5      1.2     87420
2017  5  6 13    752.2    246.3   0.00000000   0.00000000    280.7   61.3      0.6     87358
2017  5  6 14    691.1    245.2   0.00000000   0.00000000    280.2   63.6      2.7     87312
2017  5  6 15    597.2    243.2   0.00000000   0.00000000    279.6   63.9      3.4     87259
2017  5  6 16    476.6    244.9   0.00000000   0.00000000    279.3   70.1      3.8     87189
2017  5  6 17    342.9    244.0   0.00000000   0.00000000    278.6   74.2      4.1     87126
2017  5  6 18    207.5    242.9   0.00000000   0.00000000    277.7   79.2      4.0     87094
2017  5  6 19     87.7    240.6   0.00000000   0.00000000    276.4   81.9      4.0     87060
2017  5  6 20     10.6    239.5   0.00000000   0.00000000    275.4   81.4      3.7     87027
2017  5  6 21      0.0    239.1   0.00000000   0.00000000    275.0   79.4      3.6     86994
2017  5  6 22      0.0    238.3   0.00000000   0.00000000    274.6   79.1      4.0     86975
2017  5  6 23      0.0    237.5   0.00000000   0.00000000    274.6   80.5      3.2     86952
2017  5  7  0      0.0    236.7   0.00000000   0.00000000    274.4   80.9      3.3     86916
2017  5  7  1      0.0    235.3   0.00000000   0.00000000    274.0   82.2      4.2     86902
2017  5  7  2      0.0    233.5   0.00000000   0.00000000    273.7   92.7      4.7     86881
2017  5  7  3     -0.1    232.5   0.00000000   0.00000000    273.2   98.1      4.0     86878
2017  5  7  4     13.1    249.4   0.00000000   0.00000000    273.1   99.9      2.8     86886
2017  5  7  5     27.2    316.0   0.00000000   0.00000005    273.9   99.0      1.6     86890
2017  5  7  6     36.4    319.0   0.00000000   0.00000024    274.2   97.1      2.2     86891
2017  5  7  7     60.0    315.8   0.00000002   0.00000042    274.4   90.8      3.4     86921
2017  5  7  8    119.8    313.5   0.00000005   0.00000030    274.1   91.7      3.6     86958
2017  5  7  9    194.0    312.1   0.00000029   0.00000006    274.3   89.7      3.5     87007
2017  5  7 10    513.3    286.3   0.00000006   0.00000005    275.3   85.2      3.3     87048
2017  5  7 11    730.0    241.8   0.00000000   0.00000000    276.5   77.1      3.1     87073
2017  5  7 12    781.8    228.1   0.00000000  -0.00000000    277.8   62.6      5.1     87060
2017  5  7 13    763.5    224.5  -0.00000000  -0.00000000    278.0   53.4      4.7     87061
2017  5  7 14    704.2    222.2   0.00000000   0.00000001    278.1   52.3      3.8     87072
2017  5  7 15    610.2    221.7   0.00000000  -0.00000000    277.7   57.7      4.2     87103
2017  5  7 16    490.8    220.5   0.00000000   0.00000001    277.1   60.1      3.9     87123
2017  5  7 17    354.3    221.2   0.00000000  -0.00000002    276.3   64.7      3.1     87148
2017  5  7 18    216.2    219.5   0.00000000   0.00000003    275.0   74.6      2.6     87202
2017  5  7 19     93.9    215.8   0.00000000   0.00000000    272.9   82.6      3.3     87244
2017  5  7 20     12.7    209.6   0.00000000   0.00000001    271.0   82.8      2.4     87289
2017  5  7 21      0.0    204.9  -0.00000001  -0.00000006    270.0   87.7      0.8     87348
2017  5  7 22      0.0    201.5   0.00000000   0.00000005    269.4   82.2      1.2     87362
2017  5  7 23      0.0    196.6   0.00000000  -0.00000004    268.7   78.3      1.2     87373
2017  5  8  0      0.0    192.9   0.00000000  -0.00000002    267.8   83.2      0.7     87402
2017  5  8  1      0.0    191.1   0.00000000   0.00000003    267.5   80.5      1.6     87395
2017  5  8  2      0.0    189.0   0.00000000   0.00000001    265.8   93.2      1.0     87361
2017  5  8  3      0.0    186.9   0.00000000   0.00000001    266.6   76.6      2.6     87387
2017  5  8  4     20.0    186.8   0.00000000   0.00000000    266.0   74.2      2.8     87495
2017  5  8  5    112.1    187.0   0.00000000   0.00000000    266.7   71.7      1.4     87510
2017  5  8  6    240.2    188.5   0.00000000   0.00000000    267.9   75.1      1.2     87523
2017  5  8  7    379.2    192.0   0.00000000  -0.00000000    269.2   73.3      1.7     87556
2017  5  8  8    512.2    195.7   0.00000000   0.00000000    270.3   68.0      2.5     87575
2017  5  8  9    628.1    198.3   0.00000000   0.00000000    271.1   65.3      2.5     87599
2017  5  8 10    718.3    199.7   0.00000000   0.00000000    272.3   56.8      3.8     87610
2017  5  8 11    773.8    201.2   0.00000000   0.00000000    273.0   56.4      5.3     87590
2017  5  8 12    787.2    208.3   0.00000000   0.00000000    273.4   62.1      4.3     87597
2017  5  8 13    762.1    210.9   0.00000000   0.00000000    273.9   62.8      4.8     87586
2017  5  8 14    696.5    213.6   0.00000000   0.00000000    273.8   64.5      5.3     87573
2017  5  8 15    607.2    211.7   0.00000000   0.00000000    273.6   66.1      5.4     87536
2017  5  8 16    485.2    212.9   0.00000001   0.00000000    273.1   68.8      5.4     87499
2017  5  8 17    350.5    211.7   0.00000000   0.00000000    272.4   71.7      4.9     87480
2017  5  8 18    208.8    212.2   0.00000000   0.00000000    271.3   77.3      4.4     87464
2017  5  8 19     87.6    217.6   0.00000000   0.00000000    270.2   81.7      4.3     87435
2017  5  8 20     11.9    225.1   0.00000000   0.00000000    269.2   84.9      4.4     87403
2017  5  8 21      0.0    220.6   0.00000000   0.00000000    268.5   85.9      4.0     87381
2017  5  8 22      0.0    216.3   0.00000000   0.00000000    268.0   88.5      3.6     87349
2017  5  8 23      0.0    211.3   0.00000000   0.00000000    267.5   90.9      3.1     87324
2017  5  9  0      0.0    204.8   0.00000001   0.00000000    267.1   92.3      3.4     87272
2017  5  9  1     -0.0    200.5   0.00000001   0.00000000    266.7   93.7      3.6     87210
2017  5  9  2      0.0    199.9   0.00000000   0.00000000    266.4   91.4      3.9     87152
2017  5  9  3      0.0    200.7   0.00000000   0.00000000    266.1   93.3      3.9     87097
2017  5  9  4     19.5    205.9   0.00000000   0.00000000    266.3   93.5      3.6     87058
2017  5  9  5     95.8    214.7   0.00000000   0.00000000    267.0   93.5      3.3     86996
2017  5  9  6    199.5    218.3   0.00000000   0.00000000    267.9   92.5      2.6     86947
2017  5  9  7    302.6    231.2   0.00000000   0.00000000    269.4   83.8      2.8     86890
2017  5  9  8    395.1    240.7   0.00000000   0.00000000    270.2   79.0      2.7     86823
2017  5  9  9    489.0    240.3   0.00000000   0.00000000    270.9   76.6      2.7     86761
2017  5  9 10    517.2    251.3   0.00000018   0.00000007    271.4   79.0      2.9     86717
2017  5  9 11    429.5    270.0   0.00000073   0.00000020    271.8   76.7      3.7     86660
2017  5  9 12    175.1    292.6   0.00000729   0.00000070    271.1   86.3      4.3     86559
2017  5  9 13    129.5    293.8   0.00001780   0.00000089    271.1   89.2      4.9     86494
2017  5  9 14    112.7    294.1   0.00002922   0.00000097    271.0   91.1      5.2     86423
2017  5  9 15    110.4    292.6   0.00003199   0.00000094    271.0   91.7      5.1     86357
2017  5  9 16    111.6    289.3   0.00003133   0.00000093    271.0   91.7      4.5     86286
2017  5  9 17     72.1    292.3   0.00002858   0.00000097    270.9   89.9      3.5     86239
2017  5  9 18     84.6    280.0   0.00001600   0.00000038    270.7   88.3      2.6     86198
2017  5  9 19     65.5    242.6   0.00000697   0.00000002    269.9   91.1      2.2     86152
2017  5  9 20     12.7    243.8   0.00000425  -0.00000003    269.2   93.2      1.6     86119
2017  5  9 21      0.0    287.9   0.00000490   0.00000002    269.5   90.4      1.7     86068
2017  5  9 22      0.0    246.2   0.00000213  -0.00000002    269.0   95.7      1.0     86019
2017  5  9 23      0.0    203.3   0.00000062   0.00000003    267.5   99.5      1.2     85979
2017  5 10  0      0.0    250.5   0.00000064   0.00000000    267.4  100.0      1.7     85953
2017  5 10  1      0.0    288.0   0.00000212   0.00000000    268.5   98.8      1.3     85922
2017  5 10  2      0.0    275.1   0.00000323   0.00000000    268.7  100.0      2.1     85887
2017  5 10  3      0.0    280.9   0.00000302  -0.00000003    268.1  100.0      3.5     85870
2017  5 10  4      9.6    286.9   0.00000338   0.00000005    267.7  100.0      3.6     85866
2017  5 10  5     56.2    277.8   0.00000527   0.00000001    268.3   99.0      3.1     85845
2017  5 10  6    171.7    243.5   0.00000576   0.00000004    269.0   95.9      4.7     85818
2017  5 10  7    263.0    254.5   0.00000402   0.00000009    269.6   95.4      5.3     85812
2017  5 10  8    253.6    279.5   0.00000576   0.00000059    270.1   93.1      5.2     85798
2017  5 10  9    296.6    272.3   0.00000810   0.00000073    270.4   90.9      5.1     85783
2017  5 10 10    337.6    277.1   0.00001204   0.00000094    270.4   93.3      5.6     85793
2017  5 10 11    105.4    292.5   0.00002508   0.00000085    269.9   94.3      6.2     85809
2017  5 10 12    276.8    288.1   0.00001856   0.00000057    270.4   92.7      6.7     85660
2017  5 10 13    299.4    284.7   0.00001745   0.00000064    270.4   93.3      6.9     85655
2017  5 10 14    295.4    285.3   0.00001547   0.00000058    270.3   93.4      6.9     85656
2017  5 10 15    237.8    286.3   0.00001051   0.00000035    270.0   93.9      6.6     85657
2017  5 10 16    175.9    289.2   0.00000639   0.00000028    269.8   94.7      6.4     85658
2017  5 10 17    122.7    288.3   0.00000509   0.00000029    269.6   96.1      6.4     85652
2017  5 10 18     73.2    287.1   0.00000457   0.00000023    269.2   97.6      6.0     85661
2017  5 10 19     34.2    286.8   0.00000364   0.00000025    268.8   99.1      5.7     85669
2017  5 10 20      6.5    286.6   0.00000254   0.00000036    268.6   99.5      5.1     85674
2017  5 10 21      0.0    285.2   0.00000186   0.00000026    268.5   98.4      4.5     85682
2017  5 10 22      0.0    286.0   0.00000203   0.00000025    268.5   97.8      4.2     85680
2017  5 10 23      0.0    285.6   0.00000153   0.00000026    268.4   99.3      3.9     85676
2017  5 11  0      0.0    284.7   0.00000180   0.00000029    268.3   99.2      4.3     85683
2017  5 11  1      0.0    282.9   0.00000180   0.00000026    268.2   99.1      4.2     85678
2017  5 11  2      0.0    279.4   0.00000164   0.00000008    268.1   99.1      3.6     85666
2017  5 11  3      0.0    233.2   0.00000100   0.00000003    267.3  100.0      2.9     85659
2017  5 11  4     16.1    243.1   0.00000080   0.00000002    267.5  100.0      2.8     85675
2017  5 11  5     47.7    286.0   0.00000119   0.00000010    268.2   94.7      3.7     85695
2017  5 11  6    108.0    284.2   0.00000126   0.00000014    268.6   90.5      3.9     85721
2017  5 11  7    228.3    277.7   0.00000062   0.00000013    269.2   86.7      3.4     85745
2017  5 11  8    385.9    264.6   0.00000040   0.00000003    269.8   84.1      3.3     85771
2017  5 11  9    558.3    240.5   0.00000020   0.00000004    270.4   82.1      3.3     85798
2017  5 11 10    679.2    226.2   0.00000013   0.00000003    271.0   80.2      3.7     85826
2017  5 11 11    745.9    220.4   0.00000008   0.00000002    271.4   79.7      4.4     85869
2017  5 11 12    746.4    234.0   0.00000015   0.00000003    271.6   80.9      4.2     85847
2017  5 11 13    754.1    220.5   0.00000012   0.00000004    272.0   78.9      4.4     85861
2017  5 11 14    703.4    216.5   0.00000009   0.00000003    272.3   78.1      4.3     85882
2017  5 11 15    623.9    212.2  -0.00000001   0.00000000    272.4   76.4      4.0     85904
2017  5 11 16    491.6    215.8   0.00000000   0.00000000    272.3   76.9      3.6     85908
2017  5 11 17    349.0    218.0   0.00000001  -0.00000000    272.1   78.4      3.4     85929
2017  5 11 18    215.0    219.8   0.00000000   0.00000001    271.5   84.1      2.7     85957
2017  5 11 19     96.1    221.9   0.00000002  -0.00000002    270.8   92.7      2.9     85993
2017  5 11 20     18.3    219.5   0.00000012   0.00000000    269.8  100.0      2.0     86027
2017  5 11 21      0.0    243.1   0.00000015   0.00000009    269.3  100.0      2.1     86058
2017  5 11 22      0.0    295.6   0.00000093   0.00000021    269.6  100.0      2.7     86106
2017  5 11 23      0.0    259.7   0.00000136   0.00000000    269.6  100.0      2.6     86140
2017  5 12  0      0.0    273.5   0.00000158   0.00000003    269.8  100.0      3.0     86163
2017  5 12  1      0.0    299.1   0.00000298   0.00000006    270.1  100.0      3.3     86167
2017  5 12  2      0.0    298.5   0.00000226   0.00000009    270.1  100.0      3.7     86191
2017  5 12  3     -0.0    293.9   0.00000122   0.00000003    269.7  100.0      3.6     86198
2017  5 12  4     11.4    294.2   0.00000065   0.00000009    269.5  100.0      3.7     86217
2017  5 12  5     49.3    294.5   0.00000073   0.00000018    269.5  100.0      4.1     86255
2017  5 12  6    103.1    293.0   0.00000074   0.00000018    269.2  100.0      3.9     86303
2017  5 12  7    168.7    292.3   0.00000076   0.00000015    269.1  100.0      4.0     86337
2017  5 12  8    251.5    293.2   0.00000056   0.00000012    269.5   97.4      4.4     86366
2017  5 12  9    348.0    293.3   0.00000049   0.00000012    270.1   94.4      4.9     86395
2017  5 12 10    446.4    292.4   0.00000034   0.00000009    271.1   89.7      5.2     86429
2017  5 12 11    603.3    280.6   0.00000017   0.00000006    272.1   85.5      5.6     86459
2017  5 12 12    422.5    296.4   0.00000081   0.00000030    273.2   85.7      6.1     86470
2017  5 12 13    392.1    297.9   0.00000076   0.00000033    273.5   86.3      5.6     86471
2017  5 12 14    312.6    301.7   0.00000106   0.00000045    273.5   87.6      6.0     86486
2017  5 12 15    357.2    295.0   0.00000059   0.00000029    273.7   86.0      5.8     86489
2017  5 12 16    271.9    295.9   0.00000039   0.00000021    273.6   86.6      5.5     86477
2017  5 12 17    214.6    290.5   0.00000028   0.00000019    273.5   86.4      5.9     86510
2017  5 12 18    132.4    290.0   0.00000022   0.00000014    273.1   87.3      6.1     86543
2017  5 12 19     53.4    296.0   0.00000023   0.00000009    272.8   91.7      5.7     86581
2017  5 12 20      9.0    301.7   0.00000023   0.00000001    272.5   94.1      5.9     86618
2017  5 12 21      0.0    302.1   0.00000036   0.00000003    272.3   95.4      6.3     86630
2017  5 12 22      0.0    301.9   0.00000037   0.00000001    271.9   94.6      6.5     86676
2017  5 12 23      0.0    301.9   0.00000053   0.00000000    271.7   96.4      6.4     86707
2017  5 13  0      0.0    302.0   0.00000059   0.00000002    271.6   97.1      6.1     86718
2017  5 13  1      0.0    304.1   0.00000069   0.00000002    271.6   98.6      5.7     86695
2017  5 13  2      0.0    306.3   0.00000103   0.00000005    271.7  100.0      6.0     86683
2017  5 13  3      0.0    307.3   0.00000175   0.00000017    271.7  100.0      6.0     86693
2017  5 13  4      4.7    308.0   0.00000218   0.00000020    271.8  100.0      5.6     86700
2017  5 13  5     20.7    308.2   0.00000156   0.00000012    272.0  100.0      5.3     86695
2017  5 13  6     49.2    309.1   0.00000074   0.00000017    272.2   99.8      5.4     86706
2017  5 13  7    111.2    308.7   0.00000042   0.00000017    272.6   96.0      5.4     86719
2017  5 13  8    288.9    296.7   0.00000077   0.00000005    273.5   91.3      5.9     86749
2017  5 13  9    342.8    295.1   0.00000386   0.00000005    273.9   91.4      6.2     86794
2017  5 13 10    260.1    309.8   0.00000773   0.00000027    274.2   92.8      6.5     86822
2017  5 13 11    261.2    312.0   0.00000436   0.00000338    274.4   95.3      7.0     86848
2017  5 13 12    202.2    311.3   0.00001520   0.00000016    274.0   93.7      6.9     86818
2017  5 13 13    180.1    311.6   0.00001839   0.00000026    274.0   93.7      6.6     86847
2017  5 13 14    175.7    310.6   0.00002327   0.00000037    274.0   93.7      6.1     86866
2017  5 13 15    138.9    310.6   0.00002514   0.00000010    273.8   94.1      5.7     86855
2017  5 13 16    132.5    311.1   0.00001915   0.00000007    273.8   94.9      5.4     86858
2017  5 13 17    114.4    312.3   0.00000592   0.00000018    273.7   95.8      4.7     86859
2017  5 13 18     78.6    313.7   0.00000029   0.00000016    273.6   97.5      4.4     86862
2017  5 13 19     31.4    314.6   0.00000010   0.00000024    273.5   98.8      4.1     86896
2017  5 13 20      6.0    315.2   0.00000010   0.00000024    273.4   99.6      4.1     86935
2017  5 13 21     -0.2    315.9   0.00000023   0.00000040    273.3  100.0      4.6     86954
2017  5 13 22      0.0    315.8   0.00000038   0.00000048    273.3  100.0      4.3     86956
2017  5 13 23      0.0    315.8   0.00000073   0.00000089    273.4  100.0      3.9     86958
2017  5 14  0      0.0    316.3   0.00000010   0.00000081    273.5   99.9      3.8     86977
2017  5 14  1      0.0    316.9   0.00000001   0.00000097    273.6   99.9      3.7     86968
2017  5 14  2      0.0    317.5  -0.00000001   0.00000073    273.7   99.9      3.4     86956
2017  5 14  3     -0.0    318.5   0.00000002   0.00000371    273.9   99.9      3.6     86956
2017  5 14  4      3.7    318.7  -0.00000000   0.00001614    274.0   99.9      3.0     86949
2017  5 14  5     11.7    319.6  -0.00000001   0.00003124    274.2  100.0      3.2     86931
2017  5 14  6     17.5    320.6  -0.00000000   0.00003681    274.4   99.9      3.5     86941
2017  5 14  7     30.1    321.6   0.00000002   0.00004295    274.6  100.0      4.5     86949
2017  5 14  8     50.5    322.0   0.00000006   0.00003480    274.6  100.0      4.5     86973
2017  5 14  9     54.3    322.3   0.00000122   0.00004432    274.7   99.9      4.4     87005
2017  5 14 10     78.2    323.1   0.00000019   0.00003019    274.9  100.0      3.9     87038
2017  5 14 11    115.0    324.2   0.00000000   0.00000856    275.1  100.0      3.9     87068
2017  5 14 12    655.4    297.4   0.00000000   0.00000002    278.8   90.3      1.6     87054
2017  5 14 13    701.0    273.3  -0.00000000  -0.00000000    279.2   87.0      0.3     87070
2017  5 14 14    651.4    263.9   0.00000001   0.00000004    280.0   81.6      2.0     87087
2017  5 14 15    539.3    263.1  -0.00000001  -0.00000003    279.6   80.7      2.1     87092
2017  5 14 16    432.7    263.5   0.00000000   0.00000001    279.2   82.0      2.4     87088
2017  5 14 17    301.6    263.9   0.00000000   0.00000004    278.3   86.3      2.7     87114
2017  5 14 18    130.4    303.6   0.00000000   0.00000110    277.4   88.1      2.3     87125
2017  5 14 19     64.0    291.9   0.00000000   0.00000053    276.5   93.0      1.9     87161
2017  5 14 20     15.0    301.7   0.00000001   0.00000070    275.9   96.8      2.0     87191
2017  5 14 21     -0.1    325.7   0.00000000   0.00000009    275.7   97.7      1.7     87210
2017  5 14 22      0.0    305.3  -0.00000002  -0.00000000    275.2   95.8      1.7     87246
2017  5 14 23      0.0    265.2   0.00000001   0.00000000    274.3   93.7      1.6     87258
2017  5 15  0      0.0    278.1   0.00000000   0.00000000    273.6   91.7      0.9     87268
2017  5 15  1      0.0    244.5   0.00000000   0.00000000    272.3  100.0      0.8     87273
2017  5 15  2      0.1    246.3   0.00000000   0.00000000    271.7  100.0      0.9     87300
2017  5 15  3     -0.1    276.0   0.00000000  -0.00000000    271.8  100.0      1.1     87323
2017  5 15  4     26.9    257.9   0.00000000   0.00000000    272.6   99.0      1.9     87358
2017  5 15  5    113.8    248.4   0.00000000   0.00000000    273.9   91.9      1.0     87383
2017  5 15  6    221.6    249.1   0.00000000   0.00000114    275.7   84.4      0.9     87429
2017  5 15  7    254.8    280.5   0.00000000   0.00000534    276.4   84.6      1.5     87471
2017  5 15  8    355.5    276.6   0.00000000   0.00000814    277.2   87.3      1.2     87517
2017  5 15  9    440.5    280.6   0.00000000   0.00000771    277.8   88.9      1.5     87557
2017  5 15 10    576.5    274.7   0.00000000   0.00000324    278.3   86.9      1.1     87602
2017  5 15 11    514.4    308.5   0.00000000   0.00000193    278.5   86.8      0.8     87623
2017  5 15 12    778.1    252.5   0.00000000   0.00000003    280.2   68.8      3.6     87645
2017  5 15 13    760.8    251.2   0.00000000  -0.00000000    280.3   66.4      3.7     87675
2017  5 15 14    705.3    248.2   0.00000000  -0.00000001    279.7   68.2      3.8     87712
2017  5 15 15    599.1    248.1   0.00000000   0.00000000    279.2   72.5      3.1     87715
2017  5 15 16    467.1    250.0   0.00000000   0.00000000    278.8   74.5      2.5     87717
2017  5 15 17    292.6    262.8   0.00000000   0.00000000    278.5   74.0      1.4     87720
2017  5 15 18    151.0    268.6   0.00000000   0.00000000    278.1   76.0      0.6     87739
2017  5 15 19     77.9    268.8   0.00000000   0.00000000    277.2   78.8      2.5     87762
2017  5 15 20     20.3    266.0   0.00000000   0.00000000    275.6   89.3      2.2     87791
2017  5 15 21      0.0    282.8   0.00000000   0.00000000    274.6   93.4      3.2     87799
2017  5 15 22      0.0    289.7   0.00000000   0.00000000    274.2   95.2      3.7     87796
2017  5 15 23      0.0    283.8   0.00000000   0.00000000    273.8   95.7      4.3     87784
2017  5 16  0      0.0    285.5   0.00000000   0.00000004    273.7   98.4      4.7     87773
2017  5 16  1      0.1    319.7   0.00000000   0.00000076    274.5   99.9      6.3     87760
2017  5 16  2     -0.1    321.8   0.00000000   0.00000103    274.5   99.9      7.5     87752
2017  5 16  3     -0.1    321.5   0.00000006   0.00000879    274.4   99.9      7.2     87754
2017  5 16  4      3.5    320.4   0.00000072   0.00002768    274.2   99.9      7.5     87742
2017  5 16  5     10.6    319.9   0.00000222   0.00003172    274.1   99.9      7.6     87713
2017  5 16  6     21.4    319.6   0.00000578   0.00003096    274.0   99.8      7.9     87711
2017  5 16  7     43.6    319.4   0.00000723   0.00002231    274.1   99.8      7.6     87699
2017  5 16  8    100.9    318.8   0.00000870   0.00001949    274.2   99.6      7.4     87696
2017  5 16  9    132.6    318.9   0.00000758   0.00001942    274.4   99.5      7.3     87717
2017  5 16 10    125.1    319.0   0.00000994   0.00003138    274.5   99.6      7.1     87712
2017  5 16 11    176.4    319.7   0.00000226   0.00001630    274.8   99.9      7.7     87690
2017  5 16 12     56.2    320.3   0.00000490   0.00005151    274.4   99.9      6.8     87549
2017  5 16 13     22.1    320.5   0.00000000   0.00007889    274.4   99.8      6.8     87523
2017  5 16 14     16.9    320.6  -0.00000001   0.00008279    274.5   99.6      6.5     87502
2017  5 16 15     23.2    321.1  -0.00000000   0.00006638    274.6   99.7      6.1     87467
2017  5 16 16     15.9    321.6   0.00000000   0.00006502    274.7   99.9      5.9     87428
2017  5 16 17      7.2    322.2   0.00000000   0.00002191    274.7   99.9      5.5     87383
2017  5 16 18      4.6    322.4   0.00000000   0.00001965    274.7   99.9      5.3     87393
2017  5 16 19      3.4    323.0  -0.00000000   0.00000324    274.9   99.9      5.0     87360
2017  5 16 20      0.8    323.8  -0.00000000   0.00000376    275.1  100.0      5.3     87330
2017  5 16 21      0.0    324.9   0.00000001   0.00004897    275.4  100.0      3.5     87302
2017  5 16 22      0.0    328.3   0.00000000   0.00003845    276.2  100.0      2.6     87270
2017  5 16 23      0.0    331.0   0.00000000   0.00003135    276.2  100.0      2.1     87241
2017  5 17  0      0.0    332.5   0.00000000   0.00004229    277.1   99.7      3.5     87245
2017  5 17  1      0.0    337.1  -0.00000001   0.00002073    277.3   99.9      3.4     87223
2017  5 17  2      0.0    335.3  -0.00000000   0.00001882    277.3   99.3      4.5     87265
2017  5 17  3      0.1    334.6   0.00000001   0.00000401    277.1   99.9      2.8     87312
2017  5 17  4      7.6    333.4  -0.00000001   0.00000220    276.9   99.9      3.4     87328
2017  5 17  5     76.1    324.3  -0.00000001   0.00000038    276.7   99.9      3.2     87306
2017  5 17  6    181.6    302.8   0.00000001   0.00000015    277.2   98.7      2.3     87273
2017  5 17  7    341.7    261.2  -0.00000001   0.00000000    277.8   96.1      1.8     87275
2017  5 17  8    456.0    267.2  -0.00000000   0.00000008    278.4   95.0      1.0     87268
2017  5 17  9    605.1    257.8   0.00000003   0.00000000    279.5   92.1      1.6     87268
2017  5 17 10    606.1    278.6  -0.00000001   0.00000015    280.0   88.5      2.4     87273
2017  5 17 11    678.7    278.2  -0.00000003   0.00000012    280.3   86.8      2.6     87286
2017  5 17 12    756.5    260.0   0.00000000   0.00000003    280.7   84.5      2.8     87286
2017  5 17 13    638.9    277.9   0.00000000   0.00000020    280.5   85.4      3.1     87265
2017  5 17 14    643.3    267.6   0.00000000   0.00000005    280.0   87.9      3.9     87271
2017  5 17 15    540.8    267.3   0.00000000  -0.00000001    279.3   87.9      3.6     87243
2017  5 17 16    389.3    271.4   0.00000000   0.00000003    278.9   86.4      3.3     87200
2017  5 17 17    250.8    277.9   0.00000000  -0.00000004    278.0   88.7      3.5     87175
2017  5 17 18    123.2    295.2   0.00000000   0.00000029    277.0   95.1      3.4     87145
2017  5 17 19     16.3    328.3   0.00000000   0.00000969    276.7   99.7      2.6     87122
2017  5 17 20      1.9    331.0   0.00000000   0.00002601    276.5   99.9      2.5     87078
2017  5 17 21      0.1    330.9   0.00000000   0.00004535    276.4   99.9      2.4     87030
2017  5 17 22     -0.0    330.4   0.00000000   0.00007578    276.3   98.9      2.2     86967
2017  5 17 23      0.0    330.9   0.00000000   0.00013782    276.3   99.6      2.0     86897
2017  5 18  0      0.1    331.8   0.00000000   0.00024841    276.5  100.0      3.3     86825
2017  5 18  1     -0.2    331.7   0.00000000   0.00018762    276.5  100.0      3.5     86730
2017  5 18  2      0.1    331.3   0.00000000   0.00015369    276.5   99.9      3.6     86643
2017  5 18  3     -0.0    331.4   0.00000000   0.00019043    276.6   99.8      3.5     86562
2017  5 18  4      1.4    332.8   0.00000000   0.00019901    276.8   99.7      4.0     86508
2017  5 18  5      8.8    333.3   0.00000000   0.00013345    277.0   99.9      3.6     86415
2017  5 18  6      4.4    333.6   0.00000000   0.00032295    276.9   99.6      3.0     86375
2017  5 18  7      8.3    335.1   0.00000000   0.00030706    277.4   99.9      3.2     86322
2017  5 18  8     11.3    335.3   0.00000000   0.00014933    277.5   99.9      4.3     86257
2017  5 18  9     35.6    338.4   0.00000000   0.00005674    278.2   99.9      6.2     86236
2017  5 18 10     24.6    339.6   0.00000000   0.00030599    278.1   99.9      3.8     86253
2017  5 18 11     42.8    341.7   0.00000000   0.00038540    278.9   95.9      4.9     86246
2017  5 18 12     54.6    340.7   0.00000000   0.00025530    278.5   96.8      3.6     86277
2017  5 18 13     81.1    339.3   0.00000000   0.00004868    278.8   97.4      1.8     86317
2017  5 18 14     66.9    335.0   0.00000000   0.00001137    278.7   98.7      1.9     86361
2017  5 18 15     51.0    338.5   0.00000000   0.00000135    278.7   99.0      0.9     86416
2017  5 18 16     34.7    339.6   0.00000000   0.00000087    277.9   99.9      2.8     86435
2017  5 18 17     17.2    337.1   0.00000000   0.00000668    277.5   99.9      3.0     86471
2017  5 18 18     30.9    335.5   0.00000000   0.00000280    277.2   99.9      2.7     86490
2017  5 18 19     28.9    335.1   0.00000000   0.00000011    277.0   98.7      3.6     86513
2017  5 18 20     10.8    333.8   0.00000000   0.00000001    276.7   96.5      3.3     86533
2017  5 18 21      0.0    317.0   0.00000000   0.00000003    276.1   96.1      3.1     86562
2017  5 18 22      0.0    326.0   0.00000000  -0.00000001    275.9   97.2      3.4     86589
2017  5 18 23      0.0    328.9   0.00000000   0.00000002    275.9   97.5      3.2     86616
2017  5 19  0      0.0    326.0   0.00000000   0.00000002    275.9   97.9      3.3     86631
2017  5 19  1      0.0    313.8   0.00000000   0.00000000    275.6   98.2      3.8     86636
2017  5 19  2      0.0    303.1   0.00000000  -0.00000002    275.4   98.3      3.4     86635
2017  5 19  3      0.7    292.2   0.00000000   0.00000010    274.3  100.0      3.4     86636
2017  5 19  4     37.7    261.7   0.00000000   0.00000008    274.8   89.2      2.7     86645
2017  5 19  5    128.5    242.2   0.00000000   0.00000000    276.1   79.7      2.1     86663
2017  5 19  6    252.0    243.0   0.00000000   0.00000000    277.8   75.4      2.2     86692
2017  5 19  7    379.5    246.4   0.00000000   0.00000000    278.8   72.0      2.6     86733
2017  5 19  8    514.8    247.2   0.00000000   0.00000000    280.0   70.6      2.5     86763
2017  5 19  9    616.4    253.9   0.00000000   0.00000000    281.2   73.2      3.7     86786
2017  5 19 10    709.0    255.0   0.00000000   0.00000000    282.1   73.1      5.0     86806
2017  5 19 11    778.0    252.8   0.00000000   0.00000001    282.5   71.3      5.1     86831
2017  5 19 12    785.3    263.3   0.00000000   0.00000000    283.7   76.6      5.7     86844
2017  5 19 13    760.8    267.0   0.00000000   0.00000000    284.2   74.2      5.1     86861
2017  5 19 14    646.8    284.0   0.00000000   0.00000000    284.5   71.6      5.2     86888
2017  5 19 15    438.5    316.3   0.00000000   0.00000003    284.2   72.0      5.7     86898
2017  5 19 16    311.2    323.4   0.00000000   0.00000020    283.7   75.6      5.7     86935
2017  5 19 17    218.3    324.0   0.00000000   0.00000066    282.5   86.5      5.7     86952
2017  5 19 18    186.4    303.0   0.00000000   0.00000011    281.8   89.5      4.3     86992
2017  5 19 19     61.7    322.2   0.00000000   0.00000000    280.5   94.5      3.7     87030
2017  5 19 20     23.0    326.2   0.00000000   0.00000001    279.6   98.2      4.2     87080
2017  5 19 21      0.1    341.1   0.00000000   0.00000011    278.9   99.9      4.1     87128
2017  5 19 22      0.0    342.2   0.00000000   0.00000032    278.6   99.8      3.9     87177
2017  5 19 23      0.0    340.6   0.00000000   0.00000016    278.3   99.9      3.6     87199
2017  5 20  0      0.0    339.5   0.00000000   0.00000058    278.0   99.9      3.3     87188
2017  5 20  1     -0.0    338.1   0.00000000   0.00000074    277.9   99.9      3.4     87156
2017  5 20  2     -0.0    338.0   0.00000000   0.00000037    277.8   99.9      3.9     87143
2017  5 20  3      0.1    338.0   0.00000000   0.00000037    277.8   99.9      4.0     87162
2017  5 20  4      4.3    337.8   0.00000000   0.00000048    277.9   99.9      4.6     87158
2017  5 20  5     11.7    338.9   0.00000000   0.00000059    278.2   99.9      5.2     87156
2017  5 20  6     22.8    340.1   0.00000000   0.00000075    278.5   99.9      4.6     87176
2017  5 20  7     42.5    341.5   0.00000000   0.00000045    278.7   99.9      4.4     87210
2017  5 20  8     40.2    342.0   0.00000000   0.00000100    278.8   99.9      4.4     87244
2017  5 20  9     38.1    342.5   0.00000000   0.00000227    278.8   99.9      3.8     87270
2017  5 20 10     87.1    343.7   0.00000000   0.00000119    279.5   99.7      4.1     87283
2017  5 20 11    109.4    346.3   0.00000000   0.00000049    279.8   99.4      4.9     87283
2017  5 20 12     98.3    348.2   0.00000000   0.00000140    280.0   99.7      4.4     87254
2017  5 20 13     87.9    348.9   0.00000000   0.00000147    280.1   99.7      3.8     87245
2017  5 20 14     93.8    349.3   0.00000000   0.00000109    280.2   99.7      4.2     87262
2017  5 20 15     58.4    348.2   0.00000000   0.00000109    279.8   99.8      4.5     87280
2017  5 20 16     42.7    345.7   0.00000000   0.00000196    279.2   99.9      4.8     87283
2017  5 20 17     45.3    344.3   0.00000000   0.00000207    279.1   99.9      3.0     87299
2017  5 20 18     27.3    343.2   0.00000000   0.00000178    278.9   99.9      2.9     87302
2017  5 20 19      9.3    341.7   0.00000000   0.00000216    278.5   99.9      1.6     87322
2017  5 20 20      1.7    340.0   0.00000000   0.00000246    278.1   99.9      1.2     87328
2017  5 20 21      0.0    339.1   0.00000000   0.00003176    278.0   99.9      1.9     87333
2017  5 20 22      0.0    339.1   0.00000000   0.00000369    277.9   99.9      2.2     87319
2017  5 20 23      0.0    339.4   0.00000000   0.00009451    277.8   99.9      1.8     87314
2017  5 21  0      0.0    338.3   0.00000000   0.00001923    277.8   99.9      2.1     87313
2017  5 21  1     -0.0    337.9   0.00000000   0.00006286    277.9   99.9      4.0     87304
2017  5 21  2     -0.1    338.6   0.00000000   0.00019731    277.5   99.1      1.0     87299
2017  5 21  3      0.1    333.9   0.00000000   0.00004909    275.8   99.9      4.2     87291
2017  5 21  4      1.2    327.4   0.00000000   0.00003479    275.5   99.8      3.7     87282
2017  5 21  5      8.4    326.2   0.00000000   0.00000228    275.3   99.9      4.1     87260
2017  5 21  6     37.8    325.3   0.00000000   0.00000076    275.3  100.0      3.6     87257
2017  5 21  7    110.5    325.2   0.00000000   0.00000013    276.0   99.3      3.6     87263
2017  5 21  8     91.5    327.3   0.00000000   0.00000025    275.7   99.8      3.6     87288
2017  5 21  9    187.5    328.5   0.00000000   0.00000036    276.1   98.9      3.9     87300
2017  5 21 10    580.2    282.7   0.00000000   0.00000003    277.7   88.6      4.7     87315
2017  5 21 11    796.6    234.7   0.00000000   0.00000000    278.5   81.8      4.6     87317
2017  5 21 12    799.2    239.9   0.00000000   0.00000000    278.1   86.0      4.8     87375
2017  5 21 13    775.9    240.4   0.00000000  -0.00000000    278.4   77.2      4.8     87376
2017  5 21 14    643.3    261.1   0.00000000   0.00000006    278.0   78.4      5.0     87364
2017  5 21 15     66.0    300.5   0.00000053   0.00001186    275.3   95.4      5.1     87366
2017  5 21 16     68.7    299.3   0.00000344   0.00002467    274.7   95.9      3.7     87367
2017  5 21 17    176.3    285.1   0.00000333   0.00001654    274.8   94.5      4.6     87348
2017  5 21 18    158.6    265.8   0.00000159   0.00000495    274.6   92.9      5.7     87342
2017  5 21 19     76.5    274.7   0.00000035   0.00000100    274.2   92.3      4.8     87332
2017  5 21 20     18.5    303.1   0.00000367   0.00000606    274.1   91.8      5.5     87327
2017  5 21 21      0.3    303.7   0.00000492   0.00000884    273.9   97.6      7.0     87346
2017  5 21 22      0.0    308.9   0.00000074   0.00000479    273.8   99.1      7.9     87379
2017  5 21 23      0.0    314.6   0.00000167   0.00000509    273.8   98.9      7.0     87382
2017  5 22  0      0.0    314.3   0.00000075   0.00000248    273.7   98.7      6.9     87385
2017  5 22  1      0.0    309.8   0.00000024   0.00000070    273.6   97.5      6.7     87371
2017  5 22  2      0.0    303.8   0.00000024   0.00000017    273.3   98.0      6.1     87341
2017  5 22  3      0.9    305.1   0.00000016   0.00000002    273.0   98.3      5.5     87324
2017  5 22  4     13.5    311.3   0.00000031   0.00000033    273.0   99.2      5.2     87334
2017  5 22  5     36.9    311.2   0.00000037   0.00000048    273.5   95.6      5.9     87338
2017  5 22  6     97.2    305.7   0.00000018   0.00000027    273.9   91.7      6.2     87329
2017  5 22  7    198.5    299.0   0.00000009   0.00000012    274.4   87.8      6.0     87324
2017  5 22  8    328.3    282.8   0.00000003   0.00000003    274.8   86.0      5.5     87321
2017  5 22  9    413.8    274.0   0.00000002   0.00000001    275.1   86.0      5.1     87334
2017  5 22 10    479.4    274.2  -0.00000001   0.00000002    275.6   85.3      5.1     87349
2017  5 22 11    549.6    274.4   0.00000000   0.00000002    276.2   84.8      5.1     87356
2017  5 22 12    696.3    260.3  -0.00000000   0.00000029    276.8   86.5      6.7     87267
2017  5 22 13    719.2    252.3   0.00000000   0.00000014    277.2   85.1      6.4     87249
2017  5 22 14    659.1    257.2   0.00000000   0.00000009    277.5   82.5      6.7     87219
2017  5 22 15    605.2    247.5   0.00000000   0.00000001    277.5   82.8      6.3     87196
2017  5 22 16    524.4    236.2  -0.00000000   0.00000003    277.1   83.3      5.4     87174
2017  5 22 17    397.1    234.6  -0.00000000   0.00000000    277.0   79.0      4.4     87156
2017  5 22 18    263.3    234.4   0.00000000  -0.00000001    276.7   78.8      3.5     87118
2017  5 22 19    139.9    233.4   0.00000000  -0.00000000    276.0   81.6      2.8     87099
2017  5 22 20     44.1    231.2   0.00000000   0.00000001    274.6   86.9      2.5     87082
2017  5 22 21      1.1    228.9  -0.00000000   0.00000000    273.4   90.4      2.5     87077
2017  5 22 22      0.0    228.3  -0.00000000  -0.00000001    273.1   86.3      3.0     87071
2017  5 22 23      0.0    228.1   0.00000000   0.00000001    272.8   86.3      2.9     87066
2017  5 23  0      0.0    228.3  -0.00000000  -0.00000001    272.9   85.3      2.1     87044
2017  5 23  1      0.0    227.9  -0.00000000  -0.00000000    272.3   86.9      1.7     87021
2017  5 23  2      0.0    226.6   0.00000000   0.00000002    271.9   86.7      1.9     86985
2017  5 23  3      2.9    225.4   0.00000000   0.00000000    271.5   88.6      1.7     86949
2017  5 23  4     54.5    225.8  -0.00000001  -0.00000000    272.1   86.5      1.8     86933
2017  5 23  5    154.8    228.0   0.00000000   0.00000000    273.8   80.1      2.1     86922
2017  5 23  6    281.3    231.0  -0.00000000   0.00000000    275.9   70.7      2.4     86932
2017  5 23  7    415.4    234.2   0.00000000   0.00000000    277.5   61.8      2.8     86929
2017  5 23  8    544.4    236.7  -0.00000000   0.00000000    278.9   59.7      2.9     86937
2017  5 23  9    656.6    239.4   0.00000000   0.00000000    280.2   55.0      2.8     86928
2017  5 23 10    745.2    240.7   0.00000000   0.00000000    281.5   48.5      2.8     86931
2017  5 23 11    798.5    243.8  -0.00000000   0.00000000    282.2   44.6      2.8     86941
2017  5 23 12    797.2    258.7   0.00000000   0.00000000    282.4   50.3      2.6     86882
2017  5 23 13    660.1    287.3   0.00000000   0.00000000    281.8   50.1      3.4     86880
2017  5 23 14    685.9    267.6   0.00000000   0.00000000    281.9   52.4      2.8     86858
2017  5 23 15    623.6    258.7   0.00000000   0.00000000    281.9   51.4      2.9     86829
2017  5 23 16    499.9    261.3   0.00000000   0.00000000    281.6   53.2      3.1     86821
2017  5 23 17    389.3    255.2   0.00000000   0.00000000    281.0   56.8      3.1     86830
2017  5 23 18    262.6    251.6   0.00000000   0.00000000    280.2   61.1      3.0     86836
2017  5 23 19    140.2    249.2   0.00000000   0.00000000    278.9   67.6      2.9     86870
2017  5 23 20     45.8    245.9   0.00000000   0.00000000    277.1   78.1      3.3     86887
2017  5 23 21      1.3    242.3   0.00000000   0.00000000    275.4   89.0      3.8     86899
2017  5 23 22      0.0    241.7   0.00000000   0.00000000    274.4   96.3      4.0     86930
2017  5 23 23      0.0    318.2   0.00000000   0.00000000    274.8   97.0      2.7     86937
2017  5 24  0      0.0    318.7   0.00000000   0.00000000    275.1   96.5      3.7     86951
2017  5 24  1      0.0    325.4   0.00000000   0.00000061    275.3  100.0      3.8     86965
2017  5 24  2      0.0    325.1   0.00000000   0.00000246    275.2  100.0      3.0     86946
2017  5 24  3      0.9    325.0   0.00000000   0.00000106    275.2   99.9      3.4     86935
2017  5 24  4     11.4    325.1   0.00000000   0.00000190    275.2  100.0      3.9     86954
2017  5 24  5     27.6    325.4   0.00000000   0.00000313    275.3   99.8      3.8     86957
2017  5 24  6     39.9    326.0   0.00000000   0.00000363    275.4   99.7      4.3     86982
2017  5 24  7     53.1    326.7   0.00000000   0.00000553    275.3   99.6      4.9     86988
2017  5 24  8     71.3    324.8   0.00000000   0.00000525    274.5   99.1      6.3     87042
2017  5 24  9    210.6    320.3   0.00000000   0.00000089    275.2   88.8      7.0     87066
2017  5 24 10    416.1    308.9   0.00000000   0.00000050    276.1   86.7      7.4     87093
2017  5 24 11    488.2    302.2   0.00000000   0.00000084    276.3   87.8      8.5     87125
2017  5 24 12    292.2    319.0   0.00000000   0.00000184    276.3   90.2      7.2     87096
2017  5 24 13    462.5    311.0   0.00000000   0.00000050    277.0   89.0      7.5     87112
2017  5 24 14    576.0    279.7   0.00000000   0.00000032    277.3   87.4      7.5     87151
2017  5 24 15    501.2    276.9   0.00000000   0.00000048    277.3   85.4      6.8     87179
2017  5 24 16    297.1    291.8   0.00000000   0.00000151    276.4   93.3      6.7     87186
2017  5 24 17    255.8    283.3   0.00000000   0.00000031    276.2   90.6      6.8     87171
2017  5 24 18    123.1    311.8   0.00000000   0.00000031    275.7   92.8      7.0     87178
2017  5 24 19     60.4    313.1   0.00000000   0.00000031    275.1   94.6      7.1     87185
2017  5 24 20     28.0    301.9   0.00000000   0.00000006    274.4   97.3      6.7     87182
2017  5 24 21      0.9    310.5   0.00000000   0.00000012    273.8   98.2      6.7     87190
2017  5 24 22     -0.0    295.2   0.00000000   0.00000000    273.3   99.5      6.2     87193
2017  5 24 23     -0.1    307.3   0.00000003   0.00000006    273.2   99.4      5.5     87200
2017  5 25  0      0.1    312.1   0.00000004  -0.00000000    273.3   99.6      5.7     87195
2017  5 25  1     -0.1    312.1   0.00000486   0.00000142    273.5   98.2      6.1     87171
2017  5 25  2      0.0    290.6   0.00001450   0.00000700    273.6   97.1      7.3     87123
2017  5 25  3      2.1    286.6   0.00000047   0.00004720    273.9   97.3      7.6     87112
2017  5 25  4     15.4    316.0   0.00000000   0.00004344    274.3   99.6      7.2     87116
2017  5 25  5     11.5    320.3  -0.00000001   0.00003838    274.3  100.0      7.1     87124
2017  5 25  6     14.8    321.1  -0.00000000   0.00003409    274.6   99.9      7.3     87140
2017  5 25  7     16.4    322.3   0.00000000   0.00005360    274.7  100.0      7.7     87166
2017  5 25  8     21.3    323.1   0.00000000   0.00003569    274.9  100.0      7.9     87170
2017  5 25  9     28.3    324.3   0.00000000   0.00002373    275.2  100.0      8.1     87187
2017  5 25 10     33.6    325.7  -0.00000000   0.00001159    275.4   99.9      8.2     87190
2017  5 25 11     39.3    326.7   0.00000001   0.00000814    275.7  100.0      8.5     87193
2017  5 25 12     35.8    326.5   0.00000000   0.00001668    275.6   99.9     10.8     87174
2017  5 25 13     44.5    327.9   0.00000000   0.00001208    275.9  100.0     11.3     87172
2017  5 25 14     54.8    329.1   0.00000000   0.00000933    276.1  100.0     10.3     87218
2017  5 25 15     41.6    329.6   0.00000000   0.00000868    276.2  100.0      9.8     87245
2017  5 25 16     35.2    330.0   0.00000000   0.00000937    276.3  100.0     10.8     87244
2017  5 25 17     35.3    330.6   0.00000000   0.00000828    276.4   99.9     11.7     87263
2017  5 25 18     31.8    331.1   0.00000000   0.00000576    276.6   99.9     11.9     87294
2017  5 25 19     23.4    331.7   0.00000000   0.00000281    276.6   99.9     11.5     87338
2017  5 25 20      9.4    331.3   0.00000000   0.00000157    276.5   99.9     10.8     87368
2017  5 25 21      0.4    330.7   0.00000000   0.00000113    276.3  100.0     10.5     87393
2017  5 25 22     -0.1    330.1   0.00000000   0.00000077    276.2  100.0      9.9     87412
2017  5 25 23      0.2    329.5   0.00000000   0.00000055    276.1   99.9      8.9     87452
2017  5 26  0      0.0    329.4   0.00000000   0.00000052    276.2  100.0      7.2     87502
2017  5 26  1     -0.2    329.5   0.00000000   0.00000085    276.2   99.9      5.7     87525
2017  5 26  2      0.2    330.1   0.00000000   0.00000136    276.4  100.0      5.4     87539
2017  5 26  3      0.4    330.7   0.00000000   0.00000159    276.5  100.0      4.9     87561
2017  5 26  4      4.9    331.2   0.00000000   0.00000175    276.6   99.9      4.5     87595
2017  5 26  5     10.9    332.1   0.00000000   0.00000183    276.8   99.9      4.1     87624
2017  5 26  6     27.0    333.4   0.00000000   0.00000109    277.0   99.9      3.9     87657
2017  5 26  7     69.4    335.3   0.00000000   0.00000028    277.6   99.5      3.7     87679
2017  5 26  8    169.0    338.3   0.00000000   0.00000003    278.8   97.0      3.7     87694
2017  5 26  9    368.6    332.2   0.00000000  -0.00000001    280.3   91.9      4.3     87720
2017  5 26 10    709.3    271.2   0.00000000   0.00000002    281.6   87.2      4.0     87733
2017  5 26 11    786.5    265.5   0.00000000   0.00000002    282.6   81.8      4.2     87727
2017  5 26 12    806.4    263.1   0.00000000   0.00000000    282.4   85.5      4.1     87704
2017  5 26 13    786.9    264.6   0.00000000  -0.00000000    283.8   69.6      4.8     87693
2017  5 26 14    731.4    264.4   0.00000000   0.00000001    284.1   69.6      5.7     87696
2017  5 26 15    641.4    266.2   0.00000000  -0.00000001    283.5   71.9      5.8     87710
2017  5 26 16    527.4    267.7   0.00000000   0.00000000    283.1   74.1      5.5     87689
2017  5 26 17    399.4    269.7   0.00000000   0.00000000    282.8   78.0      4.8     87667
2017  5 26 18    264.3    271.1   0.00000000   0.00000000    281.9   86.1      4.2     87646
2017  5 26 19    137.6    274.4   0.00000000  -0.00000001    281.0   93.6      4.3     87641
2017  5 26 20     45.4    281.0   0.00000000   0.00000000    280.0   97.3      4.2     87655
2017  5 26 21      2.8    274.7   0.00000000   0.00000000    279.2   97.6      4.2     87674
2017  5 26 22      0.0    266.7   0.00000000   0.00000000    278.7   97.0      4.3     87680
2017  5 26 23     -0.2    267.0   0.00000000   0.00000000    278.4   96.7      4.5     87681
2017  5 27  0     -0.1    267.6   0.00000000   0.00000000    278.4   95.3      4.5     87663
2017  5 27  1      0.3    269.7   0.00000000   0.00000000    278.4   93.5      4.6     87637
2017  5 27  2     -0.1    278.0   0.00000000   0.00000000    278.3   92.5      4.1     87635
2017  5 27  3      3.8    275.5   0.00000000   0.00000000    278.0   89.0      3.4     87642
2017  5 27  4     47.5    273.4   0.00000000   0.00000000    278.3   85.0      3.5     87640
2017  5 27  5    125.7    275.5   0.00000000   0.00000001    279.5   81.0      3.8     87618
2017  5 27  6    240.6    275.5   0.00000000  -0.00000001    281.3   72.8      4.5     87594
2017  5 27  7    377.1    276.3   0.00000000  -0.00000001    282.5   68.5      4.8     87580
2017  5 27  8    471.9    285.7   0.00000000  -0.00000001    283.5   65.8      5.0     87577
2017  5 27  9    547.7    292.8   0.00000000   0.00000000    284.3   64.0      4.7     87580
2017  5 27 10    649.8    289.4   0.00000000   0.00000001    285.3   60.6      4.4     87588
2017  5 27 11    749.5    283.0   0.00000000  -0.00000001    286.2   57.5      3.7     87596
2017  5 27 12    637.2    295.8   0.00000000   0.00000000    286.6   50.1      3.2     87586
2017  5 27 13    721.1    291.1   0.00000000   0.00000000    287.7   48.1      3.4     87571
2017  5 27 14    721.6    281.6   0.00000000   0.00000000    288.0   48.9      3.4     87545
2017  5 27 15    633.9    281.1   0.00000000   0.00000000    287.8   47.7      3.7     87498
2017  5 27 16    523.1    277.8   0.00000000   0.00000000    287.2   48.4      3.9     87452
2017  5 27 17    397.5    274.1   0.00000000   0.00000000    286.2   50.4      3.3     87413
2017  5 27 18    273.5    268.4   0.00000000   0.00000000    285.0   54.8      2.0     87397
2017  5 27 19    151.9    264.0   0.00000000   0.00000000    283.9   60.4      1.1     87382
2017  5 27 20     54.9    260.2   0.00000000   0.00000000    282.0   74.1      0.9     87370
2017  5 27 21      3.3    257.3   0.00000000   0.00000000    280.4   81.2      0.8     87348
2017  5 27 22      0.0    255.5   0.00000000   0.00000000    278.6   85.3      0.7     87335
2017  5 27 23      0.0    254.5   0.00000000   0.00000000    276.7   91.9      2.0     87290
2017  5 28  0      0.0    250.8   0.00000000   0.00000000    275.8   79.4      2.3     87234
2017  5 28  1      0.0    247.5   0.00000000   0.00000000    276.5   79.9      3.1     87184
2017  5 28  2      0.0    245.5   0.00000000   0.00000000    276.3   82.6      3.9     87137
2017  5 28  3      5.9    244.0   0.00000000   0.00000000    276.5   78.9      3.7     87051
2017  5 28  4     58.9    253.8   0.00000000   0.00000000    277.3   80.3      4.1     86966
2017  5 28  5    143.0    266.2   0.00000000   0.00000000    278.7   83.6      4.0     86907
2017  5 28  6    263.2    275.2   0.00000000   0.00000000    280.9   81.4      4.2     86848
2017  5 28  7    226.9    315.5   0.00000000   0.00000061    281.4   88.5      3.7     86775
2017  5 28  8    442.1    301.6   0.00000000   0.00000064    283.0   86.1      3.4     86718
2017  5 28  9    133.0    354.8   0.00000000   0.00000016    282.1   92.9      2.9     86673
2017  5 28 10    133.3    354.6   0.00000000   0.00000015    281.8   94.9      2.5     86634
2017  5 28 11    432.4    338.3   0.00000000   0.00000002    283.3   87.1      2.7     86608
2017  5 28 12    768.8    283.7   0.00000000   0.00000000    284.8   74.5      2.0     86555
2017  5 28 13    745.6    289.4   0.00000000   0.00000000    286.7   63.6      4.7     86506
2017  5 28 14    713.8    282.6   0.00000000   0.00000001    285.4   67.2      6.5     86501
2017  5 28 15    629.1    277.8   0.00000000   0.00000001    284.8   69.6      6.3     86493
2017  5 28 16    529.0    275.8   0.00000000   0.00000000    284.1   79.8      5.8     86508
2017  5 28 17    402.7    274.1   0.00000000   0.00000000    283.3   83.8      5.5     86551
2017  5 28 18    273.0    270.1   0.00000000   0.00000001    281.8   92.7      5.4     86578
2017  5 28 19     88.7    332.6   0.00000000   0.00000000    280.6   98.2      5.0     86617
2017  5 28 20     28.7    341.0   0.00000000   0.00000022    279.8   99.9      4.7     86642
2017  5 28 21      1.6    344.3   0.00000000   0.00000030    279.2   99.9      4.3     86683
2017  5 28 22     -0.0    339.8   0.00000000   0.00000015    278.7   99.8      2.9     86711
2017  5 28 23      0.0    333.7   0.00000000   0.00000008    278.2   99.8      2.6     86723
2017  5 29  0     -0.0    330.6   0.00000000   0.00000000    277.8   99.7      3.4     86711
2017  5 29  1      0.0    334.0   0.00000000   0.00000007    277.8   99.7      3.2     86713
2017  5 29  2      0.0    336.7   0.00000000   0.00000007    277.8   99.7      2.8     86719
2017  5 29  3      2.7    336.2   0.00000000   0.00000000    277.8   99.5      2.7     86716
2017  5 29  4     36.3    324.5   0.00000000   0.00000007    277.5   99.8      2.6     86699
2017  5 29  5     72.8    319.1   0.00000000   0.00000000    278.4   94.3      2.2     86697
2017  5 29  6    166.4    316.4   0.00000000   0.00000000    279.9   88.6      1.7     86731
2017  5 29  7    307.4    298.9   0.00000000   0.00000000    281.5   79.9      1.2     86745
2017  5 29  8    391.2    302.9   0.00000000   0.00000000    282.5   76.7      0.7     86727
2017  5 29  9    559.5    290.0   0.00000000   0.00000000    284.0   72.7      2.7     86727
2017  5 29 10    610.5    292.3   0.00000000   0.00000000    284.0   72.9      3.6     86747
2017  5 29 11    556.6    301.4   0.00000000   0.00000000    283.6   72.1      3.8     86753
2017  5 29 12    707.4    303.1   0.00000000   0.00000006    285.8   68.6      1.7     86801
2017  5 29 13    428.5    342.2   0.00000000   0.00000069    285.8   67.2      1.8     86804
2017  5 29 14    435.0    332.3   0.00000000   0.00000045    285.6   65.0      0.9     86807
2017  5 29 15    545.6    305.0   0.00000000   0.00000002    286.1   59.1      1.0     86771
2017  5 29 16    477.6    293.1   0.00000000   0.00000002    286.2   59.6      2.8     86732
2017  5 29 17    252.5    320.2   0.00000000   0.00000084    284.9   67.4      2.9     86709
2017  5 29 18     67.3    345.6   0.00000000   0.00000001    283.2   74.8      2.0     86683
2017  5 29 19     90.7    305.9   0.00000000   0.00000000    281.9   82.4      2.1     86682
2017  5 29 20     55.8    269.4   0.00000000  -0.00000001    280.3   90.8      2.3     86661
2017  5 29 21      4.1    271.6   0.00000000  -0.00000001    278.4   95.0      1.7     86637
2017  5 29 22      0.0    269.4   0.00000000   0.00000002    276.8   98.0      2.1     86635
2017  5 29 23     -0.1    264.9   0.00000000   0.00000001    276.3   98.7      2.5     86602
2017  5 30  0     -0.0    270.4   0.00000000   0.00000012    275.6  100.0      3.3     86566
2017  5 30  1     -0.0    321.1   0.00000000   0.00000083    276.1  100.0      2.8     86536
2017  5 30  2      0.1    333.2   0.00000000   0.00000079    276.6   99.9      2.3     86495
2017  5 30  3      2.1    334.2   0.00000000   0.00000065    276.8   99.9      1.9     86444
2017  5 30  4     21.1    332.8   0.00000000   0.00000036    277.0   99.9      1.3     86396
2017  5 30  5     64.0    313.2   0.00000000   0.00000004    277.9   96.4      1.6     86370
2017  5 30  6    116.6    306.6   0.00000000   0.00000000    278.9   93.1      1.9     86357
2017  5 30  7    187.0    306.5   0.00000000   0.00000000    280.0   85.7      1.9     86348
2017  5 30  8    267.1    303.8   0.00000000   0.00000000    280.9   72.2      3.4     86355
2017  5 30  9    570.1    277.1   0.00000000   0.00000000    282.4   67.8      2.9     86336
2017  5 30 10    739.7    265.0   0.00000000   0.00000000    283.3   62.6      4.0     86338
2017  5 30 11    794.1    266.0   0.00000000   0.00000000    283.7   60.6      4.2     86340
2017  5 30 12    154.0    327.9   0.00000000   0.00003193    276.4   99.6      7.6     86248
2017  5 30 13    305.5    323.2   0.00000000   0.00002208    276.9   98.0      7.5     86213
2017  5 30 14    421.0    319.5   0.00000000   0.00000353    277.3   96.6      6.9     86189
2017  5 30 15    580.1    271.5   0.00000000   0.00000033    278.2   90.8      6.3     86154
2017  5 30 16    396.1    294.2   0.00000000   0.00000018    277.9   94.6      5.3     86143
2017  5 30 17    134.5    329.2   0.00000000   0.00000009    277.3   98.7      4.9     86133
2017  5 30 18     61.9    331.8   0.00000000   0.00000036    276.7   99.4      4.1     86105
2017  5 30 19     31.6    330.9   0.00000000   0.00000080    276.4   99.6      3.6     86080
2017  5 30 20     10.1    329.9   0.00000000   0.00000169    276.1  100.0      3.1     86067
2017  5 30 21      0.5    328.8   0.00000000   0.00000291    275.9  100.0      2.8     86052
2017  5 30 22     -0.1    327.6   0.00000000   0.00000205    275.6  100.0      2.9     86028
2017  5 30 23      0.1    324.7   0.00000000   0.00000013    275.4   99.7      2.5     85987
2017  5 31  0      0.1    322.6   0.00000000   0.00000012    275.2   99.4      2.8     85956
2017  5 31  1     -0.1    320.9   0.00000000   0.00000000    275.0   99.0      2.7     85921
2017  5 31  2      0.1    300.9   0.00000000   0.00000000    274.7   97.1      2.9     85887
2017  5 31  3      1.6    303.5   0.00000000   0.00000058    274.3   97.4      3.2     85880
2017  5 31  4     14.5    305.2   0.00000008   0.00000536    274.3   97.0      3.6     85894
2017  5 31  5     64.5    304.3   0.00000023   0.00000606    274.4   98.4      4.1     85922
2017  5 31  6    118.0    315.5   0.00000000   0.00000082    274.9   97.8      4.3     85951
2017  5 31  7    185.2    316.8   0.00000000   0.00000012    275.6   95.4      5.0     86008
2017  5 31  8    205.4    320.4   0.00000000   0.00000047    276.1   93.6      6.4     86072
2017  5 31  9    216.3    321.2   0.00000001   0.00000117    276.1   93.3      7.9     86157
2017  5 31 10    303.2    318.7  -0.00000001   0.00000105    276.7   90.0      8.5     86230
2017  5 31 11    357.6    316.6   0.00000000   0.00000128    276.9   91.3      8.6     86302
2017  5 31 12    188.5    317.8   0.00000095   0.00001038    274.8   99.1      7.4     86370
2017  5 31 13    216.8    318.1   0.00000188   0.00001574    274.8   99.7      7.6     86426
2017  5 31 14    194.8    318.3   0.00000279   0.00002055    274.7   99.6      8.1     86475
2017  5 31 15    174.3    316.6   0.00000465   0.00002439    274.5   99.0      8.8     86506
2017  5 31 16    158.7    315.7   0.00000248   0.00001191    274.4   99.3     10.0     86524
2017  5 31 17    154.5    311.4   0.00000194   0.00000923    274.4   96.3      8.9     86576
2017  5 31 18     75.5    313.2   0.00000140   0.00000553    274.3   93.0      8.4     86611
2017  5 31 19     50.6    310.0   0.00000001   0.00000023    274.1   91.2      8.2     86655
2017  5 31 20     48.7    251.9   0.00000005   0.00000000    273.3   92.0      7.8     86705
2017  5 31 21      5.7    245.4   0.00000007  -0.00000000    272.7   93.4      7.8     86745
2017  5 31 22      0.1    272.0   0.00000007   0.00000000    272.0   97.0      8.0     86765
2017  5 31 23     -0.0    262.6   0.00000006  -0.00000000    271.2   97.9      7.2     86779
2017  6  1  0      0.2    217.3   0.00000002   0.00000000    270.6   97.4      6.3     86798
2017  6  1  1     -0.1    207.5   0.00000002   0.00000000    270.2   93.7      5.9     86788
2017  6  1  2     -0.1    205.5   0.00000000  -0.00000000    269.8   87.4      5.9     86799
2017  6  1  3      9.1    203.9  -0.00000002   0.00000000    269.5   85.8      5.7     86818
2017  6  1  4     74.1    203.1   0.00000002   0.00000000    269.8   83.4      5.8     86854
2017  6  1  5    180.9    204.7   0.00000001   0.00000000    271.0   79.1      6.0     86873
2017  6  1  6    310.6    207.7  -0.00000001   0.00000000    272.4   72.5      7.5     86879
2017  6  1  7    447.1    210.3  -0.00000003  -0.00000000    273.3   69.8      9.0     86894
2017  6  1  8    576.9    212.0   0.00000003   0.00000000    273.9   69.2      9.3     86917
2017  6  1  9    689.4    214.5   0.00000000   0.00000000    274.5   73.5      9.2     86949
2017  6  1 10    775.6    217.8  -0.00000002   0.00000000    275.2   76.9      9.3     86965
2017  6  1 11    828.5    220.8   0.00000002   0.00000000    276.0   77.9      9.2     86975
2017  6  1 12    796.2    246.7   0.00000000   0.00000001    276.8   82.0      9.1     87046
2017  6  1 13    801.1    238.2  -0.00000000  -0.00000000    277.2   82.0      8.8     87035
2017  6  1 14    725.9    244.7   0.00000000   0.00000001    277.3   83.9      9.0     87037
2017  6  1 15    624.0    247.2  -0.00000000   0.00000000    277.3   86.6      8.8     87019
2017  6  1 16    483.3    250.5   0.00000000   0.00000000    277.1   87.2      8.5     87005
2017  6  1 17    321.7    258.8   0.00000000  -0.00000001    276.6   88.5      8.1     86995
2017  6  1 18    216.4    258.4   0.00000000   0.00000000    276.0   91.1      7.4     87010
2017  6  1 19    110.4    265.1   0.00000000   0.00000000    275.2   94.6      6.8     87019
2017  6  1 20     36.9    277.4   0.00000000   0.00000001    274.5   97.6      6.5     87003
2017  6  1 21      3.4    275.9   0.00000000   0.00000023    274.1   91.9      6.3     86994
2017  6  1 22      0.0    261.0   0.00000020   0.00000011    273.7   84.0      5.6     86978
2017  6  1 23      0.2    264.8   0.00000016   0.00000001    273.7   79.9      5.0     86975
2017  6  2  0     -0.1    264.9   0.00000019  -0.00000001    273.6   76.4      4.4     86958
2017  6  2  1      0.0    257.9   0.00000010   0.00000001    273.8   74.7      4.5     86941
2017  6  2  2     -0.1    259.0   0.00000000  -0.00000000    273.8   76.2      4.5     86926
2017  6  2  3      2.5    295.5   0.00000000  -0.00000001    274.3   75.4      4.4     86906
2017  6  2  4      9.9    306.7   0.00000026   0.00000002    274.7   76.6      3.7     86917
2017  6  2  5     10.0    310.7   0.00000005   0.00000150    274.8   82.3      2.9     86932
2017  6  2  6     21.0    311.2   0.00000000   0.00001035    274.8   86.5      2.8     86929
2017  6  2  7    115.4    306.0   0.00000000   0.00000928    275.4   88.2      1.7     86950
2017  6  2  8    106.9    314.3   0.00000000   0.00002714    275.5   93.2      2.3     86974
2017  6  2  9     74.2    315.1   0.00000000   0.00002911    275.6   93.9      2.9     86989
2017  6  2 10     76.6    316.5   0.00000000   0.00003163    275.6   95.3      3.5     87014
2017  6  2 11     80.9    321.7   0.00000000   0.00002984    275.5   97.3      3.6     87033
2017  6  2 12    113.4    324.7   0.00000000   0.00001430    275.7   99.4      4.5     87116
2017  6  2 13     64.6    325.0   0.00000000   0.00001596    275.4   99.9      4.4     87115
2017  6  2 14     41.8    324.2  -0.00000000   0.00001908    275.1  100.0      4.3     87110
2017  6  2 15     35.7    323.4   0.00000000   0.00001789    274.9   99.9      4.1     87100
2017  6  2 16     25.0    322.9  -0.00000000   0.00002345    274.8   99.9      4.2     87086
2017  6  2 17     19.8    322.2   0.00000000   0.00002928    274.6   99.9      4.2     87063
2017  6  2 18     12.9    321.6  -0.00000000   0.00003520    274.5   99.9      4.2     87043
2017  6  2 19      7.0    321.2   0.00000000   0.00001300    274.5   99.9      4.2     87039
2017  6  2 20      2.8    321.2  -0.00000000   0.00001627    274.5   99.9      4.5     87011
2017  6  2 21      0.3    321.7   0.00000000   0.00002573    274.7   99.8      4.3     87018
2017  6  2 22      0.1    323.6  -0.00000000   0.00001641    275.0   98.8      4.1     87014
2017  6  2 23      0.0    325.0  -0.00000000   0.00001062    275.2   98.5      2.7     87011
2017  6  3  0      0.1    320.0   0.00000001   0.00000869    275.4   98.2      1.1     86995
2017  6  3  1     -0.1    328.1  -0.00000000   0.00000716    275.4   98.9      0.5     86980
2017  6  3  2      0.1    331.3  -0.00000000   0.00000647    275.8  100.0      2.7     86962
2017  6  3  3      0.5    329.5   0.00000000   0.00001014    276.0  100.0      2.6     86969
2017  6  3  4      3.1    328.2  -0.00000000   0.00000956    276.0  100.0      2.6     86971
2017  6  3  5     15.4    328.6   0.00000001   0.00000457    276.1  100.0      2.3     86966
2017  6  3  6     55.2    330.4  -0.00000000   0.00000093    276.6   99.9      1.9     86958
2017  6  3  7    170.8    328.6  -0.00000000   0.00000020    277.6   99.9      1.4     86957
2017  6  3  8    257.3    329.6   0.00000000   0.00000007    278.3   97.5      1.4     86951
2017  6  3  9    537.6    287.5  -0.00000000   0.00000004    279.9   91.2      0.6     86933
2017  6  3 10    427.0    333.9  -0.00000000   0.00000029    281.3   85.5      2.4     86913
2017  6  3 11    434.2    323.5   0.00000000   0.00000052    280.8   89.0      3.5     86921
2017  6  3 12    708.3    287.0   0.00000000   0.00000003    282.5   76.6      1.7     86858
2017  6  3 13    715.4    279.4   0.00000000   0.00000000    282.7   72.8      1.6     86840
2017  6  3 14    611.2    285.9   0.00000000   0.00000005    282.6   73.9      1.1     86814
2017  6  3 15    476.0    296.1   0.00000000   0.00000022    282.5   74.1      0.9     86779
2017  6  3 16    442.8    292.6   0.00000000   0.00000057    282.5   74.3      0.6     86741
2017  6  3 17    193.8    326.4   0.00000000   0.00000167    282.0   75.4      1.6     86724
2017  6  3 18    147.9    311.5   0.00000000   0.00000088    280.9   77.9      2.8     86701
2017  6  3 19    156.3    261.9   0.00000000   0.00000000    280.1   83.0      3.0     86665
2017  6  3 20     61.1    263.0   0.00000000  -0.00000004    277.4   96.2      3.2     86657
2017  6  3 21      6.5    303.4   0.00000000   0.00000011    276.6   99.9      3.1     86642
2017  6  3 22      0.1    331.5   0.00000000   0.00000014    276.7   99.9      2.9     86613
2017  6  3 23      0.0    332.5   0.00000000   0.00000054    276.7   99.9      2.7     86608
2017  6  4  0      0.0    331.5   0.00000000   0.00000107    276.5   99.9      2.7     86569
2017  6  4  1     -0.1    331.4   0.00000000   0.00000391    276.5  100.0      2.8     86516
2017  6  4  2      0.1    331.3   0.00000000   0.00002149    276.4   99.9      2.2     86490
2017  6  4  3      0.3    330.7   0.00000000   0.00002060    276.3  100.0      2.4     86456
2017  6  4  4      1.7    330.2   0.00000000   0.00008604    276.3  100.0      2.4     86417
2017  6  4  5      6.4    330.1   0.00000000   0.00002038    276.3  100.0      2.6     86386
2017  6  4  6     11.8    330.3   0.00000000   0.00001755    276.4  100.0      2.6     86361
2017  6  4  7     23.5    331.3   0.00000000   0.00001418    276.6   99.9      3.2     86344
2017  6  4  8     73.3    332.8   0.00000000   0.00000816    277.3   99.9      3.9     86308
2017  6  4  9     95.2    335.3   0.00000000   0.00000953    277.6   99.8      3.0     86296
2017  6  4 10     58.9    334.7   0.00000000   0.00002579    277.3   99.9      3.5     86305
2017  6  4 11    361.3    336.9   0.00000000   0.00000141    279.0   98.3      4.4     86290
2017  6  4 12     88.3    330.5   0.00000000   0.00000140    278.8   89.2      2.1     86238
2017  6  4 13    106.1    329.4   0.00000000   0.00000580    278.2   96.3      2.3     86208
2017  6  4 14     35.9    335.1   0.00000000   0.00002141    277.4   99.9      2.0     86181
2017  6  4 15     35.4    334.7   0.00000000   0.00001198    277.1   99.9      2.6     86151
2017  6  4 16     49.4    334.0   0.00000000   0.00000549    276.9   99.9      3.6     86110
2017  6  4 17     41.7    332.8   0.00000000   0.00000444    276.7   99.9      4.7     86103
2017  6  4 18     27.6    331.9   0.00000000   0.00000467    276.5  100.0      6.0     86093
2017  6  4 19     15.9    329.8   0.00000000   0.00000695    275.9  100.0      5.5     86076
2017  6  4 20      8.4    327.1   0.00000000   0.00001117    275.5  100.0      4.6     86063
2017  6  4 21      0.8    324.9   0.00000007   0.00003663    275.0  100.0      4.3     86055
2017  6  4 22     -0.1    323.0   0.00000015   0.00003135    274.7  100.0      4.4     86026
2017  6  4 23      0.0    322.5   0.00000001   0.00001819    274.7   99.9      5.4     86010
2017  6  5  0      0.0    321.8   0.00000014   0.00001160    274.3   99.9      5.9     86007
2017  6  5  1     -0.0    319.2   0.00000101   0.00001026    273.9   99.9      7.2     85987
2017  6  5  2      0.0    318.0   0.00000056   0.00000373    273.6   99.9      7.8     85961
2017  6  5  3      2.6    314.7   0.00000089   0.00000172    273.2   97.7      7.9     85954
2017  6  5  4     35.7    301.1   0.00000024   0.00000018    272.8   95.8      7.5     85962
2017  6  5  5    116.3    280.7   0.00000012   0.00000006    272.6   96.0      7.0     85984
2017  6  5  6    236.3    261.2   0.00000007  -0.00000000    273.0   94.0      6.8     86006
2017  6  5  7    404.2    237.0   0.00000005   0.00000001    273.7   90.8      6.6     86023
2017  6  5  8    543.7    232.6   0.00000003   0.00000000    274.4   90.3      6.3     86025
2017  6  5  9    651.5    235.6   0.00000002   0.00000002    275.2   90.6      6.0     86029
2017  6  5 10    707.4    248.3   0.00000000   0.00000006    276.0   89.7      5.8     86055
2017  6  5 11    779.0    241.3   0.00000000   0.00000060    276.8   89.8      4.8     86079
2017  6  5 12    718.4    271.3   0.00000000   0.00000070    277.3   91.7      4.3     86091
2017  6  5 13    321.4    314.5   0.00000000   0.00000558    276.7   91.7      4.8     86086
2017  6  5 14    661.3    257.5  -0.00000000   0.00000034    277.7   87.7      4.3     86067
2017  6  5 15    578.1    259.0   0.00000000   0.00000018    277.7   87.4      4.1     86042
2017  6  5 16    503.9    249.9  -0.00000000   0.00000005    277.5   87.2      2.8     86031
2017  6  5 17    244.2    283.1   0.00000000   0.00000045    277.1   87.6      1.5     86042
2017  6  5 18    116.2    305.5  -0.00000000   0.00000107    277.0   87.1      1.1     86025
2017  6  5 19     71.3    294.7   0.00000001   0.00000120    276.7   86.4      2.7     86008
2017  6  5 20     26.4    298.6   0.00000001   0.00000641    275.2   94.1      3.8     86003
2017  6  5 21      1.2    304.1   0.00000034   0.00001773    274.4   98.2      2.9     85993
2017  6  5 22      0.0    293.8   0.00000058   0.00002389    274.2   98.5      3.9     85997
2017  6  5 23      0.0    302.2   0.00000194   0.00002824    274.0   99.7      3.6     85982
2017  6  6  0      0.0    313.0   0.00001348   0.00004085    273.7   99.9      3.6     85939
2017  6  6  1      0.0    316.5   0.00002452   0.00004731    273.8  100.0      4.1     85909
2017  6  6  2      0.0    318.5   0.00001220   0.00007141    273.8  100.0      4.6     85877
2017  6  6  3      0.7    318.0   0.00003677   0.00006866    273.7   99.9      4.8     85862
2017  6  6  4      5.6    316.2   0.00007165   0.00007638    273.6   99.9      4.9     85865
2017  6  6  5     10.7    317.9   0.00005294   0.00011408    274.0  100.0      4.8     85884
2017  6  6  6     20.3    321.0   0.00000613   0.00014455    274.7   99.9      4.7     85925
2017  6  6  7     28.2    323.8   0.00000009   0.00012957    275.2  100.0      4.2     85964
2017  6  6  8     31.5    325.6   0.00000000   0.00007275    275.6  100.0      4.7     86004
2017  6  6  9     67.3    327.7   0.00000001   0.00007625    276.0   99.9      5.7     86056
2017  6  6 10    135.4    329.8   0.00000000   0.00000807    276.6   99.9      5.6     86100
2017  6  6 11    134.9    331.5   0.00000001   0.00000409    277.3   98.9      4.4     86119
2017  6  6 12     41.2    333.1   0.00000000   0.00001777    277.2   99.9      3.3     86091
2017  6  6 13     26.8    335.4   0.00000000   0.00000504    277.8   99.9      3.6     86089
2017  6  6 14     44.0    338.7   0.00000000   0.00000085    278.5   99.8      5.4     86113
2017  6  6 15    130.8    335.7   0.00000000   0.00000019    280.1   93.0      6.8     86099
2017  6  6 16    134.0    336.0   0.00000000   0.00000998    279.8   92.2      9.8     86127
2017  6  6 17    114.3    318.9   0.00000000   0.00000018    280.0   88.6      7.9     86127
2017  6  6 18    243.9    262.4   0.00000000   0.00000005    279.9   88.9      8.0     86087
2017  6  6 19    118.0    292.7   0.00000000   0.00000003    279.5   93.1      7.6     86063
2017  6  6 20     45.7    297.7   0.00000000   0.00000002    279.1   98.2      9.0     86029
2017  6  6 21      1.1    341.3   0.00000000   0.00003733    279.1   96.6     11.8     86035
2017  6  6 22      0.0    338.4   0.00000000   0.00000630    278.9   99.4     11.1     86001
2017  6  6 23      0.1    343.2   0.00000000   0.00006396    279.3   99.7     10.9     85965
2017  6  7  0     -0.1    344.4   0.00000000   0.00010216    279.3   99.8     12.2     85966
2017  6  7  1      0.0    344.0   0.00000000   0.00001055    279.2   99.9     11.3     85925
2017  6  7  2     -0.0    343.2   0.00000000   0.00000110    278.9   99.7     12.8     85857
2017  6  7  3      1.8    340.5   0.00000000   0.00000079    278.5   98.9     14.0     85849
2017  6  7  4     25.8    331.9   0.00000000   0.00000010    278.2   95.1     13.5     85836
2017  6  7  5     49.0    331.2   0.00000000   0.00000021    278.0   94.6     13.2     85835
2017  6  7  6    142.2    312.7   0.00000000   0.00000073    278.3   92.2     12.3     85785
2017  6  7  7     43.7    333.5   0.00000000   0.00000647    277.9   95.9     13.1     85718
2017  6  7  8     55.1    334.0   0.00000000   0.00000430    277.8   97.8     13.5     85682
2017  6  7  9     94.9    333.1   0.00000000   0.00000586    277.8   97.0     13.6     85622
2017  6  7 10    210.2    330.4   0.00000000   0.00002051    278.4   94.5     13.6     85567
2017  6  7 11    326.7    323.4   0.00000000   0.00005968    278.6   93.1     15.4     85454
2017  6  7 12    333.6    321.4   0.00000000   0.00003660    279.5   91.9     15.6     85518
2017  6  7 13    224.4    328.4   0.00000000   0.00005584    278.8   92.6     15.4     85491
2017  6  7 14    192.2    330.1   0.00000000   0.00006088    278.6   93.4     14.0     85486
2017  6  7 15    107.4    333.6   0.00000000   0.00005405    278.5   94.6     14.3     85398
2017  6  7 16    161.0    331.4   0.00000000   0.00002342    278.6   94.4     13.7     85375
2017  6  7 17     97.5    332.5   0.00000000   0.00001466    278.2   97.8     11.4     85437
2017  6  7 18     30.0    336.4   0.00000000   0.00002653    277.9   99.1     10.0     85454
2017  6  7 19      8.0    335.6   0.00000000   0.00004963    277.2   99.8      9.7     85513
2017  6  7 20      2.5    329.9   0.00000000   0.00002265    276.1   99.8      7.6     85592
2017  6  7 21      0.4    328.0   0.00000000   0.00001157    275.9   99.9      6.7     85635
2017  6  7 22      0.1    327.8   0.00000000   0.00000516    275.8  100.0      6.0     85655
2017  6  7 23     -0.1    328.1   0.00000000   0.00001268    276.0  100.0      8.1     85701
2017  6  8  0     -0.0    328.2   0.00000000   0.00000771    275.9   99.9      9.2     85714
2017  6  8  1      0.0    323.3   0.00000000   0.00000040    275.6   98.9      6.8     85738
2017  6  8  2      0.1    324.2   0.00000000   0.00002141    275.5   98.9      6.2     85750
2017  6  8  3      1.2    325.7   0.00000000   0.00001985    275.6  100.0      8.8     85784
2017  6  8  4      5.6    326.2   0.00000000   0.00000985    275.6  100.0      6.8     85805
2017  6  8  5     17.8    326.4   0.00000000   0.00000975    275.6  100.0      7.1     85824
2017  6  8  6     32.1    327.4   0.00000000   0.00003441    275.9   99.9      6.9     85865
2017  6  8  7     22.4    328.0   0.00000000   0.00003122    276.0  100.0      6.0     85903
2017  6  8  8     32.9    329.3   0.00000000   0.00003257    276.3  100.0      6.6     85949
2017  6  8  9     50.7    330.5   0.00000000   0.00002620    276.5  100.0      5.2     85996
2017  6  8 10     30.6    331.2   0.00000000   0.00005648    276.5   99.9      5.5     86068
2017  6  8 11     41.6    331.5   0.00000000   0.00004017    276.7   99.9      5.3     86118
2017  6  8 12     78.2    330.6   0.00000000   0.00003148    276.8   98.8      5.0     86112
2017  6  8 13    171.2    329.7   0.00000000   0.00001475    277.3   98.3      4.5     86153
2017  6  8 14    235.5    327.9   0.00000000   0.00000922    277.6   96.7      3.5     86200
2017  6  8 15    123.8    325.6   0.00000000   0.00000269    277.8   91.7      1.8     86237
2017  6  8 16     84.3    324.9   0.00000000   0.00000213    277.6   93.1      1.7     86263
2017  6  8 17     62.0    327.3   0.00000000   0.00000173    277.3   93.3      0.2     86290
2017  6  8 18     52.2    327.0   0.00000000   0.00000069    277.1   96.7      1.5     86294
2017  6  8 19     24.4    329.1   0.00000000   0.00000023    276.7   98.5      3.0     86318
2017  6  8 20     33.2    318.8   0.00000000   0.00000004    275.9   99.7      3.2     86331
2017  6  8 21      4.6    318.7   0.00000000   0.00000012    275.1   99.6      3.6     86354
2017  6  8 22      0.1    305.9   0.00000000   0.00000008    274.3   99.8      3.3     86381
2017  6  8 23     -0.1    295.0   0.00000000   0.00000024    273.7   99.9      3.5     86375
2017  6  9  0     -0.0    318.3   0.00000000   0.00000007    274.6   97.5      3.7     86376
2017  6  9  1      0.1    318.8   0.00000000   0.00000004    274.8   98.9      4.3     86357
2017  6  9  2      0.0    320.8   0.00000000   0.00000007    274.9   99.8      4.6     86339
2017  6  9  3      2.7    322.9   0.00000000   0.00000056    274.8  100.0      4.6     86330
2017  6  9  4     10.0    323.3   0.00000000   0.00000513    275.0  100.0      5.0     86330
2017  6  9  5     26.8    323.6   0.00000396   0.00005708    275.0   99.8      5.8     86336
2017  6  9  6     54.9    322.6   0.00000568   0.00008791    275.4   98.6      5.8     86338
2017  6  9  7     44.0    325.9   0.00000062   0.00009995    275.9   99.9      6.4     86355
2017  6  9  8     46.9    328.2  -0.00000000   0.00008791    276.1   99.9      6.8     86377
2017  6  9  9     41.4    328.7   0.00000000   0.00010461    276.2  100.0      6.2     86414
2017  6  9 10     48.1    329.8   0.00000001   0.00010677    276.4  100.0      5.7     86440
2017  6  9 11     59.1    330.6  -0.00000002   0.00008885    276.5   99.9      5.1     86460
2017  6  9 12     45.6    334.3   0.00000000   0.00003411    277.2   99.9      3.5     86605
2017  6  9 13     34.8    334.7   0.00000000   0.00002220    277.3   99.9      2.8     86625
2017  6  9 14     29.6    335.4   0.00000000   0.00004365    277.4   99.9      2.7     86651
2017  6  9 15     34.0    336.0   0.00000000   0.00000688    277.6   99.9      2.4     86659
2017  6  9 16     22.6    336.3   0.00000000   0.00000647    277.6   99.9      2.2     86666
2017  6  9 17     17.4    336.4   0.00000000   0.00000743    277.6   99.9      2.0     86676
2017  6  9 18     14.0    336.2   0.00000000   0.00000511    277.7   99.9      2.4     86672
2017  6  9 19     13.7    336.6   0.00000000   0.00000491    277.8   99.9      2.7     86645
2017  6  9 20      5.1    336.7   0.00000000   0.00000361    277.6   99.9      2.5     86646
2017  6  9 21      0.5    336.8   0.00000000   0.00000579    277.6   99.7      3.2     86647
2017  6  9 22     -0.1    335.3   0.00000000   0.00004403    277.7   97.1      2.8     86593
2017  6  9 23      0.1    331.0   0.00000000   0.00005579    277.4   99.8      3.0     86594
2017  6 10  0      0.0    333.2   0.00000000   0.00020228    277.5   96.7      2.3     86581
2017  6 10  1     -0.0    332.1   0.00000000   0.00017631    277.5   95.7      2.9     86527
2017  6 10  2     -0.0    327.2   0.00000000   0.00013195    277.5   95.2      3.0     86465
2017  6 10  3      0.3    329.7   0.00000000   0.00013726    277.6   94.7      4.1     86423
2017  6 10  4      2.1    332.3   0.00000000   0.00007440    277.8   95.4      5.5     86401
2017  6 10  5      3.9    336.0   0.00000000   0.00002439    278.1   96.4      5.7     86435
2017  6 10  6      5.6    338.2   0.00000000   0.00004300    278.2   97.4      3.7     86459
2017  6 10  7     12.9    339.4   0.00000000   0.00001455    278.2   99.9      3.1     86497
2017  6 10  8     42.0    339.5   0.00000000   0.00000506    278.4   99.9      2.1     86541
2017  6 10  9     27.0    340.1   0.00000000   0.00000863    278.3   99.9      2.1     86596
2017  6 10 10     35.3    340.1   0.00000000   0.00000488    278.4   99.9      1.7     86646
2017  6 10 11     25.2    339.6   0.00000000   0.00001323    278.1   99.9      1.2     86700
2017  6 10 12     62.4    335.0   0.00000000   0.00000930    277.4   99.9      3.9     86667
2017  6 10 13     80.8    336.9   0.00000000   0.00000378    277.9   99.9      4.7     86685
2017  6 10 14     62.3    337.7   0.00000000   0.00000546    277.9   99.9      4.8     86709
2017  6 10 15     69.8    338.1   0.00000000   0.00000321    278.0   99.9      4.3     86745
2017  6 10 16     49.8    337.7   0.00000000   0.00000266    277.8   99.9      4.3     86762
2017  6 10 17     47.9    337.2   0.00000000   0.00000173    277.8   99.9      3.7     86772
2017  6 10 18    108.3    336.0   0.00000000   0.00000033    278.2   99.6      3.0     86801
2017  6 10 19    133.7    282.2   0.00000000   0.00000000    277.9   95.2      2.2     86790
2017  6 10 20     79.7    240.2   0.00000000   0.00000000    276.4   95.7      1.3     86789
2017  6 10 21     13.1    242.6   0.00000000   0.00000000    274.7   98.1      1.8     86797
2017  6 10 22      0.1    242.3   0.00000000   0.00000000    274.1  100.0      2.2     86780
2017  6 10 23      0.0    284.3   0.00000000   0.00000019    274.6  100.0      2.1     86763
2017  6 11  0      0.0    323.1   0.00000000   0.00000029    274.9  100.0      2.7     86731
2017  6 11  1     -0.1    322.1   0.00000000   0.00000035    274.7   99.9      4.4     86672
2017  6 11  2     -0.0    320.1   0.00000000   0.00000045    274.5   99.9      4.4     86678
2017  6 11  3      8.3    317.4   0.00000000   0.00000050    274.3  100.0      4.0     86611
2017  6 11  4     47.6    313.6   0.00000000   0.00000068    274.7   99.9      4.8     86582
2017  6 11  5     42.4    323.8   0.00000000   0.00000057    275.3  100.0      4.1     86535
2017  6 11  6     23.2    327.1   0.00000000   0.00000061    275.9  100.0      4.1     86493
2017  6 11  7     28.0    329.4   0.00000000   0.00000325    276.3   99.9      3.7     86439
2017  6 11  8     49.0    331.3   0.00000000   0.00000458    277.0   99.9      3.4     86415
2017  6 11  9     44.1    335.1   0.00000000   0.00001134    277.6   99.6      3.0     86394
2017  6 11 10     52.3    336.9   0.00000000   0.00000997    278.1   98.0      2.7     86363
2017  6 11 11     51.1    337.7   0.00000000   0.00001320    278.3   97.4      2.3     86322
2017  6 11 12     76.5    341.8   0.00000000   0.00000432    279.4   96.4      4.5     86236
2017  6 11 13    471.2    306.9   0.00000000   0.00000334    280.9   95.2      6.3     86175
2017  6 11 14    119.1    336.5   0.00000000   0.00002391    279.5   94.9      3.5     86158
2017  6 11 15    198.6    325.4   0.00000000   0.00000437    279.5   92.5      4.5     86098
2017  6 11 16     20.4    337.6   0.00000000   0.00007043    278.0   99.4      0.9     86063
2017  6 11 17     13.4    336.5   0.00000000   0.00002772    277.6   98.0      2.0     85991
2017  6 11 18     30.0    334.2   0.00000000   0.00001233    278.0   95.7      3.7     85932
2017  6 11 19     27.2    325.5   0.00000000   0.00001146    277.8   94.9      4.0     85855
2017  6 11 20     39.1    302.8   0.00000000   0.00000103    276.9   97.1      1.2     85802
2017  6 11 21      8.3    293.6   0.00000000   0.00000010    276.0   99.6      1.5     85779
2017  6 11 22      0.0    261.2   0.00000000   0.00000018    274.6   99.2      0.7     85724
2017  6 11 23      0.0    280.5   0.00000000  -0.00000000    273.9  100.0      0.9     85666
2017  6 12  0      0.0    305.6   0.00000000   0.00000021    274.2  100.0      1.1     85604
2017  6 12  1      0.0    312.4   0.00000000   0.00000019    274.3  100.0      1.2     85552
2017  6 12  2      0.0    315.0   0.00000000   0.00000030    274.4  100.0      1.6     85501
2017  6 12  3      7.0    300.4   0.00000000   0.00000023    274.1  100.0      1.0     85444
2017  6 12  4     43.5    308.1   0.00000000   0.00000031    274.4   99.9      1.8     85415
2017  6 12  5     93.3    295.1   0.00000000   0.00000345    275.2   98.4      1.5     85366
2017  6 12  6    207.5    272.8   0.00000000   0.00000728    276.8   93.2      2.7     85309
2017  6 12  7    373.7    267.0   0.00000000   0.00000069    277.9   90.0      4.3     85293
2017  6 12  8    369.8    312.0   0.00000000   0.00000013    278.2   89.6      4.3     85296
2017  6 12  9    579.3    276.6   0.00000000  -0.00000003    279.0   86.9      3.8     85310
2017  6 12 10    642.3    277.8   0.00000000   0.00000038    279.4   86.8      4.2     85345
2017  6 12 11    396.0    298.7   0.00000000   0.00000334    278.7   87.6      4.4     85371
2017  6 12 12    197.2    333.2   0.00000000   0.00000194    277.3   99.6      5.6     85432
2017  6 12 13    140.5    333.7   0.00000000   0.00000382    277.2   99.2      6.2     85472
2017  6 12 14    186.6    331.4   0.00000000   0.00000758    277.3   99.9      6.3     85499
2017  6 12 15    114.1    335.2   0.00000000   0.00000538    277.3   99.9      6.8     85521
2017  6 12 16    123.2    335.9   0.00000000   0.00001230    277.3   99.9      7.5     85536
2017  6 12 17     39.1    333.2   0.00000000   0.00001994    276.7   99.9      7.3     85570
2017  6 12 18     48.2    332.3   0.00000000   0.00000235    276.8   99.9      7.5     85616
2017  6 12 19     21.3    331.6   0.00000000   0.00000112    276.6   99.9      7.4     85655
2017  6 12 20      7.2    330.9   0.00000000   0.00000423    276.4  100.0      7.5     85695
2017  6 12 21      1.1    329.8   0.00000000   0.00000457    276.1  100.0      8.2     85733
2017  6 12 22      0.0    328.3   0.00000000   0.00000188    275.7   99.9      8.6     85795
2017  6 12 23     -0.0    326.6   0.00000000   0.00000187    275.4  100.0      8.7     85852
2017  6 13  0     -0.1    325.0   0.00000000   0.00000211    275.0  100.0      8.6     85912
2017  6 13  1      0.0    322.9   0.00000000   0.00000160    274.6   99.9      8.3     85953
2017  6 13  2      0.2    321.7   0.00000000   0.00000175    274.5   99.9      8.3     85990
2017  6 13  3      2.0    321.2   0.00000000   0.00000195    274.4   99.9      8.1     86018
2017  6 13  4     12.2    321.4   0.00000000   0.00000259    274.4  100.0      8.2     86067
2017  6 13  5     31.1    321.1   0.00000000   0.00000178    274.4   99.9      7.8     86118
2017  6 13  6     41.3    322.0   0.00000000   0.00000371    274.6   99.9      7.1     86166
2017  6 13  7     55.1    323.2   0.00000000   0.00000443    274.9   99.9      7.1     86205
2017  6 13  8     95.0    324.9   0.00000000   0.00000352    275.3  100.0      7.2     86246
2017  6 13  9    156.3    325.9   0.00000000   0.00000219    275.6  100.0      7.0     86306
2017  6 13 10    181.2    327.4   0.00000000   0.00000211    275.9  100.0      6.3     86364
2017  6 13 11    233.3    330.1   0.00000000   0.00000157    276.4   99.8      6.2     86437
2017  6 13 12    149.6    331.8   0.00000000   0.00000263    276.6   99.9      5.8     86527
2017  6 13 13     94.1    332.0   0.00000000   0.00000543    276.5  100.0      5.2     86580
2017  6 13 14    105.1    332.4   0.00000000   0.00000518    276.6   99.9      5.0     86622
2017  6 13 15    253.4    333.1   0.00000000   0.00000127    277.3   99.8      5.0     86665
2017  6 13 16    136.2    333.1   0.00000000   0.00000081    277.2   99.8      5.1     86699
2017  6 13 17    161.6    332.0   0.00000000   0.00000076    277.3   99.8      5.0     86719
2017  6 13 18     89.9    330.8   0.00000000   0.00000090    277.1   99.4      4.6     86724
2017  6 13 19     46.3    332.0   0.00000000   0.00000097    276.9   99.9      4.8     86742
2017  6 13 20     10.5    331.8   0.00000000   0.00000273    276.5  100.0      4.2     86783
2017  6 13 21      2.0    329.9   0.00000000   0.00000200    276.1  100.0      4.4     86842
2017  6 13 22      0.0    328.7   0.00000000   0.00000274    275.8   99.9      3.4     86876
2017  6 13 23      0.0    326.5   0.00000000   0.00000104    275.4  100.0      3.1     86899
2017  6 14  0     -0.1    324.4   0.00000000   0.00000035    275.1  100.0      2.9     86917
2017  6 14  1      0.1    324.2   0.00000000   0.00000080    275.0  100.0      2.7     86934
2017  6 14  2     -0.1    323.7   0.00000000   0.00000057    274.9  100.0      2.6     86946
2017  6 14  3      5.3    323.0   0.00000000   0.00000057    274.9   99.9      2.8     86946
2017  6 14  4     48.8    302.5   0.00000000   0.00000006    275.1   96.8      3.4     86948
2017  6 14  5    113.3    297.2   0.00000000   0.00000000    275.6   96.2      4.2     86952
2017  6 14  6    171.6    310.3   0.00000000   0.00000006    276.1   96.5      4.6     86970
2017  6 14  7    266.7    309.5   0.00000000   0.00000006    276.6   94.4      4.4     86992
2017  6 14  8    426.6    289.5   0.00000000   0.00000000    277.4   91.6      4.5     87011
2017  6 14  9    500.4    281.5   0.00000000   0.00000040    277.9   90.7      4.6     87046
2017  6 14 10    408.7    312.1   0.00000000   0.00000052    278.4   90.2      4.3     87067
2017  6 14 11    404.6    319.0   0.00000000   0.00000033    278.7   92.0      4.8     87089
2017  6 14 12    519.7    319.9   0.00000000   0.00000016    278.9   90.8      4.1     87081
2017  6 14 13    482.5    322.7   0.00000000   0.00000018    279.3   89.3      4.2     87079
2017  6 14 14    524.9    310.4   0.00000000   0.00000016    279.7   88.5      5.2     87087
2017  6 14 15    543.5    291.1   0.00000000   0.00000006    279.6   86.6      5.2     87090
2017  6 14 16    468.4    282.8   0.00000000   0.00000002    279.7   88.2      4.8     87070
2017  6 14 17    426.3    255.4   0.00000000   0.00000001    279.9   87.3      4.6     87064
2017  6 14 18    299.8    253.2   0.00000000   0.00000000    279.7   87.3      4.0     87075
2017  6 14 19    178.4    252.2   0.00000000   0.00000000    279.1   89.4      2.6     87078
2017  6 14 20     78.5    251.2   0.00000000   0.00000000    277.8   92.1      2.3     87063
2017  6 14 21     13.6    254.1   0.00000000   0.00000000    276.2   95.6      2.3     87064
2017  6 14 22      0.1    251.4   0.00000000   0.00000000    275.0   96.7      2.6     87058
2017  6 14 23      0.0    255.5   0.00000000   0.00000000    274.8   96.1      2.5     87052
2017  6 15  0     -0.1    255.1   0.00000000   0.00000000    274.7   96.0      2.4     87035
2017  6 15  1     -0.0    263.3   0.00000000   0.00000000    274.8   95.7      2.3     87016
2017  6 15  2      0.2    265.7   0.00000000   0.00000000    275.0   93.3      1.7     87008
2017  6 15  3     12.9    256.8   0.00000000   0.00000000    275.0   92.7      1.8     86999
2017  6 15  4     65.1    263.2   0.00000000   0.00000000    275.8   90.5      2.1     86962
2017  6 15  5    127.2    274.1   0.00000000   0.00000000    277.0   89.4      2.0     86944
2017  6 15  6     76.0    310.9   0.00000000   0.00000010    277.4   93.0      2.8     86936
2017  6 15  7    105.4    317.2   0.00000000   0.00000160    278.2   93.2      2.1     86902
2017  6 15  8    221.7    311.8   0.00000000   0.00000307    279.6   89.2      2.3     86896
2017  6 15  9    193.0    329.0   0.00000000   0.00000106    280.1   87.8      2.7     86892
2017  6 15 10    112.9    329.7   0.00000000   0.00000240    280.0   91.9      3.4     86886
2017  6 15 11    674.1    285.0   0.00000000   0.00000054    282.9   84.7      3.5     86866
2017  6 15 12    154.2    335.4   0.00000000   0.00000120    281.5   88.7      1.0     86864
2017  6 15 13    477.5    312.9   0.00000000   0.00000040    283.2   85.2      2.1     86809
2017  6 15 14     93.3    339.7   0.00000000   0.00000329    282.8   88.3      2.1     86771
2017  6 15 15    383.2    314.1   0.00000000   0.00000334    284.1   80.7      4.0     86688
2017  6 15 16    448.8    293.9   0.00000000   0.00000118    284.6   78.2      5.5     86634
2017  6 15 17    352.7    296.2   0.00000000   0.00000551    283.7   83.5      4.4     86604
2017  6 15 18    206.6    301.6   0.00000000   0.00000011    283.1   83.2      3.9     86544
2017  6 15 19     93.3    308.9   0.00000000   0.00000005    282.0   87.4      3.4     86490
2017  6 15 20     28.1    317.5   0.00000000   0.00001263    280.9   93.9      3.0     86484
2017  6 15 21     12.2    275.1   0.00000000   0.00000004    279.2   94.3      3.1     86449
2017  6 15 22     -0.1    259.3   0.00000000   0.00000000    277.8   95.4      3.1     86410
2017  6 15 23     -0.1    267.3   0.00000000   0.00000074    277.1   97.3      3.0     86360
2017  6 16  0      0.2    318.9   0.00000000   0.00003305    277.2   98.0      2.2     86341
2017  6 16  1     -0.2    319.9   0.00000000   0.00003647    277.1   99.9      2.7     86306
2017  6 16  2      0.0    335.3   0.00000000   0.00000814    277.2   99.8      2.4     86289
2017  6 16  3      2.1    333.9   0.00000000   0.00000629    277.2   99.1      1.7     86267
2017  6 16  4      8.5    333.3   0.00000000   0.00001673    277.3   98.8      2.0     86274
2017  6 16  5     10.1    335.6   0.00000000   0.00003787    277.4   98.9      2.5     86276
2017  6 16  6     47.0    334.1   0.00000000   0.00001908    277.9   98.7      2.2     86286
2017  6 16  7     56.0    334.7   0.00000000   0.00000687    278.3   97.7      1.5     86309
2017  6 16  8    111.3    336.6   0.00000000   0.00000173    278.9   96.9      0.8     86358
2017  6 16  9    133.9    338.0   0.00000000   0.00000068    279.3   95.6      0.4     86390
2017  6 16 10    350.8    338.6   0.00000000   0.00000030    280.9   89.4      2.9     86430
2017  6 16 11    303.7    338.4   0.00000000   0.00000143    280.0   98.7      4.5     86494
2017  6 16 12     76.8    339.5   0.00000000   0.00000505    278.0   99.9      3.8     86576
2017  6 16 13     59.5    338.9   0.00000000   0.00000651    277.9   99.9      5.2     86628
2017  6 16 14    101.5    338.8   0.00000000   0.00000418    278.0   99.9      5.7     86684
2017  6 16 15    292.5    331.5   0.00000000   0.00000048    278.9   93.8      7.4     86698
2017  6 16 16    363.0    301.9   0.00000000   0.00000071    279.0   94.2      7.6     86729
2017  6 16 17    292.1    299.6   0.00000000   0.00000069    278.7   93.3      7.7     86763
2017  6 16 18    249.8    276.8   0.00000000   0.00000038    278.2   94.0      7.7     86795
2017  6 16 19     42.5    330.6   0.00000000   0.00000048    277.3   99.1      7.6     86858
2017  6 16 20     22.4    327.9   0.00000000   0.00000001    277.0   95.9      6.7     86903
2017  6 16 21      7.3    320.1   0.00000000   0.00000000    276.5   96.8      6.2     86953
2017  6 16 22      0.1    320.0   0.00000000   0.00000000    275.8   99.3      5.7     87008
2017  6 16 23      0.0    316.2   0.00000000   0.00000006    275.3   99.4      4.9     87033
2017  6 17  0     -0.1    295.5   0.00000000   0.00000000    274.6   98.9      4.6     87038
2017  6 17  1      0.0    239.3   0.00000000   0.00000000    273.9   98.6      4.9     87058
2017  6 17  2      0.0    230.4   0.00000000   0.00000001    273.6   98.4      5.5     87086
2017  6 17  3     15.8    229.4   0.00000000   0.00000000    273.6   98.4      5.5     87104
2017  6 17  4     82.6    230.9   0.00000000  -0.00000002    273.8   96.9      4.9     87109
2017  6 17  5    185.7    234.2   0.00000000   0.00000002    275.4   90.5      5.1     87140
2017  6 17  6    310.4    238.2   0.00000000   0.00000000    277.1   86.9      5.1     87184
2017  6 17  7    416.3    249.2   0.00000000   0.00000001    278.5   81.1      5.6     87220
2017  6 17  8    422.4    273.6   0.00000000  -0.00000001    279.1   80.6      5.7     87259
2017  6 17  9    533.2    275.8   0.00000000  -0.00000003    280.0   79.2      5.9     87298
2017  6 17 10    650.4    274.4   0.00000000   0.00000003    281.2   76.4      5.9     87306
2017  6 17 11    708.2    277.7   0.00000000  -0.00000000    282.1   79.1      6.7     87332
2017  6 17 12    761.4    284.7   0.00000000   0.00000000    282.9   79.3      7.4     87321
2017  6 17 13    754.6    286.6   0.00000000   0.00000000    283.0   82.7      5.9     87370
2017  6 17 14    611.0    299.9   0.00000000   0.00000004    282.6   85.4      4.4     87375
2017  6 17 15    349.7    325.3   0.00000000   0.00000103    281.9   87.6      4.9     87343
2017  6 17 16     65.0    346.3   0.00000000   0.00000158    280.1   97.7      4.2     87326
2017  6 17 17     22.7    345.5   0.00000000   0.00000787    279.3   99.8      4.4     87315
2017  6 17 18     12.0    343.8   0.00000000   0.00000589    278.9   99.9      5.3     87280
2017  6 17 19      5.0    342.2   0.00000000   0.00001051    278.8   99.9      5.9     87269
2017  6 17 20      2.1    342.3   0.00000000   0.00001690    278.9   99.9      5.9     87271
2017  6 17 21      0.3    342.7   0.00000000   0.00003006    278.9   99.9      6.5     87290
2017  6 17 22     -0.1    342.8   0.00000000   0.00004439    278.9   99.9      5.9     87282
2017  6 17 23      0.0    342.9   0.00000000   0.00004067    279.0   99.9      6.6     87250
2017  6 18  0      0.0    343.0   0.00000000   0.00006740    279.1   99.9      8.1     87208
2017  6 18  1      0.0    343.8   0.00000000   0.00003693    279.2   99.9     10.0     87154
2017  6 18  2      0.0    344.0   0.00000000   0.00002010    279.1   99.9     10.8     87116
2017  6 18  3      0.4    343.3   0.00000000   0.00001677    278.9   99.9     12.0     87081
2017  6 18  4      4.7    341.9   0.00000000   0.00000595    278.5   99.9     12.9     87066
2017  6 18  5      9.1    339.1   0.00000000   0.00000951    277.9   99.9     11.0     87056
2017  6 18  6     50.9    337.8   0.00000000   0.00000395    277.8   99.9     13.7     87079
2017  6 18  7     89.3    334.8   0.00000000   0.00000126    277.8   98.6     13.3     87104
2017  6 18  8    142.3    332.3   0.00000000   0.00000269    278.0   99.9     11.0     87128
2017  6 18  9     67.2    339.3   0.00000000   0.00000527    278.2   99.9     10.0     87145
2017  6 18 10     20.5    339.1   0.00000000   0.00004473    278.1   99.9      6.9     87158
2017  6 18 11     18.1    339.6   0.00000000   0.00003912    278.5   99.9      8.1     87173
2017  6 18 12     49.7    342.1   0.00000000   0.00000928    278.9   99.9     11.3     87128
2017  6 18 13     67.6    341.4   0.00000000   0.00000515    278.6   99.9     11.8     87103
2017  6 18 14     50.9    340.3   0.00000000   0.00003112    278.3   99.9     11.7     87098
2017  6 18 15     49.3    338.9   0.00000000   0.00007268    277.9   99.9     11.8     87106
2017  6 18 16     45.8    336.7   0.00000000   0.00009947    277.5   99.9     11.0     87121
2017  6 18 17     46.1    333.9   0.00000000   0.00007281    276.9   99.4     11.1     87138
2017  6 18 18    105.9    326.9   0.00000000   0.00003602    276.6   99.9     10.4     87177
2017  6 18 19     17.2    330.7   0.00000000   0.00001569    276.4  100.0      8.5     87177
2017  6 18 20      4.2    330.2   0.00000000   0.00001165    276.2   99.9      9.4     87138
2017  6 18 21      1.0    329.3   0.00000000   0.00000932    276.1  100.0     11.3     87111
2017  6 18 22      0.0    328.9   0.00000000   0.00000354    276.0  100.0     12.5     87100
2017  6 18 23      0.0    328.6   0.00000000   0.00000502    275.9  100.0     12.6     87101
2017  6 19  0     -0.1    328.3   0.00000000   0.00000949    275.9  100.0     13.0     87068
2017  6 19  1      0.3    327.8   0.00000000   0.00001261    275.6  100.0     13.9     87024
2017  6 19  2     -0.2    326.3   0.00000000   0.00003909    275.4  100.0     13.0     87022
2017  6 19  3      1.8    325.5   0.00000000   0.00002963    275.2   99.9     12.2     87021
2017  6 19  4      8.8    324.7   0.00000000   0.00002112    275.1  100.0     11.7     87034
2017  6 19  5     20.0    325.0   0.00000000   0.00001387    275.3  100.0     11.6     87045
2017  6 19  6     38.8    325.7   0.00000000   0.00001196    275.4  100.0     11.2     87047
2017  6 19  7     74.0    326.3   0.00000000   0.00000677    275.6  100.0     10.2     87067
2017  6 19  8    143.3    326.5   0.00000000   0.00000234    275.9   99.7      9.1     87112
2017  6 19  9    278.4    320.6   0.00000000   0.00000070    276.5   98.0      8.1     87129
2017  6 19 10    359.2    315.6   0.00000000   0.00000078    277.2   95.4      8.0     87126
2017  6 19 11    233.3    325.4   0.00000000   0.00000223    276.9   97.1      8.3     87120
2017  6 19 12    422.0    320.8   0.00000000   0.00002071    277.6   96.7      7.5     87077
2017  6 19 13    390.4    325.6   0.00000000   0.00001516    277.4   98.5      7.4     86996
2017  6 19 14    366.2    325.2   0.00000000   0.00002284    277.4   98.2      6.8     86886
2017  6 19 15    132.4    328.5   0.00000039   0.00006114    275.8  100.0      7.5     86882
2017  6 19 16     56.9    321.9   0.00001963   0.00011588    274.5   99.5      6.2     86812
2017  6 19 17     58.6    306.5   0.00009295   0.00006574    274.3   95.3      5.3     86787
2017  6 19 18    204.7    263.3   0.00001493   0.00002865    274.9   95.6      6.3     86707
2017  6 19 19    128.8    289.7   0.00000033   0.00000690    274.7   99.5      8.0     86643
2017  6 19 20     40.4    316.6  -0.00000001   0.00000135    274.6  100.0     10.3     86616
2017  6 19 21      6.0    321.3   0.00000001   0.00000177    274.4   99.9      9.6     86632
2017  6 19 22      0.2    321.0   0.00000002   0.00000490    274.4   99.9      9.7     86609
2017  6 19 23      0.0    321.1  -0.00000001   0.00000468    274.4   99.9     10.9     86569
2017  6 20  0     -0.1    315.1   0.00000262   0.00003287    274.1   99.9      9.9     86552
2017  6 20  1      0.0    314.1   0.00000168   0.00001861    274.0   99.8     12.3     86550
2017  6 20  2      0.1    318.1   0.00000007   0.00000275    274.0   99.6     12.7     86502
2017  6 20  3     14.3    270.4   0.00000314   0.00001892    273.9   98.9     11.1     86447
2017  6 20  4     56.4    269.4   0.00000524   0.00002031    274.1   95.6     13.4     86459
2017  6 20  5     72.8    299.2   0.00001658   0.00000650    273.0   97.7     14.2     86476
2017  6 20  6     84.0    310.3   0.00000265   0.00000086    272.8   99.8     12.8     86531
2017  6 20  7     85.0    311.1   0.00000687   0.00000153    273.5   96.5     11.7     86531
2017  6 20  8    112.7    312.5   0.00000961   0.00000144    273.5   97.1     12.0     86556
2017  6 20  9    115.6    312.3   0.00001233   0.00000166    273.6   94.7     12.2     86598
2017  6 20 10    148.8    311.3   0.00000645   0.00000188    273.7   94.5     12.2     86632
2017  6 20 11    215.3    308.9   0.00000286   0.00000195    274.2   92.8     11.5     86655
2017  6 20 12    125.4    318.4   0.00000864   0.00003457    274.5   97.5     10.3     86765
2017  6 20 13    205.9    315.7   0.00000129   0.00000885    274.8   97.1     10.2     86764
2017  6 20 14    135.8    315.6   0.00000229   0.00001781    274.7   99.0     10.5     86792
2017  6 20 15    150.0    315.4   0.00000368   0.00002871    274.5   99.9     11.2     86808
2017  6 20 16    144.0    316.2   0.00000120   0.00000771    274.5   97.6     10.8     86806
2017  6 20 17     87.7    313.8   0.00000075   0.00000509    274.3   95.4     12.1     86798
2017  6 20 18     79.0    311.2   0.00000069   0.00000292    274.0   95.6     12.9     86796
2017  6 20 19     65.8    305.6   0.00000051   0.00000141    273.8   95.0     12.9     86808
2017  6 20 20     38.3    303.1   0.00000047   0.00000016    273.2   97.6     12.6     86821
2017  6 20 21      5.4    310.6   0.00000072   0.00000043    272.9  100.0     11.7     86848
2017  6 20 22     -0.2    312.0   0.00000076   0.00000076    272.7  100.0     10.6     86880
2017  6 20 23      0.2    312.7   0.00000077   0.00000047    272.9  100.0     10.1     86897
2017  6 21  0     -0.1    313.4   0.00000105   0.00000070    272.8  100.0      9.4     86910
2017  6 21  1      0.1    313.4   0.00000114   0.00000060    272.9  100.0      8.9     86920
2017  6 21  2     -0.1    311.3   0.00000049   0.00000035    272.9   97.7      7.8     86899
2017  6 21  3      4.8    310.0   0.00000019   0.00000013    272.9   97.8      6.0     86929
2017  6 21  4     17.7    311.7   0.00000044   0.00000045    272.9   98.8      6.0     86966
2017  6 21  5     35.2    311.5   0.00000056   0.00000033    272.8   99.5      7.2     86987
2017  6 21  6     64.3    312.2   0.00000081   0.00000061    273.1   98.0      7.4     87003
2017  6 21  7    129.0    311.2   0.00000058   0.00000049    273.4   95.1      6.9     87010
2017  6 21  8    271.0    305.5   0.00000021   0.00000021    274.1   92.7      6.3     87020
2017  6 21  9    344.8    306.0   0.00000018   0.00000047    274.7   91.5      6.4     87026
2017  6 21 10    557.5    292.2   0.00000000   0.00000021    275.8   88.6      6.0     87018
2017  6 21 11    654.8    293.1  -0.00000002   0.00000015    276.8   87.0      5.8     86989
2017  6 21 12    788.8    257.8  -0.00000000   0.00000002    277.4   87.8      6.9     86946
2017  6 21 13    721.9    275.8  -0.00000000   0.00000004    277.8   87.8      6.4     86910
2017  6 21 14    632.1    293.5  -0.00000000   0.00000003    278.5   85.7      5.3     86884
2017  6 21 15    584.7    282.8   0.00000000   0.00000005    278.7   86.0      5.2     86880
2017  6 21 16    559.5    249.7  -0.00000001   0.00000000    278.8   86.4      5.1     86831
2017  6 21 17    442.8    246.7   0.00000001   0.00000001    278.6   86.4      4.7     86800
2017  6 21 18    311.7    246.4  -0.00000000  -0.00000001    278.4   87.0      4.3     86777
2017  6 21 19    177.3    250.7   0.00000001   0.00000001    277.6   92.6      3.3     86760
2017  6 21 20     82.4    248.9   0.00000000   0.00000000    276.3   94.7      2.8     86734
2017  6 21 21     13.7    267.7   0.00000000   0.00000000    275.4   96.2      2.7     86697
2017  6 21 22      0.2    265.1  -0.00000001   0.00000000    274.6   99.1      3.1     86658
2017  6 21 23     -0.0    259.7   0.00000001  -0.00000000    274.1   99.0      3.0     86612
2017  6 22  0     -0.1    263.6  -0.00000001   0.00000000    274.5   95.1      2.4     86588
2017  6 22  1      0.1    289.1   0.00000001   0.00000000    274.8   91.4      1.6     86568
2017  6 22  2     -0.0    309.4   0.00000000   0.00001801    274.3   95.3      0.7     86559
2017  6 22  3      2.2    312.4  -0.00000000   0.00005638    274.7   95.2      1.3     86537
2017  6 22  4      8.5    320.2   0.00000000   0.00005036    275.2   95.3      2.2     86492
2017  6 22  5     22.2    319.2   0.00000000   0.00003895    275.6   95.3      2.3     86429
2017  6 22  6    109.7    313.0   0.00000000   0.00000185    276.5   95.2      1.9     86400
2017  6 22  7    239.2    308.5  -0.00000001   0.00000000    277.9   93.1      3.3     86391
2017  6 22  8    183.9    326.5  -0.00000000   0.00000003    278.5   92.4      3.8     86380
2017  6 22  9    551.1    292.1  -0.00000000   0.00000000    280.7   87.9      4.0     86337
2017  6 22 10    698.1    280.1  -0.00000000   0.00000006    282.3   84.4      3.9     86311
2017  6 22 11    503.4    311.0   0.00000001   0.00000057    282.7   82.1      2.1     86298
2017  6 22 12    190.8    337.5   0.00000000   0.00000245    280.0   91.8      3.0     86328
2017  6 22 13    102.8    340.5   0.00000000   0.00000087    280.3   92.0      2.6     86319
2017  6 22 14     91.5    343.1   0.00000000   0.00000000    280.3   94.4      2.7     86298
2017  6 22 15    328.4    319.8   0.00000000   0.00000000    281.6   92.3      1.6     86287
2017  6 22 16    203.5    328.9   0.00000000   0.00000004    281.2   93.8      2.5     86275
2017  6 22 17    146.4    341.8   0.00000000   0.00000004    280.3   97.2      2.0     86285
2017  6 22 18    113.1    341.1   0.00000000   0.00000000    280.0   99.0      1.7     86284
2017  6 22 19     99.3    328.8   0.00000000   0.00000004    279.9   99.3      0.8     86274
2017  6 22 20     67.0    285.0   0.00000000   0.00000000    279.3   96.8      0.5     86272
2017  6 22 21     16.4    271.2   0.00000000   0.00000002    278.4   96.5      0.6     86262
2017  6 22 22     -0.0    315.8   0.00000000   0.00000003    276.9   99.9      2.1     86240
2017  6 22 23     -0.1    332.4   0.00000000   0.00000009    277.0   99.9      2.1     86233
2017  6 23  0     -0.0    333.2   0.00000000   0.00000070    277.2   99.9      2.3     86231
2017  6 23  1      0.1    327.0   0.00000000   0.00000057    277.3   99.9      2.1     86225
2017  6 23  2     -0.0    302.3   0.00000000   0.00000032    276.6   99.9      1.9     86226
2017  6 23  3      8.0    321.3   0.00000000   0.00000043    276.7   99.9      2.1     86184
2017  6 23  4     42.0    326.7   0.00000000   0.00000040    277.3   99.9      2.4     86147
2017  6 23  5     78.6    316.7   0.00000000   0.00000010    277.8   98.6      3.4     86145
2017  6 23  6     78.2    326.9   0.00000000   0.00000001    278.3   99.5      2.5     86140
2017  6 23  7    119.3    327.9   0.00000000   0.00000049    278.9   98.8      3.1     86133
2017  6 23  8    127.8    332.4   0.00000000   0.00000469    279.4   98.0      1.3     86109
2017  6 23  9     69.7    327.9   0.00000000   0.00002853    279.4   97.4      0.9     86079
2017  6 23 10     46.9    330.4   0.00000000   0.00003781    279.4   96.8      1.1     86077
2017  6 23 11     34.1    340.1   0.00000000   0.00004113    278.8   97.8      2.8     86066
2017  6 23 12     51.8    331.5   0.00000000   0.00005171    279.6   97.1      1.7     86028
2017  6 23 13     64.5    335.2   0.00000000   0.00003849    279.6   91.2      2.2     86006
2017  6 23 14    137.3    334.8   0.00000000   0.00000582    278.9   96.9      2.3     85975
2017  6 23 15    352.3    308.2   0.00000000   0.00000060    279.9   93.2      2.4     85943
2017  6 23 16     72.0    337.8   0.00000000   0.00000166    279.2   95.6      1.7     85918
2017  6 23 17     33.7    339.0   0.00000000   0.00000168    278.7   98.2      1.7     85886
2017  6 23 18     21.4    338.6   0.00000000   0.00000311    278.4   98.8      1.1     85845
2017  6 23 19     14.9    337.4   0.00000000   0.00000579    278.2   98.7      0.3     85838
2017  6 23 20      5.3    336.8   0.00000000   0.00000476    277.9   99.6      0.3     85819
2017  6 23 21      0.9    336.8   0.00000000   0.00000171    277.7   99.9      2.0     85784
2017  6 23 22      0.1    336.5   0.00000000   0.00000340    277.6   99.9      3.4     85768
2017  6 23 23      0.0    336.1   0.00000000   0.00000506    277.2   99.9      6.5     85765
2017  6 24  0     -0.0    331.5   0.00000000   0.00000269    276.3  100.0      5.8     85760
2017  6 24  1     -0.0    328.9   0.00000000   0.00000670    275.8  100.0      6.4     85739
2017  6 24  2     -0.1    326.3   0.00000000   0.00000807    275.4   99.9      6.8     85704
2017  6 24  3      1.6    323.9   0.00000000   0.00000915    274.7  100.0      6.7     85673
2017  6 24  4     14.8    320.6   0.00000000   0.00000204    274.7   99.8      7.0     85664
2017  6 24  5     42.8    319.6   0.00000000   0.00000160    274.6   99.1      7.7     85638
2017  6 24  6    116.3    316.0   0.00000000   0.00000100    274.7   95.8      8.5     85612
2017  6 24  7    256.2    300.7   0.00000001   0.00000075    275.1   92.4      8.8     85595
2017  6 24  8    556.6    230.7   0.00000000   0.00000009    275.8   89.9      7.9     85580
2017  6 24  9    678.8    229.8   0.00000000  -0.00000001    277.1   85.6      6.3     85539
2017  6 24 10    767.3    232.7  -0.00000000   0.00000000    278.0   83.3      6.2     85540
2017  6 24 11    593.0    270.1  -0.00000000   0.00000108    277.8   83.0      4.6     85551
2017  6 24 12    632.8    283.6   0.00000000   0.00000051    277.7   88.2      5.6     85534
2017  6 24 13    436.2    297.8   0.00000000   0.00000296    278.1   85.3      5.8     85526
2017  6 24 14    531.5    275.3   0.00000004   0.00000901    277.5   91.6      7.0     85516
2017  6 24 15    441.8    286.6   0.00000023   0.00000864    276.0   99.1      5.8     85498
2017  6 24 16    366.7    281.3   0.00000050   0.00001192    276.7   94.8      6.8     85458
2017  6 24 17    386.9    258.6   0.00000002   0.00000460    276.4   92.7      7.2     85474
2017  6 24 18    244.8    259.2   0.00000141   0.00002030    275.7   92.2      5.4     85472
2017  6 24 19    147.6    250.1   0.00000034   0.00000402    274.9   94.7      4.6     85459
2017  6 24 20     28.3    307.0   0.00000077   0.00000944    274.5   97.5      2.3     85428
2017  6 24 21     17.7    227.3   0.00000009   0.00000095    273.4   95.5      2.0     85400
2017  6 24 22     -0.1    223.5   0.00000006   0.00000001    272.7   97.1      1.9     85350
2017  6 24 23     -0.1    243.4   0.00000237   0.00000000    272.7   96.6      2.7     85313
2017  6 25  0     -0.1    266.0   0.00001162  -0.00000000    273.0   93.8      3.0     85267
2017  6 25  1      0.1    227.1   0.00000134   0.00000000    272.8   95.3      2.9     85211
2017  6 25  2     -0.0    247.3   0.00000740   0.00000000    272.9   95.5      3.0     85135
2017  6 25  3      3.5    261.0   0.00001147  -0.00000002    273.3   93.6      2.6     85124
2017  6 25  4     12.6    299.2   0.00003123   0.00000014    273.9   92.2      2.3     85084
2017  6 25  5    174.5    233.8   0.00000184   0.00000053    274.2   93.3      2.6     85040
2017  6 25  6    183.3    279.4   0.00000069   0.00000133    275.0   90.8      1.2     85025
2017  6 25  7    284.6    268.9   0.00000457   0.00001219    276.0   86.0      3.5     85005
2017  6 25  8    368.6    275.9   0.00000043   0.00000613    276.4   85.1      5.4     84980
2017  6 25  9    396.4    284.0   0.00000079   0.00001148    276.6   87.7      4.5     84975
2017  6 25 10    432.3    287.3   0.00000195   0.00002170    276.4   92.3      4.4     84978
2017  6 25 11    195.4    308.2   0.00000297   0.00004141    276.3   93.2      3.7     84968
2017  6 25 12    273.7    312.2   0.00000014   0.00002029    276.4   93.6      3.5     84896
2017  6 25 13    386.2    296.6   0.00000003   0.00000703    277.2   85.1      1.9     84895
2017  6 25 14    102.6    316.6   0.00000074   0.00003435    276.4   89.9      1.9     84898
2017  6 25 15    323.8    303.9   0.00000008   0.00000586    277.1   86.0      1.0     84908
2017  6 25 16    221.1    299.5   0.00000006   0.00001171    276.9   85.8      0.6     84900
2017  6 25 17    120.4    312.0   0.00000060   0.00002728    276.1   92.9      2.2     84928
2017  6 25 18    158.2    287.8   0.00000015   0.00001207    275.6   95.2      3.2     84946
2017  6 25 19    107.3    294.1   0.00000012   0.00000738    275.0   97.0      4.0     84991
2017  6 25 20     46.9    298.6   0.00000004   0.00000287    274.5   97.2      4.1     85022
2017  6 25 21     11.4    283.9   0.00000000   0.00000012    274.3   95.8      4.2     85070
2017  6 25 22     -0.0    310.4   0.00000002   0.00000017    274.5   98.7      4.6     85124
2017  6 25 23     -0.0    306.7  -0.00000002   0.00000033    274.6   98.8      5.3     85170
2017  6 26  0     -0.0    316.1   0.00000000   0.00000061    274.5   99.9      5.3     85215
2017  6 26  1      0.1    319.9   0.00000000   0.00000071    274.3  100.0      5.8     85250
2017  6 26  2     -0.2    317.9   0.00000004   0.00000065    273.6   99.8      7.2     85282
2017  6 26  3      2.8    316.9   0.00000032   0.00000191    273.8   99.9      7.9     85308
2017  6 26  4     16.8    317.9   0.00000125   0.00000710    274.0   99.8      8.5     85328
2017  6 26  5     36.4    316.0   0.00000310   0.00001280    274.1   99.0      7.9     85374
2017  6 26  6     64.7    315.4   0.00000351   0.00001370    274.2   98.7      7.8     85426
2017  6 26  7     87.5    313.7   0.00000323   0.00001120    274.2   97.5      7.4     85478
2017  6 26  8    105.7    313.9   0.00000235   0.00000831    274.4   95.4      7.1     85541
2017  6 26  9    115.6    315.4   0.00000306   0.00000728    274.5   93.1      8.6     85623
2017  6 26 10    580.4    269.3   0.00000030   0.00000146    275.4   90.0      9.0     85692
2017  6 26 11    568.8    277.6   0.00000039   0.00000166    275.6   88.8      9.2     85742
2017  6 26 12    405.4    305.2   0.00000025   0.00000457    275.5   93.4      9.1     85806
2017  6 26 13    596.2    286.9   0.00000009   0.00000314    276.0   93.1      9.3     85828
2017  6 26 14    453.8    296.3   0.00000031   0.00000407    276.1   90.4      8.2     85867
2017  6 26 15    160.5    311.9   0.00000231   0.00001394    275.4   93.4      6.7     85911
2017  6 26 16     56.1    316.4   0.00000491   0.00002300    275.0   95.6      6.1     85965
2017  6 26 17    145.7    299.1   0.00000569   0.00002005    275.3   92.8      5.4     86009
2017  6 26 18     56.1    311.7   0.00000771   0.00001936    274.6   89.4      7.0     86035
2017  6 26 19    194.5    223.6   0.00000003   0.00000017    274.2   89.1      6.0     86082
2017  6 26 20     89.4    218.9   0.00000005   0.00000001    273.2   90.9      5.3     86112
2017  6 26 21     18.0    216.0   0.00000006  -0.00000002    272.6   91.2      5.0     86156
2017  6 26 22      0.1    214.5   0.00000008   0.00000003    272.1   93.2      3.9     86215
2017  6 26 23     -0.0    212.6   0.00000002  -0.00000001    271.6   94.6      3.4     86262
2017  6 27  0      0.0    210.6   0.00000002  -0.00000001    271.3   93.9      3.2     86298
2017  6 27  1      0.1    209.6   0.00000003   0.00000001    270.9   94.3      3.1     86321
2017  6 27  2     -0.2    208.6  -0.00000003   0.00000001    270.5   95.3      3.6     86338
2017  6 27  3     14.5    207.8   0.00000002  -0.00000001    270.4   94.2      3.8     86368
2017  6 27  4     82.0    208.8   0.00000001  -0.00000003    271.0   92.0      3.4     86407
2017  6 27  5    185.6    211.5  -0.00000004  -0.00000000    271.9   88.6      3.2     86452
2017  6 27  6    311.5    214.1   0.00000002   0.00000005    272.9   84.6      3.3     86488
2017  6 27  7    444.3    216.5  -0.00000001  -0.00000002    274.0   79.9      3.5     86524
2017  6 27  8    572.9    219.1  -0.00000000   0.00000002    275.1   75.5      3.9     86561
2017  6 27  9    685.6    221.5   0.00000002  -0.00000005    276.2   74.8      4.4     86576
2017  6 27 10    774.2    224.5  -0.00000003   0.00000000    277.1   74.9      4.1     86611
2017  6 27 11    829.3    228.6  -0.00000001   0.00000004    278.0   74.2      3.8     86645
2017  6 27 12    847.7    234.6   0.00000000   0.00000000    279.3   72.9      2.5     86611
2017  6 27 13    830.1    236.9   0.00000000   0.00000000    279.9   70.8      2.2     86613
2017  6 27 14    775.5    239.3   0.00000000   0.00000000    280.3   69.5      1.9     86602
2017  6 27 15    687.1    242.2   0.00000000   0.00000000    280.6   69.8      1.5     86599
2017  6 27 16    576.0    243.3   0.00000000   0.00000000    280.8   68.2      1.4     86584
2017  6 27 17    453.1    241.4   0.00000000   0.00000000    280.7   67.1      1.4     86578
2017  6 27 18    320.5    240.6   0.00000000   0.00000000    280.4   66.6      1.0     86568
2017  6 27 19    193.5    239.6   0.00000000   0.00000000    280.1   68.4      0.8     86569
2017  6 27 20     86.4    239.9   0.00000000   0.00000000    278.8   80.5      2.0     86564
2017  6 27 21     16.1    245.5   0.00000000   0.00000000    277.2   77.9      2.4     86574
2017  6 27 22      0.0    238.1   0.00000000   0.00000000    276.0   77.3      1.6     86587
2017  6 27 23     -0.1    256.2   0.00000000   0.00000000    275.7   76.0      2.1     86598
2017  6 28  0      0.1    262.4   0.00000000   0.00000000    275.0   81.2      2.2     86617
2017  6 28  1     -0.1    261.6   0.00000000   0.00000000    274.8   83.6      2.1     86606
2017  6 28  2      0.1    253.6   0.00000000   0.00000000    274.5   86.1      2.8     86604
2017  6 28  3     11.1    249.0   0.00000000   0.00000000    274.4   89.4      3.1     86594
2017  6 28  4     63.7    256.7   0.00000000   0.00000000    275.1   91.7      3.0     86599
2017  6 28  5    169.0    243.4   0.00000000   0.00000000    276.2   90.5      2.6     86625
2017  6 28  6    289.8    244.5   0.00000000   0.00000000    277.6   87.0      3.3     86640
2017  6 28  7    418.3    246.6   0.00000000   0.00000000    278.9   82.2      4.2     86646
2017  6 28  8    543.1    247.6   0.00000000   0.00000000    279.9   77.2      5.1     86656
2017  6 28  9    657.7    249.3   0.00000000   0.00000000    280.8   71.7      5.3     86660
2017  6 28 10    737.7    253.0   0.00000000   0.00000000    281.6   69.7      5.2     86668
2017  6 28 11    791.1    256.0   0.00000000   0.00000000    282.3   66.9      5.2     86676
2017  6 28 12    824.7    254.1   0.00000000   0.00000000    282.5   66.4      5.3     86615
2017  6 28 13    806.0    255.8   0.00000000   0.00000000    282.8   65.7      5.2     86616
2017  6 28 14    759.1    255.4   0.00000000   0.00000000    283.1   64.0      4.9     86591
2017  6 28 15    676.4    255.9   0.00000000   0.00000000    283.3   62.4      4.6     86579
2017  6 28 16    570.1    255.2   0.00000000   0.00000000    283.2   62.7      4.7     86564
2017  6 28 17    429.7    259.0   0.00000000   0.00000000    282.8   63.5      4.1     86557
2017  6 28 18    289.3    261.0   0.00000000   0.00000000    282.3   65.4      3.9     86553
2017  6 28 19    165.7    262.3   0.00000000   0.00000000    281.4   75.3      2.9     86567
2017  6 28 20     72.3    261.5   0.00000000   0.00000000    280.0   79.0      2.8     86584
2017  6 28 21     14.2    259.2   0.00000000   0.00000000    278.4   81.4      3.4     86590
2017  6 28 22      0.0    255.6   0.00000000   0.00000000    277.2   81.9      3.7     86610
2017  6 28 23      0.0    254.2   0.00000000   0.00000000    276.4   84.1      3.7     86618
2017  6 29  0      0.0    253.3   0.00000000   0.00000000    275.9   87.6      3.6     86608
2017  6 29  1      0.0    252.3   0.00000000   0.00000000    275.5   87.9      3.6     86585
2017  6 29  2      0.0    259.6   0.00000000   0.00000000    275.3   88.3      3.6     86560
2017  6 29  3      9.8    267.3   0.00000000   0.00000000    275.5   87.8      3.8     86541
2017  6 29  4     61.0    259.6   0.00000000   0.00000000    276.0   86.6      3.9     86521
2017  6 29  5    146.2    261.3   0.00000000   0.00000000    277.2   85.1      4.3     86514
2017  6 29  6    240.0    267.4   0.00000000   0.00000000    278.7   83.3      6.5     86516
2017  6 29  7    377.7    265.3   0.00000000   0.00000009    279.6   79.7      8.6     86520
2017  6 29  8    486.6    268.2   0.00000000   0.00000084    280.1   77.6      9.4     86514
2017  6 29  9    563.7    273.9   0.00000000   0.00000009    280.7   72.8      9.1     86513
2017  6 29 10    636.1    277.0   0.00000000   0.00000000    281.7   66.8      8.7     86509
2017  6 29 11    750.6    273.7   0.00000000   0.00000000    282.8   62.4      8.5     86498
2017  6 29 12    367.4    323.2   0.00000000   0.00000000    282.8   62.0      7.8     86488
2017  6 29 13    546.5    309.3   0.00000000   0.00000002    284.2   57.2      8.4     86466
2017  6 29 14    566.7    297.3   0.00000000  -0.00000003    284.7   53.1      8.9     86451
2017  6 29 15    426.6    299.2   0.00000000   0.00000000    284.6   47.8      8.7     86436
2017  6 29 16    319.0    302.6   0.00000000   0.00000004    284.3   46.8      8.3     86417
2017  6 29 17    216.0    310.1   0.00000000  -0.00000002    283.8   52.0      7.1     86419
2017  6 29 18    112.6    316.8   0.00000000   0.00000000    282.9   58.0      5.5     86435
2017  6 29 19     79.5    311.9   0.00000000   0.00000000    282.1   61.3      4.6     86461
2017  6 29 20     59.4    281.6   0.00000000   0.00000000    281.0   62.8      4.2     86473
2017  6 29 21     13.1    274.5   0.00000000   0.00000000    279.8   63.8      3.7     86500
2017  6 29 22      0.1    308.0   0.00000000   0.00000001    279.4   63.4      3.3     86524
2017  6 29 23      0.0    319.2   0.00000000   0.00000003    279.3   62.1      3.1     86562
2017  6 30  0      0.0    313.4   0.00000000   0.00000001    278.8   63.7      2.7     86566
2017  6 30  1     -0.1    313.4   0.00000000  -0.00000013    278.3   64.5      2.5     86541
2017  6 30  2      0.1    313.1   0.00000000   0.00000001    278.0   63.6      2.6     86495
2017  6 30  3     10.7    265.1   0.00000000   0.00000005    277.0   65.6      2.5     86474
2017  6 30  4     70.5    251.2   0.00000000   0.00000003    277.1   64.4      3.0     86472
2017  6 30  5    170.8    248.6   0.00000000   0.00000003    277.9   66.1      2.9     86479
2017  6 30  6    295.0    249.9   0.00000000   0.00000002    279.4   62.9      4.2     86473
2017  6 30  7    426.9    251.3   0.00000000  -0.00000013    280.8   60.5      4.8     86469
2017  6 30  8    551.1    255.5   0.00000000   0.00000004    282.2   59.5      5.5     86458
2017  6 30  9    658.1    260.5   0.00000000   0.00000004    283.6   55.6      6.1     86434
2017  6 30 10    736.3    266.2   0.00000000   0.00000002    284.9   50.5      6.0     86426
2017  6 30 11    789.4    269.8   0.00000000   0.00000002    286.2   46.2      5.8     86409
2017  6 30 12    822.0    274.4   0.00000000   0.00000000    287.0   47.4      5.4     86521
2017  6 30 13    806.5    276.3   0.00000000   0.00000000    287.8   45.1      4.9     86508
2017  6 30 14    755.2    277.4   0.00000000   0.00000000    288.3   41.7      4.9     86493
2017  6 30 15    672.8    276.3   0.00000000   0.00000000    288.4   38.7      4.5     86490
2017  6 30 16    565.7    275.0   0.00000000   0.00000000    288.3   38.1      4.0     86474
2017  6 30 17    441.8    274.6   0.00000000   0.00000000    287.9   39.6      4.0     86477
2017  6 30 18    305.7    275.0   0.00000000   0.00000000    287.2   43.2      3.7     86509
2017  6 30 19    172.9    277.0   0.00000000   0.00000000    286.1   50.3      3.5     86533
2017  6 30 20     76.8    274.1   0.00000000   0.00000000    284.2   62.4      2.5     86558
2017  6 30 21     15.4    268.2   0.00000000   0.00000000    282.1   68.1      2.4     86578
2017  6 30 22      0.0    264.9   0.00000000   0.00000000    280.7   73.2      2.3     86576
2017  6 30 23      0.0    264.8   0.00000000   0.00000000    279.7   78.0      2.0     86572
2017  7  1  0      0.0    266.9   0.00000000   0.00000000    279.2   78.7      2.4     86583
2017  7  1  1      0.0    261.8   0.00000000   0.00000000    278.7   81.4      2.4     86559
2017  7  1  2      0.0    255.6   0.00000000   0.00000000    278.0   86.1      1.9     86544
2017  7  1  3      9.8    261.0   0.00000000   0.00000000    277.8   87.4      1.9     86526
2017  7  1  4     61.6    270.6   0.00000000   0.00000000    278.6   86.3      1.7     86496
2017  7  1  5    141.2    274.2   0.00000000   0.00000000    280.4   80.0      2.1     86467
2017  7  1  6    193.3    295.2   0.00000000   0.00000000    281.8   74.8      1.5     86463
2017  7  1  7    335.1    287.8   0.00000000   0.00000000    283.3   71.7      1.8     86461
2017  7  1  8    449.9    291.2   0.00000000   0.00000000    284.4   68.5      2.3     86443
2017  7  1  9    538.5    294.3   0.00000000   0.00000000    285.2   67.9      2.3     86422
2017  7  1 10    494.7    313.9   0.00000000   0.00000000    285.5   62.5      0.8     86424
2017  7  1 11    244.4    331.9   0.00000000   0.00000000    285.4   58.3      1.1     86428
2017  7  1 12    778.5    289.4   0.00000000   0.00000000    287.3   53.8      2.0     86391
2017  7  1 13    800.4    284.7   0.00000000   0.00000000    287.5   53.2      3.0     86370
2017  7  1 14    748.2    285.7   0.00000000   0.00000000    287.5   52.0      3.5     86353
2017  7  1 15    665.4    284.2   0.00000000   0.00000000    287.1   50.9      4.4     86343
2017  7  1 16    556.3    281.2   0.00000000   0.00000000    286.3   51.9      4.7     86286
2017  7  1 17    437.8    276.1   0.00000000   0.00000000    285.3   55.2      4.8     86234
2017  7  1 18    308.2    272.7   0.00000000   0.00000000    283.9   61.5      4.8     86220
2017  7  1 19    184.8    269.6   0.00000000   0.00000000    282.4   69.9      3.7     86193
2017  7  1 20     82.7    265.9   0.00000000   0.00000000    280.8   79.8      3.2     86156
2017  7  1 21     15.7    261.8   0.00000000   0.00000000    278.8   95.0      3.4     86119
2017  7  1 22      0.1    312.2   0.00000000   0.00000017    278.4   99.1      2.3     86101
2017  7  1 23     -0.1    339.1   0.00000000   0.00000050    278.3   98.4      2.4     86087
2017  7  2  0     -0.1    340.4   0.00000000   0.00000238    278.0   98.3      2.6     86058
2017  7  2  1      0.0    339.2   0.00000000   0.00000262    277.8   98.5      2.8     85998
2017  7  2  2      0.1    338.0   0.00000000   0.00000335    277.4   98.5      3.0     85965
2017  7  2  3      0.6    336.4   0.00000000   0.00000683    276.9   98.8      3.2     85932
2017  7  2  4      4.0    334.0   0.00000000   0.00000584    276.5   99.0      3.3     85895
2017  7  2  5     15.4    332.1   0.00000000   0.00000369    276.2   98.9      2.6     85871
2017  7  2  6     43.8    330.5   0.00000000   0.00000094    276.4   98.6      1.4     85850
2017  7  2  7    148.7    320.5   0.00000000   0.00000080    277.5   91.0      3.3     85848
2017  7  2  8    484.3    265.3   0.00000000   0.00000103    278.4   87.4      4.4     85840
2017  7  2  9    363.4    312.1   0.00000000   0.00000597    277.8   93.3      4.2     85836
2017  7  2 10    435.6    312.8   0.00000000   0.00000409    278.9   87.9      3.6     85842
2017  7  2 11    666.5    278.0   0.00000000   0.00000447    279.9   86.4      3.8     85831
2017  7  2 12    595.5    294.8   0.00000000   0.00000945    279.5   86.7      5.1     85849
2017  7  2 13    606.1    294.6   0.00000000   0.00000874    279.2   90.0      6.4     85856
2017  7  2 14    355.6    326.5   0.00000000   0.00000474    278.9   88.7      6.0     85875
2017  7  2 15    327.1    321.6   0.00000000   0.00001151    278.1   94.1      6.9     85878
2017  7  2 16    197.3    327.9   0.00000000   0.00001369    277.6   95.5      5.8     85880
2017  7  2 17     47.7    331.4   0.00000000   0.00003706    277.0   99.2      7.9     85889
2017  7  2 18     42.8    331.5   0.00000000   0.00001040    276.8   99.3      9.2     85904
2017  7  2 19     27.6    332.0   0.00000000   0.00004381    276.7   99.8      9.7     85929
2017  7  2 20      9.0    329.5   0.00000005   0.00006341    275.5  100.0     10.8     85962
2017  7  2 21      2.5    324.9   0.00000080   0.00005460    275.0  100.0      9.6     86001
2017  7  2 22      0.0    318.8   0.00000165   0.00003501    274.5   99.2     11.0     86031
2017  7  2 23      0.1    294.6   0.00000281   0.00002316    274.2   98.6     11.4     86063
2017  7  3  0     -0.2    306.5   0.00000281   0.00001671    274.1   99.8     11.4     86101
2017  7  3  1     -0.1    316.2   0.00000203   0.00000898    274.0   99.6     10.4     86141
2017  7  3  2      0.2    313.9   0.00000339   0.00001177    274.1   97.8      8.9     86153
2017  7  3  3      2.1    312.4   0.00000518   0.00001026    273.8   99.0     10.9     86170
2017  7  3  4     16.0    315.0   0.00000454   0.00000344    273.5   99.5      9.9     86202
2017  7  3  5     33.0    314.6   0.00000458   0.00000042    273.4   99.6      8.9     86215
2017  7  3  6     75.4    312.0   0.00000432   0.00000012    273.4   99.5      8.8     86243
2017  7  3  7    102.8    314.9   0.00000315   0.00000054    273.7   99.5      7.7     86265
2017  7  3  8    131.5    313.6   0.00000193   0.00000181    274.0   96.8      6.6     86301
2017  7  3  9    320.2    305.8   0.00000031   0.00000098    275.2   92.6      5.9     86313
2017  7  3 10    425.3    302.0   0.00000002   0.00000057    276.0   86.8      5.9     86325
2017  7  3 11    575.6    295.4   0.00000000   0.00000024    277.1   83.0      5.0     86328
2017  7  3 12    593.7    293.4  -0.00000000   0.00000033    278.1   84.0      4.3     86326
2017  7  3 13    545.1    302.9   0.00000000   0.00000041    278.5   82.7      3.4     86321
2017  7  3 14    398.3    314.4   0.00000000   0.00000063    278.8   82.2      2.6     86330
2017  7  3 15    512.5    284.6  -0.00000000   0.00000032    279.3   80.3      2.8     86340
2017  7  3 16    527.9    256.9   0.00000000  -0.00000000    279.6   75.9      3.2     86333
2017  7  3 17    440.4    245.2   0.00000000   0.00000005    279.4   76.5      3.4     86348
2017  7  3 18    307.0    245.9  -0.00000000   0.00000009    278.7   81.6      3.5     86388
2017  7  3 19    183.7    243.5  -0.00000001   0.00000008    277.8   84.7      3.5     86437
2017  7  3 20     83.3    239.7   0.00000001  -0.00000000    276.8   88.7      3.1     86461
2017  7  3 21     14.9    248.6  -0.00000000  -0.00000006    276.0   93.0      2.5     86497
2017  7  3 22      0.1    308.5   0.00000000   0.00000004    276.0   95.6      2.7     86541
2017  7  3 23     -0.1    324.5   0.00000000   0.00000015    275.7   99.1      2.3     86579
2017  7  4  0     -0.1    253.8  -0.00000001   0.00000008    274.9   96.9      2.7     86614
2017  7  4  1      0.1    232.8   0.00000001   0.00000000    274.2   94.7      3.0     86642
2017  7  4  2     -0.0    250.3   0.00000000   0.00000001    274.3   94.0      3.0     86660
2017  7  4  3      5.3    292.8  -0.00000001  -0.00000002    274.7   93.8      2.9     86688
2017  7  4  4     39.4    300.4   0.00000000   0.00000009    274.9   95.6      3.3     86728
2017  7  4  5    139.5    257.6   0.00000000   0.00000016    275.4   90.6      3.7     86767
2017  7  4  6    148.1    309.0   0.00000000   0.00000034    276.1   84.4      3.7     86810
2017  7  4  7    226.7    309.6   0.00000000   0.00000028    276.5   82.3      4.1     86842
2017  7  4  8    388.6    294.3   0.00000000   0.00000016    277.0   82.0      4.4     86877
2017  7  4  9    547.6    274.2   0.00000001   0.00000011    277.8   79.5      4.6     86910
2017  7  4 10    712.8    248.7  -0.00000001   0.00000001    278.7   77.9      4.8     86952
2017  7  4 11    731.5    258.8   0.00000000   0.00000002    279.4   76.6      4.9     86979
2017  7  4 12    519.9    303.6   0.00000000   0.00000043    279.6   75.3      4.8     87009
2017  7  4 13    575.1    295.3   0.00000000   0.00000043    280.1   73.2      4.9     87032
2017  7  4 14    689.3    262.9   0.00000000   0.00000006    280.5   71.3      4.8     87048
2017  7  4 15    640.3    255.1   0.00000000  -0.00000002    280.4   69.7      5.3     87065
2017  7  4 16    555.2    247.6   0.00000000   0.00000001    280.1   71.7      5.6     87057
2017  7  4 17    437.8    245.2   0.00000000   0.00000001    279.6   76.8      5.7     87071
2017  7  4 18    309.5    243.6   0.00000000   0.00000000    279.0   79.4      5.2     87074
2017  7  4 19    187.7    239.3   0.00000000   0.00000000    278.2   83.9      3.9     87088
2017  7  4 20     80.3    241.4   0.00000000   0.00000000    277.0   90.5      2.9     87101
2017  7  4 21     13.2    244.5   0.00000000   0.00000000    275.7   93.8      2.6     87114
2017  7  4 22      0.0    241.7   0.00000000   0.00000000    274.6   96.7      2.6     87124
2017  7  4 23      0.0    243.5   0.00000000   0.00000000    273.6   99.3      2.9     87130
2017  7  5  0      0.0    249.7   0.00000000   0.00000007    273.1   99.3      3.3     87114
2017  7  5  1     -0.0    239.1   0.00000000   0.00000000    273.0   98.0      3.4     87107
2017  7  5  2      0.1    239.5   0.00000000   0.00000000    273.0   95.9      3.3     87104
2017  7  5  3      7.5    243.7   0.00000000   0.00000000    273.2   92.8      3.0     87106
2017  7  5  4     65.4    234.6   0.00000000  -0.00000007    273.6   89.8      2.7     87121
2017  7  5  5    172.0    223.5   0.00000000   0.00000000    274.5   84.5      2.6     87130
2017  7  5  6    296.8    225.8   0.00000000   0.00000000    275.7   78.5      2.6     87133
2017  7  5  7    428.9    229.3   0.00000000   0.00000003    276.8   75.1      2.7     87132
2017  7  5  8    556.3    231.9   0.00000000   0.00000001    277.9   72.5      3.0     87128
2017  7  5  9    667.4    235.4   0.00000000   0.00000000    278.9   71.4      3.2     87135
2017  7  5 10    755.4    238.4   0.00000000   0.00000000    279.7   70.6      3.7     87165
2017  7  5 11    796.5    246.3   0.00000000   0.00000000    280.3   69.1      4.0     87194
2017  7  5 12    803.6    253.9   0.00000000   0.00000000    281.4   59.3      3.7     87174
2017  7  5 13    788.0    255.3   0.00000000   0.00000000    281.9   54.9      3.9     87178
2017  7  5 14    747.6    252.9   0.00000000   0.00000000    282.3   52.0      3.7     87179
2017  7  5 15    660.4    254.5   0.00000000   0.00000000    282.4   50.5      3.7     87165
2017  7  5 16    557.1    253.1   0.00000000   0.00000000    282.4   49.6      3.6     87167
2017  7  5 17    430.5    253.1   0.00000000   0.00000000    282.1   49.7      3.5     87173
2017  7  5 18    304.0    251.1   0.00000000   0.00000000    281.5   52.0      3.1     87182
2017  7  5 19    183.1    247.6   0.00000000   0.00000001    280.6   57.4      2.2     87182
2017  7  5 20     81.6    242.1   0.00000000   0.00000001    279.2   65.4      1.4     87181
2017  7  5 21     13.5    240.8   0.00000000   0.00000001    277.6   66.7      1.6     87199
2017  7  5 22      0.2    236.9   0.00000000   0.00000001    276.5   67.0      2.1     87221
2017  7  5 23     -0.1    232.2   0.00000000   0.00000000    275.7   69.7      1.6     87226
2017  7  6  0      0.0    233.0   0.00000000   0.00000000    274.6   76.6      1.0     87228
2017  7  6  1      0.1    229.4   0.00000000  -0.00000006    273.9   82.6      1.1     87229
2017  7  6  2     -0.1    229.4   0.00000000   0.00000001    273.6   83.9      0.7     87215
2017  7  6  3      8.7    229.5   0.00000000   0.00000001    273.7   77.3      1.2     87194
2017  7  6  4     69.1    230.7   0.00000000   0.00000001    275.1   70.3      1.5     87177
2017  7  6  5    169.5    232.9   0.00000000   0.00000001    276.7   69.1      1.5     87161
2017  7  6  6    293.5    235.6   0.00000000   0.00000001    278.2   65.3      1.2     87151
2017  7  6  7    425.7    239.8   0.00000000   0.00000001    279.6   63.3      0.9     87154
2017  7  6  8    548.4    245.4   0.00000000   0.00000001    281.2   53.8      1.7     87170
2017  7  6  9    621.6    253.4   0.00000000   0.00000001    281.7   46.7      2.0     87166
2017  7  6 10    605.9    270.3   0.00000000  -0.00000007    282.3   46.2      1.6     87147
2017  7  6 11    635.9    276.1   0.00000000   0.00000000    283.1   45.4      2.2     87138
2017  7  6 12    581.1    288.8   0.00000000   0.00000000    282.2   52.5      2.6     87161
2017  7  6 13    535.9    289.8   0.00000000   0.00000000    282.5   51.9      3.0     87143
2017  7  6 14    529.4    284.8   0.00000000   0.00000000    282.7   53.2      3.2     87109
2017  7  6 15    471.7    287.7   0.00000000   0.00000000    282.6   54.4      3.1     87098
2017  7  6 16    366.2    290.7   0.00000000   0.00000000    282.2   52.1      3.4     87082
2017  7  6 17    292.2    283.0   0.00000000   0.00000000    281.7   50.3      3.7     87067
2017  7  6 18    230.6    267.8   0.00000000   0.00000000    281.0   53.1      3.3     87045
2017  7  6 19    146.2    259.2   0.00000000   0.00000000    280.1   59.8      2.0     87036
2017  7  6 20     65.1    256.4   0.00000000   0.00000000    279.1   60.2      1.9     87008
2017  7  6 21     10.1    254.7   0.00000000   0.00000000    277.8   61.2      1.9     86986
2017  7  6 22      0.1    244.3   0.00000000   0.00000000    276.9   64.3      1.9     86982
2017  7  6 23      0.1    244.2   0.00000000   0.00000000    275.6   67.0      1.1     86969
2017  7  7  0     -0.1    258.0   0.00000000   0.00000000    275.1   70.7      0.7     86945
2017  7  7  1      0.1    297.9   0.00000000   0.00000000    275.3   70.6      1.1     86912
2017  7  7  2     -0.1    301.4   0.00000000   0.00000003    276.7   61.4      1.4     86866
2017  7  7  3      4.3    284.8   0.00000000   0.00000000    276.7   64.8      1.2     86816
2017  7  7  4     51.7    262.4   0.00000000   0.00000000    276.3   73.0      0.7     86792
2017  7  7  5    128.0    263.5   0.00000000   0.00000000    278.0   66.4      1.3     86779
2017  7  7  6    223.3    268.8   0.00000000   0.00000000    279.1   63.7      1.8     86758
2017  7  7  7    225.8    306.6   0.00000000   0.00000000    279.8   62.7      2.5     86743
2017  7  7  8    285.9    312.0   0.00000000   0.00000004    280.3   61.6      2.6     86748
2017  7  7  9    184.3    327.1   0.00000000   0.00000053    280.3   63.5      2.3     86757
2017  7  7 10    388.9    320.9   0.00000000   0.00000008    281.5   66.1      2.6     86768
2017  7  7 11    559.2    307.3   0.00000000   0.00000005    282.6   67.6      2.6     86766
2017  7  7 12     79.4    340.6   0.00000000   0.00000083    282.0   70.3      0.9     86765
2017  7  7 13     88.9    342.7   0.00000000   0.00000001    282.0   73.6      0.9     86746
2017  7  7 14     86.1    344.6   0.00000000   0.00000031    281.9   79.9      0.8     86713
2017  7  7 15    121.5    345.2   0.00000000   0.00000004    282.3   80.2      0.6     86681
2017  7  7 16     53.6    346.9   0.00000000   0.00000075    282.1   80.7      0.7     86653
2017  7  7 17     26.0    345.5   0.00000000   0.00003870    281.4   88.5      0.4     86634
2017  7  7 18     29.0    342.5   0.00000000   0.00007105    281.0   94.0      0.6     86624
2017  7  7 19     39.8    337.9   0.00000000   0.00003732    280.8   95.4      0.7     86608
2017  7  7 20     11.2    344.1   0.00000000   0.00003490    280.4   97.1      0.4     86597
2017  7  7 21      1.1    344.7   0.00000000   0.00001610    280.0   97.1      1.0     86584
2017  7  7 22      0.1    343.7   0.00000000   0.00000485    279.7   98.0      0.8     86568
2017  7  7 23      0.0    337.5   0.00000000   0.00000318    279.4   98.3      2.0     86538
2017  7  8  0     -0.1    317.5   0.00000000   0.00000218    278.9   98.0      1.9     86512
2017  7  8  1     -0.0    339.6   0.00000000   0.00000055    278.9   98.3      2.0     86484
2017  7  8  2      0.0    341.9   0.00000000   0.00000083    278.8   99.8      1.8     86458
2017  7  8  3      0.4    342.2   0.00000000   0.00000326    278.7   99.9      2.3     86442
2017  7  8  4      7.5    342.4   0.00000000   0.00000636    278.7   99.9      2.2     86440
2017  7  8  5      8.7    342.6   0.00000000   0.00000927    278.8   99.9      1.9     86443
2017  7  8  6     12.1    342.5   0.00000000   0.00001559    278.8   99.9      4.2     86452
2017  7  8  7     24.9    342.3   0.00000000   0.00002035    278.4   99.9      4.5     86471
2017  7  8  8     28.6    340.8   0.00000000   0.00001421    278.1   99.9      4.3     86492
2017  7  8  9     38.2    340.2   0.00000000   0.00000922    278.0   99.9      4.3     86507
2017  7  8 10     53.1    339.9   0.00000000   0.00000797    278.0   99.9      4.1     86537
2017  7  8 11    108.8    341.1   0.00000000   0.00000376    278.3   99.9      4.6     86571
2017  7  8 12    464.3    335.9   0.00000000   0.00000014    279.5   96.2      5.4     86619
2017  7  8 13    403.5    336.6   0.00000000   0.00000063    279.0   97.0      5.0     86630
2017  7  8 14    424.4    331.8   0.00000000   0.00000025    279.8   90.8      5.1     86616
2017  7  8 15    330.8    324.7   0.00000000   0.00000078    279.3   95.5      5.6     86600
2017  7  8 16     90.3    340.2   0.00000000   0.00000283    278.5   96.2      5.0     86604
2017  7  8 17    147.8    332.4   0.00000000   0.00000060    278.8   89.6      4.6     86634
2017  7  8 18    170.6    304.2   0.00000000   0.00000010    278.8   87.4      4.0     86626
2017  7  8 19    101.5    315.5   0.00000000   0.00000025    278.2   93.7      4.2     86632
2017  7  8 20     25.5    328.0   0.00000000   0.00000026    277.3   96.4      4.4     86633
2017  7  8 21      6.1    325.6   0.00000000   0.00000003    276.8   95.6      3.6     86628
2017  7  8 22      0.0    324.0   0.00000000   0.00000014    276.7   95.7      3.4     86628
2017  7  8 23      0.0    320.4   0.00000000   0.00000007    276.2   97.8      3.5     86593
2017  7  9  0      0.0    318.2   0.00000000   0.00000000    275.9   96.2      3.1     86545
2017  7  9  1      0.0    257.5   0.00000000   0.00000000    275.1   96.2      3.1     86523
2017  7  9  2     -0.0    287.8   0.00000000   0.00000025    275.1   98.2      3.2     86519
2017  7  9  3      0.5    311.7   0.00000000   0.00000088    275.7   90.1      2.3     86498
2017  7  9  4      6.1    311.9   0.00000000   0.00000203    275.6   93.3      2.0     86479
2017  7  9  5    116.6    266.9   0.00000000   0.00000112    275.9   91.7      2.4     86460
2017  7  9  6    278.3    244.4   0.00000000   0.00000007    277.1   85.7      2.5     86470
2017  7  9  7    414.0    244.8   0.00000000   0.00000000    278.3   81.5      2.6     86482
2017  7  9  8    529.4    251.4   0.00000000   0.00000002    279.5   80.2      2.6     86482
2017  7  9  9    395.0    299.7   0.00000000   0.00000057    279.6   80.6      3.5     86488
2017  7  9 10    515.3    292.8   0.00000000   0.00000075    280.4   80.2      4.1     86493
2017  7  9 11    765.1    259.6   0.00000000   0.00000047    280.9   80.2      4.4     86487
2017  7  9 12    589.8    294.6   0.00000000   0.00000106    281.0   76.7      3.8     86447
2017  7  9 13    247.7    325.6   0.00000000   0.00000431    279.9   82.0      4.5     86470
2017  7  9 14    179.9    330.8   0.00000000   0.00000367    279.5   84.5      3.5     86460
2017  7  9 15    125.3    333.8   0.00000000   0.00000255    279.2   87.0      2.3     86442
2017  7  9 16     64.9    334.1   0.00000000   0.00000562    279.1   89.0      3.0     86441
2017  7  9 17     49.6    333.9   0.00000000   0.00000713    278.7   92.0      3.1     86439
2017  7  9 18     23.1    335.2   0.00000000   0.00000488    278.1   95.5      1.6     86427
2017  7  9 19     11.9    335.3   0.00000000   0.00000350    277.9   96.9      1.8     86446
2017  7  9 20      4.2    335.0   0.00000000   0.00000288    277.7   97.7      1.7     86439
2017  7  9 21      0.6    334.6   0.00000000   0.00000116    277.5   98.5      1.4     86426
2017  7  9 22      0.1    334.1   0.00000000   0.00000099    277.4   97.9      0.5     86417
2017  7  9 23      0.0    333.0   0.00000000   0.00000479    277.3   97.2      1.0     86406
2017  7 10  0     -0.2    332.0   0.00000000   0.00000313    277.2   97.1      2.5     86386
2017  7 10  1      0.1    331.6   0.00000000   0.00000479    277.0   99.1      2.4     86362
2017  7 10  2     -0.1    332.3   0.00000000   0.00000313    277.0   98.9      2.5     86354
2017  7 10  3      3.5    302.1   0.00000000   0.00000027    276.7   97.3      1.9     86352
2017  7 10  4     22.9    296.2   0.00000000   0.00000000    276.7   93.5      1.2     86334
2017  7 10  5     54.0    299.1   0.00000000   0.00000000    277.1   91.0      1.0     86316
2017  7 10  6    134.2    297.4   0.00000000   0.00000000    277.9   88.5      1.5     86314
2017  7 10  7    158.9    312.6   0.00000000   0.00000013    278.2   88.9      1.4     86322
2017  7 10  8    189.1    320.0   0.00000000   0.00000007    278.8   89.7      1.4     86319
2017  7 10  9    349.1    309.0   0.00000000   0.00000126    279.8   84.9      3.0     86323
2017  7 10 10    379.5    312.0   0.00000000   0.00000120    280.4   80.5      3.2     86343
2017  7 10 11    500.6    301.2   0.00000000   0.00000095    281.2   77.5      3.2     86365
2017  7 10 12    738.6    274.5   0.00000000  -0.00000000    281.1   80.1      2.8     86368
2017  7 10 13    766.5    264.0   0.00000000   0.00000005    282.0   74.7      3.1     86371
2017  7 10 14    725.4    262.2   0.00000000   0.00000020    282.4   71.6      3.0     86359
2017  7 10 15    660.9    260.3   0.00000000   0.00000043    282.7   68.0      3.1     86346
2017  7 10 16    534.0    265.3   0.00000000   0.00000095    282.4   70.2      2.7     86325
2017  7 10 17    279.6    296.9   0.00000000   0.00000210    281.8   72.6      2.4     86323
2017  7 10 18    133.9    313.6   0.00000000   0.00000187    281.1   76.5      1.6     86309
2017  7 10 19     42.0    329.6   0.00000000   0.00000042    280.4   79.2      1.2     86305
2017  7 10 20     13.6    333.1   0.00000000   0.00000000    279.6   85.4      1.6     86316
2017  7 10 21      3.5    303.6   0.00000000   0.00000001    279.1   87.7      0.6     86284
2017  7 10 22      0.1    282.0   0.00000000   0.00000122    278.6   91.4      1.8     86257
2017  7 10 23     -0.2    322.9   0.00000000   0.00001152    278.5   94.1      2.2     86231
2017  7 11  0      0.1    331.1   0.00000000   0.00001770    278.8   94.9      1.5     86198
2017  7 11  1      0.0    334.3   0.00000000   0.00001479    278.9   94.1      0.9     86159
2017  7 11  2      0.1    336.8   0.00000000   0.00000372    278.8   92.3      1.5     86124
2017  7 11  3      1.9    328.5   0.00000000   0.00000052    277.9   98.2      1.3     86106
2017  7 11  4     22.7    330.0   0.00000000   0.00000004    277.9   97.5      1.1     86092
2017  7 11  5     89.3    314.2   0.00000000   0.00000002    278.3   94.4      0.7     86084
2017  7 11  6    247.6    261.8   0.00000000   0.00000003    278.9   90.9      1.2     86073
2017  7 11  7    303.6    283.7   0.00000000   0.00000017    279.5   88.0      1.8     86066
2017  7 11  8    421.3    288.5   0.00000000   0.00000016    280.4   82.0      2.5     86056
2017  7 11  9    634.9    256.8   0.00000000   0.00000008    281.1   79.4      2.8     86062
2017  7 11 10    690.6    264.8   0.00000000   0.00000000    281.5   78.3      3.2     86078
2017  7 11 11    603.8    288.3   0.00000000   0.00000049    281.7   76.8      3.1     86096
2017  7 11 12     83.8    331.1   0.00000000   0.00004341    279.9   84.3      2.5     86042
2017  7 11 13    102.2    331.2   0.00000000   0.00005277    279.3   92.0      2.4     86028
2017  7 11 14     81.0    330.2   0.00000000   0.00005487    278.9   94.5      2.1     86030
2017  7 11 15     47.8    331.0   0.00000000   0.00005198    278.5   94.1      2.8     86018
2017  7 11 16     40.5    330.5   0.00000000   0.00004930    278.3   91.3      2.9     86006
2017  7 11 17     49.6    324.2   0.00000000   0.00005246    277.9   93.3      3.1     85989
2017  7 11 18     21.6    331.5   0.00000000   0.00004507    277.5   96.4      4.1     85979
2017  7 11 19     19.6    331.0   0.00000000   0.00002911    277.1   99.4      4.8     85969
2017  7 11 20     11.3    330.4   0.00000000   0.00001943    276.8   99.9      5.0     85967
2017  7 11 21      1.2    329.1   0.00000000   0.00001415    276.5   99.5      5.2     85970
2017  7 11 22      0.0    329.5   0.00000000   0.00001085    276.4  100.0      5.1     85961
2017  7 11 23      0.1    330.8   0.00000000   0.00001055    276.3  100.0      5.9     85957
2017  7 12  0     -0.2    329.9   0.00000000   0.00000614    276.1  100.0      5.7     85972
2017  7 12  1      0.2    328.3   0.00000000   0.00000775    275.8  100.0      6.3     85986
2017  7 12  2     -0.0    326.6   0.00000000   0.00000536    275.4  100.0      6.6     85987
2017  7 12  3      0.5    325.6   0.00000000   0.00000443    275.2  100.0      6.7     85991
2017  7 12  4      8.2    323.3   0.00000000   0.00000246    274.6   99.9      7.1     86018
2017  7 12  5     39.8    318.2   0.00000000   0.00000084    274.3   98.8      6.9     86046
2017  7 12  6     92.6    315.3   0.00000003   0.00000047    274.3   96.2      6.8     86076
2017  7 12  7    203.1    308.0   0.00000001   0.00000038    274.9   91.0      6.6     86112
2017  7 12  8    331.1    301.9   0.00000000   0.00000019    275.9   86.6      6.9     86143
2017  7 12  9    326.3    307.5   0.00000000   0.00000085    276.4   86.0      7.5     86173
2017  7 12 10    240.9    315.8   0.00000000   0.00000235    276.7   87.3      7.3     86224
2017  7 12 11    425.9    296.2   0.00000000   0.00000310    277.7   86.7      7.4     86259
2017  7 12 12    432.1    293.9  -0.00000000   0.00000505    277.7   89.5      7.5     86226
2017  7 12 13    548.3    282.5  -0.00000000   0.00000610    277.4   90.5      8.0     86259
2017  7 12 14    478.4    297.8   0.00000000   0.00001027    277.5   93.8      6.9     86310
2017  7 12 15    448.9    296.9   0.00000000   0.00000265    278.0   88.8      7.1     86339
2017  7 12 16    277.7    306.9  -0.00000001   0.00002162    277.1   93.8      6.7     86406
2017  7 12 17    153.3    311.8   0.00000094   0.00005407    276.5   95.6      7.9     86452
2017  7 12 18    107.5    308.6   0.00000084   0.00003384    276.1   93.7      8.0     86485
2017  7 12 19     39.3    313.0   0.00000008   0.00001380    275.9   94.4      7.7     86522
2017  7 12 20     16.5    314.4   0.00000017   0.00001094    275.4   97.0      7.4     86553
2017  7 12 21      0.4    322.2   0.00000083   0.00003027    275.2   97.8      7.9     86586
2017  7 12 22      0.0    321.4   0.00000022   0.00001562    275.0   97.7      7.4     86624
2017  7 12 23      0.0    316.1  -0.00000002   0.00000215    274.6   96.2      7.6     86652
2017  7 13  0      0.0    313.9   0.00000004   0.00000084    274.5   95.7      7.1     86671
2017  7 13  1      0.0    314.5   0.00000019   0.00000270    274.3   98.0      7.9     86689
2017  7 13  2      0.1    312.0   0.00000004   0.00000105    274.2   96.9      7.8     86722
2017  7 13  3      1.6    305.6  -0.00000001   0.00000084    274.2   96.9      8.0     86747
2017  7 13  4     30.5    294.4   0.00000005   0.00000027    274.1   93.8      7.6     86773
2017  7 13  5     52.5    310.3   0.00000014   0.00000050    273.8   95.2      7.4     86797
2017  7 13  6     72.1    312.8   0.00000049   0.00000110    274.0   97.7      7.3     86825
2017  7 13  7    109.7    313.5   0.00000037   0.00000193    274.6   94.2      7.2     86851
2017  7 13  8    193.6    311.0   0.00000015   0.00000200    275.0   94.7      7.4     86873
2017  7 13  9    129.6    317.1   0.00000036   0.00000658    274.9   98.2      6.9     86898
2017  7 13 10    111.1    320.6   0.00000021   0.00000760    275.0   99.3      7.3     86913
2017  7 13 11    194.7    321.5   0.00000001   0.00000437    275.6   99.3      7.5     86918
2017  7 13 12    394.0    310.3   0.00000000   0.00000184    277.1   91.9      8.0     86905
2017  7 13 13    505.5    301.8  -0.00000000   0.00000079    277.7   90.5      8.2     86900
2017  7 13 14    471.6    302.5   0.00000001   0.00000067    278.1   88.0      7.6     86892
2017  7 13 15    380.3    301.9  -0.00000001   0.00000102    278.0   88.7      6.7     86886
2017  7 13 16    244.8    313.7  -0.00000001   0.00000156    277.9   90.2      6.6     86880
2017  7 13 17    296.5    287.7   0.00000000   0.00000085    277.8   90.3      5.6     86889
2017  7 13 18    193.3    294.4  -0.00000001   0.00000053    277.5   91.1      5.6     86871
2017  7 13 19    145.4    259.5   0.00000001   0.00000010    276.9   92.7      4.9     86871
2017  7 13 20     68.2    238.4   0.00000000  -0.00000004    276.0   96.1      3.9     86853
2017  7 13 21      7.3    246.0  -0.00000000   0.00000005    275.2   98.1      3.8     86832
2017  7 13 22      0.0    301.3  -0.00000000   0.00000004    275.5   97.2      3.8     86814
2017  7 13 23      0.0    289.8  -0.00000001   0.00000007    275.1   97.2      4.0     86787
2017  7 14  0      0.0    289.0   0.00000002  -0.00000006    274.8   96.3      3.6     86752
2017  7 14  1     -0.0    260.1   0.00000000   0.00000007    274.1   96.8      3.1     86721
2017  7 14  2      0.0    241.4  -0.00000003  -0.00000006    273.6   96.7      3.1     86689
2017  7 14  3      2.9    238.8   0.00000002   0.00000009    273.1   98.2      3.0     86660
2017  7 14  4     45.8    244.4   0.00000000  -0.00000005    273.3   95.5      2.9     86639
2017  7 14  5    133.9    238.9   0.00000000   0.00000004    274.8   86.7      2.5     86634
2017  7 14  6    246.4    240.4   0.00000000   0.00000003    276.2   80.2      2.7     86632
2017  7 14  7    344.5    251.8   0.00000001  -0.00000010    277.2   73.4      3.1     86637
2017  7 14  8    460.2    253.4  -0.00000000   0.00000005    278.0   71.0      2.8     86643
2017  7 14  9    620.2    243.0  -0.00000001   0.00000003    279.0   71.2      2.5     86642
2017  7 14 10    737.9    239.2   0.00000000  -0.00000005    279.9   72.3      2.5     86644
2017  7 14 11    795.9    242.6   0.00000000   0.00000007    280.7   71.6      2.9     86646
2017  7 14 12    796.6    257.8   0.00000000   0.00000006    281.7   73.2      3.2     86716
2017  7 14 13    776.7    260.5   0.00000000   0.00000051    282.0   74.1      3.6     86731
2017  7 14 14    726.4    261.4   0.00000000   0.00000006    282.0   73.9      4.0     86736
2017  7 14 15    649.3    258.9   0.00000000   0.00000000    281.9   72.6      4.1     86748
2017  7 14 16    544.9    258.0   0.00000000   0.00000000    281.7   74.9      4.4     86761
2017  7 14 17    399.6    266.0   0.00000000   0.00000038    280.8   80.9      4.2     86787
2017  7 14 18    287.0    257.8   0.00000000   0.00000032    280.4   84.2      4.4     86807
2017  7 14 19    109.3    296.3   0.00000000   0.00000284    279.5   86.6      3.7     86841
2017  7 14 20     57.7    267.7   0.00000000   0.00000019    278.5   93.8      2.8     86859
2017  7 14 21      7.1    260.5   0.00000000   0.00000000    277.3   97.5      2.3     86875
2017  7 14 22      0.0    308.7   0.00000000   0.00000000    277.3   97.0      2.0     86897
2017  7 14 23      0.1    323.7   0.00000000   0.00000000    277.5   96.6      2.1     86914
2017  7 15  0      0.1    304.7   0.00000000   0.00000000    277.3   97.2      2.3     86920
2017  7 15  1     -0.2    276.8   0.00000000   0.00000006    276.8   97.6      2.1     86927
2017  7 15  2      0.1    285.8   0.00000000   0.00000000    276.7   96.3      2.4     86930
2017  7 15  3      2.5    270.9   0.00000000   0.00000000    276.4   95.3      2.7     86944
2017  7 15  4     47.4    255.3   0.00000000   0.00000000    276.5   93.1      2.9     86951
2017  7 15  5    136.6    255.9   0.00000000   0.00000000    277.5   91.8      2.7     86963
2017  7 15  6    257.4    254.6   0.00000000   0.00000000    278.6   90.2      3.0     86967
2017  7 15  7    394.8    251.6   0.00000000   0.00000000    279.5   87.5      3.1     86988
2017  7 15  8    523.1    253.2   0.00000000  -0.00000003    280.5   84.3      2.4     87005
2017  7 15  9    626.2    259.4   0.00000000   0.00000000    281.9   75.3      2.6     87027
2017  7 15 10    719.3    260.3   0.00000000   0.00000003    282.6   72.5      3.0     87056
2017  7 15 11    785.8    259.7   0.00000000   0.00000000    283.0   73.4      3.3     87078
2017  7 15 12    802.1    266.1   0.00000000   0.00000000    284.4   68.7      2.7     87052
2017  7 15 13    692.3    285.4   0.00000000   0.00000013    284.4   67.7      3.9     87049
2017  7 15 14    668.2    279.8   0.00000000   0.00000000    284.2   66.8      4.5     87051
2017  7 15 15    550.0    286.0   0.00000000   0.00000000    283.7   72.1      3.7     87048
2017  7 15 16    385.7    295.6   0.00000000   0.00000000    283.3   69.6      2.8     87012
2017  7 15 17    224.9    309.1   0.00000000   0.00000000    283.0   69.4      2.6     87000
2017  7 15 18    161.1    302.9   0.00000000   0.00000000    282.7   72.9      3.3     86975
2017  7 15 19     96.9    298.5   0.00000000   0.00000000    282.1   72.5      4.2     86960
2017  7 15 20     44.3    283.2   0.00000000   0.00000000    281.0   78.8      2.9     86928
2017  7 15 21      4.6    289.2   0.00000000   0.00000000    280.1   81.0      3.2     86851
2017  7 15 22      0.0    322.2   0.00000000   0.00000000    279.8   81.3      3.7     86819
2017  7 15 23      0.0    325.9   0.00000000   0.00001097    279.3   85.9      4.1     86785
2017  7 16  0      0.0    326.2   0.00000000   0.00004039    278.9   92.6      4.3     86741
2017  7 16  1     -0.0    332.3   0.00000000   0.00011618    278.9   95.2      4.3     86645
2017  7 16  2     -0.1    340.4   0.00000000   0.00015333    279.0   97.1      3.6     86590
2017  7 16  3      0.2    341.7   0.00000000   0.00012715    279.4   96.9      2.5     86555
2017  7 16  4      1.8    342.9   0.00000000   0.00010134    279.9   94.1      3.7     86511
2017  7 16  5     10.0    343.9   0.00000000   0.00005357    279.9   95.8      3.5     86476
2017  7 16  6     10.3    345.6   0.00000000   0.00003612    279.7   99.4      2.7     86482
2017  7 16  7     16.7    346.5   0.00000000   0.00001660    279.8   99.9      3.3     86500
2017  7 16  8    125.5    350.1   0.00000000   0.00000171    280.5   99.9      5.9     86535
2017  7 16  9    228.9    347.3   0.00000000   0.00000058    280.1   99.4      5.7     86593
2017  7 16 10    389.3    334.0   0.00000000   0.00000067    280.0   99.1      6.0     86625
2017  7 16 11    138.1    337.7   0.00000000   0.00000805    278.8   95.8      6.5     86671
2017  7 16 12    361.1    321.7   0.00000000   0.00000376    278.1   94.4      6.9     86668
2017  7 16 13    177.1    329.1   0.00000000   0.00001330    277.4   97.1      7.6     86681
2017  7 16 14    126.8    326.7   0.00000000   0.00001251    277.8   93.4      6.9     86659
2017  7 16 15    218.7    321.3   0.00000000   0.00001015    277.4   99.4      7.0     86641
2017  7 16 16     72.9    329.9   0.00000000   0.00002910    276.5   99.9      7.9     86636
2017  7 16 17     59.5    327.9   0.00000004   0.00004212    276.0   99.9      7.4     86650
2017  7 16 18    122.1    300.1   0.00000008   0.00002908    276.1   96.8      8.1     86646
2017  7 16 19      8.5    325.4   0.00000078   0.00007114    275.9   99.6      7.5     86625
2017  7 16 20     10.3    326.9   0.00000004   0.00003465    275.7   99.2      8.4     86591
2017  7 16 21      0.4    325.6   0.00000772   0.00014658    275.4   99.4      9.9     86575
2017  7 16 22      0.0    288.8   0.00000041   0.00004078    275.4   97.4      9.0     86531
2017  7 16 23      0.0    246.8   0.00000001   0.00001752    275.1   98.2      9.8     86443
2017  7 17  0      0.0    239.5   0.00000200   0.00004080    275.2   93.5      9.5     86385
2017  7 17  1      0.0    290.8   0.00004093   0.00017923    275.2   91.9     11.4     86377
2017  7 17  2      0.0    261.3   0.00001427   0.00010154    274.5   99.9      7.6     86387
2017  7 17  3      1.1    309.1   0.00001638   0.00010561    274.9   98.1      9.3     86398
2017  7 17  4     18.9    300.4   0.00003378   0.00012080    274.4   99.9      7.6     86451
2017  7 17  5     88.3    280.4   0.00002405   0.00005758    275.1   95.8      8.9     86436
2017  7 17  6    112.4    280.9   0.00002161   0.00008890    275.3   94.2      9.6     86441
2017  7 17  7    215.3    288.0   0.00000807   0.00007727    275.5   95.8      9.0     86474
2017  7 17  8    228.5    308.9   0.00001288   0.00012134    275.5   99.6      9.3     86455
2017  7 17  9    511.5    268.5   0.00000357   0.00006882    275.9  100.0     10.9     86430
2017  7 17 10    507.5    287.3   0.00000157   0.00006310    276.0  100.0     13.7     86441
2017  7 17 11    410.7    323.3   0.00000012   0.00002315    276.1  100.0     12.0     86488
2017  7 17 12    103.0    328.6   0.00000001   0.00003391    276.1  100.0     10.1     86490
2017  7 17 13     87.8    329.7   0.00000000   0.00002835    276.4   97.5     12.3     86507
2017  7 17 14    470.3    295.2   0.00000000   0.00001499    276.5   99.4     12.6     86562
2017  7 17 15    267.5    314.2   0.00000000   0.00001989    276.9   96.8     12.3     86605
2017  7 17 16    167.2    318.1  -0.00000002   0.00001616    276.4   97.0     11.8     86643
2017  7 17 17    140.3    317.0   0.00000000   0.00000686    276.2   99.7     11.0     86670
2017  7 17 18     35.2    327.9   0.00000000   0.00001561    275.9  100.0     11.2     86684
2017  7 17 19     48.4    318.7   0.00000000   0.00000435    275.6   99.6     11.8     86695
2017  7 17 20      8.5    325.0   0.00000000   0.00000799    275.6  100.0     11.8     86713
2017  7 17 21      0.4    327.3   0.00000000   0.00000829    275.8  100.0     11.2     86723
2017  7 17 22     -0.0    327.0   0.00000000   0.00000680    275.8  100.0     10.9     86765
2017  7 17 23      0.0    328.2   0.00000000   0.00000881    276.0  100.0     10.2     86795
2017  7 18  0     -0.0    329.1   0.00000000   0.00001090    276.1  100.0     11.6     86836
2017  7 18  1      0.1    329.4   0.00000000   0.00000978    276.0  100.0     11.4     86869
2017  7 18  2     -0.0    328.2   0.00000000   0.00000567    275.6  100.0     10.9     86878
2017  7 18  3      0.1    326.2   0.00000000   0.00000149    275.5  100.0     10.6     86899
2017  7 18  4      5.0    326.4   0.00000000   0.00000194    275.6  100.0     10.1     86953
2017  7 18  5     17.1    326.5   0.00000000   0.00000112    275.6  100.0      9.1     87023
2017  7 18  6     23.3    327.1   0.00000000   0.00000246    275.7  100.0      7.8     87064
2017  7 18  7     29.6    327.6   0.00000000   0.00000411    275.8  100.0      7.2     87116
2017  7 18  8     46.7    328.1   0.00000000   0.00000316    275.9  100.0      7.1     87165
2017  7 18  9     69.3    329.1   0.00000000   0.00000223    276.3  100.0      6.9     87215
2017  7 18 10     86.6    331.0   0.00000000   0.00000232    276.6   99.9      6.9     87269
2017  7 18 11    161.5    330.5   0.00000000   0.00000169    277.3   95.6      7.5     87317
2017  7 18 12    433.7    317.6   0.00000000   0.00000053    278.7   92.3      6.1     87387
2017  7 18 13    514.4    313.4   0.00000000   0.00000016    279.5   87.9      6.5     87382
2017  7 18 14    498.2    311.0   0.00000000   0.00000008    280.0   86.2      7.1     87370
2017  7 18 15    390.5    316.5   0.00000000   0.00000016    280.1   86.0      7.0     87367
2017  7 18 16    285.3    323.6   0.00000000   0.00000020    280.0   86.2      6.6     87382
2017  7 18 17    201.4    326.4   0.00000000   0.00000024    279.8   88.3      6.0     87378
2017  7 18 18    148.3    323.8   0.00000000   0.00000020    279.6   89.1      5.2     87383
2017  7 18 19     83.0    325.3   0.00000000   0.00000008    279.2   90.6      3.8     87424
2017  7 18 20     32.4    316.8   0.00000000   0.00000000    278.6   93.7      2.8     87444
2017  7 18 21      3.7    261.7   0.00000000   0.00000000    277.1   96.1      2.7     87451
2017  7 18 22      0.0    243.7   0.00000000  -0.00000000    276.1   96.5      3.1     87452
2017  7 18 23      0.0    248.1   0.00000000   0.00000006    274.9   97.4      3.2     87452
2017  7 19  0     -0.0    239.3   0.00000000  -0.00000001    275.3   88.4      2.2     87442
2017  7 19  1     -0.0    239.8   0.00000000  -0.00000000    275.0   87.1      2.0     87448
2017  7 19  2      0.0    240.2   0.00000000  -0.00000000    274.9   82.5      1.7     87443
2017  7 19  3      1.1    240.1   0.00000000   0.00000001    275.1   81.4      2.0     87432
2017  7 19  4     43.5    239.5   0.00000000  -0.00000001    275.3   82.0      2.0     87430
2017  7 19  5    137.3    240.2   0.00000000   0.00000002    276.4   82.2      2.1     87410
2017  7 19  6    259.2    243.0   0.00000000  -0.00000002    278.4   80.5      1.4     87403
2017  7 19  7    391.2    247.0   0.00000000  -0.00000001    280.4   70.8      1.7     87390
2017  7 19  8    519.6    251.1   0.00000000  -0.00000002    281.9   70.4      1.8     87384
2017  7 19  9    632.3    255.3   0.00000000   0.00000002    283.2   70.2      2.3     87374
2017  7 19 10    721.8    258.9   0.00000000   0.00000002    284.0   71.9      2.9     87376
2017  7 19 11    779.7    262.5   0.00000000  -0.00000003    284.9   71.0      2.5     87375
2017  7 19 12    805.1    260.2   0.00000000   0.00000000    284.9   68.4      2.5     87336
2017  7 19 13    788.8    264.7   0.00000000   0.00000000    285.9   67.5      2.4     87328
2017  7 19 14    735.3    269.1   0.00000000   0.00000000    286.6   64.0      1.8     87301
2017  7 19 15    652.0    270.8   0.00000000   0.00000000    286.9   61.7      0.8     87246
2017  7 19 16    542.5    270.8   0.00000000   0.00000000    287.2   59.5      1.0     87222
2017  7 19 17    402.3    275.2   0.00000000   0.00000000    287.2   60.0      1.4     87209
2017  7 19 18    282.5    272.1   0.00000000   0.00000000    286.6   64.8      1.0     87186
2017  7 19 19    158.4    269.7   0.00000000   0.00000000    285.2   76.6      1.0     87192
2017  7 19 20     57.6    267.1   0.00000000   0.00000000    283.8   78.7      0.8     87175
2017  7 19 21      3.9    264.1   0.00000000   0.00000000    282.2   82.8      0.8     87155
2017  7 19 22      0.0    261.1   0.00000000   0.00000000    280.3   85.6      1.3     87155
2017  7 19 23      0.0    258.2   0.00000000   0.00000000    278.1   99.3      2.6     87167
2017  7 20  0     -0.0    256.5   0.00000000   0.00000000    278.4   91.0      3.4     87178
2017  7 20  1     -0.1    256.2   0.00000000   0.00000000    278.3   92.5      2.4     87122
2017  7 20  2     -0.0    254.6   0.00000000   0.00000000    278.1   92.5      2.2     87078
2017  7 20  3      0.8    254.5   0.00000000   0.00000000    277.5   94.0      3.3     87069
2017  7 20  4     41.1    253.5   0.00000000   0.00000000    278.1   94.8      3.2     87034
2017  7 20  5    134.0    254.4   0.00000000   0.00000000    279.4   93.9      2.7     87022
2017  7 20  6    254.6    256.1   0.00000000   0.00000000    281.1   89.9      4.1     87021
2017  7 20  7    387.3    256.4   0.00000000   0.00000000    282.1   81.6      4.3     87003
2017  7 20  8    515.5    258.5   0.00000000   0.00000000    283.3   76.0      4.4     86967
2017  7 20  9    629.9    260.4   0.00000000   0.00000000    284.6   72.1      4.8     86928
2017  7 20 10    719.4    265.2   0.00000000   0.00000000    286.0   65.1      5.2     86899
2017  7 20 11    777.8    269.2   0.00000000   0.00000000    286.9   62.1      5.3     86868
2017  7 20 12    800.3    272.7   0.00000000   0.00000000    287.9   52.6      5.6     86898
2017  7 20 13    785.1    275.4   0.00000000   0.00000000    288.8   47.4      5.4     86876
2017  7 20 14    731.8    278.5   0.00000000   0.00000000    289.3   46.6      5.6     86857
2017  7 20 15    646.3    281.1   0.00000000   0.00000000    289.3   49.4      5.7     86839
2017  7 20 16    531.5    284.2   0.00000000   0.00000000    288.8   52.5      5.5     86828
2017  7 20 17    403.5    282.8   0.00000000   0.00000000    288.0   52.6      5.1     86840
2017  7 20 18    271.9    279.5   0.00000000   0.00000000    287.1   55.3      5.2     86865
2017  7 20 19    148.3    278.4   0.00000000   0.00000000    285.9   63.1      5.2     86892
2017  7 20 20     55.2    271.2   0.00000000   0.00000000    284.2   70.3      3.8     86888
2017  7 20 21      3.2    264.7   0.00000000   0.00000000    282.3   79.8      3.5     86889
2017  7 20 22      0.0    260.1   0.00000000   0.00000000    280.9   88.2      3.7     86889
2017  7 20 23      0.0    260.3   0.00000000   0.00000000    280.2   86.0      3.8     86908
2017  7 21  0     -0.0    256.8   0.00000000   0.00000000    279.6   88.6      3.8     86924
2017  7 21  1     -0.1    258.8   0.00000000   0.00000000    279.1   90.2      3.6     86941
2017  7 21  2      0.1    260.8   0.00000000   0.00000000    278.7   93.2      3.2     86959
2017  7 21  3      0.5    261.0   0.00000000   0.00000000    278.4   92.9      3.0     86951
2017  7 21  4     32.9    266.8   0.00000000   0.00000000    278.9   86.5      3.6     86955
2017  7 21  5    100.8    275.3   0.00000000   0.00000000    280.2   78.8      4.4     86953
2017  7 21  6    159.2    293.3   0.00000000   0.00000000    281.6   70.6      5.5     86973
2017  7 21  7    193.4    308.7   0.00000000   0.00000000    282.6   68.6      5.8     86996
2017  7 21  8    171.8    321.9   0.00000000   0.00000000    283.1   67.2      6.6     87018
2017  7 21  9    293.3    322.8   0.00000000   0.00000000    284.4   65.1      7.4     87062
2017  7 21 10    351.3    327.6   0.00000000   0.00000019    284.1   68.7      6.7     87116
2017  7 21 11    603.3    300.9   0.00000000   0.00000010    285.0   69.9      6.6     87148
2017  7 21 12     56.9    351.7   0.00000000   0.00003592    281.9   94.1      5.3     87182
2017  7 21 13     37.1    352.3   0.00000000   0.00002918    281.5   97.3      5.2     87215
2017  7 21 14     35.0    353.2   0.00000000   0.00003382    281.5   98.4      4.6     87237
2017  7 21 15     33.7    352.9   0.00000000   0.00003356    281.4   98.7      4.4     87254
2017  7 21 16     15.3    352.9   0.00000000   0.00002493    281.2   99.5      4.4     87270
2017  7 21 17      8.5    352.8   0.00000000   0.00002144    281.1   99.7      4.2     87294
2017  7 21 18      7.5    352.2   0.00000000   0.00001765    281.1   98.3      3.9     87315
2017  7 21 19      5.4    350.7   0.00000000   0.00000911    281.0   97.7      3.7     87349
2017  7 21 20      3.6    350.5   0.00000000   0.00000367    280.9   99.0      3.9     87369
2017  7 21 21      0.3    351.0   0.00000000   0.00000149    280.8   99.9      3.9     87376
2017  7 21 22      0.0    351.2   0.00000000   0.00000138    280.7   99.9      3.2     87416
2017  7 21 23      0.0    351.3   0.00000000   0.00000138    280.6   99.9      2.5     87436
2017  7 22  0      0.0    351.1   0.00000000   0.00000103    280.7   99.9      2.5     87449
2017  7 22  1      0.0    351.1   0.00000000   0.00000066    280.7   99.9      2.5     87448
2017  7 22  2      0.0    351.3   0.00000000   0.00000060    280.7   99.9      2.6     87445
2017  7 22  3     -0.2    351.6   0.00000000   0.00000088    280.8   99.9      2.6     87445
2017  7 22  4      4.6    351.5   0.00000000   0.00000136    280.8   99.4      2.9     87454
2017  7 22  5     24.3    349.0   0.00000000   0.00000062    281.0   95.3      3.1     87474
2017  7 22  6     59.1    348.3   0.00000000   0.00000037    281.1   95.1      3.0     87468
2017  7 22  7    112.5    349.5   0.00000000   0.00000038    281.5   93.7      3.4     87470
2017  7 22  8    152.1    350.0   0.00000000   0.00000036    281.9   92.3      4.0     87506
2017  7 22  9    159.0    351.3   0.00000000   0.00000072    282.3   91.2      4.0     87531
2017  7 22 10    222.0    351.9   0.00000000   0.00000049    283.0   88.9      3.7     87554
2017  7 22 11    248.1    353.3   0.00000000   0.00000056    283.5   87.4      3.6     87566
2017  7 22 12    408.9    341.3   0.00000000   0.00000048    284.3   88.1      4.0     87576
2017  7 22 13    353.9    344.9   0.00000000   0.00000098    284.3   86.4      3.7     87573
2017  7 22 14    471.6    317.8   0.00000000   0.00000028    284.8   85.6      3.3     87544
2017  7 22 15    537.0    306.1   0.00000000   0.00000000    285.5   81.5      3.4     87533
2017  7 22 16    446.3    301.5   0.00000000   0.00000014    285.6   78.8      3.4     87536
2017  7 22 17    243.7    321.8   0.00000000   0.00000060    284.8   82.5      3.5     87539
2017  7 22 18    214.8    296.5   0.00000000   0.00000000    284.5   82.1      3.3     87540
2017  7 22 19    113.8    293.4   0.00000000   0.00000000    283.9   81.7      3.0     87548
2017  7 22 20     36.8    290.7   0.00000000   0.00000000    282.7   88.2      1.7     87544
2017  7 22 21      1.5    282.9   0.00000000   0.00000000    281.6   90.8      2.1     87541
2017  7 22 22      0.0    283.6   0.00000000   0.00000000    280.5   94.5      2.5     87566
2017  7 22 23      0.0    283.2   0.00000000   0.00000000    280.0   96.7      2.7     87572
2017  7 23  0      0.1    286.0   0.00000000   0.00000000    279.7   96.8      2.6     87545
2017  7 23  1     -0.1    286.4   0.00000000   0.00000000    279.7   93.3      2.8     87528
2017  7 23  2      0.1    281.2   0.00000000   0.00000000    279.2   91.6      2.7     87500
2017  7 23  3      0.1    265.0   0.00000000  -0.00000001    278.7   90.6      2.3     87481
2017  7 23  4     32.9    263.6   0.00000000   0.00000002    278.7   89.5      2.2     87457
2017  7 23  5    107.6    270.9   0.00000000  -0.00000001    279.9   86.5      1.9     87441
2017  7 23  6    196.4    282.2   0.00000000   0.00000000    281.7   82.5      1.9     87415
2017  7 23  7    331.2    278.2   0.00000000   0.00000001    283.1   76.1      2.9     87372
2017  7 23  8    479.1    276.1   0.00000000   0.00000000    284.2   73.9      3.7     87356
2017  7 23  9    592.5    279.1   0.00000000   0.00000000    285.2   71.4      4.0     87344
2017  7 23 10    689.5    280.2   0.00000000   0.00000000    286.2   68.3      4.4     87330
2017  7 23 11    749.7    283.6   0.00000000   0.00000000    287.2   64.1      4.6     87316
2017  7 23 12    748.7    292.0   0.00000000   0.00000000    287.2   63.9      4.8     87344
2017  7 23 13    743.8    290.8   0.00000000   0.00000000    287.9   56.8      4.4     87298
2017  7 23 14    689.1    292.6   0.00000000   0.00000000    288.3   54.5      4.2     87261
2017  7 23 15    603.3    294.1   0.00000000   0.00000000    288.4   54.6      3.8     87223
2017  7 23 16    460.7    306.3   0.00000000   0.00000000    288.0   56.4      4.0     87226
2017  7 23 17    345.4    301.2   0.00000000   0.00000000    287.5   55.4      4.0     87215
2017  7 23 18    264.8    284.2   0.00000000   0.00000000    286.9   56.6      3.6     87193
2017  7 23 19    142.3    282.7   0.00000000   0.00000000    286.0   64.5      2.5     87171
2017  7 23 20     47.3    279.5   0.00000000   0.00000000    284.1   75.4      2.2     87163
2017  7 23 21      1.6    274.8   0.00000000   0.00000000    282.2   78.6      2.1     87184
2017  7 23 22      0.0    297.9   0.00000000   0.00000000    281.4   80.8      2.0     87204
2017  7 23 23      0.0    336.1   0.00000000   0.00000000    281.7   79.7      2.1     87186
2017  7 24  0      0.0    313.3   0.00000000   0.00000000    281.4   78.6      2.4     87153
2017  7 24  1      0.0    269.9   0.00000000   0.00000000    280.4   84.1      2.6     87102
2017  7 24  2      0.0    268.3   0.00000000   0.00000000    279.7   85.9      2.8     87054
2017  7 24  3     -0.1    266.1   0.00000000   0.00000000    279.1   88.9      2.7     87026
2017  7 24  4     17.3    295.2   0.00000000   0.00000000    279.5   88.8      2.4     87036
2017  7 24  5     30.2    331.1   0.00000000   0.00000000    280.4   86.1      1.9     87041
2017  7 24  6    120.1    313.9   0.00000000   0.00000000    281.5   81.7      1.6     87050
2017  7 24  7    124.0    319.3   0.00000000   0.00000000    282.1   80.4      2.3     87052
2017  7 24  8     75.4    330.9   0.00000000   0.00000263    282.2   81.7      2.6     87078
2017  7 24  9    148.1    334.0   0.00000000   0.00000113    282.8   80.5      2.6     87103
2017  7 24 10    379.6    321.8   0.00000000   0.00000013    284.2   78.7      3.0     87108
2017  7 24 11    328.9    329.3   0.00000000   0.00003631    284.0   81.9      5.9     87101
2017  7 24 12    272.1    335.5   0.00000000   0.00001038    284.2   78.1      4.3     87121
2017  7 24 13     82.2    345.9   0.00000000   0.00004592    282.6   92.3      3.3     87142
2017  7 24 14    461.4    317.1   0.00000000   0.00000639    284.0   87.4      3.4     87142
2017  7 24 15    118.6    346.1   0.00000000   0.00003337    283.6   88.3      2.7     87143
2017  7 24 16    290.7    322.8   0.00000000   0.00001518    283.4   87.5      2.1     87145
2017  7 24 17     18.4    346.5   0.00000000   0.00009689    282.4   91.5      2.2     87161
2017  7 24 18     11.7    345.9   0.00000000   0.00008951    281.8   92.4      1.0     87192
2017  7 24 19     33.8    340.5   0.00000000   0.00000727    282.1   93.8      1.3     87213
2017  7 24 20     13.0    338.8   0.00000000   0.00000377    282.0   95.1      0.4     87217
2017  7 24 21      0.6    340.6   0.00000000   0.00000398    281.9   91.3      1.6     87219
2017  7 24 22      0.0    347.6   0.00000000   0.00003655    281.6   94.5      0.7     87225
2017  7 24 23      0.0    325.1   0.00000000   0.00000655    281.2   96.9      0.9     87225
2017  7 25  0      0.0    348.3   0.00000000   0.00001321    281.3   95.6      0.7     87227
2017  7 25  1      0.0    350.6   0.00000000   0.00003208    281.3   93.3      1.1     87219
2017  7 25  2      0.0    350.2   0.00000000   0.00000528    281.3   96.6      1.3     87198
2017  7 25  3     -0.0    334.6   0.00000000   0.00001119    281.0   97.1      1.2     87179
2017  7 25  4     10.1    317.7   0.00000000   0.00001747    280.8   94.8      1.4     87167
2017  7 25  5     55.7    313.4   0.00000000   0.00000928    280.9   95.6      1.4     87167
2017  7 25  6     58.0    341.9   0.00000000   0.00000344    281.3   96.5      2.1     87155
2017  7 25  7    177.1    328.6   0.00000000   0.00000122    282.1   89.9      2.9     87152
2017  7 25  8    143.4    345.4   0.00000000   0.00000336    282.0   91.2      3.2     87161
2017  7 25  9    154.0    341.7   0.00000000   0.00000449    282.2   91.2      2.7     87160
2017  7 25 10    350.0    322.9   0.00000000   0.00000284    283.4   85.1      3.3     87161
2017  7 25 11    411.1    328.2   0.00000000   0.00000159    284.0   81.4      4.0     87157
2017  7 25 12    654.6    307.6   0.00000000   0.00000029    285.3   76.6      2.7     87076
2017  7 25 13    380.1    321.1   0.00000000   0.00003421    284.1   80.3      3.4     87064
2017  7 25 14    531.2    299.5   0.00000000   0.00000365    285.7   75.4      1.5     87041
2017  7 25 15    216.6    340.4   0.00000000   0.00004570    283.6   80.9      4.2     87040
2017  7 25 16    135.6    336.1   0.00000000   0.00000914    283.9   81.8      0.6     87011
2017  7 25 17    384.7    282.3   0.00000000   0.00000003    285.3   78.5      0.1     86975
2017  7 25 18    160.6    321.5   0.00000000   0.00000105    285.2   74.1      2.0     86966
2017  7 25 19     67.2    327.0   0.00000000   0.00000008    284.2   87.3      0.7     86953
2017  7 25 20     20.3    329.9   0.00000000   0.00000000    283.6   87.3      1.2     86939
2017  7 25 21      0.7    277.4   0.00000000   0.00000007    281.9   90.4      2.1     86936
2017  7 25 22      0.0    269.1   0.00000000  -0.00000007    280.7   91.3      2.1     86918
2017  7 25 23      0.0    272.6   0.00000000   0.00000003    280.0   93.6      2.1     86903
2017  7 26  0      0.0    310.2   0.00000000   0.00000011    280.1   94.9      1.4     86885
2017  7 26  1      0.0    307.8   0.00000000   0.00000760    280.1   94.7      2.2     86867
2017  7 26  2      0.0    347.4   0.00000000   0.00000541    280.8   97.2      1.9     86834
2017  7 26  3      0.1    345.4   0.00000000   0.00000001    281.0   99.7      2.0     86794
2017  7 26  4      2.6    352.5   0.00000000   0.00000058    281.4   99.6      3.9     86777
2017  7 26  5     15.5    352.2   0.00000000   0.00000117    281.4   96.8      4.6     86767
2017  7 26  6     43.1    348.7   0.00000000   0.00000059    281.4   93.1      4.2     86736
2017  7 26  7     84.4    347.3   0.00000000   0.00000068    281.6   90.0      4.2     86702
2017  7 26  8    138.7    345.6   0.00000000   0.00000039    281.7   88.5      4.5     86692
2017  7 26  9    153.2    343.5   0.00000000   0.00000029    281.6   89.2      4.7     86690
2017  7 26 10    412.6    315.4   0.00000000   0.00000010    282.7   84.7      4.4     86668
2017  7 26 11    415.7    331.2   0.00000000   0.00000020    283.4   81.7      4.5     86656
2017  7 26 12    607.4    322.4   0.00000000   0.00000002    285.0   82.1      3.9     86575
2017  7 26 13    571.9    314.7   0.00000000   0.00000000    284.8   88.4      5.6     86537
2017  7 26 14    291.0    323.8   0.00000000   0.00002070    283.7   89.0      5.5     86526
2017  7 26 15     77.7    351.5   0.00000000   0.00000733    283.4   90.8      3.4     86494
2017  7 26 16    321.3    309.2   0.00000000   0.00000023    284.5   83.5      4.5     86455
2017  7 26 17    220.2    319.2   0.00000000   0.00000059    284.2   86.1      4.4     86419
2017  7 26 18     91.4    345.7   0.00000000  -0.00000004    284.0   88.2      4.1     86386
2017  7 26 19     39.4    349.4   0.00000000   0.00000004    283.6   88.9      4.3     86366
2017  7 26 20      5.1    352.9   0.00000000   0.00000031    282.7   92.4      5.1     86342
2017  7 26 21      0.3    314.1   0.00000000   0.00000009    282.2   96.9      4.6     86319
2017  7 26 22      0.0    324.4   0.00000000   0.00000000    281.9   95.6      5.1     86293
2017  7 26 23      0.0    346.7   0.00000000   0.00000000    281.7   97.4      4.9     86259
2017  7 27  0      0.0    352.8   0.00000000   0.00000028    281.3   99.4      5.2     86224
2017  7 27  1      0.0    353.7   0.00000000   0.00000103    281.2   99.7      6.0     86171
2017  7 27  2      0.0    352.7   0.00000000   0.00000131    281.4   98.4      6.2     86111
2017  7 27  3     -0.0    350.0   0.00000000   0.00000019    281.5   97.0      7.0     86067
2017  7 27  4      4.6    349.4   0.00000000   0.00000084    281.4   96.7      7.8     86014
2017  7 27  5     10.3    350.5   0.00000000   0.00000121    281.5   96.1      6.8     85999
2017  7 27  6     37.9    346.8   0.00000000   0.00000131    281.8   92.5      6.7     85976
2017  7 27  7     67.1    347.2   0.00000000   0.00000159    281.7   92.5      7.1     85956
2017  7 27  8    122.2    336.4   0.00000000   0.00001251    281.9   93.1      7.3     85935
2017  7 27  9    129.2    339.9   0.00000000   0.00001484    281.7   92.5      7.8     85940
2017  7 27 10     68.6    343.8   0.00000000   0.00004750    281.5   94.2      6.3     85943
2017  7 27 11     37.0    347.0   0.00000000   0.00007018    281.6   94.5      6.6     85962
2017  7 27 12     50.5    348.3   0.00000000   0.00004823    281.3   95.8      6.6     85850
2017  7 27 13     42.1    350.6   0.00000000   0.00002098    281.5   95.2      7.5     85844
2017  7 27 14    177.0    347.2   0.00000000   0.00000203    281.7   94.6      7.1     85851
2017  7 27 15     27.8    350.6   0.00000000   0.00000664    281.4   97.3      6.0     85850
2017  7 27 16     23.5    352.6   0.00000000   0.00000463    281.2   99.9      6.2     85846
2017  7 27 17     40.4    353.2   0.00000000   0.00000363    281.7   95.4      5.0     85858
2017  7 27 18     17.9    350.6   0.00000000   0.00000174    281.5   98.0      4.4     85861
2017  7 27 19      8.6    350.9   0.00000000   0.00000934    281.4   98.1      5.1     85859
2017  7 27 20     15.9    313.2   0.00000000   0.00000111    281.2   95.6      3.3     85863
2017  7 27 21      0.1    340.0   0.00000000   0.00000212    281.2   96.4      2.0     85848
2017  7 27 22      0.0    342.4   0.00000000   0.00000702    281.2   96.1      2.0     85848
2017  7 27 23      0.0    326.0   0.00000000   0.00000220    280.9   97.7      1.8     85835
2017  7 28  0      0.0    317.1   0.00000000   0.00000071    280.8   97.2      2.6     85816
2017  7 28  1      0.0    325.3   0.00000000   0.00004261    280.8   94.2      4.1     85780
2017  7 28  2      0.0    327.8   0.00000000   0.00003975    280.5   97.4      3.5     85766
2017  7 28  3      0.0    331.6   0.00000000   0.00003895    280.3   95.3      3.2     85746
2017  7 28  4      3.6    326.8   0.00000000   0.00000934    280.2   96.6      2.3     85743
2017  7 28  5      7.7    334.7   0.00000000   0.00005248    280.2   96.4      3.0     85723
2017  7 28  6    100.1    316.4   0.00000000   0.00001242    280.4   94.4      3.7     85734
2017  7 28  7    112.5    333.1   0.00000000   0.00000440    280.7   92.4      3.6     85733
2017  7 28  8    194.4    316.3   0.00000000   0.00000642    280.7   86.0      2.1     85765
2017  7 28  9    468.7    289.4   0.00000000   0.00000021    281.6   84.3      1.7     85797
2017  7 28 10    371.5    321.5   0.00000000   0.00000159    281.8   82.6      1.1     85824
2017  7 28 11    698.0    278.8   0.00000000   0.00000186    283.2   78.3      1.2     85813
2017  7 28 12    575.9    304.6   0.00000000  -0.00000005    282.5   77.6      2.6     85852
2017  7 28 13    635.9    284.5   0.00000000   0.00000002    283.0   75.9      2.2     85850
2017  7 28 14    352.5    316.3   0.00000000   0.00009852    280.4   91.9      7.3     85928
2017  7 28 15    168.2    312.0   0.00000000   0.00028445    279.7   86.2      0.3     85883
2017  7 28 16    209.2    316.0   0.00000000   0.00001791    280.7   87.7      2.4     85898
2017  7 28 17    109.9    319.5   0.00000000   0.00012606    279.8   91.1      1.0     85946
2017  7 28 18    178.7    277.7   0.00000000   0.00000764    280.2   88.6      1.0     85939
2017  7 28 19     59.3    314.1   0.00000000   0.00001141    279.8   86.9      1.0     85978
2017  7 28 20     36.1    252.6   0.00000000   0.00000000    278.8   92.8      0.8     86013
2017  7 28 21      0.1    247.1   0.00000000   0.00000000    277.2   93.6      1.1     86027
2017  7 28 22      0.0    244.6   0.00000000   0.00000000    276.3   92.7      0.8     86025
2017  7 28 23      0.0    243.9   0.00000000   0.00000000    275.5   95.3      0.7     86034
2017  7 29  0      0.0    244.9   0.00000000   0.00000000    274.9  100.0      1.4     86024
2017  7 29  1      0.0    268.4   0.00000000   0.00000000    275.2  100.0      2.2     86018
2017  7 29  2      0.0    326.7   0.00000000   0.00000009    276.5   99.8      2.5     86015
2017  7 29  3     -0.1    283.1   0.00000000   0.00000009    276.6   98.2      2.4     86009
2017  7 29  4     21.0    248.3   0.00000000   0.00000000    276.5   97.6      2.9     86006
2017  7 29  5     85.2    272.9   0.00000000   0.00000000    277.3   96.9      3.2     86008
2017  7 29  6     84.8    325.5   0.00000000   0.00000028    277.7   97.7      3.0     85992
2017  7 29  7     54.1    333.7   0.00000000   0.00000019    277.7   98.6      3.5     85993
2017  7 29  8     85.1    334.6   0.00000000   0.00000019    278.3   96.4      3.7     85994
2017  7 29  9     91.3    334.8   0.00000000   0.00000189    279.2   92.3      4.4     85984
2017  7 29 10    385.3    301.3   0.00000000   0.00000189    280.7   87.6      4.8     85995
2017  7 29 11    375.6    308.2   0.00000000   0.00000406    280.3   86.7      5.3     86031
2017  7 29 12    258.8    325.9   0.00000000   0.00000323    281.0   89.7      5.9     86015
2017  7 29 13    308.8    320.7   0.00000000   0.00000499    281.3   89.5      5.0     86045
2017  7 29 14    186.6    330.1   0.00000000   0.00006116    280.7   93.9      5.5     86047
2017  7 29 15    152.9    340.0   0.00000000   0.00001887    281.2   93.8      5.2     86036
2017  7 29 16    177.0    331.4   0.00000000   0.00000186    281.2   94.0      5.2     86052
2017  7 29 17     91.4    339.5   0.00000000   0.00000876    280.6   94.5      5.0     86078
2017  7 29 18     89.5    322.4   0.00000000   0.00001940    280.5   93.6      3.1     86081
2017  7 29 19      9.0    332.4   0.00000000   0.00002957    280.0   95.1      2.9     86097
2017  7 29 20      1.7    339.3   0.00000000   0.00003385    279.8   95.9      2.1     86116
2017  7 29 21     -0.0    341.6   0.00000000   0.00001844    279.7   96.5      0.9     86149
2017  7 29 22      0.0    339.9   0.00000000   0.00000018    279.6   98.6      0.5     86178
2017  7 29 23      0.0    267.7   0.00000000  -0.00000002    278.6   95.7      1.2     86208
2017  7 30  0      0.0    254.6   0.00000000  -0.00000001    277.3   95.5      2.5     86203
2017  7 30  1      0.0    252.3   0.00000000   0.00000001    276.8   94.9      2.1     86237
2017  7 30  2      0.0    248.6   0.00000000  -0.00000005    276.2   93.3      2.1     86242
2017  7 30  3      0.0    248.9   0.00000000   0.00000001    275.9   91.5      2.0     86228
2017  7 30  4     18.2    251.1   0.00000000   0.00000005    275.0   95.9      0.6     86233
2017  7 30  5     95.0    252.8   0.00000000  -0.00000005    276.2   99.7      1.9     86242
2017  7 30  6    211.8    251.9   0.00000000   0.00000010    278.1   95.0      1.3     86214
2017  7 30  7    332.0    256.2   0.00000000  -0.00000002    279.8   89.2      2.6     86197
2017  7 30  8    454.4    259.2   0.00000000   0.00000000    281.0   87.4      3.9     86204
2017  7 30  9    414.9    285.7   0.00000000   0.00000000    281.3   87.4      5.0     86215
2017  7 30 10    245.0    327.6   0.00000000   0.00000032    281.2   87.3      5.6     86199
2017  7 30 11    196.5    337.9   0.00000000   0.00000089    281.3   89.8      6.1     86156
2017  7 30 12    360.4    326.1   0.00000000   0.00000160    282.8   85.9      5.6     86123
2017  7 30 13    336.8    330.1   0.00000000   0.00000144    283.2   80.6      5.4     86086
2017  7 30 14    422.4    312.6   0.00000000   0.00000100    283.4   80.2      5.9     86015
2017  7 30 15    174.5    333.6   0.00000000   0.00000232    282.8   84.7      7.1     85966
2017  7 30 16    208.8    320.2   0.00000000   0.00001382    281.8   90.9      7.4     85951
2017  7 30 17    127.3    330.1   0.00000000   0.00000602    281.3   92.7      6.6     85941
2017  7 30 18     18.9    346.1   0.00000000   0.00003294    280.8   95.3      7.5     85904
2017  7 30 19      7.9    344.9   0.00000000   0.00000208    280.2   98.2      7.9     85848
2017  7 30 20      0.9    348.4   0.00000000   0.00015792    280.3   99.4      8.1     85832
2017  7 30 21      0.0    346.7   0.00000000   0.00011291    279.6   99.9      7.3     85776
2017  7 30 22      0.0    345.5   0.00000000   0.00000536    279.6   99.9      6.7     85731
2017  7 30 23      0.0    346.6   0.00000000   0.00002126    279.8   99.9      6.7     85740
2017  7 31  0      0.0    348.4   0.00000000   0.00008388    280.2   99.9      5.4     85725
2017  7 31  1      0.0    347.8   0.00000000   0.00010313    280.5   93.3      5.5     85763
2017  7 31  2     -0.1    335.8   0.00000000   0.00001438    279.0   95.2      5.2     85794
2017  7 31  3      0.1    337.7   0.00000000   0.00001297    278.3   99.4      3.8     85827
2017  7 31  4      7.0    332.6   0.00000000   0.00001018    278.0   98.8      3.3     85871
2017  7 31  5     15.4    333.8   0.00000000   0.00001409    277.9   98.7      3.1     85927
2017  7 31  6     94.5    312.2   0.00000000   0.00001172    277.9   96.2      2.9     85969
2017  7 31  7     40.2    327.9   0.00000000   0.00001144    277.8   97.2      2.5     86003
2017  7 31  8     48.2    334.5   0.00000000   0.00000411    277.9   97.9      2.9     86068
2017  7 31  9    104.4    333.0   0.00000000   0.00000056    278.6   95.0      2.3     86101
2017  7 31 10    412.5    304.3   0.00000000   0.00000432    280.7   91.0      6.6     86110
2017  7 31 11    520.7    292.1   0.00000000   0.00000851    280.7   90.9      7.2     86150
2017  7 31 12    691.2    270.5   0.00000000   0.00000115    280.7   93.0      4.7     86209
2017  7 31 13    356.2    320.2   0.00000000   0.00000418    280.3   92.4      4.0     86226
2017  7 31 14    473.7    302.0   0.00000000   0.00000372    281.2   89.5      5.4     86228
2017  7 31 15    311.5    304.5   0.00000000   0.00005303    279.9   93.1      4.3     86235
2017  7 31 16    256.6    313.5   0.00000000   0.00000795    280.4   92.6      3.8     86242
2017  7 31 17    231.5    295.2   0.00000000   0.00004902    280.1   89.4      4.3     86269
2017  7 31 18    118.5    300.2   0.00000000   0.00000443    280.1   90.2      2.4     86278
2017  7 31 19     15.6    329.8   0.00000000   0.00001867    279.1   93.4      1.2     86359
2017  7 31 20      4.7    329.0   0.00000000   0.00003343    278.7   93.9      1.1     86363
2017  7 31 21     -0.2    298.5   0.00000000   0.00000486    278.0   97.2      0.6     86377
2017  7 31 22      0.0    331.3   0.00000000   0.00000480    278.0   95.6      0.6     86415
2017  7 31 23      0.0    332.3   0.00000000   0.00000332    278.0   95.7      1.0     86428
2017  8  1  0      0.0    330.8   0.00000000   0.00000758    277.9   96.2      2.2     86443
2017  8  1  1      0.0    297.6   0.00000000   0.00001552    277.3   97.3      3.2     86464
2017  8  1  2      0.0    329.5   0.00000000   0.00000202    277.2   99.4      4.1     86495
2017  8  1  3      0.0    301.8   0.00000000   0.00000050    276.9   97.7      3.6     86533
2017  8  1  4     16.0    253.0   0.00000000   0.00000023    276.6   96.6      3.3     86563
2017  8  1  5     97.9    241.2   0.00000000  -0.00000002    277.1   94.5      1.9     86599
2017  8  1  6    200.1    253.3   0.00000000   0.00000102    277.9   94.6      1.9     86635
2017  8  1  7    183.0    300.4   0.00000000   0.00000040    278.3   94.8      2.6     86688
2017  8  1  8     91.6    328.8   0.00000000   0.00000050    278.3   94.8      1.8     86727
2017  8  1  9    137.2    329.7   0.00000000   0.00000023    279.1   91.5      1.9     86777
2017  8  1 10    170.8    329.4   0.00000000   0.00000224    279.9   89.2      3.6     86818
2017  8  1 11    174.8    331.9   0.00000000   0.00000034    280.2   88.5      3.5     86855
2017  8  1 12    554.6    297.7   0.00000000   0.00000174    281.8   84.5      4.7     86808
2017  8  1 13    644.5    278.1   0.00000000   0.00000104    282.4   82.9      4.2     86790
2017  8  1 14    565.4    285.1   0.00000000   0.00000094    282.4   83.4      4.4     86798
2017  8  1 15    589.5    265.6   0.00000000   0.00000019    282.3   82.9      3.7     86811
2017  8  1 16    379.0    289.9   0.00000000   0.00000100    282.3   81.2      3.6     86792
2017  8  1 17    339.2    272.9   0.00000000   0.00000197    281.8   85.4      3.5     86783
2017  8  1 18     16.4    337.4   0.00000000   0.00007759    280.5   87.4      1.9     86789
2017  8  1 19      8.2    327.0   0.00000000   0.00000381    279.6   90.3      0.8     86768
2017  8  1 20     20.7    263.3   0.00000000   0.00000003    278.8   95.3      0.6     86732
2017  8  1 21      0.1    247.0   0.00000000   0.00000001    278.0   94.9      1.0     86719
2017  8  1 22      0.0    273.8   0.00000000   0.00000024    277.5   95.9      2.2     86676
2017  8  1 23      0.0    287.9   0.00000000   0.00000051    277.5   97.6      2.7     86648
2017  8  2  0      0.0    290.6   0.00000000   0.00000059    277.6   94.6      2.0     86606
2017  8  2  1      0.0    317.6   0.00000000   0.00015154    277.6   96.2      2.1     86569
2017  8  2  2     -0.1    333.8   0.00000000   0.00003640    278.0   96.9      1.1     86540
2017  8  2  3      0.0    325.4   0.00000000   0.00003481    278.1   97.2      1.3     86506
2017  8  2  4      3.7    322.0   0.00000000   0.00001174    277.9   96.0      1.0     86480
2017  8  2  5     44.5    295.7   0.00000000   0.00000043    277.8   96.3      1.0     86454
2017  8  2  6    171.2    265.4   0.00000000   0.00000000    278.5   92.6      0.5     86450
2017  8  2  7    280.2    266.3   0.00000000   0.00000006    279.1   89.9      2.4     86446
2017  8  2  8    367.5    274.4   0.00000000   0.00000024    279.5   89.1      2.8     86468
2017  8  2  9    435.9    283.4   0.00000000   0.00000018    279.9   89.2      3.9     86480
2017  8  2 10    540.1    285.3   0.00000000   0.00000041    280.1   88.8      4.3     86507
2017  8  2 11    660.5    268.8   0.00000000   0.00000024    280.7   86.1      3.5     86524
2017  8  2 12    438.3    305.7   0.00000000   0.00000083    281.1   85.7      4.1     86501
2017  8  2 13    532.3    291.0   0.00000000   0.00001123    280.7   88.9      5.4     86498
2017  8  2 14    195.2    311.6   0.00000000   0.00003190    279.8   88.8      5.0     86554
2017  8  2 15    379.6    298.6   0.00000000   0.00001203    279.4   93.0      5.2     86527
2017  8  2 16    331.7    286.9   0.00000000   0.00000070    279.5   89.2      5.1     86534
2017  8  2 17    323.5    263.5   0.00000000   0.00000013    279.4   90.5      4.8     86522
2017  8  2 18    193.9    274.4   0.00000000   0.00000020    279.1   89.3      4.1     86548
2017  8  2 19     81.6    291.4   0.00000000   0.00000013    278.4   92.8      2.6     86577
2017  8  2 20      7.3    330.6   0.00000000   0.00000133    278.0   97.2      2.1     86595
2017  8  2 21     -0.1    310.3   0.00000000   0.00000053    277.6   94.8      2.2     86587
2017  8  2 22      0.0    260.7   0.00000000   0.00000000    276.7   94.6      2.0     86608
2017  8  2 23      0.0    285.6   0.00000000   0.00000000    276.5   94.7      1.5     86613
2017  8  3  0      0.0    286.6   0.00000000   0.00000000    276.3   93.5      1.1     86604
2017  8  3  1      0.0    265.6   0.00000000  -0.00000004    275.8   96.5      1.3     86573
2017  8  3  2      0.0    240.7   0.00000000   0.00000001    275.0   98.3      1.9     86533
2017  8  3  3      0.0    240.5   0.00000000   0.00000000    274.4   97.5      2.3     86485
2017  8  3  4     12.7    238.0   0.00000000   0.00000000    274.2   98.7      2.4     86450
2017  8  3  5     55.3    297.5   0.00000000   0.00000007    275.1   99.4      2.1     86430
2017  8  3  6    144.7    291.4   0.00000000   0.00000000    276.2   96.1      3.2     86407
2017  8  3  7    287.2    267.2   0.00000000   0.00000000    277.1   93.8      3.7     86370
2017  8  3  8    455.7    244.9   0.00000000   0.00000000    278.8   86.4      4.9     86296
2017  8  3  9    575.2    251.8   0.00000000   0.00000000    280.4   82.1      6.3     86244
2017  8  3 10    460.3    295.5   0.00000000   0.00000235    280.6   79.4      7.1     86196
2017  8  3 11    222.2    331.5   0.00000000   0.00000628    279.6   85.2      7.2     86156
2017  8  3 12     53.6    336.2   0.00000000   0.00002905    279.7   90.6      8.3     86150
2017  8  3 13     37.3    336.0   0.00000000   0.00017960    279.3   95.0      7.9     86056
2017  8  3 14     36.5    338.9   0.00000000   0.00019798    279.0   96.6      8.3     86039
2017  8  3 15     37.9    338.1   0.00000000   0.00020435    279.0   94.8      8.3     85957
2017  8  3 16     41.5    336.7   0.00000000   0.00010988    279.3   95.6      8.2     85875
2017  8  3 17     13.4    340.9   0.00000000   0.00014084    278.9   99.4      8.0     85836
2017  8  3 18      8.0    339.1   0.00000000   0.00019693    279.2   95.5      7.4     85765
2017  8  3 19      4.2    340.9   0.00000000   0.00008840    279.3   96.7      7.9     85708
2017  8  3 20      0.6    339.5   0.00000000   0.00004613    279.3   98.4      7.5     85651
2017  8  3 21      0.0    343.4   0.00000000   0.00003232    279.1   99.9      7.1     85634
2017  8  3 22      0.0    343.3   0.00000000   0.00002041    279.0   99.9      5.4     85608
2017  8  3 23      0.0    343.7   0.00000000   0.00000494    279.1   99.9      3.8     85587
2017  8  4  0      0.0    343.9   0.00000000   0.00000680    279.2   99.9      2.3     85544
2017  8  4  1      0.0    344.7   0.00000000   0.00002149    279.3   99.9      1.5     85507
2017  8  4  2      0.0    344.7   0.00000000   0.00006648    279.4   99.9      1.3     85469
2017  8  4  3      0.0    344.6   0.00000000   0.00003309    279.4   99.9      0.6     85434
2017  8  4  4      0.3    344.4   0.00000000   0.00010175    279.4   99.5      0.9     85424
2017  8  4  5      4.8    343.5   0.00000000   0.00003892    279.5   98.7      0.6     85414
2017  8  4  6      9.4    343.1   0.00000000   0.00000929    279.6   97.8      0.6     85400
2017  8  4  7     12.1    342.3   0.00000000   0.00002926    279.5   99.3      0.6     85384
2017  8  4  8     17.7    344.2   0.00000000   0.00001226    279.6   99.5      0.4     85374
2017  8  4  9     20.2    345.0   0.00000000   0.00001190    279.6   99.9      0.4     85371
2017  8  4 10     25.7    345.5   0.00000000   0.00001457    279.7   99.0      0.7     85379
2017  8  4 11     26.9    344.4   0.00000000   0.00005343    279.9   95.3      2.1     85391
2017  8  4 12    168.5    343.2   0.00000000   0.00000941    280.3   98.4      2.9     85410
2017  8  4 13    203.2    345.4   0.00000000   0.00000603    280.6   97.0      2.6     85415
2017  8  4 14    115.1    344.1   0.00000000   0.00000885    280.7   94.7      2.5     85416
2017  8  4 15    208.9    331.1   0.00000000   0.00000690    281.4   92.1      2.9     85396
2017  8  4 16    420.9    286.3   0.00000000   0.00000057    282.3   85.6      3.0     85402
2017  8  4 17    217.4    319.1   0.00000000   0.00000065    282.2   83.4      2.6     85428
2017  8  4 18    123.2    309.3   0.00000000   0.00000039    281.6   86.1      2.7     85451
2017  8  4 19     98.8    268.5   0.00000000   0.00000002    280.9   90.6      2.0     85486
2017  8  4 20     17.5    276.0   0.00000000  -0.00000000    279.8   94.3      2.2     85528
2017  8  4 21      0.0    270.5   0.00000000   0.00000015    278.6   95.3      2.1     85550
2017  8  4 22      0.0    265.5   0.00000000   0.00000001    277.7   95.9      1.9     85588
2017  8  4 23      0.0    266.0   0.00000000   0.00000000    277.7   96.8      2.5     85603
2017  8  5  0      0.0    315.2   0.00000000   0.00000003    278.0   99.2      2.1     85620
2017  8  5  1      0.0    319.6   0.00000000   0.00000002    278.5   97.7      1.8     85625
2017  8  5  2      0.0    294.6   0.00000000   0.00000006    278.3   98.6      2.0     85642
2017  8  5  3      0.0    329.8   0.00000000   0.00000062    278.6   99.0      1.8     85659
2017  8  5  4      2.0    341.3   0.00000000   0.00000018    279.1   99.9      1.5     85689
2017  8  5  5     10.0    344.2   0.00000000   0.00000179    279.3   99.9      2.2     85716
2017  8  5  6      7.0    344.9   0.00000000   0.00001950    279.4   99.9      2.0     85747
2017  8  5  7     16.1    345.1   0.00000000   0.00002152    279.4   99.9      1.8     85777
2017  8  5  8     42.8    346.1   0.00000000   0.00000290    279.6   99.9      2.2     85806
2017  8  5  9    172.5    346.7   0.00000000   0.00000045    280.4   96.0      2.2     85829
2017  8  5 10    568.1    290.5   0.00000000   0.00000003    282.1   90.7      2.0     85847
2017  8  5 11    509.6    306.4   0.00000000  -0.00000001    282.5   85.5      2.2     85870
2017  8  5 12    332.6    331.3   0.00000000   0.00000229    281.2   94.9      3.0     85927
2017  8  5 13    162.7    346.5   0.00000000   0.00000265    280.6   97.5      2.8     85939
2017  8  5 14    430.7    320.2   0.00000000   0.00000010    281.9   91.0      2.1     85935
2017  8  5 15    500.6    288.4   0.00000000   0.00000003    282.4   88.1      3.0     85928
2017  8  5 16    400.8    285.3   0.00000000   0.00000005    282.0   88.4      3.4     85934
2017  8  5 17     92.7    341.4   0.00000000   0.00000389    280.1   99.5      4.2     85958
2017  8  5 18     12.1    346.4   0.00000000   0.00000750    279.3   99.9      3.8     85982
2017  8  5 19      4.7    343.8   0.00000000   0.00002049    279.1   99.4      2.9     85998
2017  8  5 20      2.5    325.5   0.00000000   0.00002236    279.1   94.4      2.0     85997
2017  8  5 21      0.0    324.6   0.00000000   0.00000784    279.0   94.1      1.0     85980
2017  8  5 22      0.0    318.8   0.00000000   0.00000843    278.9   92.8      0.9     85996
2017  8  5 23      0.0    322.4   0.00000000   0.00000695    278.9   92.4      0.7     85996
2017  8  6  0      0.0    324.4   0.00000000   0.00000817    278.9   95.0      0.9     85990
2017  8  6  1      0.0    325.4   0.00000000   0.00000470    279.0   94.3      0.8     85994
2017  8  6  2      0.0    330.6   0.00000000   0.00000551    279.1   91.7      1.7     86000
2017  8  6  3      0.0    329.0   0.00000000   0.00000340    278.8   93.4      2.7     86012
2017  8  6  4      3.2    310.7   0.00000000   0.00000309    278.5   96.6      3.3     86042
2017  8  6  5     17.6    332.8   0.00000000   0.00001036    278.6   98.6      3.1     86082
2017  8  6  6     10.9    339.9   0.00000000   0.00002119    278.6   99.9      3.4     86138
2017  8  6  7     12.0    340.6   0.00000000   0.00002868    278.4   99.9      4.0     86196
2017  8  6  8     26.6    339.2   0.00000000   0.00001714    278.4   99.7      4.2     86242
2017  8  6  9     41.3    339.6   0.00000000   0.00001523    278.4   99.9      4.9     86294
2017  8  6 10     51.4    340.2   0.00000000   0.00001437    278.4   99.9      5.3     86352
2017  8  6 11     79.5    340.4   0.00000000   0.00000745    278.5   99.9      5.3     86398
2017  8  6 12    393.3    324.1   0.00000000   0.00000034    279.2   93.8      4.7     86464
2017  8  6 13    446.1    313.4   0.00000000   0.00000030    279.7   91.8      4.2     86511
2017  8  6 14    436.2    304.5   0.00000000   0.00000135    279.9   90.6      3.7     86538
2017  8  6 15    208.5    325.0   0.00000000   0.00000340    279.5   92.3      4.0     86541
2017  8  6 16    104.9    332.7   0.00000000   0.00000729    278.6   98.9      5.4     86559
2017  8  6 17     57.7    336.8   0.00000000   0.00001163    278.3   99.8      5.9     86580
2017  8  6 18     22.7    337.9   0.00000000   0.00001541    278.1   99.9      5.4     86610
2017  8  6 19      5.0    338.6   0.00000000   0.00000952    278.1   99.9      5.5     86645
2017  8  6 20      0.8    339.2   0.00000000   0.00002221    278.2   99.9      6.2     86683
2017  8  6 21      0.0    338.7   0.00000000   0.00002883    278.1   99.9      7.1     86705
2017  8  6 22      0.0    337.8   0.00000000   0.00001919    277.7   99.9      7.5     86739
2017  8  6 23      0.0    336.6   0.00000000   0.00001391    277.5   99.9      7.0     86777
2017  8  7  0      0.0    335.2   0.00000000   0.00000955    277.3   99.9      7.0     86800
2017  8  7  1      0.0    334.3   0.00000000   0.00000729    277.1   99.9      7.5     86809
2017  8  7  2      0.0    333.6   0.00000000   0.00000570    276.9   99.9      7.5     86818
2017  8  7  3      0.0    332.4   0.00000000   0.00000444    276.6   99.9      6.9     86822
2017  8  7  4      0.5    331.0   0.00000000   0.00000344    276.3  100.0      5.9     86823
2017  8  7  5     12.7    329.5   0.00000000   0.00000226    276.1   99.9      5.4     86827
2017  8  7  6     57.6    326.7   0.00000000   0.00000025    276.1   97.8      4.6     86826
2017  8  7  7    190.6    310.2   0.00000000   0.00000005    276.7   95.0      3.7     86830
2017  8  7  8    422.5    257.0   0.00000000   0.00000003    277.7   92.6      1.3     86837
2017  8  7  9    478.4    277.7   0.00000000  -0.00000001    279.4   88.4      1.9     86822
2017  8  7 10    504.0    276.0   0.00000000   0.00000003    280.2   78.0      3.6     86814
2017  8  7 11    518.6    279.0   0.00000000  -0.00000004    280.5   81.4      3.8     86812
2017  8  7 12     56.5    313.6   0.00000000   0.00002074    278.9   85.5      5.0     86721
2017  8  7 13     60.4    325.0   0.00000051   0.00012334    277.6   92.1      5.9     86693
2017  8  7 14     36.7    327.6   0.00000147   0.00014194    277.3   93.8      4.6     86646
2017  8  7 15     34.9    330.1  -0.00000000   0.00014141    277.6   97.9      5.3     86631
2017  8  7 16     18.4    336.3   0.00000000   0.00010100    278.6   96.6      4.2     86664
2017  8  7 17    166.0    295.4   0.00000000   0.00000788    279.0   89.9      4.8     86690
2017  8  7 18     83.1    318.8   0.00000000   0.00000125    278.3   95.4      3.0     86708
2017  8  7 19     28.2    320.4   0.00000000   0.00000041    278.0   95.1      2.4     86769
2017  8  7 20      7.8    309.0   0.00000000   0.00000022    277.6   95.9      0.9     86804
2017  8  7 21      0.0    300.6  -0.00000000   0.00000012    277.6   95.5      0.5     86815
2017  8  7 22      0.0    300.7   0.00000000   0.00000724    277.5   94.4      1.7     86833
2017  8  7 23      0.0    315.8   0.00000000   0.00000992    277.5   94.3      1.2     86854
2017  8  8  0      0.0    289.2  -0.00000000   0.00000345    276.9   95.5      1.1     86873
2017  8  8  1      0.0    311.7   0.00000000   0.00000295    276.8   95.9      1.3     86889
2017  8  8  2      0.1    321.5  -0.00000000   0.00000058    276.7   95.8      1.9     86882
2017  8  8  3     -0.0    261.1   0.00000000   0.00000017    276.1   95.8      1.6     86881
2017  8  8  4      6.2    234.2  -0.00000000   0.00000000    275.1   94.2      1.3     86907
2017  8  8  5     75.7    232.8   0.00000000  -0.00000005    275.1   95.7      1.3     86947
2017  8  8  6    190.5    234.9  -0.00000000   0.00000001    276.7   92.3      1.8     86996
2017  8  8  7    322.3    239.2   0.00000000   0.00000001    278.0   85.8      1.3     87030
2017  8  8  8    453.1    240.9   0.00000000  -0.00000002    279.0   83.9      2.6     87063
2017  8  8  9    568.5    243.1   0.00000000   0.00000006    279.9   81.5      2.6     87107
2017  8  8 10    606.5    261.0   0.00000000   0.00000018    280.7   79.9      2.8     87152
2017  8  8 11    534.9    288.3   0.00000000   0.00000064    281.0   78.4      3.0     87181
2017  8  8 12    318.6    316.8   0.00000000   0.00000386    281.2   83.5      2.4     87214
2017  8  8 13    246.2    327.5   0.00000000   0.00000364    281.5   81.7      1.7     87218
2017  8  8 14    316.6    322.6   0.00000000   0.00000239    282.1   77.2      1.0     87234
2017  8  8 15    177.0    332.0   0.00000000   0.00000297    282.0   77.6      0.9     87252
2017  8  8 16     74.5    339.2   0.00000000   0.00000360    281.6   83.0      1.4     87264
2017  8  8 17    141.8    327.8   0.00000000   0.00000066    281.9   80.7      1.6     87288
2017  8  8 18    184.5    268.8   0.00000000   0.00000001    281.8   79.5      1.7     87304
2017  8  8 19     78.4    267.8   0.00000000   0.00000004    281.0   88.6      1.7     87349
2017  8  8 20     10.2    266.1   0.00000000   0.00000001    279.7   88.1      2.7     87346
2017  8  8 21      0.0    269.4   0.00000000  -0.00000006    278.7   87.1      2.6     87362
2017  8  8 22      0.0    275.1   0.00000000   0.00000002    278.2   90.0      3.0     87381
2017  8  8 23      0.0    284.4   0.00000000  -0.00000001    278.0   95.3      2.4     87363
2017  8  9  0      0.0    297.9   0.00000000   0.00000064    278.0   96.3      2.0     87337
2017  8  9  1      0.0    318.2   0.00000000   0.00000676    278.3   96.2      1.3     87305
2017  8  9  2      0.0    334.9   0.00000000   0.00000207    278.8   95.2      1.5     87275
2017  8  9  3      0.0    336.1   0.00000000   0.00002742    279.1   95.8      1.9     87245
2017  8  9  4      0.4    338.8   0.00000000   0.00003813    279.3   95.5      2.8     87239
2017  8  9  5      4.1    339.6   0.00000000   0.00005472    279.5   95.7      3.4     87225
2017  8  9  6     19.0    341.2   0.00000000   0.00003169    279.8   95.5      3.9     87188
2017  8  9  7     92.5    320.1   0.00000000   0.00000974    280.5   91.9      3.3     87136
2017  8  9  8     80.4    325.5   0.00000000   0.00002132    280.6   92.2      4.6     87128
2017  8  9  9     95.8    325.7   0.00000000   0.00003863    280.6   92.0      3.7     87077
2017  8  9 10     63.4    337.8   0.00000000   0.00005703    280.6   92.4      4.6     87015
2017  8  9 11     96.8    339.7   0.00000000   0.00004084    280.8   93.9      6.5     86954
2017  8  9 12    111.2    345.9   0.00000000   0.00000383    280.2   99.3      4.7     87018
2017  8  9 13     62.9    346.3   0.00000000   0.00000928    280.3   95.3      4.1     86987
2017  8  9 14     30.1    343.5   0.00000000   0.00002456    280.0   97.1      3.7     86960
2017  8  9 15     22.2    345.1   0.00000000   0.00003867    279.8   99.8      3.8     86935
2017  8  9 16     15.6    346.1   0.00000000   0.00002692    280.1   97.0      2.6     86903
2017  8  9 17     15.9    342.8   0.00000000   0.00002735    280.3   95.4      0.8     86873
2017  8  9 18     19.3    342.5   0.00000000   0.00000872    280.4   92.1      1.7     86853
2017  8  9 19     16.9    337.7   0.00000000   0.00000125    280.2   92.6      0.5     86859
2017  8  9 20      3.3    309.1   0.00000000   0.00000014    279.8   94.0      1.4     86847
2017  8  9 21      0.0    288.0   0.00000000  -0.00000003    278.9   94.5      1.2     86854
2017  8  9 22      0.0    263.6   0.00000000  -0.00000002    277.6   96.1      2.3     86865
2017  8  9 23      0.0    258.8   0.00000000   0.00000002    277.7   94.4      3.8     86871
2017  8 10  0      0.0    266.6   0.00000000   0.00000000    277.9   97.1      3.8     86873
2017  8 10  1      0.0    331.4   0.00000000   0.00000008    278.7   99.0      4.7     86866
2017  8 10  2      0.0    340.0   0.00000000   0.00000016    279.0   99.9      4.8     86865
2017  8 10  3      0.0    343.4   0.00000000   0.00000085    279.0   99.9      6.0     86876
2017  8 10  4      1.3    343.1   0.00000000   0.00000092    278.9   99.9      7.3     86898
2017  8 10  5     14.4    340.3   0.00000000   0.00000115    278.6   99.7      7.6     86934
2017  8 10  6     43.2    335.2   0.00000000   0.00000085    278.5   96.1      6.9     86964
2017  8 10  7    110.1    330.9   0.00000000   0.00000046    278.4   93.3      6.6     87006
2017  8 10  8    156.2    329.7   0.00000000   0.00000031    278.4   93.6      6.9     87046
2017  8 10  9    265.3    324.0   0.00000000   0.00000031    278.6   93.8      7.1     87078
2017  8 10 10    242.6    331.2   0.00000000   0.00000046    278.9   94.0      7.2     87134
2017  8 10 11    306.6    331.7   0.00000000   0.00000039    279.1   93.3      7.4     87175
2017  8 10 12    172.4    339.4   0.00000000   0.00000128    279.2   99.3      6.2     87208
2017  8 10 13    207.2    342.9   0.00000000   0.00000073    279.6   97.8      6.3     87237
2017  8 10 14     93.0    342.7   0.00000000   0.00000224    279.0   99.5      6.2     87237
2017  8 10 15     47.5    343.9   0.00000000   0.00000412    279.0   99.7      4.5     87229
2017  8 10 16     35.1    344.5   0.00000000   0.00000270    279.2   99.8      4.1     87220
2017  8 10 17     20.0    344.7   0.00000000   0.00000240    279.3   99.8      4.3     87196
2017  8 10 18      8.2    344.8   0.00000000   0.00000520    279.2   99.8      5.1     87195
2017  8 10 19      4.5    344.1   0.00000000   0.00000369    278.9   99.9      5.9     87196
2017  8 10 20      1.0    341.8   0.00000000   0.00000076    278.7   99.9      4.7     87210
2017  8 10 21      0.0    338.1   0.00000000   0.00000028    278.2   98.5      4.3     87189
2017  8 10 22      0.0    318.9   0.00000000   0.00000000    278.0   97.9      3.1     87163
2017  8 10 23      0.0    291.0   0.00000000   0.00000000    277.8   98.6      3.1     87141
2017  8 11  0      0.0    279.0   0.00000000   0.00000000    277.6   99.4      3.1     87104
2017  8 11  1      0.0    326.7   0.00000000   0.00000007    278.0   99.9      2.3     87081
2017  8 11  2      0.0    337.5   0.00000000   0.00000049    278.1   99.9      2.4     87036
2017  8 11  3      0.0    306.1   0.00000000   0.00000007    278.0   98.2      4.8     86972
2017  8 11  4      2.5    273.0   0.00000000   0.00000000    278.0   95.1      2.4     86949
2017  8 11  5     44.0    277.1   0.00000000   0.00000000    277.7   95.9      2.4     86945
2017  8 11  6    121.6    276.1   0.00000000  -0.00000003    278.9   89.8      2.6     86923
2017  8 11  7    259.7    265.6   0.00000000   0.00000005    280.5   80.8      1.6     86819
2017  8 11  8    343.0    271.2   0.00000000   0.00000000    281.0   75.1      8.3     86736
2017  8 11  9    349.6    284.4   0.00000000   0.00000000    281.2   77.7      5.7     86754
2017  8 11 10    465.1    287.0   0.00000000   0.00000000    282.3   74.7      5.3     86776
2017  8 11 11    519.6    290.7   0.00000000   0.00000000    283.1   73.6      5.2     86758
2017  8 11 12    617.2    282.3   0.00000000   0.00000000    283.7   78.0      4.7     86697
2017  8 11 13    599.6    284.1   0.00000000   0.00000000    283.8   74.9      5.6     86623
2017  8 11 14    545.7    285.9   0.00000000   0.00000000    283.7   75.8      5.5     86595
2017  8 11 15    223.7    317.2   0.00000000   0.00000000    282.5   74.9      7.7     86518
2017  8 11 16     41.8    327.1   0.00000000   0.00000943    281.5   79.9      6.2     86507
2017  8 11 17     23.1    322.4   0.00000000   0.00000756    281.1   84.9      3.8     86503
2017  8 11 18     13.9    331.0   0.00000000   0.00002790    280.7   90.5      3.8     86434
2017  8 11 19      6.8    338.7   0.00000000   0.00004414    280.2   93.0      4.2     86345
2017  8 11 20      0.7    340.4   0.00000000   0.00000243    279.9   92.8      4.4     86288
2017  8 11 21      0.0    340.9   0.00000000   0.00000893    279.6   94.3      5.7     86232
2017  8 11 22      0.0    341.0   0.00000000   0.00001412    279.6   94.5      4.9     86210
2017  8 11 23      0.0    341.9   0.00000000   0.00002084    279.5   96.0      4.1     86182
2017  8 12  0      0.0    343.6   0.00000000   0.00000102    279.4   99.8      3.5     86166
2017  8 12  1      0.0    345.1   0.00000000   0.00000093    279.5   99.9      2.5     86159
2017  8 12  2      0.0    346.1   0.00000000   0.00000284    279.7   99.9      3.2     86156
2017  8 12  3      0.1    346.3   0.00000000   0.00000776    279.8   99.5      3.5     86134
2017  8 12  4      0.1    342.6   0.00000000   0.00002209    280.0   97.3      3.7     86086
2017  8 12  5      3.2    345.5   0.00000000   0.00003460    279.9   97.4      1.2     86050
2017  8 12  6      4.9    345.3   0.00000000   0.00006475    279.9   97.8      3.0     86043
2017  8 12  7     24.2    346.4   0.00000000   0.00002368    279.7   99.8      5.4     86088
2017  8 12  8     30.3    345.7   0.00000000   0.00001509    279.6   99.9      3.8     86115
2017  8 12  9     36.0    344.2   0.00000000   0.00002674    279.4   99.6      3.1     86122
2017  8 12 10     27.9    343.3   0.00000000   0.00002012    279.5   97.5      2.0     86157
2017  8 12 11     40.4    342.3   0.00000000   0.00000775    279.9   95.1      0.5     86185
2017  8 12 12     89.6    338.0   0.00000000   0.00000647    278.8   98.4      3.7     86185
2017  8 12 13     50.5    339.8   0.00000000   0.00000921    278.6   99.9      3.8     86179
2017  8 12 14     35.0    340.9   0.00000000   0.00000940    278.3   99.9      4.7     86176
2017  8 12 15    269.4    311.0   0.00000000   0.00000131    279.5   92.2      4.7     86174
2017  8 12 16    365.1    277.5   0.00000000   0.00000083    279.4   90.3      5.3     86164
2017  8 12 17    220.2    296.1   0.00000000   0.00000082    279.1   88.8      5.8     86169
2017  8 12 18    116.4    292.9   0.00000000   0.00000166    278.4   91.9      5.3     86179
2017  8 12 19      9.2    330.4   0.00000000   0.00000802    278.1   91.7      4.7     86200
2017  8 12 20      2.7    323.6   0.00000000   0.00000055    277.4   94.3      5.6     86210
2017  8 12 21     -0.1    326.4   0.00000000   0.00000150    277.0   95.8      5.7     86216
2017  8 12 22      0.0    283.5   0.00000000   0.00000024    276.5   92.5      5.4     86218
2017  8 12 23      0.0    311.1   0.00000000   0.00000005    276.3   92.6      5.3     86221
2017  8 13  0      0.0    298.7   0.00000000   0.00000012    275.7   91.2      5.3     86257
2017  8 13  1      0.0    292.6   0.00000000   0.00000000    275.3   91.5      4.8     86290
2017  8 13  2      0.0    306.8   0.00000000   0.00000002    275.0   91.7      5.0     86322
2017  8 13  3      0.0    296.9   0.00000000   0.00000008    274.5   91.5      5.3     86344
2017  8 13  4      0.8    309.0   0.00000000   0.00000024    274.2   91.8      5.5     86371
2017  8 13  5     26.3    306.0   0.00000007   0.00000025    274.0   93.0      5.8     86421
2017  8 13  6     78.3    305.8   0.00000005   0.00000021    273.9   93.3      6.7     86471
2017  8 13  7    136.4    306.9   0.00000012   0.00000019    274.0   93.8      7.6     86516
2017  8 13  8    211.3    307.9   0.00000012   0.00000029    274.6   91.0      7.9     86582
2017  8 13  9    307.4    303.4   0.00000007   0.00000041    275.3   88.4      7.4     86627
2017  8 13 10    381.4    293.6   0.00000000   0.00000123    275.8   90.2      8.2     86662
2017  8 13 11    571.5    266.5   0.00000000   0.00000059    276.5   87.7      8.7     86687
2017  8 13 12    605.1    255.5   0.00000000   0.00000146    277.0   90.3      7.3     86775
2017  8 13 13    620.5    253.8   0.00000000   0.00000109    277.3   90.2      7.2     86809
2017  8 13 14    622.9    245.0  -0.00000000   0.00000111    277.5   91.8      6.2     86837
2017  8 13 15    122.2    318.7   0.00000000   0.00000712    276.8   91.1      5.4     86876
2017  8 13 16    230.9    296.6   0.00000001   0.00000332    276.9   92.1      6.8     86890
2017  8 13 17     61.2    321.3  -0.00000001   0.00001201    276.3   97.0      5.8     86928
2017  8 13 18     57.4    301.7   0.00000000   0.00000680    276.2   95.0      6.3     86939
2017  8 13 19      8.8    325.1   0.00000013   0.00002566    275.7   99.4      8.0     86989
2017  8 13 20      1.0    311.3  -0.00000000   0.00000511    275.5   98.3      5.5     87030
2017  8 13 21      0.0    279.5   0.00000000   0.00000383    275.1   94.4      6.8     87052
2017  8 13 22      0.0    289.1  -0.00000001   0.00000102    275.1   97.1      6.2     87076
2017  8 13 23      0.0    297.8   0.00000001   0.00000459    275.1   99.1      5.3     87118
2017  8 14  0      0.0    320.2   0.00000001   0.00000261    275.3   98.8      6.3     87148
2017  8 14  1      0.0    320.4  -0.00000002   0.00000210    275.3   98.6      6.7     87158
2017  8 14  2     -0.1    319.3   0.00000001   0.00000217    275.2   98.0      6.3     87170
2017  8 14  3      0.0    317.6   0.00000000   0.00000234    274.9   99.5      5.4     87175
2017  8 14  4      0.1    323.6  -0.00000001   0.00000380    275.3  100.0      4.9     87178
2017  8 14  5      5.1    326.0   0.00000001   0.00000602    275.4  100.0      5.5     87215
2017  8 14  6     29.7    325.2  -0.00000001   0.00000472    275.4  100.0      4.5     87256
2017  8 14  7     41.9    322.0   0.00000001   0.00000718    275.4   96.5      2.8     87319
2017  8 14  8     70.7    320.6  -0.00000000   0.00000598    275.7   96.2      3.0     87359
2017  8 14  9     96.7    321.4   0.00000000   0.00000478    275.9   93.8      3.8     87415
2017  8 14 10    395.2    295.8  -0.00000000   0.00000059    277.1   88.0      2.3     87445
2017  8 14 11    477.8    294.2  -0.00000000   0.00000034    278.2   84.0      2.2     87476
2017  8 14 12    641.1    267.1   0.00000000   0.00000002    279.2   82.5      2.4     87516
2017  8 14 13    665.7    253.5   0.00000000   0.00000005    279.9   79.7      2.4     87511
2017  8 14 14    610.8    254.8   0.00000000   0.00000011    280.4   75.6      2.2     87508
2017  8 14 15    493.8    261.4   0.00000000   0.00000008    280.5   73.9      1.5     87503
2017  8 14 16    378.3    266.9   0.00000000   0.00000002    280.5   72.6      1.1     87486
2017  8 14 17    291.7    257.3   0.00000000   0.00000002    280.4   74.8      1.6     87460
2017  8 14 18    172.0    253.1   0.00000000   0.00000003    279.8   77.7      2.2     87467
2017  8 14 19     60.3    253.5   0.00000000   0.00000001    278.6   88.5      1.9     87468
2017  8 14 20      2.7    270.4   0.00000000  -0.00000002    277.4   91.4      1.8     87488
2017  8 14 21      0.0    299.8   0.00000000   0.00000001    277.2   90.7      2.2     87499
2017  8 14 22      0.0    306.7   0.00000000   0.00000032    277.3   90.6      2.2     87511
2017  8 14 23      0.0    308.2   0.00000000   0.00000006    277.3   90.4      2.8     87496
2017  8 15  0      0.0    293.7   0.00000000   0.00000098    276.7   92.4      2.5     87479
2017  8 15  1      0.0    300.3   0.00000000   0.00000697    276.8   95.9      3.5     87452
2017  8 15  2      0.0    290.3   0.00000000   0.00001209    276.9   97.4      3.3     87441
2017  8 15  3     -0.1    291.0   0.00000000   0.00000223    277.0   94.4      3.6     87385
2017  8 15  4      0.5    268.7   0.00000000   0.00000248    276.9   93.6      4.0     87364
2017  8 15  5     13.6    313.6   0.00000000   0.00000429    277.3   95.4      4.1     87332
2017  8 15  6     34.6    314.6   0.00000000   0.00000031    277.8   98.3      4.4     87332
2017  8 15  7     12.7    335.9   0.00000000   0.00001723    278.3   98.0      5.6     87319
2017  8 15  8     21.8    335.2   0.00000000   0.00003266    278.6   95.2      6.9     87309
2017  8 15  9     26.3    334.3   0.00000000   0.00005882    278.5   94.8      7.9     87300
2017  8 15 10     29.7    333.4   0.00000000   0.00007334    278.3   93.4      8.5     87276
2017  8 15 11     53.0    329.3   0.00000000   0.00004831    278.3   93.0      8.9     87241
2017  8 15 12    100.9    334.5   0.00000000   0.00001007    279.1   93.0      7.5     87190
2017  8 15 13     59.2    337.8   0.00000000   0.00008573    279.3   95.3      7.0     87138
2017  8 15 14     24.5    339.6   0.00000000   0.00001845    279.0   97.9      7.3     87118
2017  8 15 15     20.1    340.6   0.00000000   0.00001302    278.5   99.6      7.4     87064
2017  8 15 16     21.9    339.7   0.00000000   0.00007530    278.5   99.9      6.0     87001
2017  8 15 17      9.7    340.7   0.00000000   0.00018081    278.6   99.9      4.6     86987
2017  8 15 18      5.4    341.2   0.00000000   0.00021257    278.7   99.9      4.0     86932
2017  8 15 19      1.4    341.2   0.00000000   0.00026266    278.9   98.9      4.2     86912
2017  8 15 20      0.0    341.7   0.00000000   0.00034933    279.2   97.5      4.0     86852
2017  8 15 21      0.0    340.4   0.00000000   0.00059162    279.4   96.6      3.2     86810
2017  8 15 22      0.0    338.8   0.00000000   0.00036609    279.4   98.2      3.9     86724
2017  8 15 23      0.0    340.9   0.00000000   0.00022834    279.8   97.9      3.2     86672
2017  8 16  0      0.0    326.0   0.00000000   0.00005501    279.5   98.3      1.9     86641
2017  8 16  1      0.0    328.0   0.00000000   0.00002142    279.2   93.5      1.5     86615
2017  8 16  2      0.0    341.6   0.00000000   0.00005830    279.0   99.1      3.6     86608
2017  8 16  3      0.0    340.0   0.00000000   0.00003137    278.9   95.5      3.9     86596
2017  8 16  4      0.0    338.5   0.00000000   0.00006077    278.5   98.9      5.0     86589
2017  8 16  5      5.7    338.1   0.00000000   0.00005129    277.7   99.8      7.3     86645
2017  8 16  6     41.8    331.8   0.00000000   0.00000085    277.5   99.3      6.7     86701
2017  8 16  7     42.3    332.2   0.00000000   0.00000249    277.5   97.5      6.7     86754
2017  8 16  8     68.4    330.9   0.00000000   0.00000236    277.6   95.8      7.4     86803
2017  8 16  9    178.6    326.9   0.00000000   0.00000102    278.0   94.5      7.0     86874
2017  8 16 10    381.4    299.5   0.00000000   0.00000141    279.1   93.9      6.5     86944
2017  8 16 11    288.9    321.7   0.00000000   0.00000281    279.1   92.7      6.8     87000
2017  8 16 12    408.3    301.9   0.00000000   0.00000165    280.6   87.9      5.3     87150
2017  8 16 13    656.6    258.5   0.00000000   0.00000059    281.0   85.8      4.9     87182
2017  8 16 14    623.2    256.0   0.00000000   0.00000000    281.4   84.4      4.5     87176
2017  8 16 15    476.2    269.4   0.00000000   0.00000051    281.1   86.1      4.7     87179
2017  8 16 16    364.9    268.3   0.00000000   0.00000027    280.7   86.3      4.0     87198
2017  8 16 17    292.8    253.9   0.00000000   0.00000002    280.2   86.8      3.3     87225
2017  8 16 18    170.2    249.5   0.00000000   0.00000000    279.7   88.0      1.4     87234
2017  8 16 19     57.9    247.2   0.00000000   0.00000000    278.8   91.7      1.9     87235
2017  8 16 20      1.8    244.6   0.00000000   0.00000000    277.5   95.1      2.0     87243
2017  8 16 21      0.0    244.9   0.00000000   0.00000000    276.5   98.1      2.6     87230
2017  8 16 22      0.0    253.9   0.00000000   0.00000000    276.4   97.1      3.3     87251
2017  8 16 23      0.0    253.4   0.00000000   0.00000000    276.4   97.8      3.4     87221
2017  8 17  0      0.0    242.7   0.00000000   0.00000000    276.2   95.6      3.4     87209
2017  8 17  1      0.0    274.3   0.00000000   0.00000000    275.8   99.5      4.2     87196
2017  8 17  2      0.0    293.3   0.00000000   0.00000004    275.8   99.0      4.0     87168
2017  8 17  3      0.0    257.0   0.00000000   0.00000001    275.7   96.9      3.4     87119
2017  8 17  4      0.2    248.6   0.00000000  -0.00000002    275.7   93.1      3.7     87070
2017  8 17  5     40.7    246.7   0.00000000   0.00000001    275.9   92.6      3.8     87049
2017  8 17  6    135.1    249.8   0.00000000   0.00000001    276.9   91.8      4.1     87039
2017  8 17  7    226.8    259.6   0.00000000   0.00000000    278.0   88.5      4.7     87019
2017  8 17  8    275.5    276.7   0.00000000   0.00000000    279.1   88.0      5.4     86990
2017  8 17  9    399.1    274.2   0.00000000   0.00000000    280.4   85.0      7.0     86962
2017  8 17 10    491.2    277.3   0.00000000   0.00000004    281.1   85.7      8.2     86948
2017  8 17 11    196.3    333.4   0.00000000   0.00000110    280.4   89.8      7.2     86940
2017  8 17 12    156.0    336.5   0.00000000   0.00000119    279.6   95.6      8.3     86969
2017  8 17 13    153.6    338.8   0.00000000   0.00000097    279.8   95.1      6.3     86915
2017  8 17 14     29.7    341.5   0.00000000   0.00002229    279.5   97.8      6.8     86817
2017  8 17 15     15.9    342.8   0.00000000   0.00015321    279.7   97.0      8.1     86771
2017  8 17 16     17.7    342.2   0.00000000   0.00010520    279.8   95.1      8.3     86751
2017  8 17 17     14.4    340.8   0.00000000   0.00017753    279.5   95.2      7.5     86724
2017  8 17 18      7.7    339.7   0.00000000   0.00015298    279.1   96.3      8.0     86664
2017  8 17 19      2.4    339.7   0.00000000   0.00017394    279.0   98.3      7.4     86638
2017  8 17 20      0.0    340.8   0.00000000   0.00031892    278.7   99.1      7.2     86599
2017  8 17 21      0.0    340.0   0.00000000   0.00029886    278.6   99.9      6.4     86554
2017  8 17 22      0.0    341.6   0.00000000   0.00031243    278.9   99.9      5.6     86526
2017  8 17 23      0.0    343.0   0.00000000   0.00022914    279.2   99.9      5.5     86490
2017  8 18  0      0.0    344.2   0.00000000   0.00011024    279.4   99.9      5.0     86434
2017  8 18  1      0.0    345.5   0.00000000   0.00006455    279.6   99.9      4.2     86402
2017  8 18  2      0.0    346.4   0.00000000   0.00003619    279.8   99.9      3.3     86376
2017  8 18  3      0.0    347.4   0.00000000   0.00002779    279.9   99.9      3.7     86341
2017  8 18  4      0.0    347.5   0.00000000   0.00003082    279.8   99.9      3.5     86335
2017  8 18  5      1.1    347.5   0.00000000   0.00002139    279.9   99.9      2.8     86332
2017  8 18  6      6.1    348.5   0.00000000   0.00000620    280.2   99.9      2.4     86340
2017  8 18  7     39.0    349.4   0.00000000   0.00000174    280.6   98.3      2.9     86327
2017  8 18  8     80.4    348.6   0.00000000   0.00000142    281.0   97.7      3.3     86313
2017  8 18  9    309.8    309.8   0.00000000   0.00000162    282.5   87.8      4.3     86298
2017  8 18 10    366.2    304.8   0.00000000   0.00000239    282.6   88.2      4.1     86285
2017  8 18 11    568.8    284.2   0.00000000   0.00000136    282.9   89.4      4.3     86269
2017  8 18 12    587.3    283.1   0.00000000   0.00000036    283.0   79.2      5.1     86306
2017  8 18 13    416.9    309.0   0.00000000   0.00000117    282.6   81.7      5.7     86276
2017  8 18 14    543.8    281.5   0.00000000   0.00000019    283.4   78.4      5.5     86238
2017  8 18 15    364.9    307.8   0.00000000   0.00000062    283.0   79.0      5.4     86212
2017  8 18 16    181.9    333.9   0.00000000   0.00000122    282.8   81.5      5.4     86161
2017  8 18 17    111.4    334.7   0.00000000   0.00000038    282.2   87.3      5.3     86138
2017  8 18 18     55.7    331.5   0.00000000   0.00000005    281.4   93.3      4.6     86107
2017  8 18 19      4.6    344.7   0.00000000   0.00000033    281.1   94.8      5.3     86118
2017  8 18 20      0.0    346.6   0.00000000   0.00000121    280.8   95.3      4.9     86074
2017  8 18 21     -0.0    344.8   0.00000000   0.00001605    280.6   96.4      5.2     86028
2017  8 18 22      0.0    337.1   0.00000000   0.00009717    280.3   95.8      2.9     85999
2017  8 18 23      0.0    343.0   0.00000000   0.00002967    280.1   96.3      4.3     86002
2017  8 19  0      0.0    337.4   0.00000000   0.00000108    280.0   96.2      3.0     85985
2017  8 19  1      0.0    332.3   0.00000000   0.00000335    279.6   94.2      3.7     85943
2017  8 19  2      0.0    337.3   0.00000000   0.00000100    279.1   95.3      3.6     85912
2017  8 19  3      0.0    255.7   0.00000000   0.00000000    277.8   96.9      2.3     85874
2017  8 19  4      0.0    242.2   0.00000000   0.00000000    276.6   99.5      3.1     85853
2017  8 19  5     36.4    246.9   0.00000000   0.00000000    276.3   96.5      2.8     85873
2017  8 19  6    142.7    234.0   0.00000000   0.00000000    276.8   91.8      3.6     85857
2017  8 19  7    280.0    229.8   0.00000000  -0.00000004    277.5   87.5      3.9     85811
2017  8 19  8    412.4    232.0   0.00000000   0.00000000    278.5   87.6      4.2     85788
2017  8 19  9    528.0    235.9   0.00000000   0.00000000    279.3   83.2      4.2     85770
2017  8 19 10    616.8    240.3   0.00000000   0.00000000    280.2   81.4      4.2     85796
2017  8 19 11    584.0    264.9   0.00000000   0.00000043    280.5   83.4      4.4     85824
2017  8 19 12    218.2    326.6   0.00000000   0.00002508    280.1   88.9      6.1     85733
2017  8 19 13    261.9    321.6   0.00000000   0.00004391    279.4   90.0      5.2     85748
2017  8 19 14    175.3    313.7   0.00000000   0.00001783    278.6   91.2      2.9     85763
2017  8 19 15     80.9    330.2   0.00000000   0.00000864    278.8   92.9      2.7     85768
2017  8 19 16     68.6    332.6   0.00000000   0.00002544    278.9   92.0      5.9     85787
2017  8 19 17    167.2    298.0   0.00000000   0.00002095    278.8   93.7      5.8     85770
2017  8 19 18    105.7    294.1   0.00000000   0.00001900    278.5   93.6      3.2     85791
2017  8 19 19     12.9    325.4   0.00000000   0.00004272    278.1   93.5      3.4     85821
2017  8 19 20      0.1    296.2   0.00000000   0.00003711    277.7   94.7      5.1     85811
2017  8 19 21      0.0    294.3   0.00000000   0.00000176    277.3   97.1      1.2     85862
2017  8 19 22      0.0    285.2   0.00000000   0.00000131    277.1   93.6      1.5     85878
2017  8 19 23      0.0    247.0   0.00000000   0.00000047    276.0   98.5      0.9     85897
2017  8 20  0      0.0    327.7   0.00000000   0.00000879    277.1   95.9      4.1     85902
2017  8 20  1      0.0    282.9   0.00000000   0.00001810    276.8   96.7      3.6     85903
2017  8 20  2      0.0    274.4   0.00000000   0.00000477    276.3   96.7      1.9     85939
2017  8 20  3      0.0    236.1   0.00000000   0.00000029    275.5   91.1      1.8     85922
2017  8 20  4      0.0    275.5   0.00000000   0.00000390    274.8   98.5      0.9     85927
2017  8 20  5     22.9    295.1   0.00000000   0.00000161    275.7   98.5      1.6     85940
2017  8 20  6     77.8    295.7   0.00000000   0.00000169    277.0   96.3      1.6     85971
2017  8 20  7     51.3    328.0   0.00000000   0.00000236    277.5   96.7      2.7     86006
2017  8 20  8     93.7    328.4   0.00000000   0.00000145    277.8   96.2      3.1     86052
2017  8 20  9    371.5    288.1   0.00000000   0.00000014    279.2   89.4      2.4     86108
2017  8 20 10    400.1    295.8   0.00000000   0.00000030    279.9   88.2      3.2     86164
2017  8 20 11    392.5    303.4   0.00000000   0.00000085    279.7   90.5      4.0     86238
2017  8 20 12    570.9    279.6   0.00000000   0.00000055    281.6   80.1      2.9     86344
2017  8 20 13    442.8    299.7   0.00000000   0.00000079    281.5   82.0      4.3     86392
2017  8 20 14    385.0    304.8   0.00000000   0.00000047    281.0   86.2      5.1     86444
2017  8 20 15    316.3    290.2   0.00000000   0.00000046    280.6   88.0      5.1     86493
2017  8 20 16    206.7    309.3   0.00000000   0.00000317    279.7   92.6      5.7     86545
2017  8 20 17    117.7    315.4   0.00000000   0.00001142    279.5   94.9      5.7     86584
2017  8 20 18     32.5    333.4   0.00000000   0.00001003    279.4   94.6      5.1     86637
2017  8 20 19      3.3    338.9   0.00000000   0.00001151    278.9   96.3      4.5     86698
2017  8 20 20      0.0    336.7   0.00000000   0.00000240    278.8   96.9      4.1     86750
2017  8 20 21      0.0    337.4   0.00000000   0.00000039    278.7   98.5      4.1     86800
2017  8 20 22      0.0    339.9   0.00000000   0.00000121    278.6   99.6      4.3     86836
2017  8 20 23      0.0    338.5   0.00000000   0.00000082    278.6   98.4      4.5     86877
2017  8 21  0      0.0    332.5   0.00000000   0.00000014    278.6   97.0      4.7     86900
2017  8 21  1      0.0    330.8   0.00000000   0.00000005    278.5   96.4      4.8     86923
2017  8 21  2      0.0    329.7   0.00000000   0.00000005    278.5   96.1      4.0     86954
2017  8 21  3      0.0    332.4   0.00000000   0.00000003    278.4   97.6      3.3     86965
2017  8 21  4      0.0    334.9   0.00000000   0.00000007    278.5   95.7      3.6     86989
2017  8 21  5     11.7    330.3   0.00000000   0.00000006    278.4   95.2      3.6     87023
2017  8 21  6    100.3    285.5   0.00000000   0.00000007    278.5   92.8      3.8     87062
2017  8 21  7    237.2    264.0   0.00000000   0.00000006    279.1   90.5      3.8     87085
2017  8 21  8    274.1    295.6   0.00000000   0.00000015    279.6   89.0      3.3     87127
2017  8 21  9    301.5    307.0   0.00000000   0.00000058    279.9   88.5      3.1     87166
2017  8 21 10    198.1    330.7   0.00000000   0.00000155    279.7   89.7      3.1     87194
2017  8 21 11    117.6    334.7   0.00000000   0.00000370    279.5   91.0      3.6     87211
2017  8 21 12    152.5    334.9   0.00000000   0.00000265    280.5   86.4      3.2     87211
2017  8 21 13    536.4    284.5   0.00000000   0.00000035    282.1   81.4      2.8     87177
2017  8 21 14    284.4    318.5   0.00000000   0.00001044    281.0   85.7      4.4     87169
2017  8 21 15     21.9    337.7   0.00000000   0.00026406    279.9   92.8      2.4     87188
2017  8 21 16    197.1    300.1   0.00000000   0.00003757    281.2   84.1      2.8     87181
2017  8 21 17    196.7    288.6   0.00000000   0.00000162    280.7   85.2      3.4     87199
2017  8 21 18    141.1    256.6   0.00000000   0.00000008    280.1   88.9      3.2     87211
2017  8 21 19     29.4    299.0   0.00000000  -0.00000001    279.6   91.7      2.9     87253
2017  8 21 20      0.0    263.6   0.00000000   0.00000006    278.5   90.5      2.9     87295
2017  8 21 21      0.0    249.4   0.00000000   0.00000000    277.5   93.3      2.1     87322
2017  8 21 22      0.0    247.0   0.00000000   0.00000000    276.6   95.0      1.8     87361
2017  8 21 23      0.0    245.1   0.00000000   0.00000000    275.9   95.8      1.5     87384
2017  8 22  0      0.0    243.4   0.00000000   0.00000000    275.2   97.3      1.2     87404
2017  8 22  1      0.0    242.1   0.00000000   0.00000000    274.5   98.8      1.3     87415
2017  8 22  2      0.0    241.0   0.00000000   0.00000000    274.4   96.9      2.4     87415
2017  8 22  3      0.1    239.7   0.00000000   0.00000000    274.4   95.8      2.1     87412
2017  8 22  4     -0.1    238.4   0.00000000   0.00000000    274.5   93.7      1.8     87414
2017  8 22  5     29.3    238.0   0.00000000   0.00000000    274.8   92.1      1.2     87437
2017  8 22  6    131.2    239.6   0.00000000   0.00000000    276.5   90.7      2.5     87465
2017  8 22  7    259.9    241.5   0.00000000   0.00000000    278.2   88.9      3.1     87489
2017  8 22  8    390.5    243.5   0.00000000   0.00000000    279.2   88.0      3.3     87514
2017  8 22  9    494.9    249.4   0.00000000   0.00000000    279.9   87.5      3.6     87524
2017  8 22 10    565.2    258.7   0.00000000   0.00000001    280.7   86.2      3.5     87538
2017  8 22 11    565.2    284.5   0.00000000   0.00000000    281.4   82.8      3.5     87557
2017  8 22 12    682.3    248.6   0.00000000   0.00000000    282.6   71.3      4.7     87557
2017  8 22 13    659.7    251.5   0.00000000   0.00000000    282.6   72.0      5.1     87547
2017  8 22 14    601.4    254.0   0.00000000   0.00000000    282.8   71.9      5.3     87526
2017  8 22 15    510.3    255.7   0.00000000   0.00000000    282.8   71.0      4.9     87525
2017  8 22 16    394.9    254.9   0.00000000   0.00000000    282.5   68.9      4.2     87514
2017  8 22 17    242.7    261.2   0.00000000   0.00000000    281.9   73.9      3.4     87505
2017  8 22 18    130.8    256.0   0.00000000   0.00000000    281.0   85.1      2.8     87490
2017  8 22 19     34.4    248.7   0.00000000   0.00000000    279.5   88.1      2.8     87495
2017  8 22 20      0.0    246.1   0.00000000   0.00000000    278.0   90.4      2.8     87488
2017  8 22 21      0.0    243.6   0.00000000   0.00000000    277.2   91.7      3.0     87458
2017  8 22 22      0.0    243.6   0.00000000   0.00000000    276.5   93.8      3.0     87451
2017  8 22 23      0.0    244.6   0.00000000   0.00000000    276.2   93.5      2.5     87442
2017  8 23  0      0.0    239.7   0.00000000   0.00000000    275.3   98.5      3.0     87420
2017  8 23  1      0.0    240.3   0.00000000   0.00000000    275.2   98.3      2.7     87400
2017  8 23  2      0.0    238.8   0.00000000   0.00000000    275.3   95.3      2.5     87370
2017  8 23  3      0.0    242.1   0.00000000   0.00000000    275.6   88.0      2.2     87336
2017  8 23  4     -0.1    240.0   0.00000000   0.00000000    275.4   83.3      1.8     87321
2017  8 23  5     24.1    245.1   0.00000000   0.00000000    275.6   81.5      1.6     87309
2017  8 23  6    120.0    243.3   0.00000000   0.00000000    276.8   80.8      1.6     87291
2017  8 23  7    251.6    242.4   0.00000000   0.00000000    279.0   76.4      1.7     87265
2017  8 23  8    384.0    244.9   0.00000000   0.00000000    280.8   69.0      2.1     87256
2017  8 23  9    502.6    246.0   0.00000000   0.00000000    281.4   65.8      3.0     87253
2017  8 23 10    594.0    247.3   0.00000000   0.00000000    282.0   65.4      3.3     87244
2017  8 23 11    652.7    249.5   0.00000000   0.00000000    282.6   65.4      3.1     87243
2017  8 23 12    675.0    249.3   0.00000000   0.00000000    282.7   64.7      4.0     87264
2017  8 23 13    655.3    252.3   0.00000000   0.00000000    283.1   64.3      3.7     87257
2017  8 23 14    598.8    253.1   0.00000000   0.00000000    283.2   60.3      3.4     87236
2017  8 23 15    509.1    252.8   0.00000000   0.00000000    283.1   58.7      3.7     87208
2017  8 23 16    394.7    251.4   0.00000000   0.00000000    282.6   58.6      4.2     87173
2017  8 23 17    265.3    248.6   0.00000000   0.00000000    281.8   62.9      4.3     87126
2017  8 23 18    135.4    247.2   0.00000000   0.00000000    280.7   74.4      4.0     87103
2017  8 23 19     30.9    246.5   0.00000000   0.00000000    279.0   88.7      2.6     87110
2017  8 23 20      0.0    245.5   0.00000000   0.00000000    277.4   96.0      3.0     87091
2017  8 23 21      0.0    274.6   0.00000000   0.00000000    277.3   95.1      3.1     87054
2017  8 23 22      0.0    267.0   0.00000000   0.00000000    277.2   94.8      3.3     87019
2017  8 23 23      0.0    234.6   0.00000000   0.00000000    276.6   95.5      3.5     86964
2017  8 24  0      0.0    232.0   0.00000000   0.00000000    276.1   94.3      3.7     86920
2017  8 24  1      0.0    231.4   0.00000000   0.00000000    276.0   93.8      3.6     86905
2017  8 24  2      0.0    232.0   0.00000000   0.00000000    275.9   92.5      3.7     86862
2017  8 24  3      0.0    236.4   0.00000000   0.00000000    275.9   91.0      3.7     86820
2017  8 24  4     -0.1    240.5   0.00000000   0.00000000    275.7   88.0      3.3     86791
2017  8 24  5     21.4    244.9   0.00000000   0.00000000    275.9   83.9      3.0     86768
2017  8 24  6    105.5    249.6   0.00000000   0.00000000    277.1   79.7      2.6     86733
2017  8 24  7    205.6    257.0   0.00000000   0.00000000    279.1   72.9      1.7     86710
2017  8 24  8    333.2    258.0   0.00000000   0.00000000    280.9   62.2      0.3     86709
2017  8 24  9    433.2    264.9   0.00000000   0.00000000    282.3   56.2      0.6     86706
2017  8 24 10    444.0    289.4   0.00000000   0.00000000    283.3   54.1      2.6     86712
2017  8 24 11    474.4    296.6   0.00000000   0.00000000    283.4   57.5      3.2     86712
2017  8 24 12    522.7    286.5   0.00000000   0.00000000    283.8   60.5      3.2     86581
2017  8 24 13    453.9    301.5   0.00000000   0.00000000    284.3   57.7      2.8     86552
2017  8 24 14    332.1    317.2   0.00000000   0.00000000    283.3   64.8      3.5     86542
2017  8 24 15    183.7    321.2   0.00000000   0.00000028    282.5   70.7      1.4     86514
2017  8 24 16    102.4    322.6   0.00000000   0.00000283    281.9   74.9      0.3     86494
2017  8 24 17     60.2    323.2   0.00000000   0.00000697    281.4   77.7      1.2     86479
2017  8 24 18     29.7    326.2   0.00000000   0.00000591    280.7   82.2      1.6     86455
2017  8 24 19     12.2    308.6   0.00000000   0.00000030    279.9   91.1      1.6     86456
2017  8 24 20      0.0    334.8   0.00000000   0.00000001    279.7   93.3      1.3     86459
2017  8 24 21      0.0    322.6   0.00000000   0.00000002    279.3   95.1      1.3     86451
2017  8 24 22      0.0    303.6   0.00000000   0.00000002    278.9   94.2      1.1     86458
2017  8 24 23      0.0    296.7   0.00000000   0.00000001    278.4   94.6      0.7     86448
2017  8 25  0      0.0    274.1   0.00000000   0.00000000    278.1   94.0      1.9     86436
2017  8 25  1      0.0    263.1   0.00000000   0.00000000    277.3   93.6      2.8     86434
2017  8 25  2      0.0    264.1   0.00000000   0.00000000    276.8   96.5      2.7     86460
2017  8 25  3     -0.0    302.0   0.00000000   0.00000000    277.4   96.6      2.2     86461
2017  8 25  4      0.1    310.7   0.00000000   0.00000000    277.7   97.5      2.6     86471
2017  8 25  5      7.6    333.5   0.00000000   0.00000000    278.2   98.1      3.1     86492
2017  8 25  6     45.0    334.8   0.00000000   0.00000007    278.7   92.5      4.6     86524
2017  8 25  7    127.2    327.5   0.00000000   0.00000007    279.1   88.3      5.1     86563
2017  8 25  8    281.5    297.9   0.00000000   0.00000000    279.6   86.0      5.5     86587
2017  8 25  9    478.0    252.6   0.00000000   0.00000000    280.2   83.5      5.7     86608
2017  8 25 10    581.9    247.2   0.00000000   0.00000000    280.7   82.7      6.0     86649
2017  8 25 11    637.8    250.0   0.00000000   0.00000000    281.4   80.7      6.1     86684
2017  8 25 12    554.5    290.6   0.00000000   0.00000001    281.6   81.4      4.5     86724
2017  8 25 13    575.7    277.1   0.00000000  -0.00000001    282.1   78.6      4.9     86752
2017  8 25 14    455.7    297.3   0.00000000   0.00000005    282.0   79.4      5.1     86764
2017  8 25 15    346.4    306.8   0.00000000   0.00000023    281.8   80.3      5.2     86783
2017  8 25 16    267.4    302.7   0.00000000   0.00000030    281.5   81.7      5.3     86800
2017  8 25 17    142.7    316.9   0.00000000   0.00000049    280.9   84.4      5.4     86814
2017  8 25 18     99.0    279.0   0.00000000   0.00000008    280.1   88.6      5.0     86827
2017  8 25 19     20.4    275.3   0.00000000  -0.00000001    279.1   94.7      4.7     86863
2017  8 25 20      0.0    326.4   0.00000000   0.00000003    279.0   93.7      4.6     86896
2017  8 25 21      0.0    336.1   0.00000000  -0.00000001    279.1   89.8      4.3     86928
2017  8 25 22      0.0    332.7   0.00000000   0.00000001    279.0   88.4      4.0     86948
2017  8 25 23      0.0    314.5   0.00000000   0.00000002    278.6   89.3      3.5     86950
2017  8 26  0      0.0    265.7   0.00000000  -0.00000000    277.6   94.1      3.3     86951
2017  8 26  1      0.0    242.6   0.00000000  -0.00000001    276.6   95.3      2.9     86940
2017  8 26  2      0.0    238.5   0.00000000   0.00000001    275.6   98.8      3.0     86931
2017  8 26  3      0.1    239.3   0.00000000  -0.00000003    275.0   95.7      2.3     86930
2017  8 26  4     -0.1    234.8   0.00000000  -0.00000001    274.5   92.2      1.1     86943
2017  8 26  5     19.5    235.0   0.00000000   0.00000003    274.4   82.3      1.3     86957
2017  8 26  6    115.6    236.2   0.00000000   0.00000002    275.7   80.9      1.0     86970
2017  8 26  7    243.2    238.8   0.00000000  -0.00000003    278.2   76.8      1.0     86976
2017  8 26  8    373.4    242.3   0.00000000   0.00000002    279.6   77.3      2.4     86981
2017  8 26  9    489.1    245.2   0.00000000   0.00000002    280.7   74.6      2.8     86996
2017  8 26 10    579.8    247.7   0.00000000  -0.00000005    281.5   70.1      3.4     87008
2017  8 26 11    637.5    249.8   0.00000000   0.00000002    282.0   70.2      3.1     87012
2017  8 26 12    656.7    253.5   0.00000000   0.00000000    282.9   66.6      2.3     86990
2017  8 26 13    635.7    258.8   0.00000000   0.00000000    283.7   63.7      1.2     86974
2017  8 26 14    575.7    264.4   0.00000000   0.00000000    284.2   62.5      0.9     86956
2017  8 26 15    488.1    262.1   0.00000000   0.00000000    284.2   61.8      2.3     86964
2017  8 26 16    373.5    261.4   0.00000000   0.00000000    283.6   66.7      3.1     86954
2017  8 26 17    244.6    259.6   0.00000000   0.00000000    282.6   66.2      3.8     86945
2017  8 26 18    117.9    255.9   0.00000000   0.00000000    281.4   67.5      3.7     86948
2017  8 26 19     21.0    253.3   0.00000000   0.00000000    280.0   73.1      3.1     86957
2017  8 26 20      0.0    251.0   0.00000000   0.00000000    278.6   76.4      2.8     86981
2017  8 26 21      0.0    252.4   0.00000000   0.00000000    277.7   82.6      2.5     86983
2017  8 26 22      0.0    247.4   0.00000000   0.00000000    277.1   89.0      2.1     86964
2017  8 26 23      0.0    246.1   0.00000000   0.00000000    276.2   89.4      1.5     86965
2017  8 27  0      0.0    245.8   0.00000000   0.00000000    276.5   85.6      1.8     86971
2017  8 27  1      0.0    245.4   0.00000000   0.00000000    276.0   90.7      2.1     86983
2017  8 27  2      0.0    244.4   0.00000000   0.00000000    275.8   91.0      1.7     86986
2017  8 27  3     -0.0    244.5   0.00000000   0.00000000    275.0   93.2      1.4     86973
2017  8 27  4     -0.0    244.2   0.00000000   0.00000000    274.3   95.1      1.5     86978
2017  8 27  5     17.2    244.1   0.00000000   0.00000000    275.2   92.1      1.4     86997
2017  8 27  6    110.0    245.0   0.00000000   0.00000000    276.6   92.3      1.5     86987
2017  8 27  7    235.9    247.3   0.00000000   0.00000000    278.8   87.0      1.2     87007
2017  8 27  8    365.0    251.3   0.00000000   0.00000000    280.6   82.4      2.0     87042
2017  8 27  9    480.4    255.8   0.00000000   0.00000000    282.1   76.5      1.7     87072
2017  8 27 10    570.0    261.1   0.00000000   0.00000000    283.0   73.9      0.5     87091
2017  8 27 11    622.6    267.9   0.00000000   0.00000000    283.9   72.4      0.6     87098
2017  8 27 12    644.8    263.4   0.00000000   0.00000005    283.8   76.7      2.1     87071
2017  8 27 13    407.9    313.1   0.00000000   0.00000059    283.9   73.7      2.9     87072
2017  8 27 14    482.7    286.7   0.00000000   0.00000028    283.8   74.3      3.5     87097
2017  8 27 15    475.5    266.8   0.00000000   0.00000007    283.6   72.0      3.5     87098
2017  8 27 16    349.6    268.2   0.00000000   0.00000000    283.1   71.6      3.2     87095
2017  8 27 17    208.4    271.5   0.00000000   0.00000000    282.2   73.0      3.2     87103
2017  8 27 18    109.5    260.5   0.00000000   0.00000000    281.1   78.8      2.4     87104
2017  8 27 19     18.0    256.2   0.00000000   0.00000000    279.3   89.7      1.7     87108
2017  8 27 20      0.0    270.1   0.00000000   0.00000000    278.1   94.0      2.4     87134
2017  8 27 21      0.0    254.4   0.00000000   0.00000000    277.1   99.6      1.5     87137
2017  8 27 22      0.0    265.0   0.00000000   0.00000000    276.4   95.4      1.1     87148
2017  8 27 23      0.0    250.5   0.00000000   0.00000000    275.2   99.7      0.6     87152
2017  8 28  0      0.0    265.5   0.00000000   0.00000006    275.2  100.0      1.8     87152
2017  8 28  1      0.0    313.3   0.00000000   0.00000025    276.0  100.0      2.0     87120
2017  8 28  2      0.0    314.9   0.00000000   0.00000026    276.6   99.9      2.1     87088
2017  8 28  3      0.0    296.9   0.00000000   0.00000011    276.6   99.9      2.0     87070
2017  8 28  4     -0.1    283.7   0.00000000   0.00000015    276.5   99.9      1.9     87040
2017  8 28  5     12.4    268.9   0.00000000   0.00000000    276.5   97.2      2.1     87028
2017  8 28  6     67.7    279.8   0.00000000   0.00000000    277.2   96.2      2.3     87008
2017  8 28  7    179.7    274.0   0.00000000   0.00000000    278.9   89.2      2.1     87000
2017  8 28  8    283.1    277.2   0.00000000   0.00000000    280.3   83.8      0.4     87007
2017  8 28  9    234.4    308.1   0.00000000   0.00000000    281.4   80.3      0.6     87001
2017  8 28 10    437.2    290.0   0.00000000   0.00000000    282.2   79.6      2.1     86995
2017  8 28 11    489.9    296.9   0.00000000   0.00000000    282.5   78.9      3.1     87006
2017  8 28 12    116.5    343.1   0.00000000   0.00001926    281.2   92.0      4.8     86880
2017  8 28 13     56.1    340.1   0.00000000   0.00000950    281.0   92.4      4.0     86879
2017  8 28 14     41.1    344.1   0.00000000   0.00000796    281.5   92.5      5.3     86833
2017  8 28 15     17.3    350.8   0.00000000   0.00000742    281.0   99.0      5.5     86800
2017  8 28 16     18.7    353.2   0.00000000   0.00000616    281.2   99.8      6.2     86777
2017  8 28 17     10.3    354.2   0.00000000   0.00000619    281.6   97.5      5.5     86738
2017  8 28 18      8.8    352.6   0.00000000   0.00002965    281.9   96.2      5.6     86686
2017  8 28 19      1.5    354.7   0.00000000   0.00000510    281.6   99.7      6.2     86644
2017  8 28 20      0.0    355.1   0.00000000   0.00002224    281.7   97.6      6.4     86612
2017  8 28 21      0.0    351.7   0.00000000   0.00006153    281.6   97.6      6.4     86586
2017  8 28 22      0.0    354.6   0.00000000   0.00002196    281.3   99.9      6.0     86553
2017  8 28 23      0.0    354.3   0.00000000   0.00001090    281.2   99.9      4.4     86531
2017  8 29  0      0.0    354.3   0.00000000   0.00000863    281.2   99.9      5.1     86534
2017  8 29  1      0.0    354.3   0.00000000   0.00000468    281.1   99.9      6.4     86489
2017  8 29  2      0.0    353.3   0.00000000   0.00000880    280.8   99.9      4.6     86439
2017  8 29  3      0.0    351.6   0.00000000   0.00003255    280.8   99.9      4.0     86412
2017  8 29  4      0.0    351.9   0.00000000   0.00000170    280.7   99.9      5.4     86393
2017  8 29  5      2.0    345.7   0.00000000   0.00000074    280.5   99.2      5.6     86340
2017  8 29  6     13.4    349.0   0.00000000   0.00000499    280.5   99.9      5.5     86325
2017  8 29  7     13.9    349.7   0.00000000   0.00000913    279.9   99.9      5.9     86322
2017  8 29  8     30.6    344.6   0.00000000   0.00003464    279.5   99.4      6.4     86307
2017  8 29  9     35.5    343.0   0.00000000   0.00001628    279.1   99.9      6.1     86313
2017  8 29 10    147.7    341.0   0.00000000   0.00000109    279.4   98.0      5.7     86291
2017  8 29 11    157.8    334.8   0.00000000   0.00000085    278.8   99.5      6.4     86286
2017  8 29 12    475.3    295.0   0.00000000   0.00000015    279.8   92.2      6.3     86260
2017  8 29 13    541.6    264.3   0.00000000   0.00000000    280.1   89.8      6.8     86223
2017  8 29 14    404.4    278.8   0.00000000   0.00000001    279.6   87.6      7.1     86210
2017  8 29 15    331.3    276.8   0.00000000  -0.00000000    279.3   86.3      6.2     86202
2017  8 29 16    261.7    272.5   0.00000000   0.00000001    278.9   87.6      5.8     86216
2017  8 29 17    162.2    272.5   0.00000000   0.00000049    278.2   93.0      6.1     86201
2017  8 29 18     76.1    267.6   0.00000000   0.00000026    277.5   92.4      6.5     86180
2017  8 29 19     10.4    264.0   0.00000000   0.00000019    276.7   91.5      5.9     86208
2017  8 29 20      0.0    255.1   0.00000000   0.00000004    276.1   89.8      4.9     86228
2017  8 29 21      0.0    242.0   0.00000000   0.00000003    275.5   91.8      5.0     86204
2017  8 29 22      0.0    301.5   0.00000000   0.00000135    275.7   94.7      6.2     86198
2017  8 29 23      0.0    323.6   0.00000004   0.00002064    275.5   98.6      6.2     86203
2017  8 30  0      0.0    323.0   0.00000014   0.00002220    275.5   97.1      5.6     86218
2017  8 30  1      0.0    321.2   0.00000003   0.00002141    275.8   94.6      6.6     86217
2017  8 30  2      0.0    315.6   0.00000001   0.00001115    275.6   94.8      6.3     86237
2017  8 30  3      0.0    315.7   0.00000000   0.00000465    275.7   93.3      5.7     86226
2017  8 30  4      0.0    316.2   0.00000059   0.00003024    275.3   99.7      4.6     86232
2017  8 30  5      1.8    319.6   0.00000031   0.00002777    275.7   94.3      4.7     86250
2017  8 30  6     17.5    314.8   0.00000049   0.00003772    275.6   96.6      6.0     86282
2017  8 30  7     97.9    307.0   0.00000002   0.00000913    276.4   92.2      8.1     86330
2017  8 30  8     93.9    317.9   0.00000000   0.00001547    276.3   95.1      6.6     86378
2017  8 30  9    115.1    321.2  -0.00000000   0.00001217    276.7   94.7      6.9     86422
2017  8 30 10    275.4    311.7   0.00000000   0.00000279    277.5   91.1      6.2     86494
2017  8 30 11    459.2    283.5   0.00000000   0.00000074    278.4   88.7      6.0     86566
2017  8 30 12    331.2    296.9   0.00000000   0.00000551    277.9   90.2      5.8     86561
2017  8 30 13    406.7    292.8   0.00000000   0.00000146    278.8   86.7      4.7     86569
2017  8 30 14    381.2    287.0   0.00000000   0.00000063    279.1   86.4      5.3     86575
2017  8 30 15    375.1    267.2   0.00000000   0.00000081    278.7   87.8      5.4     86579
2017  8 30 16    234.6    284.6   0.00000000   0.00000038    278.4   88.3      3.8     86558
2017  8 30 17     49.0    327.3   0.00000000   0.00000185    277.6   97.3      2.9     86545
2017  8 30 18     27.2    320.4   0.00000000   0.00000058    277.6   93.8      2.1     86552
2017  8 30 19      7.8    275.3   0.00000000   0.00000001    276.7   94.3      1.3     86590
2017  8 30 20      0.0    321.6   0.00000000   0.00000019    276.9   91.9      1.9     86587
2017  8 30 21      0.0    330.2   0.00000000   0.00000003    277.0   94.6      1.4     86604
2017  8 30 22      0.0    324.2   0.00000000   0.00000001    276.8   98.0      1.6     86600
2017  8 30 23      0.0    317.7   0.00000000   0.00000001    276.3   97.9      2.1     86567
2017  8 31  0      0.0    286.0   0.00000000   0.00000003    275.6   98.1      2.2     86537
2017  8 31  1      0.0    278.5   0.00000000   0.00000000    275.3   95.2      2.1     86522
2017  8 31  2      0.0    279.7   0.00000000  -0.00000004    275.5   91.0      1.6     86503
2017  8 31  3      0.0    282.0   0.00000000  -0.00000000    275.6   87.9      1.6     86481
2017  8 31  4      0.1    274.9   0.00000000   0.00000005    275.4   84.7      1.8     86452
2017  8 31  5      6.9    270.6   0.00000000   0.00000000    275.3   82.8      1.6     86448
2017  8 31  6     68.2    269.5   0.00000000  -0.00000003    276.0   82.0      1.6     86458
2017  8 31  7    148.9    274.5   0.00000000   0.00000002    277.4   80.9      1.1     86462
2017  8 31  8    196.2    290.9   0.00000000   0.00000000    278.5   75.5      1.0     86459
2017  8 31  9    293.7    286.6   0.00000000  -0.00000008    279.3   72.0      1.5     86463
2017  8 31 10    391.3    281.3   0.00000000  -0.00000000    279.9   73.1      1.7     86476
2017  8 31 11    480.3    273.6   0.00000000   0.00000002    280.4   73.6      2.4     86486
2017  8 31 12    562.8    269.5   0.00000000   0.00000023    280.9   75.7      3.6     86483
2017  8 31 13    489.4    281.4   0.00000000   0.00000093    280.8   78.0      3.9     86507
2017  8 31 14    435.1    277.4   0.00000000   0.00000247    280.2   85.2      4.6     86503
2017  8 31 15    336.3    285.2   0.00000000   0.00000127    279.9   84.6      5.1     86516
2017  8 31 16    258.6    282.1   0.00000000   0.00000050    279.0   82.0      4.7     86532
2017  8 31 17    203.8    251.9   0.00000000   0.00000263    278.5   88.9      5.1     86562
2017  8 31 18     27.8    322.1   0.00000000   0.00002248    277.5   92.6      4.1     86588
2017  8 31 19      2.2    331.3   0.00000000   0.00002741    277.5   94.7      5.5     86620
2017  8 31 20      0.0    306.7   0.00000000   0.00000684    277.1   95.1      4.9     86625
2017  8 31 21      0.0    328.6   0.00000000   0.00000080    277.0   95.7      4.7     86632
2017  8 31 22      0.0    328.7   0.00000000   0.00000713    277.0   98.4      4.8     86667
2017  8 31 23      0.0    330.0   0.00000000   0.00000668    276.6   99.6      4.6     86689
